{"id":1021707,"name":"Döhlau","polygon":{"numberOfPoints":660,"box":{"min":{"x":50.2651801,"y":11.9295425},"max":{"x":50.3094113,"y":12.0021628},"center":{"x":50.2872957,"y":11.96585265},"area":{"x":0.0442312,"y":0.0726203}},"pointsx":[50.3092840,50.3091495,50.3092006,50.3091641,50.3082698,50.3083115,50.3083159,50.3081603,50.3079481,50.3079504,50.3079673,50.3079520,50.3077404,50.3077043,50.3076275,50.3075249,50.3074809,50.3074786,50.3074737,50.3074727,50.3074545,50.3074007,50.3072518,50.3070862,50.3070844,50.3069760,50.3068967,50.3068038,50.3068161,50.3069214,50.3069425,50.3071023,50.3071592,50.3070307,50.3071417,50.3072039,50.3073077,50.3070927,50.3070547,50.3069327,50.3068226,50.3065868,50.3065049,50.3060751,50.3060311,50.3059205,50.3058541,50.3052709,50.3049833,50.3049721,50.3048042,50.3046467,50.3045548,50.3045055,50.3044639,50.3044337,50.3043657,50.3039644,50.3035535,50.3028067,50.3025118,50.3025179,50.3025164,50.3023365,50.3020862,50.3018588,50.3018369,50.3018500,50.3018913,50.3019987,50.3020612,50.3020641,50.3019073,50.3020153,50.3021304,50.3021728,50.3021895,50.3021746,50.3020880,50.3020283,50.3019391,50.3018938,50.3017332,50.3015854,50.3013079,50.3011769,50.3010022,50.3006631,50.3005449,50.3004608,50.3001220,50.2999672,50.2998367,50.2995292,50.2993508,50.2991280,50.2988550,50.2985691,50.2983264,50.2983119,50.2982923,50.2982668,50.2981234,50.2979611,50.2978038,50.2976623,50.2974692,50.2973838,50.2972587,50.2969813,50.2968190,50.2968814,50.2964695,50.2964501,50.2964286,50.2964091,50.2963977,50.2963865,50.2963804,50.2963840,50.2963903,50.2963898,50.2963867,50.2963813,50.2963038,50.2962969,50.2962892,50.2961431,50.2958103,50.2955328,50.2953598,50.2949787,50.2948803,50.2940182,50.2932734,50.2924623,50.2922021,50.2921332,50.2920170,50.2918832,50.2917256,50.2915202,50.2913704,50.2912744,50.2911582,50.2913018,50.2913694,50.2914198,50.2916329,50.2904890,50.2903921,50.2903333,50.2902813,50.2901965,50.2901586,50.2900935,50.2900476,50.2898350,50.2896930,50.2891139,50.2889689,50.2887982,50.2887797,50.2886774,50.2885765,50.2885580,50.2885096,50.2884751,50.2884547,50.2884041,50.2881978,50.2879546,50.2877035,50.2875477,50.2874420,50.2874256,50.2872914,50.2869472,50.2868077,50.2866806,50.2865793,50.2864695,50.2862565,50.2860668,50.2859316,50.2857815,50.2856108,50.2854557,50.2852936,50.2852258,50.2850352,50.2849911,50.2848436,50.2847826,50.2846838,50.2846003,50.2845069,50.2843589,50.2842140,50.2841405,50.2841013,50.2840436,50.2839002,50.2836978,50.2836597,50.2835144,50.2834174,50.2832576,50.2830867,50.2829787,50.2828710,50.2827735,50.2827177,50.2825980,50.2827049,50.2829913,50.2830729,50.2831969,50.2832084,50.2831596,50.2831135,50.2825460,50.2824374,50.2824298,50.2824138,50.2822614,50.2818907,50.2813767,50.2812345,50.2808448,50.2806523,50.2804186,50.2800994,50.2799299,50.2799268,50.2798280,50.2797553,50.2796139,50.2795066,50.2794545,50.2794417,50.2795045,50.2793313,50.2789804,50.2782371,50.2780100,50.2778488,50.2774860,50.2770779,50.2769535,50.2766671,50.2763557,50.2760987,50.2760287,50.2759957,50.2759200,50.2758069,50.2750185,50.2744916,50.2743519,50.2743329,50.2739918,50.2739639,50.2739041,50.2737233,50.2735133,50.2733248,50.2731694,50.2731045,50.2730398,50.2729238,50.2726139,50.2727168,50.2723405,50.2721329,50.2719479,50.2718644,50.2714689,50.2714310,50.2713467,50.2710798,50.2710511,50.2709528,50.2709384,50.2709311,50.2709094,50.2709657,50.2716119,50.2724977,50.2730353,50.2724932,50.2723198,50.2720853,50.2718257,50.2714922,50.2711094,50.2711524,50.2717292,50.2718088,50.2715100,50.2710690,50.2703042,50.2703828,50.2707688,50.2710254,50.2711376,50.2711257,50.2710144,50.2708848,50.2709700,50.2710103,50.2710543,50.2711152,50.2711879,50.2710847,50.2709782,50.2708633,50.2707404,50.2706872,50.2700682,50.2698005,50.2692239,50.2690931,50.2689984,50.2688385,50.2687271,50.2686493,50.2686346,50.2686241,50.2685940,50.2685741,50.2685737,50.2685888,50.2681960,50.2680090,50.2679278,50.2682180,50.2682093,50.2680076,50.2674480,50.2672282,50.2668221,50.2661942,50.2658417,50.2652234,50.2651999,50.2652131,50.2652655,50.2653126,50.2653537,50.2653611,50.2653629,50.2653387,50.2652958,50.2652560,50.2652028,50.2651801,50.2663010,50.2661415,50.2667579,50.2673334,50.2673985,50.2674333,50.2670571,50.2669473,50.2667548,50.2664442,50.2662918,50.2660030,50.2661459,50.2663248,50.2663294,50.2663490,50.2664218,50.2666037,50.2663788,50.2665396,50.2664429,50.2664670,50.2665819,50.2667713,50.2670095,50.2676534,50.2678523,50.2679721,50.2680462,50.2679618,50.2676655,50.2674246,50.2661052,50.2660923,50.2660256,50.2657687,50.2658427,50.2658419,50.2657766,50.2657714,50.2657187,50.2655623,50.2655413,50.2655314,50.2660279,50.2665988,50.2667414,50.2668879,50.2669364,50.2668189,50.2676683,50.2678768,50.2696248,50.2706085,50.2707016,50.2707418,50.2708585,50.2711108,50.2712250,50.2712895,50.2713700,50.2715175,50.2717891,50.2727651,50.2729100,50.2730068,50.2733899,50.2736847,50.2737968,50.2742730,50.2744167,50.2751679,50.2753591,50.2755031,50.2754151,50.2755469,50.2755804,50.2758102,50.2758622,50.2760713,50.2762694,50.2766251,50.2770170,50.2776715,50.2794822,50.2796362,50.2814381,50.2843756,50.2850758,50.2852113,50.2851540,50.2849582,50.2850483,50.2850705,50.2850807,50.2852722,50.2853383,50.2855029,50.2856658,50.2857164,50.2859903,50.2860440,50.2860464,50.2860486,50.2860500,50.2860506,50.2859955,50.2859980,50.2859918,50.2860088,50.2861065,50.2861897,50.2862597,50.2862831,50.2863296,50.2863443,50.2863495,50.2863902,50.2864036,50.2864804,50.2865027,50.2865853,50.2866023,50.2866837,50.2867024,50.2867185,50.2868628,50.2868720,50.2869016,50.2870253,50.2870875,50.2873572,50.2874888,50.2873963,50.2873169,50.2870125,50.2869710,50.2869404,50.2869336,50.2873091,50.2873645,50.2876804,50.2878878,50.2880036,50.2882966,50.2888545,50.2890725,50.2889920,50.2897273,50.2899040,50.2907726,50.2907164,50.2913704,50.2932861,50.2932796,50.2932699,50.2934338,50.2935968,50.2935110,50.2934931,50.2935018,50.2935037,50.2936605,50.2938585,50.2940949,50.2943552,50.2943628,50.2943999,50.2944252,50.2944234,50.2944200,50.2944419,50.2954668,50.2951998,50.2951863,50.2953894,50.2955449,50.2955772,50.2955949,50.2956716,50.2957102,50.2957828,50.2963066,50.2965634,50.2970959,50.2971638,50.2972881,50.2974017,50.2974409,50.2975802,50.2977073,50.2977176,50.2977394,50.2977716,50.2978357,50.2978704,50.2979394,50.2980094,50.2980545,50.2980797,50.2980834,50.2980833,50.2980834,50.2980816,50.2980773,50.2981058,50.2981196,50.2982943,50.2983465,50.2986011,50.2988544,50.2991589,50.2995632,50.3000893,50.3000469,50.3002167,50.3004088,50.3005119,50.3009729,50.3014434,50.3016491,50.3020930,50.3023044,50.3027032,50.3030151,50.3030659,50.3034843,50.3037332,50.3037862,50.3040421,50.3043169,50.3043152,50.3043713,50.3046386,50.3047265,50.3042495,50.3041128,50.3038730,50.3037592,50.3036778,50.3035547,50.3034747,50.3034178,50.3033383,50.3033180,50.3033855,50.3035029,50.3037914,50.3041585,50.3043894,50.3045777,50.3047040,50.3049325,50.3050375,50.3053922,50.3054352,50.3057465,50.3056866,50.3058121,50.3058604,50.3060155,50.3060796,50.3055341,50.3054042,50.3053151,50.3052976,50.3052139,50.3043819,50.3035667,50.3035790,50.3036298,50.3036423,50.3038355,50.3043003,50.3053118,50.3053566,50.3053634,50.3053864,50.3054993,50.3055210,50.3056060,50.3056615,50.3057227,50.3057895,50.3057987,50.3058842,50.3058973,50.3060368,50.3063851,50.3068119,50.3068373,50.3073863,50.3076301,50.3080008,50.3080211,50.3080624,50.3084325,50.3084540,50.3085254,50.3094037,50.3093920,50.3094113,50.3093032],