{
  "numberOfPolygons": 1,
  "box": {
    "min": {
      "x": 50.5429688,
      "y": 6.9708081
    },
    "max": {
      "x": 50.5657397,
      "y": 7.0074897
    },
    "center": {
      "x": 50.55435425,
      "y": 6.9891489
    }
  },
  "polygons": [
    {
      "numberOfPoints": 66,
      "box": {
        "min": {
          "x": 50.5429688,
          "y": 6.9708081
        },
        "max": {
          "x": 50.5657397,
          "y": 7.0074897
        },
        "center": {
          "x": 50.55435425,
          "y": 6.9891489
        }
      },
      "pointsx": [
        50.5656946,
        50.5650250,
        50.5649180,
        50.5647398,
        50.5643238,
        50.5643172,
        50.5644207,
        50.5650389,
        50.5612945,
        50.5581681,
        50.5579570,
        50.5549418,
        50.5522682,
        50.5519822,
        50.5516513,
        50.5508390,
        50.5480137,
        50.5478594,
        50.5473485,
        50.5471011,
        50.5459358,
        50.5454728,
        50.5451855,
        50.5449194,
        50.5451695,
        50.5455069,
        50.5459730,
        50.5461220,
        50.5461805,
        50.5460635,
        50.5466070,
        50.5455552,
        50.5455452,
        50.5443206,
        50.5446931,
        50.5446611,
        50.5439572,
        50.5441574,
        50.5429688,
        50.5475130,
        50.5463531,
        50.5474472,
        50.5488261,
        50.5493404,
        50.5532882,
        50.5544964,
        50.5546240,
        50.5552465,
        50.5553210,
        50.5558803,
        50.5567322,
        50.5572549,
        50.5575748,
        50.5580058,
        50.5610948,
        50.5616114,
        50.5627973,
        50.5634692,
        50.5636372,
        50.5638771,
        50.5640141,
        50.5642321,
        50.5643231,
        50.5643801,
        50.5644164,
        50.5657397
      ],
      "pointsy": [
        6.9836053,
        6.9852934,
        6.9859943,
        6.9874690,
        6.9920614,
        6.9924473,
        6.9928109,
        6.9980110,
        6.9996269,
        7.0031737,
        7.0042011,
        7.0034984,
        7.0046595,
        7.0050384,
        7.0049480,
        7.0066712,
        7.0044172,
        7.0054304,
        7.0062851,
        7.0060662,
        7.0052958,
        7.0070040,
        7.0074897,
        7.0062169,
        7.0059825,
        7.0048632,
        7.0048102,
        7.0043161,
        7.0029931,
        7.0013937,
        7.0013565,
        6.9992577,
        6.9946879,
        6.9948073,
        6.9936852,
        6.9930572,
        6.9921578,
        6.9899964,
        6.9869021,
        6.9838709,
        6.9794999,
        6.9733412,
        6.9724933,
        6.9708081,
        6.9737221,
        6.9732862,
        6.9734537,
        6.9731522,
        6.9729680,
        6.9724799,
        6.9738807,
        6.9751059,
        6.9759227,
        6.9759787,
        6.9768781,
        6.9769176,
        6.9766533,
        6.9776575,
        6.9779884,
        6.9786953,
        6.9791863,
        6.9799331,
        6.9803271,
        6.9808020,
        6.9811692,
        6.9833274
      ]
    }
  ]
}