{"id":1022830,"name":"Gönnersdorf","polygon":{"numberOfPoints":30,"box":{"min":{"x":50.4671049,"y":7.2374356},"max":{"x":50.4911616,"y":7.2932680},"center":{"x":50.47913325,"y":7.2653518},"area":{"x":0.0240567,"y":0.0558324}},"pointsx":[50.4690948,50.4679447,50.4671049,50.4684853,50.4693261,50.4701489,50.4706325,50.4729862,50.4775934,50.4748121,50.4771055,50.4806993,50.4837570,50.4819147,50.4820516,50.4809594,50.4824663,50.4815859,50.4826051,50.4866710,50.4899087,50.4911616,50.4888040,50.4890352,50.4895680,50.4818985,50.4814393,50.4808487,50.4766164,50.4737993],"pointsy":[7.2419694,7.2432858,7.2454805,7.2527972,7.2548921,7.2556903,7.2571672,7.2696851,7.2691117,7.2838577,7.2834445,7.2904381,7.2932680,7.2873404,7.2841784,7.2808413,7.2762069,7.2709868,7.2695018,7.2745300,7.2721131,7.2648630,7.2574445,7.2545462,7.2514146,7.2482171,7.2504096,7.2430510,7.2374356,7.2408277]}}