{"id":1028564,"name":"Gebenbach","polygon":{"numberOfPoints":896,"box":{"min":{"x":49.5242322,"y":11.8327761},"max":{"x":49.5764623,"y":11.9212639},"center":{"x":49.55034725,"y":11.8770200},"area":{"x":0.0522301,"y":0.0884878}},"pointsx":[49.5677531,49.5677918,49.5679012,49.5679700,49.5679296,49.5679117,49.5678380,49.5661348,49.5657893,49.5657272,49.5655582,49.5656069,49.5656957,49.5656950,49.5656777,49.5656752,49.5656542,49.5656228,49.5656148,49.5655934,49.5655437,49.5654886,49.5654263,49.5653735,49.5653288,49.5651714,49.5651102,49.5650452,49.5649899,49.5649801,49.5649337,49.5649238,49.5648142,49.5646436,49.5646312,49.5646146,49.5645528,49.5644224,49.5644148,49.5644085,49.5644109,49.5644095,49.5644046,49.5644086,49.5644829,49.5645923,49.5646534,49.5647007,49.5647740,49.5650435,49.5658703,49.5660449,49.5661818,49.5664461,49.5668009,49.5671733,49.5674331,49.5677015,49.5693641,49.5696332,49.5704376,49.5711538,49.5714019,49.5715834,49.5717211,49.5718873,49.5723100,49.5726755,49.5729060,49.5732254,49.5732672,49.5734515,49.5736557,49.5738724,49.5741289,49.5742716,49.5743790,49.5745135,49.5748324,49.5750830,49.5751728,49.5754283,49.5764623,49.5764185,49.5763495,49.5761109,49.5757101,49.5751721,49.5747493,49.5747105,49.5746603,49.5745968,49.5744885,49.5743908,49.5743105,49.5740538,49.5736381,49.5736111,49.5732094,49.5726818,49.5722600,49.5721902,49.5718595,49.5716628,49.5715205,49.5713638,49.5712713,49.5711467,49.5709473,49.5707907,49.5706377,49.5704526,49.5702890,49.5701287,49.5700394,49.5699399,49.5697723,49.5695662,49.5694717,49.5694586,49.5693074,49.5691335,49.5689894,49.5688128,49.5686926,49.5686023,49.5685973,49.5684767,49.5682888,49.5682821,49.5682520,49.5682376,49.5682049,49.5681763,49.5684721,49.5686542,49.5688332,49.5689887,49.5692013,49.5696371,49.5698302,49.5699761,49.5703143,49.5706063,49.5710016,49.5713041,49.5715533,49.5716565,49.5716430,49.5717049,49.5719347,49.5721132,49.5722586,49.5723159,49.5723092,49.5723090,49.5723303,49.5723783,49.5724016,49.5724305,49.5724365,49.5724231,49.5722965,49.5722013,49.5721416,49.5720351,49.5719670,49.5719166,49.5718984,49.5718108,49.5717299,49.5716428,49.5715638,49.5715029,49.5714239,49.5714013,49.5713785,49.5713665,49.5713554,49.5713591,49.5713605,49.5706355,49.5693111,49.5689356,49.5686152,49.5683363,49.5680572,49.5673441,49.5668587,49.5664746,49.5664405,49.5662615,49.5661866,49.5660678,49.5660035,49.5659084,49.5658503,49.5656635,49.5655540,49.5655299,49.5652844,49.5651154,49.5649959,49.5648184,49.5644867,49.5643458,49.5641711,49.5640495,49.5640284,49.5639890,49.5634913,49.5633569,49.5632759,49.5632046,49.5631340,49.5630449,49.5629333,49.5628125,49.5626587,49.5625265,49.5622388,49.5616177,49.5613144,49.5612243,49.5611942,49.5611519,49.5610554,49.5609336,49.5607789,49.5604103,49.5600740,49.5599473,49.5596979,49.5593743,49.5589233,49.5585998,49.5576307,49.5567335,49.5556873,49.5555240,49.5554027,49.5553241,49.5552282,49.5551303,49.5550608,49.5549817,49.5547629,49.5546664,49.5545037,49.5544126,49.5543617,49.5542823,49.5542083,49.5538976,49.5537792,49.5531263,49.5523629,49.5521436,49.5516556,49.5513009,49.5512008,49.5501146,49.5498686,49.5494549,49.5492717,49.5492387,49.5492356,49.5492333,49.5489666,49.5486356,49.5478650,49.5476088,49.5473688,49.5472675,49.5470632,49.5470489,49.5469765,49.5469240,49.5467050,49.5462403,49.5460025,49.5458003,49.5456118,49.5454088,49.5452612,49.5451279,49.5450195,49.5449896,49.5449743,49.5448362,49.5447316,49.5447134,49.5446964,49.5445696,49.5445158,49.5443087,49.5442392,49.5440889,49.5438581,49.5434671,49.5433671,49.5432304,49.5431036,49.5428986,49.5428135,49.5426568,49.5424445,49.5422269,49.5421199,49.5420190,49.5419591,49.5419024,49.5418204,49.5413822,49.5412543,49.5411389,49.5410948,49.5410693,49.5408583,49.5407431,49.5406346,49.5405081,49.5403373,49.5401664,49.5400335,49.5397746,49.5396002,49.5394628,49.5392027,49.5388649,49.5384435,49.5381878,49.5378892,49.5375399,49.5373006,49.5370722,49.5368647,49.5365776,49.5363076,49.5361238,49.5359388,49.5357624,49.5356068,49.5354564,49.5352928,49.5350228,49.5348985,49.5345615,49.5345310,49.5345275,49.5345233,49.5344292,49.5343694,49.5343478,49.5343124,49.5342651,49.5342024,49.5341623,49.5341609,49.5331048,49.5329948,49.5328189,49.5327975,49.5327998,49.5328018,49.5328473,49.5332180,49.5335964,49.5340158,49.5343175,49.5345321,49.5348062,49.5349305,49.5350229,49.5352152,49.5352581,49.5353007,49.5353392,49.5353682,49.5352239,49.5351512,49.5350570,49.5349913,49.5348273,49.5346240,49.5345893,49.5344571,49.5341235,49.5339602,49.5337930,49.5336781,49.5334663,49.5334595,49.5333079,49.5332019,49.5329305,49.5327579,49.5325348,49.5322018,49.5313216,49.5312661,49.5312487,49.5311708,49.5310339,49.5303582,49.5301768,49.5300591,49.5299836,49.5300678,49.5303035,49.5305714,49.5307162,49.5315628,49.5316882,49.5318169,49.5318882,49.5319530,49.5320205,49.5322386,49.5324880,49.5327025,49.5320697,49.5319677,49.5317897,49.5314880,49.5314377,49.5313403,49.5311444,49.5307290,49.5306263,49.5302784,49.5300958,49.5299366,49.5298202,49.5297451,49.5297162,49.5297336,49.5297190,49.5297051,49.5296842,49.5296015,49.5295343,49.5294542,49.5293458,49.5292790,49.5292247,49.5291859,49.5291418,49.5285339,49.5281422,49.5281397,49.5281906,49.5282266,49.5282308,49.5281071,49.5277439,49.5274394,49.5276443,49.5279002,49.5280153,49.5280030,49.5279973,49.5272587,49.5272807,49.5269294,49.5263571,49.5258687,49.5255347,49.5254172,49.5253273,49.5250886,49.5248501,49.5247038,49.5247233,49.5247291,49.5247333,49.5245160,49.5244600,49.5244709,49.5243315,49.5242322,49.5242598,49.5244389,49.5245446,49.5246510,49.5247382,49.5247665,49.5249503,49.5249959,49.5254255,49.5256209,49.5259932,49.5262635,49.5265895,49.5268234,49.5277924,49.5291989,49.5292816,49.5293982,49.5294181,49.5297702,49.5300360,49.5300841,49.5301129,49.5301666,49.5306873,49.5311568,49.5312351,49.5312905,49.5313119,49.5314071,49.5314654,49.5315192,49.5316199,49.5316752,49.5316848,49.5321756,49.5322152,49.5325660,49.5327582,49.5328814,49.5336904,49.5337325,49.5338875,49.5340913,49.5345428,49.5355069,49.5356762,49.5357947,49.5360304,49.5366155,49.5366532,49.5366900,49.5367595,49.5368267,49.5368399,49.5367851,49.5366379,49.5365968,49.5361882,49.5359600,49.5359478,49.5359258,49.5359215,49.5359070,49.5358841,49.5358537,49.5356562,49.5355866,49.5355879,49.5355962,49.5353832,49.5353648,49.5352479,49.5351946,49.5351258,49.5348323,49.5345368,49.5343326,49.5343029,49.5342873,49.5342891,49.5341674,49.5341562,49.5340913,49.5338608,49.5337963,49.5336847,49.5335094,49.5329657,49.5324321,49.5324061,49.5323808,49.5323582,49.5322585,49.5321408,49.5319250,49.5317332,49.5315958,49.5315160,49.5314479,49.5314237,49.5313598,49.5301118,49.5300603,49.5298702,49.5298406,49.5299410,49.5299926,49.5301390,49.5301093,49.5300732,49.5300963,49.5301829,49.5301905,49.5302212,49.5303387,49.5305735,49.5305813,49.5306400,49.5307075,49.5308313,49.5312124,49.5312090,49.5311720,49.5311367,49.5313072,49.5314954,49.5315492,49.5315782,49.5321392,49.5323495,49.5323786,49.5325247,49.5325590,49.5325774,49.5331062,49.5332247,49.5335502,49.5337413,49.5334762,49.5333141,49.5332401,49.5332090,49.5331716,49.5332015,49.5333217,49.5334662,49.5336143,49.5338555,49.5340500,49.5342404,49.5342492,49.5343307,49.5343336,49.5343341,49.5343346,49.5344139,49.5345224,49.5346296,49.5347533,49.5349648,49.5351464,49.5353613,49.5356339,49.5359550,49.5361639,49.5363509,49.5364692,49.5366374,49.5368678,49.5371432,49.5373307,49.5374064,49.5375950,49.5376110,49.5379318,49.5379859,49.5381014,49.5381958,49.5383157,49.5385472,49.5386424,49.5386488,49.5386660,49.5386743,49.5388451,49.5389997,49.5392564,49.5394354,49.5395905,49.5396021,49.5398867,49.5399625,49.5400172,49.5401903,49.5403880,49.5404391,49.5406010,49.5407081,49.5409356,49.5411183,49.5414057,49.5416459,49.5418461,49.5419826,49.5420392,49.5420685,49.5421006,49.5421253,49.5422248,49.5423018,49.5426626,49.5427957,49.5432420,49.5433984,49.5434132,49.5435521,49.5437364,49.5438234,49.5437815,49.5437501,49.5437444,49.5437443,49.5437410,