{"id":1050573,"name":"Glees","polygon":{"numberOfPoints":231,"box":{"min":{"x":50.3938025,"y":7.2249116},"max":{"x":50.4418677,"y":7.2861654},"center":{"x":50.4178351,"y":7.2555385},"area":{"x":0.0480652,"y":0.0612538}},"pointsx":[50.3944164,50.3955383,50.3960872,50.3967622,50.3970371,50.3972391,50.3973421,50.3975371,50.3978960,50.3982850,50.3983690,50.3986129,50.3987539,50.3990249,50.3996498,50.3997648,50.3999368,50.4004127,50.4006157,50.4007567,50.4009587,50.4013016,50.4015766,50.4017636,50.4026825,50.4029994,50.4035034,50.4040643,50.4042813,50.4052272,50.4064748,50.4080444,50.4111196,50.4152653,50.4122438,50.4178776,50.4217182,50.4260572,50.4345829,50.4379583,50.4418677,50.4410701,50.4404025,50.4382417,50.4380883,50.4366983,50.4304585,50.4255136,50.4250078,50.4247068,50.4243899,50.4235929,50.4235839,50.4234360,50.4232340,50.4229740,50.4225851,50.4223151,50.4218411,50.4211362,50.4206363,50.4198544,50.4191445,50.4189535,50.4188805,50.4187785,50.4186446,50.4185305,50.4183765,50.4181986,50.4179894,50.4179126,50.4178096,50.4177976,50.4178136,50.4177130,50.4172067,50.4170767,50.4168867,50.4166837,50.4164358,50.4162878,50.4157338,50.4154289,50.4150779,50.4146699,50.4144830,50.4140440,50.4137431,50.4137431,50.4136741,50.4134451,50.4132431,50.4133191,50.4133961,50.4139600,50.4144720,50.4155469,50.4169967,50.4180536,50.4179846,50.4181756,50.4183315,50.4187095,50.4189115,50.4191405,50.4194304,50.4196674,50.4199414,50.4205633,50.4210142,50.4212774,50.4214382,50.4217152,50.4228680,50.4229550,50.4229710,50.4231080,50.4231730,50.4230350,50.4227531,50.4222991,50.4220051,50.4218797,50.4211812,50.4201704,50.4201351,50.4197854,50.4191295,50.4184806,50.4179966,50.4171607,50.4165238,50.4160358,50.4156020,50.4147607,50.4142171,50.4137926,50.4135718,50.4132297,50.4124653,50.4121502,50.4118416,50.4108372,50.4099975,50.4093742,50.4088363,50.4083354,50.4079635,50.4079459,50.4079108,50.4079506,50.4079873,50.4079929,50.4079653,50.4076591,50.4073670,50.4066881,50.4065321,50.4064021,50.4061731,50.4059534,50.4055822,50.4054264,50.4053177,50.4050013,50.4045403,50.4040184,50.4038424,50.4036674,50.4034954,50.4033354,50.4031785,50.4030075,50.4029085,50.4025185,50.4021866,50.4019426,50.4016686,50.4016946,50.4018436,50.4012367,50.4007337,50.4005888,50.4001848,50.4004518,50.4003638,50.4001458,50.3999588,50.3997418,50.3992959,50.3992079,50.3991089,50.3989869,50.3987160,50.3985440,50.3982540,50.3976361,50.3972431,50.3972931,50.3975641,50.3972581,50.3975411,50.3978571,50.3977281,50.3975521,50.3970481,50.3970181,50.3968652,50.3968042,50.3963082,50.3966402,50.3966822,50.3965942,50.3964802,50.3958583,50.3956603,50.3956293,50.3954883,50.3950654,50.3953093,50.3951493,50.3949504,50.3948174,50.3944964,50.3943284,50.3942105,50.3938595,50.3938025,50.3944814,50.3945384],"pointsy":[7.2569590,7.2555762,7.2548324,7.2541015,7.2536925,7.2530856,7.2526357,7.2517458,7.2502980,7.2492792,7.2486902,7.2481053,7.2480773,7.2475074,7.2454827,7.2449148,7.2447318,7.2445448,7.2443159,7.2439519,7.2436550,7.2433790,7.2432850,7.2430721,7.2420242,7.2417732,7.2414713,7.2408984,7.2411903,7.2395756,7.2395286,7.2414852,7.2452729,7.2374619,7.2351033,7.2331005,7.2304775,7.2315178,7.2249116,7.2298526,7.2398555,7.2469036,7.2528032,7.2480979,7.2481422,7.2543259,7.2485147,7.2538693,7.2558970,7.2559690,7.2559720,7.2558230,7.2558258,7.2558710,7.2561899,7.2564649,7.2566969,7.2570168,7.2576347,7.2586846,7.2595525,7.2591535,7.2587316,7.2584616,7.2583019,7.2580787,7.2579459,7.2578327,7.2578239,7.2578137,7.2578327,7.2578397,7.2579777,7.2583626,7.2587026,7.2587226,7.2586646,7.2585766,7.2583057,7.2581037,7.2575638,7.2570438,7.2560080,7.2556950,7.2551321,7.2547302,7.2545972,7.2537183,7.2539933,7.2545152,7.2548562,7.2553801,7.2555611,7.2560150,7.2565799,7.2572758,7.2578137,7.2591595,7.2603894,7.2604453,7.2612602,7.2613502,7.2613012,7.2613432,7.2612732,7.2612932,7.2614242,7.2616932,7.2618031,7.2622721,7.2629230,7.2635121,7.2637162,7.2642748,7.2660955,7.2664345,7.2669564,7.2681102,7.2692650,7.2704209,7.2717827,7.2736254,7.2750782,7.2755072,7.2778978,7.2809923,7.2810758,7.2819032,7.2831570,7.2840249,7.2846428,7.2853777,7.2856347,7.2857537,7.2858242,7.2859440,7.2860350,7.2861256,7.2861654,7.2860615,7.2857627,7.2856519,7.2858313,7.2860116,7.2856298,7.2847423,7.2840568,7.2833873,7.2823954,7.2820256,7.2814646,7.2802435,7.2794111,7.2787108,7.2781244,7.2781298,7.2781979,7.2784099,7.2785479,7.2789108,7.2791638,7.2796836,7.2795787,7.2798499,7.2803648,7.2798582,7.2793188,7.2785099,7.2782849,7.2781289,7.2781079,7.2782009,7.2785649,7.2790658,7.2792258,7.2792968,7.2794607,7.2796447,7.2796937,7.2790578,7.2774710,7.2775460,7.2778920,7.2778710,7.2776270,7.2766272,7.2765152,7.2763812,7.2763162,7.2763412,7.2765542,7.2760752,7.2757863,7.2756283,7.2755023,7.2753683,7.2755263,7.2763662,7.2769821,7.2763952,7.2750144,7.2744735,7.2734496,7.2721368,7.2718209,7.2717129,7.2720288,7.2716699,7.2712180,7.2710380,7.2693902,7.2692063,7.2687563,7.2680324,7.2675125,7.2676975,7.2664257,7.2661877,7.2651159,7.2633131,7.2630811,7.2622923,7.2616414,7.2613714,7.2610744,7.2608305,7.2603116,7.2590227,7.2586388,7.2577319,7.2574380]}}