{"id":1060421,"name":"Hoffeld","polygon":{"numberOfPoints":53,"box":{"min":{"x":50.3592380,"y":6.7995648},"max":{"x":50.3834769,"y":6.8377798},"center":{"x":50.37135745,"y":6.8186723},"area":{"x":0.0242389,"y":0.0382150}},"pointsx":[50.3698000,50.3696561,50.3692368,50.3692043,50.3696297,50.3691087,50.3682309,50.3654230,50.3630875,50.3623441,50.3619266,50.3597793,50.3593618,50.3593820,50.3594550,50.3594890,50.3596650,50.3598939,50.3599089,50.3598329,50.3594470,50.3598139,50.3592380,50.3598939,50.3609998,50.3607448,50.3609428,50.3608248,50.3614118,50.3616177,50.3616677,50.3618777,50.3620257,50.3621137,50.3624876,50.3627016,50.3634985,50.3641734,50.3651423,50.3660272,50.3662182,50.3670351,50.3673361,50.3687249,50.3699988,50.3731820,50.3775050,50.3807656,50.3834769,50.3801097,50.3757332,50.3741401,50.3729733],"pointsy":[6.8377798,6.8375671,6.8372010,6.8370538,6.8363302,6.8353258,6.8347777,6.8359920,6.8306598,6.8263673,6.8209913,6.8191214,6.8143064,6.8086595,6.8085665,6.8080486,6.8072247,6.8061829,6.8058669,6.8056629,6.8050670,6.8044391,6.8033693,6.8026884,6.8015405,6.8007226,6.8005157,6.8001833,6.8002797,6.8000787,6.7999947,6.7996528,6.7995648,6.7995648,6.7999088,6.8000247,6.8001027,6.8007206,6.8013425,6.8019615,6.8020924,6.8021694,6.8022194,6.8024484,6.8023724,6.8024018,6.8069013,6.8103440,6.8215956,6.8259653,6.8336172,6.8328128,6.8345582]}}