{
  "numberOfPolygons": 1,
  "box": {
    "min": {
      "x": 50.2234573,
      "y": 6.6991704
    },
    "max": {
      "x": 50.2478998,
      "y": 6.7362638
    },
    "center": {
      "x": 50.23567855,
      "y": 6.7177171
    }
  },
  "polygons": [
    {
      "numberOfPoints": 42,
      "box": {
        "min": {
          "x": 50.2234573,
          "y": 6.6991704
        },
        "max": {
          "x": 50.2478998,
          "y": 6.7362638
        },
        "center": {
          "x": 50.23567855,
          "y": 6.7177171
        }
      },
      "pointsx": [
        50.2421064,
        50.2418584,
        50.2440749,
        50.2446634,
        50.2478998,
        50.2448028,
        50.2446647,
        50.2448606,
        50.2450326,
        50.2452452,
        50.2458262,
        50.2462740,
        50.2442874,
        50.2439790,
        50.2434612,
        50.2420617,
        50.2420967,
        50.2420057,
        50.2417815,
        50.2417468,
        50.2399748,
        50.2385951,
        50.2378355,
        50.2371847,
        50.2369150,
        50.2367857,
        50.2364988,
        50.2358762,
        50.2350943,
        50.2341093,
        50.2336690,
        50.2332731,
        50.2327236,
        50.2312538,
        50.2310998,
        50.2298827,
        50.2234573,
        50.2241459,
        50.2265225,
        50.2307517,
        50.2300187,
        50.2398918
      ],
      "pointsy": [
        6.6991704,
        6.7042690,
        6.7129019,
        6.7131425,
        6.7144659,
        6.7251697,
        6.7263200,
        6.7282676,
        6.7321232,
        6.7332058,
        6.7338477,
        6.7358828,
        6.7362638,
        6.7346574,
        6.7336507,
        6.7342525,
        6.7349747,
        6.7354014,
        6.7354895,
        6.7350622,
        6.7323571,
        6.7303626,
        6.7297743,
        6.7290468,
        6.7294735,
        6.7292819,
        6.7285926,
        6.7281040,
        6.7283206,
        6.7279588,
        6.7271137,
        6.7278100,
        6.7271054,
        6.7290311,
        6.7274774,
        6.7265762,
        6.7262146,
        6.7176990,
        6.7153772,
        6.7167570,
        6.7122031,
        6.7015529
      ]
    }
  ]
}