{
  "id": 1074563,
  "name": "Rockeskyll",
  "polygon": {
    "numberOfPoints": 45,
    "box": {
      "min": {
        "x": 50.2418584,
        "y": 6.6700075
      },
      "max": {
        "x": 50.2766986,
        "y": 6.7228856
      },
      "center": {
        "x": 50.2592785,
        "y": 6.69644655
      },
      "area": {
        "x": 0.0348402,
        "y": 0.0528781
      }
    },
    "pointsx": [
      50.2663650,
      50.2685568,
      50.2658156,
      50.2619628,
      50.2669865,
      50.2712844,
      50.2710898,
      50.2712071,
      50.2719262,
      50.2725047,
      50.2735208,
      50.2753030,
      50.2757094,
      50.2766986,
      50.2761497,
      50.2686989,
      50.2654662,
      50.2633205,
      50.2616564,
      50.2614140,
      50.2603507,
      50.2603070,
      50.2597431,
      50.2592953,
      50.2588806,
      50.2576081,
      50.2580928,
      50.2568418,
      50.2543395,
      50.2538156,
      50.2532223,
      50.2518083,
      50.2483785,
      50.2459091,
      50.2451423,
      50.2442120,
      50.2421064,
      50.2418584,
      50.2440749,
      50.2446634,
      50.2478998,
      50.2490556,
      50.2480905,
      50.2516356,
      50.2550412
    ],
    "pointsy": [
      6.7228856,
      6.7201169,
      6.7130940,
      6.6943725,
      6.6911825,
      6.6919212,
      6.6913604,
      6.6904676,
      6.6907978,
      6.6912748,
      6.6923877,
      6.6894525,
      6.6911158,
      6.6895090,
      6.6873324,
      6.6876139,
      6.6857282,
      6.6846425,
      6.6860945,
      6.6854463,
      6.6863024,
      6.6833517,
      6.6827539,
      6.6799290,
      6.6801538,
      6.6776467,
      6.6763259,
      6.6750784,
      6.6716050,
      6.6702597,
      6.6700075,
      6.6725657,
      6.6726792,
      6.6798618,
      6.6917190,
      6.6971095,
      6.6991704,
      6.7042690,
      6.7129019,
      6.7131425,
      6.7144659,
      6.7130867,
      6.7098834,
      6.7088670,
      6.7129176
    ]
  }
}