{
  "numberOfPolygons": 1,
  "box": {
    "min": {
      "x": 50.2382638,
      "y": 6.9386078
    },
    "max": {
      "x": 50.2551892,
      "y": 6.9701230
    },
    "center": {
      "x": 50.2467265,
      "y": 6.9543654
    }
  },
  "polygons": [
    {
      "numberOfPoints": 48,
      "box": {
        "min": {
          "x": 50.2382638,
          "y": 6.9386078
        },
        "max": {
          "x": 50.2551892,
          "y": 6.9701230
        },
        "center": {
          "x": 50.2467265,
          "y": 6.9543654
        }
      },
      "pointsx": [
        50.2548270,
        50.2538038,
        50.2534082,
        50.2525025,
        50.2503054,
        50.2501601,
        50.2467168,
        50.2464602,
        50.2460932,
        50.2456294,
        50.2453423,
        50.2448931,
        50.2442379,
        50.2443189,
        50.2436415,
        50.2436415,
        50.2424930,
        50.2420733,
        50.2415342,
        50.2395919,
        50.2382638,
        50.2384673,
        50.2386040,
        50.2389795,
        50.2388700,
        50.2395632,
        50.2396778,
        50.2404299,
        50.2403257,
        50.2417940,
        50.2421896,
        50.2425749,
        50.2428456,
        50.2447809,
        50.2453716,
        50.2467024,
        50.2498165,
        50.2501715,
        50.2516810,
        50.2521179,
        50.2531117,
        50.2534270,
        50.2530704,
        50.2537314,
        50.2540749,
        50.2538980,
        50.2548036,
        50.2551892
      ],
      "pointsy": [
        6.9417362,
        6.9422940,
        6.9419521,
        6.9386958,
        6.9386078,
        6.9406007,
        6.9440036,
        6.9448967,
        6.9451061,
        6.9450601,
        6.9445305,
        6.9458429,
        6.9451867,
        6.9447032,
        6.9440585,
        6.9437592,
        6.9435762,
        6.9457278,
        6.9470378,
        6.9470653,
        6.9474744,
        6.9477166,
        6.9495143,
        6.9516902,
        6.9519660,
        6.9545547,
        6.9559549,
        6.9584037,
        6.9612204,
        6.9638905,
        6.9659257,
        6.9657955,
        6.9680586,
        6.9701230,
        6.9686392,
        6.9657768,
        6.9634397,
        6.9621666,
        6.9586336,
        6.9565177,
        6.9556543,
        6.9549575,
        6.9546020,
        6.9534868,
        6.9531042,
        6.9511830,
        6.9492455,
        6.9479638
      ]
    }
  ]
}