{
  "id": 1075148,
  "name": "Lirstal",
  "polygon": {
    "numberOfPoints": 59,
    "box": {
      "min": {
        "x": 50.2363511,
        "y": 6.9915238
      },
      "max": {
        "x": 50.2677691,
        "y": 7.0582973
      },
      "center": {
        "x": 50.2520601,
        "y": 7.02491055
      },
      "area": {
        "x": 0.0314180,
        "y": 0.0667735
      }
    },
    "pointsx": [
      50.2599216,
      50.2599049,
      50.2602528,
      50.2604289,
      50.2637286,
      50.2621490,
      50.2621419,
      50.2626348,
      50.2622668,
      50.2624477,
      50.2649214,
      50.2677691,
      50.2637413,
      50.2588029,
      50.2510943,
      50.2508354,
      50.2508053,
      50.2503124,
      50.2496105,
      50.2488286,
      50.2481837,
      50.2475167,
      50.2468448,
      50.2464058,
      50.2458609,
      50.2440371,
      50.2428892,
      50.2419473,
      50.2414734,
      50.2413904,
      50.2412085,
      50.2398416,
      50.2396281,
      50.2395042,
      50.2389557,
      50.2389176,
      50.2387307,
      50.2386399,
      50.2387219,
      50.2390495,
      50.2392266,
      50.2373733,
      50.2366295,
      50.2363511,
      50.2404739,
      50.2481287,
      50.2508301,
      50.2530548,
      50.2564517,
      50.2560390,
      50.2573064,
      50.2593728,
      50.2600298,
      50.2601131,
      50.2587681,
      50.2584893,
      50.2588015,
      50.2588224,
      50.2592387
    ],
    "pointsy": [
      6.9915238,
      6.9975559,
      7.0023580,
      7.0091156,
      7.0175819,
      7.0222700,
      7.0240794,
      7.0239969,
      7.0271974,
      7.0277791,
      7.0260820,
      7.0349225,
      7.0374042,
      7.0490344,
      7.0582973,
      7.0582383,
      7.0582315,
      7.0581204,
      7.0577804,
      7.0572355,
      7.0564066,
      7.0545989,
      7.0534020,
      7.0526582,
      7.0521592,
      7.0516373,
      7.0516163,
      7.0517633,
      7.0522452,
      7.0525442,
      7.0536940,
      7.0552585,
      7.0541420,
      7.0530494,
      7.0462771,
      7.0456141,
      7.0448952,
      7.0436943,
      7.0424752,
      7.0413678,
      7.0407620,
      7.0384531,
      7.0369930,
      7.0363761,
      7.0371350,
      7.0352139,
      7.0303858,
      7.0245885,
      7.0241925,
      7.0206150,
      7.0162147,
      7.0165012,
      7.0172888,
      7.0151071,
      7.0024384,
      7.0000958,
      6.9967092,
      6.9940717,
      6.9923784
    ]
  }
}