{
  "id": 1075151,
  "name": "Neichen",
  "polygon": {
    "numberOfPoints": 43,
    "box": {
      "min": {
        "x": 50.2501313,
        "y": 6.8481345
      },
      "max": {
        "x": 50.2679949,
        "y": 6.8873890
      },
      "center": {
        "x": 50.2590631,
        "y": 6.86776175
      },
      "area": {
        "x": 0.0178636,
        "y": 0.0392545
      }
    },
    "pointsx": [
      50.2618456,
      50.2626905,
      50.2643732,
      50.2651638,
      50.2659445,
      50.2659444,
      50.2663295,
      50.2660485,
      50.2667249,
      50.2664421,
      50.2670235,
      50.2679949,
      50.2669793,
      50.2676969,
      50.2673857,
      50.2666013,
      50.2657813,
      50.2645614,
      50.2641763,
      50.2634249,
      50.2606336,
      50.2608479,
      50.2582957,
      50.2580600,
      50.2554064,
      50.2508000,
      50.2501313,
      50.2504056,
      50.2522746,
      50.2529224,
      50.2548912,
      50.2569395,
      50.2589329,
      50.2594637,
      50.2599113,
      50.2600563,
      50.2601677,
      50.2607648,
      50.2610042,
      50.2611083,
      50.2614430,
      50.2619288,
      50.2619355
    ],
    "pointsy": [
      6.8511276,
      6.8496535,
      6.8481345,
      6.8482890,
      6.8491248,
      6.8499171,
      6.8505846,
      6.8536944,
      6.8551760,
      6.8563920,
      6.8592826,
      6.8620686,
      6.8652000,
      6.8737622,
      6.8750060,
      6.8771360,
      6.8785297,
      6.8774128,
      6.8775756,
      6.8758599,
      6.8778161,
      6.8817054,
      6.8809657,
      6.8828612,
      6.8873890,
      6.8693923,
      6.8651059,
      6.8635083,
      6.8627896,
      6.8629047,
      6.8646754,
      6.8608356,
      6.8572773,
      6.8571471,
      6.8556655,
      6.8554373,
      6.8554099,
      6.8545258,
      6.8538908,
      6.8532884,
      6.8525694,
      6.8514067,
      6.8512308
    ]
  }
}