{"id":1077569,"name":"Pettstadt","polygon":{"numberOfPoints":677,"box":{"min":{"x":49.8154792,"y":10.8985204},"max":{"x":49.8500319,"y":10.9632794},"center":{"x":49.83275555,"y":10.9308999},"area":{"x":0.0345527,"y":0.0647590}},"pointsx":[49.8500319,49.8499882,49.8497891,49.8496969,49.8496350,49.8493894,49.8493666,49.8492540,49.8487339,49.8484647,49.8482633,49.8473234,49.8469673,49.8465436,49.8463162,49.8461830,49.8453299,49.8448419,49.8444486,49.8442122,49.8437351,49.8436200,49.8432637,49.8429020,49.8427856,49.8425625,49.8424276,49.8422793,49.8421978,49.8419570,49.8415716,49.8415299,49.8414558,49.8413750,49.8412714,49.8411396,49.8409698,49.8409270,49.8409164,49.8409148,49.8402098,49.8399975,49.8398799,49.8398680,49.8397936,49.8397360,49.8394168,49.8391574,49.8389514,49.8387077,49.8385462,49.8383390,49.8382578,49.8381243,49.8379812,49.8375884,49.8371964,49.8368289,49.8368731,49.8370261,49.8371128,49.8370161,49.8366093,49.8362957,49.8360200,49.8360105,49.8358187,49.8357303,49.8358467,49.8356919,49.8354502,49.8353439,49.8353956,49.8354472,49.8361930,49.8362283,49.8364138,49.8365225,49.8370100,49.8371632,49.8374536,49.8383029,49.8384388,49.8383395,49.8379498,49.8377582,49.8362406,49.8361179,49.8358308,49.8358413,49.8358552,49.8359147,49.8357884,49.8356297,49.8355789,49.8354894,49.8354086,49.8350022,49.8347223,49.8346569,49.8344531,49.8335944,49.8329906,49.8329740,49.8328049,49.8327595,49.8328214,49.8326930,49.8325299,49.8323820,49.8322954,49.8321081,49.8320200,49.8320582,49.8321467,49.8322077,49.8322630,49.8322772,49.8322936,49.8322976,49.8323797,49.8323839,49.8320957,49.8319001,49.8316236,49.8314611,49.8313688,49.8311669,49.8308334,49.8303431,49.8291469,49.8286298,49.8282530,49.8277413,49.8272621,49.8272101,49.8267029,49.8261694,49.8257069,49.8256392,49.8252039,49.8249282,49.8247377,49.8244506,49.8243928,49.8243153,49.8240054,49.8236700,49.8231914,49.8230160,49.8227445,49.8224393,49.8221956,49.8220129,49.8218645,49.8218516,49.8213664,49.8211941,49.8210686,49.8210404,49.8207902,49.8205904,49.8201661,49.8201241,49.8199552,49.8195092,49.8193228,49.8190383,49.8188224,49.8184989,49.8182467,49.8181126,49.8179405,49.8177328,49.8175492,49.8173369,49.8170861,49.8168914,49.8166434,49.8161682,49.8157601,49.8156540,49.8158600,49.8159568,49.8160194,49.8161367,49.8162488,49.8163709,49.8166841,49.8168188,49.8170025,49.8173308,49.8174631,49.8175992,49.8177267,49.8177855,49.8178690,49.8173296,49.8164697,49.8156552,49.8154792,49.8156082,49.8157071,49.8158118,49.8159862,49.8161375,49.8162946,49.8164283,49.8166204,49.8166786,49.8167253,49.8167660,49.8168070,49.8168950,49.8169419,49.8169887,49.8170470,49.8171053,49.8172566,49.8173027,49.8173415,49.8175705,49.8177157,49.8180556,49.8181951,49.8185107,49.8185904,49.8186359,49.8187269,49.8188461,49.8189141,49.8189764,49.8190442,49.8190835,49.8191114,49.8191335,49.8191550,49.8191251,49.8190729,49.8190325,49.8189287,49.8188538,49.8187790,49.8186065,49.8186942,49.8187416,49.8188073,49.8188724,49.8189252,49.8189897,49.8190826,49.8192646,49.8193989,49.8196873,49.8191555,49.8191132,49.8186832,49.8183662,49.8174903,49.8175234,49.8176175,49.8177119,49.8177712,49.8177963,49.8178237,49.8177965,49.8177795,49.8178147,49.8180110,49.8180682,49.8181707,49.8182258,49.8183822,49.8185433,49.8185740,49.8186887,49.8187817,49.8188440,49.8188989,49.8189413,49.8189693,49.8189840,49.8189764,49.8189703,49.8189676,49.8189964,49.8190584,49.8190783,49.8191055,49.8191741,49.8192968,49.8193878,49.8192765,49.8192388,49.8192169,49.8192664,49.8192732,49.8196396,49.8200691,49.8203837,49.8205788,49.8211195,49.8215002,49.8215890,49.8216857,49.8218456,49.8219780,49.8221106,49.8222190,49.8226401,49.8231675,49.8231481,49.8228405,49.8226673,49.8226184,49.8225574,49.8224920,49.8222967,49.8222704,49.8222635,49.8220342,49.8220265,49.8217949,49.8213854,49.8210860,49.8209938,49.8208286,49.8208166,49.8207323,49.8207161,49.8205919,49.8206155,49.8206421,49.8206348,49.8206658,49.8208111,49.8210295,49.8206753,49.8204920,49.8204722,49.8204253,49.8201440,49.8200395,49.8198965,49.8197960,49.8200189,49.8194323,49.8196023,49.8196023,49.8195857,49.8192685,49.8188814,49.8187697,49.8187503,49.8187592,49.8187480,49.8187448,49.8187437,49.8187121,49.8186443,49.8191763,49.8195219,49.8194511,49.8192718,49.8191545,49.8190674,49.8190264,49.8188902,49.8187750,49.8186260,49.8181884,49.8180025,49.8175888,49.8175215,49.8174539,49.8174254,49.8173386,49.8172444,49.8171257,49.8171222,49.8171552,49.8174409,49.8173753,49.8173834,49.8174215,49.8174135,49.8173733,49.8173418,49.8170702,49.8171190,49.8172572,49.8174865,49.8175897,49.8176853,49.8179195,49.8180228,49.8181481,49.8183169,49.8184656,49.8186922,49.8188251,49.8189890,49.8192514,49.8197068,49.8206299,49.8207271,49.8207769,49.8209299,49.8209111,49.8208912,49.8209664,49.8210846,49.8214683,49.8218865,49.8226976,49.8236123,49.8236532,49.8236771,49.8236799,49.8236854,49.8236940,49.8237247,49.8237425,49.8237504,49.8238445,49.8238941,49.8239177,49.8238890,49.8236548,49.8234757,49.8234374,49.8233721,49.8232922,49.8232627,49.8232749,49.8233090,49.8233579,49.8235316,49.8235804,49.8235949,49.8235497,49.8234809,49.8234113,49.8233779,49.8233162,49.8232570,49.8232418,49.8232462,49.8232575,49.8232952,49.8233476,49.8235855,49.8236625,49.8237840,49.8240766,49.8241807,49.8242648,49.8243228,49.8243294,49.8243339,49.8243144,49.8242703,49.8242251,49.8241572,49.8241700,49.8241954,49.8242220,49.8242492,49.8264375,49.8269492,49.8271240,49.8275745,49.8277045,49.8281035,49.8283303,49.8285429,49.8287708,49.8288497,49.8289440,49.8289971,49.8290632,49.8292212,49.8292667,49.8293496,49.8294088,49.8294395,49.8295306,49.8298659,49.8304352,49.8302458,49.8303692,49.8306570,49.8307936,49.8314429,49.8316802,49.8323019,49.8328642,49.8340837,49.8340406,49.8340363,49.8342524,49.8344714,49.8344900,49.8345385,49.8349634,49.8352999,49.8357654,49.8356727,49.8356400,49.8350938,49.8350094,49.8351484,49.8354504,49.8354834,49.8353436,49.8352420,49.8351349,49.8349677,49.8348535,49.8348087,49.8346257,49.8345284,49.8344261,49.8344190,49.8343244,49.8342713,49.8342322,49.8341799,49.8341563,49.8341392,49.8341927,49.8343224,49.8343651,49.8344705,49.8344796,49.8346095,49.8347629,49.8348791,49.8349840,49.8350032,49.8350246,49.8351454,49.8351580,49.8351822,49.8352041,49.8352140,49.8356340,49.8357553,49.8361137,49.8365328,49.8366198,49.8366678,49.8367118,49.8367607,49.8367793,49.8368192,49.8368655,49.8369093,49.8369801,49.8370073,49.8370761,49.8370958,49.8384930,49.8394269,49.8399652,49.8408212,49.8410769,49.8413180,49.8417788,49.8418079,49.8420993,49.8425908,49.8433950,49.8434907,49.8438353,49.8441377,49.8443012,49.8443618,49.8444064,49.8445320,49.8446289,49.8448777,49.8452046,49.8453788,49.8453901,49.8457674,49.8461951,49.8461858,49.8463486,49.8465037,49.8471339,49.8471849,49.8472262,49.8473455,49.8475553,49.8476559,49.8476664,49.8476795,49.8476804,49.8476071,49.8476398,49.8476328,49.8474330,49.8474735,49.8474523,49.8472187,49.8471947,49.8469819,49.8468072,49.8467233,49.8465980,49.8465419,49.8465132,49.8464382,49.8464542,49.8463604,49.8463460,49.8461743,49.8460540,49.8459409,49.8458477,49.8458396,49.8458779,49.8458528,49.8458567,49.8459331,49.8459061,49.8458365,49.8455309,49.8455034,49.8454922,49.8453544,49.8453425,49.8454064,49.8454700,49.8458923,49.8461099,49.8464876,49.8464085,49.8461914,49.8459642,49.8432744,49.8432148,49.8429184,49.8427927,49.8431700,49.8426463,49.8431287,49.8432701,49.8435923,49.8428395,49.8429282,49.8430295,49.8430380,49.8430456,49.8433724,49.8447042,49.8449898,49.8452747,49.8455230,49.8459076,49.8461057,49.8462867,49.8464678,49.8468114,49.8469135,49.8469399,49.8469725,49.8470374,49.8472862,49.8473575,49.8476175,49.8484816,49.8490445,49.8493613,49.8496011,49.8498902],