{"id":1079018,"name":"Lengenbostel","polygon":{"numberOfPoints":68,"box":{"min":{"x":53.2932246,"y":9.4964116},"max":{"x":53.3302976,"y":9.5388080},"center":{"x":53.3117611,"y":9.5176098},"area":{"x":0.0370730,"y":0.0423964}},"pointsx":[53.3058933,53.3059172,53.3059752,53.3124792,53.3116457,53.3129793,53.3133126,53.3141872,53.3146461,53.3157878,53.3162022,53.3169796,53.3184015,53.3227295,53.3252063,53.3246629,53.3247855,53.3250926,53.3249206,53.3259523,53.3269596,53.3282248,53.3283722,53.3281673,53.3302976,53.3266677,53.3253395,53.3276900,53.3256882,53.3250125,53.3241465,53.3248774,53.3221222,53.3217087,53.3198334,53.3166473,53.3156894,53.3148607,53.3147289,53.3136454,53.3129112,53.3096489,53.3052329,53.3027132,53.3026502,53.3026401,53.3025842,53.2991393,53.2987101,53.2970106,53.2953500,53.2944680,53.2932246,53.2954549,53.2955670,53.2956202,53.2956790,53.2959828,53.2980184,53.2996800,53.2997473,53.2998374,53.3003205,53.3009814,53.3022903,53.3039033,53.3047007,53.3055960],"pointsy":[9.4964116,9.4964218,9.4964467,9.4992365,9.5039796,9.5057932,9.5076067,9.5084200,9.5113733,9.5113727,9.5143723,9.5158374,9.5166653,9.5191855,9.5219270,9.5234744,9.5239209,9.5239209,9.5245893,9.5254111,9.5253186,9.5259562,9.5262235,9.5268286,9.5303161,9.5383498,9.5372316,9.5283005,9.5263392,9.5288896,9.5283137,9.5255525,9.5229071,9.5291768,9.5360527,9.5343646,9.5369292,9.5388080,9.5385098,9.5372998,9.5363181,9.5319371,9.5259767,9.5240839,9.5240388,9.5240312,9.5239941,9.5215807,9.5250510,9.5265829,9.5205142,9.5167709,9.5113764,9.5099337,9.5086154,9.5085022,9.5084589,9.5080522,9.5051613,9.5027553,9.5026659,9.5025400,9.5020399,9.5013996,9.5001315,9.4986121,9.4978231,9.4969198]}}