{"id":1079025,"name":"Basdahl","polygon":{"numberOfPoints":162,"box":{"min":{"x":53.4088582,"y":8.9070269},"max":{"x":53.4699334,"y":9.0591671},"center":{"x":53.4393958,"y":8.9830970},"area":{"x":0.0610752,"y":0.1521402}},"pointsx":[53.4414020,53.4423327,53.4424656,53.4439280,53.4455233,53.4476503,53.4479826,53.4536317,53.4537647,53.4582834,53.4572867,53.4573953,53.4574196,53.4614064,53.4629346,53.4560241,53.4540305,53.4542963,53.4525684,53.4511728,53.4519039,53.4540305,53.4562235,53.4568880,53.4625360,53.4695182,53.4699334,53.4643378,53.4624593,53.4616287,53.4610058,53.4542570,53.4537378,53.4553198,53.4553998,53.4568756,53.4575775,53.4579595,53.4582604,53.4576177,53.4568306,53.4564336,53.4557887,53.4555297,53.4550828,53.4549038,53.4547628,53.4533250,53.4520391,53.4509752,53.4507722,53.4487054,53.4482935,53.4476975,53.4475606,53.4474306,53.4473546,53.4471446,53.4466606,53.4468016,53.4458397,53.4453898,53.4452258,53.4445469,53.4442489,53.4436850,53.4436850,53.4433050,53.4425821,53.4424451,53.4421861,53.4408923,53.4410722,53.4384165,53.4380776,53.4379016,53.4380506,53.4380046,53.4380466,53.4380466,53.4376536,53.4374287,53.4375016,53.4373757,53.4373527,53.4373827,53.4375126,53.4376006,53.4376156,53.4377036,53.4379626,53.4380966,53.4385655,53.4391795,53.4378906,53.4370167,53.4366968,53.4366578,53.4366998,53.4369367,53.4369057,53.4366428,53.4366158,53.4363488,53.4362228,53.4360788,53.4359749,53.4361428,53.4356889,53.4357079,53.4360359,53.4359599,53.4355059,53.4355099,53.4353039,53.4352350,53.4350560,53.4347550,53.4335191,53.4331452,53.4323473,53.4316834,53.4315234,53.4282547,53.4280077,53.4271829,53.4229904,53.4218765,53.4211326,53.4210763,53.4210106,53.4199537,53.4177410,53.4175390,53.4144074,53.4144647,53.4145674,53.4115227,53.4117686,53.4088582,53.4213434,53.4245513,53.4226809,53.4251748,53.4264217,53.4274607,53.4284997,53.4269412,53.4293309,53.4293309,53.4285305,53.4288800,53.4286424,53.4289153,53.4276685,53.4289153,53.4313049,53.4319282,53.4358759,53.4387845,53.4389922,53.4409557],"pointsy":[9.0591671,9.0590555,9.0569351,9.0571583,9.0553727,9.0559307,9.0509086,9.0465561,9.0413107,9.0404179,9.0368467,9.0340204,9.0333870,9.0312665,9.0187671,9.0119593,9.0111781,9.0034775,9.0007991,8.9956654,8.9934333,8.9917593,8.9955538,8.9996830,9.0006875,8.9953411,8.9901098,8.9873681,8.9864478,8.9820883,8.9770314,8.9765082,8.9737182,8.9662845,8.9648318,8.9606044,8.9585447,8.9541474,8.9506369,8.9508212,8.9510469,8.9498871,8.9480004,8.9472395,8.9459287,8.9455018,8.9452868,8.9410885,8.9374481,8.9348155,8.9342666,8.9286915,8.9276856,8.9246871,8.9240002,8.9234643,8.9231863,8.9226804,8.9215176,8.9213036,8.9192250,8.9184331,8.9186041,8.9169353,8.9164844,8.9158455,8.9153096,8.9147339,8.9136389,8.9138738,8.9135549,8.9115422,8.9111973,8.9070269,8.9080458,8.9084127,8.9086847,8.9089066,8.9092826,8.9095415,8.9094366,8.9103014,8.9104974,8.9107214,8.9110203,8.9113183,8.9113733,8.9116292,8.9120662,8.9121821,8.9121731,8.9124671,8.9118522,8.9142808,8.9146667,8.9151957,8.9154466,8.9161845,8.9175963,8.9184042,8.9188041,8.9195700,8.9202279,8.9215927,8.9219966,8.9218616,8.9222836,8.9223966,8.9238673,8.9241453,8.9240343,8.9255101,8.9253881,8.9258840,8.9263300,8.9265919,8.9264989,8.9272468,8.9280287,8.9277627,8.9276108,8.9275758,8.9283177,8.9309839,8.9311854,8.9318582,8.9355116,8.9364885,8.9371314,8.9373715,8.9376513,8.9396610,8.9435434,8.9433495,8.9487976,8.9489262,8.9491106,8.9545118,8.9582018,8.9634332,8.9728759,8.9752909,8.9902875,8.9918569,8.9946470,8.9962164,8.9974370,9.0171418,9.0185369,9.0228963,9.0247634,9.0276237,9.0289986,9.0316153,9.0481813,9.0525407,9.0558539,9.0530639,9.0530639,9.0518432,9.0569002,9.0570716]}}