{
  "numberOfPolygons": 1,
  "box": {
    "min": {
      "x": 53.4121494,
      "y": 9.2347841
    },
    "max": {
      "x": 53.4718418,
      "y": 9.3465524
    },
    "center": {
      "x": 53.4419956,
      "y": 9.29066825
    }
  },
  "polygons": [
    {
      "numberOfPoints": 229,
      "box": {
        "min": {
          "x": 53.4121494,
          "y": 9.2347841
        },
        "max": {
          "x": 53.4718418,
          "y": 9.3465524
        },
        "center": {
          "x": 53.4419956,
          "y": 9.29066825
        }
      },
      "pointsx": [
        53.4121494,
        53.4146626,
        53.4207723,
        53.4210318,
        53.4239413,
        53.4275157,
        53.4285138,
        53.4296768,
        53.4305911,
        53.4312814,
        53.4314387,
        53.4340366,
        53.4346222,
        53.4361595,
        53.4381539,
        53.4368243,
        53.4369120,
        53.4401483,
        53.4409792,
        53.4381539,
        53.4395203,
        53.4419135,
        53.4464199,
        53.4459455,
        53.4444805,
        53.4471048,
        53.4474503,
        53.4493930,
        53.4507516,
        53.4539174,
        53.4560070,
        53.4574694,
        53.4602673,
        53.4602943,
        53.4603403,
        53.4604652,
        53.4609002,
        53.4617171,
        53.4620301,
        53.4629030,
        53.4643188,
        53.4634029,
        53.4631890,
        53.4617471,
        53.4617401,
        53.4605643,
        53.4601983,
        53.4597104,
        53.4596684,
        53.4601413,
        53.4604123,
        53.4607093,
        53.4609502,
        53.4612472,
        53.4625061,
        53.4625941,
        53.4627730,
        53.4638419,
        53.4640319,
        53.4646618,
        53.4647688,
        53.4648068,
        53.4648528,
        53.4650358,
        53.4651008,
        53.4652908,
        53.4653488,
        53.4654938,
        53.4659587,
        53.4663897,
        53.4667136,
        53.4669506,
        53.4670226,
        53.4671566,
        53.4673166,
        53.4673935,
        53.4674085,
        53.4674615,
        53.4675455,
        53.4676905,
        53.4680725,
        53.4681565,
        53.4682435,
        53.4684234,
        53.4684264,
        53.4684764,
        53.4687894,
        53.4693003,
        53.4694303,
        53.4700293,
        53.4701243,
        53.4702422,
        53.4703492,
        53.4704832,
        53.4712531,
        53.4715891,
        53.4717693,
        53.4718418,
        53.4718173,
        53.4716528,
        53.4712841,
        53.4709292,
        53.4698613,
        53.4655928,
        53.4653258,
        53.4617552,
        53.4611373,
        53.4610793,
        53.4590616,
        53.4588026,
        53.4532788,
        53.4547117,
        53.4542910,
        53.4547500,
        53.4567349,
        53.4569519,
        53.4580817,
        53.4614194,
        53.4615184,
        53.4616134,
        53.4621443,
        53.4623573,
        53.4624873,
        53.4636391,
        53.4638531,
        53.4638801,
        53.4634182,
        53.4632462,
        53.4631396,
        53.4623573,
        53.4621933,
        53.4619683,
        53.4615794,
        53.4613884,
        53.4607665,
        53.4606485,
        53.4599816,
        53.4592867,
        53.4587907,
        53.4584478,
        53.4576308,
        53.4572499,
        53.4566810,
        53.4563340,
        53.4560370,
        53.4558610,
        53.4557541,
        53.4544652,
        53.4541252,
        53.4538323,
        53.4537673,
        53.4534123,
        53.4531414,
        53.4520695,
        53.4518715,
        53.4517455,
        53.4510666,
        53.4509856,
        53.4508906,
        53.4507416,
        53.4505547,
        53.4503377,
        53.4496928,
        53.4493988,
        53.4495438,
        53.4493988,
        53.4498228,
        53.4503837,
        53.4506971,
        53.4477930,
        53.4468971,
        53.4455582,
        53.4454282,
        53.4452333,
        53.4446383,
        53.4441234,
        53.4435165,
        53.4433715,
        53.4424986,
        53.4419226,
        53.4416857,
        53.4414837,
        53.4408118,
        53.4405908,
        53.4392750,
        53.4391450,
        53.4384321,
        53.4380471,
        53.4378711,
        53.4372532,
        53.4368072,
        53.4362113,
        53.4357694,
        53.4356854,
        53.4356664,
        53.4354034,
        53.4347395,
        53.4342395,
        53.4335796,
        53.4324927,
        53.4322218,
        53.4320078,
        53.4318858,
        53.4312789,
        53.4310539,
        53.4303410,
        53.4300930,
        53.4297650,
        53.4287201,
        53.4283232,
        53.4280212,
        53.4277243,
        53.4272053,
        53.4271093,
        53.4266634,
        53.4264844,
        53.4221089,
        53.4221089,
        53.4212090,
        53.4190532,
        53.4188362,
        53.4185763,
        53.4165015,
        53.4192028,
        53.4154180,
        53.4180711,
        53.4142629,
        53.4146159,
        53.4146299
      ],