{
  "id": 1085803,
  "name": "Strohn",
  "polygon": {
    "numberOfPoints": 62,
    "box": {
      "min": {
        "x": 50.0913461,
        "y": 6.8977499
      },
      "max": {
        "x": 50.1260668,
        "y": 6.9539036
      },
      "center": {
        "x": 50.10870645,
        "y": 6.92582675
      },
      "area": {
        "x": 0.0347207,
        "y": 0.0561537
      }
    },
    "pointsx": [
      50.0933616,
      50.0964811,
      50.0984675,
      50.1005239,
      50.1085425,
      50.1102062,
      50.1260668,
      50.1183912,
      50.1135933,
      50.1030268,
      50.1024889,
      50.1018830,
      50.1015090,
      50.1013290,
      50.1012610,
      50.1011080,
      50.1002651,
      50.1000022,
      50.0989033,
      50.0980414,
      50.0978751,
      50.0978694,
      50.0976524,
      50.0974765,
      50.0973435,
      50.0972825,
      50.0972975,
      50.0973505,
      50.0974955,
      50.0975494,
      50.0975604,
      50.0975144,
      50.0974425,
      50.0973138,
      50.0973125,
      50.0971945,
      50.0970375,
      50.0963626,
      50.0961296,
      50.0957483,
      50.0954306,
      50.0951556,
      50.0949387,
      50.0949366,
      50.0946067,
      50.0942438,
      50.0940418,
      50.0938168,
      50.0930999,
      50.0929589,
      50.0927719,
      50.0925539,
      50.0921650,
      50.0917910,
      50.0917126,
      50.0916001,
      50.0915109,
      50.0913461,
      50.0937749,
      50.0943893,
      50.0981479,
      50.0990514
    ],
    "pointsy": [
      6.9482704,
      6.9510722,
      6.9513021,
      6.9539036,
      6.9529314,
      6.9449300,
      6.9263563,
      6.9136805,
      6.9164093,
      6.8977499,
      6.8984088,
      6.8988758,
      6.8992797,
      6.8995577,
      6.9000926,
      6.9002406,
      6.9004065,
      6.9005495,
      6.9015774,
      6.9025992,
      6.9026447,
      6.9026462,
      6.9025152,
      6.9022033,
      6.9016674,
      6.9011754,
      6.9008595,
      6.9005215,
      6.8999816,
      6.8996436,
      6.8989927,
      6.8987008,
      6.8984778,
      6.8983680,
      6.8983668,
      6.8983688,
      6.8984388,
      6.8991217,
      6.8992377,
      6.8992652,
      6.8990468,
      6.8988478,
      6.8988068,
      6.8988073,
      6.8988788,
      6.8991088,
      6.8993357,
      6.8997437,
      6.9014594,
      6.9016864,
      6.9019124,
      6.9020953,
      6.9021903,
      6.9022183,
      6.9022143,
      6.9021983,
      6.9021675,
      6.9021113,
      6.9156861,
      6.9388407,
      6.9385591,
      6.9433477
    ]
  }
}