{
  "numberOfPolygons": 1,
  "box": {
    "min": {
      "x": 50.2033880,
      "y": 6.8612630
    },
    "max": {
      "x": 50.2331990,
      "y": 6.8982669
    },
    "center": {
      "x": 50.2182935,
      "y": 6.87976495
    }
  },
  "polygons": [
    {
      "numberOfPoints": 23,
      "box": {
        "min": {
          "x": 50.2033880,
          "y": 6.8612630
        },
        "max": {
          "x": 50.2331990,
          "y": 6.8982669
        },
        "center": {
          "x": 50.2182935,
          "y": 6.87976495
        }
      },
      "pointsx": [
        50.2082497,
        50.2193281,
        50.2249975,
        50.2289703,
        50.2317439,
        50.2331990,
        50.2320994,
        50.2314956,
        50.2312599,
        50.2294069,
        50.2276659,
        50.2269146,
        50.2253622,
        50.2234664,
        50.2166282,
        50.2168816,
        50.2153214,
        50.2109778,
        50.2090622,
        50.2074688,
        50.2033880,
        50.2038982,
        50.2062880
      ],
      "pointsy": [
        6.8629359,
        6.8612630,
        6.8665581,
        6.8752599,
        6.8801788,
        6.8892262,
        6.8904765,
        6.8928021,
        6.8977755,
        6.8982669,
        6.8979828,
        6.8981900,
        6.8977338,
        6.8963662,
        6.8904074,
        6.8867668,
        6.8810414,
        6.8737312,
        6.8744643,
        6.8757632,
        6.8730918,
        6.8707769,
        6.8698901
      ]
    }
  ]
}