{"id":1085805,"name":"Utzerath","polygon":{"numberOfPoints":55,"box":{"min":{"x":50.2098079,"y":6.9065156},"max":{"x":50.2383067,"y":6.9440795},"center":{"x":50.2240573,"y":6.92529755},"area":{"x":0.0284988,"y":0.0375639}},"pointsx":[50.2383067,50.2366115,50.2368015,50.2331644,50.2322459,50.2317290,50.2282309,50.2271636,50.2267278,50.2263743,50.2260997,50.2256193,50.2252670,50.2242361,50.2237162,50.2225304,50.2215762,50.2197472,50.2183858,50.2173743,50.2169102,50.2167545,50.2167119,50.2164619,50.2159962,50.2155794,50.2151928,50.2139174,50.2131944,50.2128286,50.2124013,50.2113943,50.2120771,50.2113385,50.2113298,50.2114019,50.2111930,50.2098079,50.2111783,50.2132398,50.2132117,50.2150612,50.2182909,50.2223673,50.2273482,50.2289530,50.2312802,50.2315825,50.2317492,50.2323941,50.2328654,50.2329979,50.2326886,50.2328553,50.2357079],"pointsy":[6.9269475,6.9330521,6.9332957,6.9405776,6.9412753,6.9421398,6.9407549,6.9407630,6.9404894,6.9400549,6.9395184,6.9377160,6.9378847,6.9394487,6.9402614,6.9411707,6.9414979,6.9424350,6.9435847,6.9440795,6.9435133,6.9423924,6.9416097,6.9408073,6.9387590,6.9389543,6.9378273,6.9373096,6.9375143,6.9355614,6.9353772,6.9329832,6.9289992,6.9247265,6.9243506,6.9234279,6.9213087,6.9164734,6.9138412,6.9139289,6.9132959,6.9097844,6.9088075,6.9085856,6.9065156,6.9093611,6.9126307,6.9125701,6.9139703,6.9159735,6.9183681,6.9204634,6.9218680,6.9228514,6.9230883]}}