{
  "id": 1108069,
  "name": "Giesdorf",
  "polygon": {
    "numberOfPoints": 82,
    "box": {
      "min": {
        "x": 50.1658259,
        "y": 6.4346248
      },
      "max": {
        "x": 50.1898679,
        "y": 6.4777223
      },
      "center": {
        "x": 50.1778469,
        "y": 6.45617355
      },
      "area": {
        "x": 0.0240420,
        "y": 0.0430975
      }
    },
    "pointsx": [
      50.1677895,
      50.1678006,
      50.1680032,
      50.1680807,
      50.1681787,
      50.1684295,
      50.1690333,
      50.1690218,
      50.1689395,
      50.1701413,
      50.1701792,
      50.1742941,
      50.1741996,
      50.1752655,
      50.1760424,
      50.1797561,
      50.1834952,
      50.1856809,
      50.1850092,
      50.1860895,
      50.1881281,
      50.1898679,
      50.1884550,
      50.1876830,
      50.1864759,
      50.1839851,
      50.1833224,
      50.1842159,
      50.1842646,
      50.1842642,
      50.1839263,
      50.1803153,
      50.1816872,
      50.1813298,
      50.1801851,
      50.1796591,
      50.1795975,
      50.1794666,
      50.1794535,
      50.1794285,
      50.1794006,
      50.1792911,
      50.1792126,
      50.1787492,
      50.1782256,
      50.1768543,
      50.1767906,
      50.1766648,
      50.1766273,
      50.1766720,
      50.1773082,
      50.1776823,
      50.1771048,
      50.1764436,
      50.1755143,
      50.1749625,
      50.1745676,
      50.1746069,
      50.1746012,
      50.1743255,
      50.1736336,
      50.1730001,
      50.1720701,
      50.1717468,
      50.1711305,
      50.1706176,
      50.1704852,
      50.1695647,
      50.1692077,
      50.1689070,
      50.1684479,
      50.1675876,
      50.1673434,
      50.1672133,
      50.1670805,
      50.1668541,
      50.1661245,
      50.1658259,
      50.1662182,
      50.1674200,
      50.1677401,
      50.1678089
    ],
    "pointsy": [
      6.4496444,
      6.4496102,
      6.4497701,
      6.4498842,
      6.4499596,
      6.4499824,
      6.4498274,
      6.4496605,
      6.4492900,
      6.4467541,
      6.4450921,
      6.4368865,
      6.4365029,
      6.4346248,
      6.4359371,
      6.4353157,
      6.4384211,
      6.4475953,
      6.4549351,
      6.4569430,
      6.4587630,
      6.4594591,
      6.4608426,
      6.4618031,
      6.4633048,
      6.4611227,
      6.4627424,
      6.4638941,
      6.4639826,
      6.4641199,
      6.4664281,
      6.4730946,
      6.4758602,
      6.4777223,
      6.4774949,
      6.4774696,
      6.4775066,
      6.4776761,
      6.4776795,
      6.4775917,
      6.4773673,
      6.4770882,
      6.4765486,
      6.4747606,
      6.4739631,
      6.4733464,
      6.4731535,
      6.4714575,
      6.4706792,
      6.4674388,
      6.4642795,
      6.4602990,
      6.4588712,
      6.4574655,
      6.4568680,
      6.4553645,
      6.4543668,
      6.4540373,
      6.4538914,
      6.4539720,
      6.4540086,
      6.4542960,
      6.4552638,
      6.4557361,
      6.4568855,
      6.4580640,
      6.4582185,
      6.4585009,
      6.4587666,
      6.4590850,
      6.4597113,
      6.4608559,
      6.4611344,
      6.4611869,
      6.4611999,
      6.4611201,
      6.4605297,
      6.4604217,
      6.4583522,
      6.4508661,
      6.4499848,
      6.4496627
    ]
  }
}