{"id":1108076,"name":"Feuerscheid","polygon":{"numberOfPoints":28,"box":{"min":{"x":50.0847965,"y":6.4297139},"max":{"x":50.1135801,"y":6.4723766},"center":{"x":50.0991883,"y":6.45104525},"area":{"x":0.0287836,"y":0.0426627}},"pointsx":[50.0993178,50.0996958,50.1005450,50.1014568,50.1017400,50.1019682,50.1022715,50.1028751,50.1031698,50.1044801,50.1062377,50.1129976,50.1135801,50.1092894,50.1092951,50.1068457,50.1050777,50.1041362,50.1036058,50.1010891,50.0965135,50.0860972,50.0847965,50.0850024,50.0903741,50.0958690,50.0957162,50.0980776],"pointsy":[6.4723766,6.4722364,6.4721489,6.4717646,6.4717651,6.4720282,6.4721051,6.4717550,6.4713173,6.4709169,6.4679704,6.4471134,6.4406578,6.4297139,6.4299176,6.4322656,6.4306301,6.4316096,6.4321430,6.4307597,6.4368964,6.4393487,6.4491321,6.4539991,6.4562472,6.4674845,6.4686695,6.4690156]}}