{
  "numberOfPolygons": 1,
  "box": {
    "min": {
      "x": 50.1062377,
      "y": 6.4243978
    },
    "max": {
      "x": 50.1243321,
      "y": 6.4766259
    },
    "center": {
      "x": 50.1152849,
      "y": 6.45051185
    }
  },
  "polygons": [
    {
      "numberOfPoints": 18,
      "box": {
        "min": {
          "x": 50.1062377,
          "y": 6.4243978
        },
        "max": {
          "x": 50.1243321,
          "y": 6.4766259
        },
        "center": {
          "x": 50.1152849,
          "y": 6.45051185
        }
      },
      "pointsx": [
        50.1092894,
        50.1147780,
        50.1160025,
        50.1210577,
        50.1203193,
        50.1180154,
        50.1243321,
        50.1199235,
        50.1198145,
        50.1237126,
        50.1196275,
        50.1185795,
        50.1072452,
        50.1071508,
        50.1069828,
        50.1062377,
        50.1129976,
        50.1135801
      ],
      "pointsy": [
        6.4297139,
        6.4260399,
        6.4243978,
        6.4328939,
        6.4333986,
        6.4349735,
        6.4413352,
        6.4575966,
        6.4579985,
        6.4710051,
        6.4691681,
        6.4766259,
        6.4762641,
        6.4744450,
        6.4712086,
        6.4679704,
        6.4471134,
        6.4406578
      ]
    }
  ]
}