{
  "id": 1108055,
  "name": "Pronsfeld",
  "polygon": {
    "numberOfPoints": 37,
    "box": {
      "min": {
        "x": 50.1481952,
        "y": 6.2918616
      },
      "max": {
        "x": 50.2016256,
        "y": 6.3758804
      },
      "center": {
        "x": 50.1749104,
        "y": 6.3338710
      },
      "area": {
        "x": 0.0534304,
        "y": 0.0840188
      }
    },
    "pointsx": [
      50.1538121,
      50.1578628,
      50.1649678,
      50.1702009,
      50.1717109,
      50.1753257,
      50.1830195,
      50.1885111,
      50.1871645,
      50.1899109,
      50.2016256,
      50.2013223,
      50.1961009,
      50.1911333,
      50.1883401,
      50.1834325,
      50.1807021,
      50.1773430,
      50.1700949,
      50.1715474,
      50.1708948,
      50.1681354,
      50.1710899,
      50.1705876,
      50.1701291,
      50.1695261,
      50.1692358,
      50.1686241,
      50.1669353,
      50.1611909,
      50.1594909,
      50.1528075,
      50.1524179,
      50.1517342,
      50.1481952,
      50.1499149,
      50.1549718
    ],
    "pointsy": [
      6.3189758,
      6.3097887,
      6.3040087,
      6.3046594,
      6.3041354,
      6.3028810,
      6.2918616,
      6.2934024,
      6.3064692,
      6.3066393,
      6.3080702,
      6.3219050,
      6.3152274,
      6.3307464,
      6.3279691,
      6.3266171,
      6.3256319,
      6.3267755,
      6.3409283,
      6.3456070,
      6.3494869,
      6.3549890,
      6.3731554,
      6.3734617,
      6.3733736,
      6.3733371,
      6.3734451,
      6.3738412,
      6.3758804,
      6.3718543,
      6.3752399,
      6.3735928,
      6.3674016,
      6.3576536,
      6.3394991,
      6.3375112,
      6.3226560
    ]
  }
}