{
  "id": 1109686,
  "name": "Cloppenburg",
  "polygon": {
    "numberOfPoints": 201,
    "box": {
      "min": {
        "x": 52.7958853,
        "y": 7.9642823
      },
      "max": {
        "x": 52.9232308,
        "y": 8.1032214
      },
      "center": {
        "x": 52.85955805,
        "y": 8.03375185
      },
      "area": {
        "x": 0.1273455,
        "y": 0.1389391
      }
    },
    "pointsx": [
      52.8998453,
      52.8998372,
      52.8979749,
      52.8978947,
      52.8978188,
      52.8976772,
      52.8960333,
      52.8958909,
      52.8935808,
      52.8923931,
      52.8872728,
      52.8811386,
      52.8776260,
      52.8749291,
      52.8736728,
      52.8699038,
      52.8667465,
      52.8643922,
      52.8591455,
      52.8550247,
      52.8545071,
      52.8532927,
      52.8529976,
      52.8527838,
      52.8523270,
      52.8518087,
      52.8511608,
      52.8493506,
      52.8489715,
      52.8487095,
      52.8483192,
      52.8480739,
      52.8477450,
      52.8474384,
      52.8470281,
      52.8469386,
      52.8466999,
      52.8465159,
      52.8449276,
      52.8438260,
      52.8425093,
      52.8426941,
      52.8403326,
      52.8402455,
      52.8382786,
      52.8382236,
      52.8373843,
      52.8368885,
      52.8358968,
      52.8337288,
      52.8321506,
      52.8318653,
      52.8298787,
      52.8279042,
      52.8286472,
      52.8290439,
      52.8281493,
      52.8281453,
      52.8277081,
      52.8277567,
      52.8245193,
      52.8245178,
      52.8236879,
      52.8239267,
      52.8236960,
      52.8222526,
      52.8221422,
      52.8210959,
      52.8212283,
      52.8212656,
      52.8240753,
      52.8242377,
      52.8252258,
      52.8262014,
      52.8262644,
      52.8264819,
      52.8259309,
      52.8258823,
      52.8243829,
      52.8236329,
      52.8233318,
      52.8218605,
      52.8222574,
      52.8227641,
      52.8217358,
      52.8218329,
      52.8158301,
      52.8166852,
      52.8154194,
      52.8164884,
      52.8164317,
      52.8139049,
      52.8138871,
      52.8131841,
      52.8132857,
      52.8091863,
      52.8092527,
      52.8076134,
      52.8076744,
      52.8071616,
      52.8068682,
      52.8059075,
      52.8053081,
      52.8039408,
      52.8035856,
      52.8016096,
      52.8001109,
      52.7998435,
      52.7974952,
      52.7972957,
      52.7958853,
      52.7975434,
      52.7992419,
      52.7989053,
      52.7986623,
      52.7984409,
      52.7983396,
      52.7985880,
      52.7984207,
      52.7986196,
      52.7992004,
      52.7994751,
      52.8004083,
      52.8009574,
      52.8100826,
      52.8098996,
      52.8171751,
      52.8169740,
      52.8201182,
      52.8205610,
      52.8206165,
      52.8208595,
      52.8230245,
      52.8236316,
      52.8246789,
      52.8270734,
      52.8349025,
      52.8343464,
      52.8348680,
      52.8366653,
      52.8380520,
      52.8389738,
      52.8392938,
      52.8406195,
      52.8417553,
      52.8457711,
      52.8473039,
      52.8510744,
      52.8528035,
      52.8540093,
      52.8542468,
      52.8555095,
      52.8563944,
      52.8572146,
      52.8578297,
      52.8588118,
      52.8592635,
      52.8596466,
      52.8593823,
      52.8620942,
      52.8595900,
      52.8670252,
      52.8670539,
      52.8743491,
      52.8805524,
      52.8849211,
      52.8844989,
      52.8820838,
      52.8806540,
      52.8826871,
      52.8841483,
      52.8851088,
      52.8906670,
      52.8921669,
      52.8922729,
      52.8949583,
      52.9032237,
      52.9043910,
      52.9059519,
      52.9097657,
      52.9120549,
      52.9137051,
      52.9163481,
      52.9232308,
      52.9224964,
      52.9177179,
      52.8989367,
      52.8986260,
      52.8919643,
      52.8925381,
      52.8926675,
      52.8926417,
      52.8931077,
      52.8934517,
      52.8939504,
      52.8939912,
      52.8951242,
      52.8952877,
      52.8977160,
      52.9002789,
      52.9003242
    ],
    "pointsy": [
      8.0927900,
      8.0926794,
      8.0962554,
      8.0964727,
      8.0965010,
      8.0968455,
      8.0988840,
      8.0989698,
      8.0990962,
      8.0990854,
      8.1015477,
      8.0991498,
      8.0977658,
      8.0966500,
      8.0961565,
      8.0943004,
      8.0928359,
      8.0915753,
      8.0890593,
      8.0870662,
      8.0869136,
      8.0916062,
      8.0925945,
      8.0930773,
      8.0936298,
      8.0940375,
      8.0943057,
      8.0974424,
      8.0974870,
      8.0976152,
      8.0979219,
      8.0983121,
      8.0989533,
      8.0996892,
      8.1006968,
      8.1008012,
      8.1008708,
      8.1010697,
      8.1032214,
      8.1028781,
      8.1024196,
      8.1021067,
      8.1011263,
      8.1015246,
      8.1008128,
      8.1008933,
      8.1005499,
      8.1004587,
      8.1004480,
      8.1006626,
      8.1005150,
      8.1005400,
      8.1010395,
      8.0999927,
      8.0979902,
      8.0954979,
      8.0953125,
      8.0966100,
      8.0965564,
      8.0952969,
      8.0949348,
      8.0937052,
      8.0938459,
      8.0895915,
      8.0880506,
      8.0882536,
      8.0882691,
      8.0915783,
      8.0834175,
      8.0786369,
      8.0654377,
      8.0647835,
      8.0616146,
      8.0589469,
      8.0584732,
      8.0526745,
      8.0501330,
      8.0499088,
      8.0423297,
      8.0424777,
      8.0367291,
      8.0369283,
      8.0318977,
      8.0254766,
      8.0252224,
      8.0244854,
      8.0219148,
      8.0165586,
      8.0154809,
      8.0128680,
      8.0097057,
      8.0100272,
      8.0091322,
      8.0040175,
      8.0034620,
      8.0033966,
      8.0031318,
      8.0024970,
      8.0014734,
      8.0014915,
      8.0001245,
      8.0006337,
      7.9985299,
      7.9998498,
      7.9967216,
      7.9962861,
      7.9962459,
      7.9960181,
      7.9962553,
      7.9969355,
      7.9946162,
      7.9922105,
      7.9882080,
      7.9876886,
      7.9864680,
      7.9858421,
      7.9852584,
      7.9848793,
      7.9818921,
      7.9811039,
      7.9810892,
      7.9776329,
      7.9782141,
      7.9762517,
      7.9776872,
      7.9763354,
      7.9746777,
      7.9729383,
      7.9684854,
      7.9679364,
      7.9675956,
      7.9674454,
      7.9642823,
      7.9683626,
      7.9678230,
      7.9670124,
      7.9679663,
      7.9732986,
      7.9736423,
      7.9753601,
      7.9743393,
      7.9736201,
      7.9734638,
      7.9731052,
      7.9727980,
      7.9716810,
      7.9712788,
      7.9720329,
      7.9729663,
      7.9714086,
      7.9707652,
      7.9694962,
      7.9701933,
      7.9694962,
      7.9685847,
      7.9692102,
      7.9697057,
      7.9695895,
      7.9706083,
      7.9774798,
      7.9898561,
      7.9938795,
      7.9938925,
      7.9963861,
      7.9984778,
      7.9999625,
      8.0021111,
      8.0098444,
      8.0103713,
      8.0178368,
      8.0168418,
      8.0185740,
      8.0279749,
      8.0267781,
      8.0274945,
      8.0274579,
      8.0273908,
      8.0273476,
      8.0320293,
      8.0298943,
      8.0286363,
      8.0277756,
      8.0266717,
      8.0308484,
      8.0528105,
      8.0544881,
      8.0535354,
      8.0532779,
      8.0554240,
      8.0576209,
      8.0590800,
      8.0614833,
      8.0628566,
      8.0633823,
      8.0634145,
      8.0635969,
      8.0708496,
      8.0716113,
      8.0793253,
      8.0903975,
      8.0907408
    ]
  }
}