{
  "id": 1112228,
  "name": "Wahlsburg",
  "polygon": {
    "numberOfPoints": 469,
    "box": {
      "min": {
        "x": 51.6071248,
        "y": 9.5347875
      },
      "max": {
        "x": 51.6403842,
        "y": 9.6370277
      },
      "center": {
        "x": 51.6237545,
        "y": 9.5859076
      },
      "area": {
        "x": 0.0332594,
        "y": 0.1022402
      }
    },
    "pointsx": [
      51.6111894,
      51.6114018,
      51.6120977,
      51.6135249,
      51.6140315,
      51.6148880,
      51.6150933,
      51.6164039,
      51.6173824,
      51.6181075,
      51.6204664,
      51.6215797,
      51.6236228,
      51.6239694,
      51.6254501,
      51.6259179,
      51.6259426,
      51.6263454,
      51.6287751,
      51.6288524,
      51.6296054,
      51.6298303,
      51.6300673,
      51.6307085,
      51.6308753,
      51.6325227,
      51.6322386,
      51.6310225,
      51.6311525,
      51.6311000,
      51.6310772,
      51.6301274,
      51.6290712,
      51.6293861,
      51.6312945,
      51.6320071,
      51.6330520,
      51.6349868,
      51.6354827,
      51.6382594,
      51.6389923,
      51.6393583,
      51.6397282,
      51.6400672,
      51.6402122,
      51.6403272,
      51.6403842,
      51.6403802,
      51.6403772,
      51.6402012,
      51.6399802,
      51.6398543,
      51.6392853,
      51.6388624,
      51.6383435,
      51.6380615,
      51.6377865,
      51.6374466,
      51.6371116,
      51.6364357,
      51.6359977,
      51.6354858,
      51.6348839,
      51.6342919,
      51.6337430,
      51.6331821,
      51.6323712,
      51.6321013,
      51.6318627,
      51.6317667,
      51.6314887,
      51.6313893,
      51.6308505,
      51.6305089,
      51.6304318,
      51.6303691,
      51.6301635,
      51.6300934,
      51.6299934,
      51.6298824,
      51.6296265,
      51.6294015,
      51.6292495,
      51.6289785,
      51.6289095,
      51.6287836,
      51.6286886,
      51.6285260,
      51.6282377,
      51.6285343,
      51.6283978,
      51.6282128,
      51.6280974,
      51.6279787,
      51.6279367,
      51.6278527,
      51.6275327,
      51.6272792,
      51.6271623,
      51.6270389,
      51.6267069,
      51.6262727,
      51.6261903,
      51.6261787,
      51.6260259,
      51.6256749,
      51.6255489,
      51.6254960,
      51.6255260,
      51.6254990,
      51.6253850,
      51.6248700,
      51.6245461,
      51.6243781,
      51.6243511,
      51.6244231,
      51.6246681,
      51.6248241,
      51.6249810,
      51.6250530,
      51.6250530,
      51.6250950,
      51.6254650,
      51.6256060,
      51.6257090,
      51.6259419,
      51.6262469,
      51.6263499,
      51.6264759,
      51.6265479,
      51.6266899,
      51.6271168,
      51.6270248,
      51.6269108,
      51.6267739,
      51.6264339,
      51.6264149,
      51.6263809,
      51.6263459,
      51.6264098,
      51.6264248,
      51.6263485,
      51.6260042,
      51.6258288,
      51.6257959,
      51.6259309,
      51.6259455,
      51.6260655,
      51.6261511,
      51.6262780,
      51.6265190,
      51.6265907,
      51.6264591,
      51.6264435,
      51.6266079,
      51.6271260,
      51.6272446,
      51.6273634,
      51.6273699,
      51.6275119,
      51.6275428,
      51.6274408,
      51.6275348,
      51.6275471,
      51.6273957,
      51.6270772,
      51.6266364,
      51.6264852,
      51.6264852,
      51.6268220,
      51.6270500,
      51.6271796,
      51.6271236,
      51.6269911,
      51.6267222,
      51.6270439,
      51.6271279,
      51.6272429,
      51.6273529,
      51.6275679,
      51.6277198,
      51.6282615,
      51.6280200,
      51.6280246,
      51.6281644,
      51.6286847,
      51.6287978,
      51.6288903,
      51.6290644,
      51.6290778,
      51.6290507,
      51.6290507,
      51.6289707,
      51.6288500,
      51.6288067,
      51.6285611,
      51.6284403,
      51.6284113,
      51.6284203,
      51.6285041,
      51.6285863,
      51.6287951,
      51.6289422,
      51.6287854,
      51.6286967,
      51.6286301,
      51.6286523,
      51.6287287,
      51.6290996,
      51.6293901,
      51.6296624,
      51.6299173,
      51.6302731,
      51.6311789,
      51.6319764,
      51.6325693,
      51.6331743,
      51.6334412,
      51.6339412,
      51.6340442,
      51.6341742,
      51.6337962,
      51.6337852,
      51.6336592,
      51.6332243,
      51.6332243,
      51.6340212,
      51.6343762,
      51.6348191,
      51.6350281,
      51.6351281,
      51.6352841,
      51.6357270,
      51.6358618,
      51.6360539,
      51.6364611,
      51.6369732,
      51.6369556,
      51.6355409,
      51.6354307,
      51.6352709,
      51.6351680,
      51.6351051,
      51.6350781,
      51.6350361,
      51.6350021,
      51.6349671,
      51.6349211,
      51.6346392,
      51.6346162,
      51.6342169,
      51.6342082,
      51.6336213,
      51.6327474,
      51.6323844,
      51.6319385,
      51.6306526,
      51.6303207,
      51.6299927,
      51.6299087,
      51.6296807,
      51.6292678,
      51.6289248,
      51.6288178,
      51.6287228,
      51.6283409,
      51.6274600,
      51.6274100,
      51.6270210,
      51.6267771,
      51.6267541,
      51.6267281,
      51.6267201,
      51.6265481,
      51.6264761,
      51.6261211,
      51.6260642,
      51.6260062,
      51.6258882,
      51.6256699,
      51.6254762,
      51.6253055,
      51.6250453,
      51.6250183,
      51.6247387,
      51.6245698,
      51.6244100,
      51.6239644,
      51.6238160,
      51.6236034,
      51.6232795,
      51.6228299,
      51.6225859,
      51.6223873,
      51.6222346,
      51.6218093,
      51.6216717,
      51.6213567,
      51.6212511,
      51.6211197,
      51.6209217,
      51.6200139,
      51.6199679,
      51.6194299,
      51.6186980,
      51.6186210,
      51.6181181,
      51.6180411,
      51.6172592,
      51.6164812,
      51.6155694,
      51.6154854,
      51.6153963,
      51.6152538,
      51.6150367,
      51.6148411,
      51.6145318,
      51.6139150,
      51.6134279,
      51.6130427,
      51.6130439,
      51.6125686,
      51.6123405,
      51.6122754,
      51.6120919,
      51.6117948,
      51.6116320,
      51.6130048,
      51.6134365,
      51.6133472,
      51.6132956,
      51.6132073,
      51.6129688,
      51.6128186,
      51.6124414,
      51.6117184,
      51.6115705,
      51.6113841,
      51.6109997,
      51.6106764,
      51.6105316,
      51.6094355,
      51.6090511,
      51.6084743,
      51.6076874,
      51.6087015,
      51.6099370,
      51.6107725,
      51.6116201,
      51.6119272,
      51.6129181,
      51.6138704,
      51.6138530,
      51.6143157,
      51.6164828,
      51.6167632,
      51.6171259,
      51.6172858,
      51.6173599,
      51.6179777,
      51.6183225,
      51.6186017,
      51.6187376,
      51.6188569,
      51.6192539,
      51.6197373,
      51.6205017,
      51.6201348,
      51.6207113,
      51.6215587,
      51.6223113,
      51.6229346,
      51.6231350,
      51.6237959,
      51.6241023,
      51.6243493,
      51.6248311,
      51.6248805,
      51.6250535,
      51.6256712,
      51.6261653,
      51.6264000,
      51.6263604,
      51.6249942,
      51.6246710,
      51.6242342,
      51.6239372,
      51.6228190,
      51.6224521,
      51.6220772,
      51.6210195,
      51.6199100,
      51.6182151,
      51.6179087,
      51.6174107,
      51.6173320,
      51.6170787,
      51.6169127,
      51.6169302,
      51.6171836,
      51.6175394,
      51.6178940,
      51.6187597,
      51.6186632,
      51.6178376,
      51.6153065,
      51.6118852,
      51.6121292,
      51.6121292,
      51.6127147,
      51.6130710,
      51.6138442,
      51.6148505,
      51.6151641,
      51.6158118,
      51.6161176,
      51.6164059,
      51.6166680,
      51.6170962,
      51.6173747,
      51.6178883,
