{
  "id": 1113737,
  "name": "Irrhausen",
  "polygon": {
    "numberOfPoints": 103,
    "box": {
      "min": {
        "x": 50.0670611,
        "y": 6.1963606
      },
      "max": {
        "x": 50.0966608,
        "y": 6.2501219
      },
      "center": {
        "x": 50.08186095,
        "y": 6.22324125
      },
      "area": {
        "x": 0.0295997,
        "y": 0.0537613
      }
    },
    "pointsx": [
      50.0856665,
      50.0852593,
      50.0854416,
      50.0854887,
      50.0850990,
      50.0849953,
      50.0848469,
      50.0839198,
      50.0833242,
      50.0822423,
      50.0814972,
      50.0808660,
      50.0801187,
      50.0799680,
      50.0801270,
      50.0799191,
      50.0791702,
      50.0790291,
      50.0786994,
      50.0784521,
      50.0780343,
      50.0775052,
      50.0770581,
      50.0771118,
      50.0770318,
      50.0769006,
      50.0768184,
      50.0767584,
      50.0766534,
      50.0764538,
      50.0759826,
      50.0757047,
      50.0754024,
      50.0751801,
      50.0750934,
      50.0750864,
      50.0750133,
      50.0748121,
      50.0746141,
      50.0743154,
      50.0739979,
      50.0736709,
      50.0735542,
      50.0733848,
      50.0732842,
      50.0731585,
      50.0730736,
      50.0729184,
      50.0726366,
      50.0720110,
      50.0712328,
      50.0708415,
      50.0701812,
      50.0699706,
      50.0696855,
      50.0696090,
      50.0692003,
      50.0688722,
      50.0686188,
      50.0684454,
      50.0681697,
      50.0681326,
      50.0677856,
      50.0675341,
      50.0673212,
      50.0670611,
      50.0703982,
      50.0706075,
      50.0725390,
      50.0726800,
      50.0730935,
      50.0723511,
      50.0717074,
      50.0714040,
      50.0723400,
      50.0720022,
      50.0728059,
      50.0715016,
      50.0707190,
      50.0717601,
      50.0729151,
      50.0731917,
      50.0739220,
      50.0764429,
      50.0779488,
      50.0815239,
      50.0887927,
      50.0966608,
      50.0954438,
      50.0933871,
      50.0894682,
      50.0895646,
      50.0896209,
      50.0953314,
      50.0905287,
      50.0900371,
      50.0902154,
      50.0896049,
      50.0888376,
      50.0882459,
      50.0880703,
      50.0880240,
      50.0881997
    ],
    "pointsy": [
      6.1963606,
      6.1967341,
      6.1971309,
      6.1976991,
      6.1974101,
      6.1975913,
      6.1974537,
      6.1969424,
      6.1968593,
      6.1971560,
      6.1982171,
      6.1985773,
      6.1986544,
      6.1998034,
      6.2011495,
      6.2012512,
      6.2004049,
      6.2012640,
      6.2010589,
      6.2019232,
      6.2023319,
      6.2023873,
      6.2022238,
      6.2019855,
      6.2017015,
      6.2015526,
      6.2019405,
      6.2021622,
      6.2023174,
      6.2023838,
      6.2025432,
      6.2027752,
      6.2032324,
      6.2038039,
      6.2043443,
      6.2046560,
      6.2047392,
      6.2052290,
      6.2053123,
      6.2051360,
      6.2047931,
      6.2043326,
      6.2040373,
      6.2039212,
      6.2038918,
      6.2040485,
      6.2043718,
      6.2045423,
      6.2045188,
      6.2046461,
      6.2044368,
      6.2051360,
      6.2055327,
      6.2058021,
      6.2063969,
      6.2065565,
      6.2061107,
      6.2067459,
      6.2072863,
      6.2074872,
      6.2085470,
      6.2092259,
      6.2088790,
      6.2083353,
      6.2085546,
      6.2114757,
      6.2118341,
      6.2254273,
      6.2335168,
      6.2352612,
      6.2373594,
      6.2370063,
      6.2365323,
      6.2371759,
      6.2393056,
      6.2397421,
      6.2417951,
      6.2418235,
      6.2422377,
      6.2442044,
      6.2443493,
      6.2444621,
      6.2453589,
      6.2501219,
      6.2429354,
      6.2493892,
      6.2417501,
      6.2367213,
      6.2299908,
      6.2288596,
      6.2267043,
      6.2169906,
      6.2113187,
      6.2017773,
      6.2003853,
      6.2003517,
      6.1995375,
      6.1992039,
      6.2003118,
      6.1995001,
      6.1991206,
      6.1986595,
      6.1982272
    ]
  }
}