{
  "numberOfPolygons": 1,
  "box": {
    "min": {
      "x": 48.1283864,
      "y": 7.7134210
    },
    "max": {
      "x": 48.1900807,
      "y": 7.7758107
    },
    "center": {
      "x": 48.15923355,
      "y": 7.74461585
    }
  },
  "polygons": [
    {
      "numberOfPoints": 439,
      "box": {
        "min": {
          "x": 48.1283864,
          "y": 7.7134210
        },
        "max": {
          "x": 48.1900807,
          "y": 7.7758107
        },
        "center": {
          "x": 48.15923355,
          "y": 7.74461585
        }
      },
      "pointsx": [
        48.1581192,
        48.1589815,
        48.1592812,
        48.1593183,
        48.1594069,
        48.1594751,
        48.1595213,
        48.1597008,
        48.1601956,
        48.1606576,
        48.1608142,
        48.1608249,
        48.1608399,
        48.1610581,
        48.1614164,
        48.1614287,
        48.1614375,
        48.1615284,
        48.1641046,
        48.1641815,
        48.1641150,
        48.1640369,
        48.1649368,
        48.1661469,
        48.1671938,
        48.1672057,
        48.1672189,
        48.1685162,
        48.1685364,
        48.1685633,
        48.1698501,
        48.1698690,
        48.1698863,
        48.1710714,
        48.1710953,
        48.1711233,
        48.1723381,
        48.1716589,
        48.1717263,
        48.1717413,
        48.1717537,
        48.1729509,
        48.1729658,
        48.1729820,
        48.1730468,
        48.1727011,
        48.1726432,
        48.1724959,
        48.1723273,
        48.1724479,
        48.1725654,
        48.1725787,
        48.1725879,
        48.1726391,
        48.1732518,
        48.1746049,
        48.1746159,
        48.1746343,
        48.1756707,
        48.1756809,
        48.1756963,
        48.1757577,
        48.1755280,
        48.1748300,
        48.1754259,
        48.1761725,
        48.1763953,
        48.1766627,
        48.1771884,
        48.1774386,
        48.1776423,
        48.1778685,
        48.1778836,
        48.1787687,
        48.1789110,
        48.1794083,
        48.1802802,
        48.1807962,
        48.1809858,
        48.1812514,
        48.1823234,
        48.1831552,
        48.1848065,
        48.1849671,
        48.1851348,
        48.1853284,
        48.1855890,
        48.1858368,
        48.1880923,
        48.1872148,
        48.1872044,
        48.1871936,
        48.1871842,
        48.1871680,
        48.1873427,
        48.1873498,
        48.1873510,
        48.1873828,
        48.1874412,
        48.1900807,
        48.1900146,
        48.1900572,
        48.1900742,
        48.1896008,
        48.1893285,
        48.1893177,
        48.1893117,
        48.1893112,
        48.1893045,
        48.1892943,
        48.1892743,
        48.1894792,
        48.1895259,
        48.1893227,
        48.1891589,
        48.1889992,
        48.1886941,
        48.1885398,
        48.1883772,
        48.1882114,
        48.1877614,
        48.1876354,
        48.1871016,
        48.1864256,
        48.1836410,
        48.1840322,
        48.1840577,
        48.1783152,
        48.1759544,
        48.1749550,
        48.1741958,
        48.1738636,
        48.1730522,
        48.1717087,
        48.1716174,
        48.1714487,
        48.1714047,
        48.1712612,
        48.1711244,
        48.1710147,
        48.1708547,
        48.1706486,
        48.1704540,
        48.1701220,
        48.1697606,
        48.1694516,
        48.1691940,
        48.1689115,
        48.1687542,
        48.1685478,
        48.1683483,
        48.1680248,
        48.1676362,
        48.1671178,
        48.1662186,
        48.1653137,
        48.1644649,
        48.1608399,
        48.1600019,
        48.1601890,
        48.1605040,
        48.1596274,
        48.1592321,
        48.1591158,
        48.1589884,
        48.1588489,
        48.1579935,
        48.1573450,
        48.1572227,
        48.1571460,
        48.1570644,
        48.1561700,
        48.1561440,
        48.1560766,
        48.1552814,
        48.1551730,
        48.1550854,
        48.1550299,
        48.1548833,
        48.1543187,
        48.1540301,
        48.1534816,
        48.1530635,
        48.1529038,
        48.1527730,
        48.1517778,
        48.1517019,
        48.1516464,
        48.1512956,
        48.1508447,
        48.1507856,
        48.1507394,
        48.1507076,
        48.1504877,
        48.1500855,
        48.1497789,
        48.1493954,
        48.1490023,
        48.1480468,
        48.1473370,
        48.1468578,
        48.1450127,
        48.1447525,
        48.1445617,
        48.1444340,
        48.1441623,
        48.1441375,
        48.1439917,
        48.1437381,
        48.1434938,
        48.1432693,
        48.1430475,
        48.1423963,
        48.1423483,
        48.1421230,
        48.1418708,
        48.1415313,
        48.1411277,
        48.1408851,
        48.1404073,
        48.1397514,
        48.1396208,
        48.1392778,
        48.1382096,
        48.1377229,
        48.1377637,
        48.1371498,
        48.1370207,
        48.1367005,
        48.1356012,
        48.1351600,
        48.1338630,
        48.1339278,
        48.1330515,
        48.1330518,
        48.1323366,
        48.1324733,
        48.1325744,
        48.1320481,
        48.1320337,
        48.1318101,
        48.1316644,
        48.1315328,
        48.1312475,
        48.1310378,
        48.1307367,
        48.1304905,
        48.1300668,
        48.1301604,
        48.1301631,
        48.1298815,
        48.1296472,
        48.1295083,
        48.1293007,
        48.1290903,
        48.1289791,
        48.1288052,
        48.1287195,
        48.1285026,
        48.1284532,
        48.1283864,
        48.1284804,
        48.1286391,
        48.1288380,
        48.1289834,
        48.1328968,
        48.1331827,
        48.1331971,
        48.1332168,
        48.1332181,
        48.1332064,
        48.1331966,
        48.1331790,
        48.1331621,
        48.1331118,
        48.1330095,
        48.1329495,
        48.1329313,
        48.1328405,
        48.1327830,
        48.1327070,
        48.1326945,
        48.1326920,
        48.1338979,
        48.1339031,
        48.1339087,
        48.1342669,
        48.1343407,
        48.1343819,
        48.1343858,
        48.1343924,
        48.1344061,
        48.1348970,
        48.1349489,
        48.1351752,
        48.1352227,
        48.1355446,
        48.1356575,
        48.1356013,
        48.1354072,
        48.1352657,
        48.1352754,
        48.1354798,
        48.1355007,
        48.1355950,
        48.1357143,
        48.1358361,
        48.1355404,
        48.1355793,
        48.1356685,
        48.1359817,
        48.1357045,
        48.1357642,
        48.1359449,
        48.1359770,
        48.1360806,
        48.1360911,
        48.1361950,
        48.1362669,
        48.1365005,
        48.1370743,
        48.1368624,
        48.1368723,
        48.1368736,
        48.1368702,
        48.1368864,
        48.1369136,
        48.1369054,
        48.1368674,
        48.1366711,
        48.1366738,
        48.1366854,
        48.1367003,
        48.1369489,
        48.1372267,
        48.1373043,
        48.1373686,
        48.1376888,
        48.1372293,
        48.1372624,
        48.1373341,
        48.1373719,
        48.1373905,
        48.1374069,
        48.1374625,
        48.1374793,
        48.1374860,
        48.1374928,
        48.1374928,
        48.1374890,
        48.1374986,
        48.1375237,
        48.1375604,
        48.1375821,
        48.1381092,
        48.1382278,
        48.1385248,
        48.1389340,
        48.1390015,
        48.1391223,
        48.1393432,
        48.1395382,
        48.1394956,
        48.1394699,
        48.1396245,
        48.1395868,
        48.1395235,
        48.1397639,
        48.1398099,
        48.1401332,
        48.1403085,
