{
  "id": 1124267,
  "name": "Malterdingen",
  "polygon": {
    "numberOfPoints": 509,
    "box": {
      "min": {
        "x": 48.1415313,
        "y": 7.7650964
      },
      "max": {
        "x": 48.1741442,
        "y": 7.8213442
      },
      "center": {
        "x": 48.15783775,
        "y": 7.7932203
      },
      "area": {
        "x": 0.0326129,
        "y": 0.0562478
      }
    },
    "pointsx": [
      48.1737254,
      48.1737387,
      48.1738170,
      48.1738307,
      48.1738417,
      48.1738627,
      48.1738808,
      48.1737093,
      48.1736371,
      48.1732361,
      48.1730962,
      48.1730201,
      48.1730085,
      48.1730273,
      48.1730848,
      48.1731055,
      48.1731319,
      48.1731727,
      48.1732700,
      48.1732919,
      48.1732767,
      48.1734715,
      48.1740049,
      48.1741185,
      48.1741442,
      48.1741361,
      48.1741266,
      48.1740622,
      48.1740240,
      48.1738938,
      48.1738376,
      48.1737543,
      48.1737222,
      48.1736949,
      48.1736230,
      48.1735211,
      48.1734143,
      48.1731989,
      48.1730454,
      48.1729770,
      48.1729222,
      48.1729263,
      48.1729033,
      48.1728574,
      48.1728371,
      48.1727917,
      48.1727175,
      48.1727160,
      48.1728022,
      48.1728118,
      48.1725282,
      48.1725905,
      48.1726271,
      48.1726612,
      48.1726638,
      48.1726485,
      48.1726379,
      48.1725901,
      48.1725341,
      48.1724521,
      48.1724323,
      48.1723259,
      48.1722274,
      48.1721598,
      48.1720893,
      48.1719285,
      48.1717615,
      48.1716268,
      48.1714718,
      48.1713109,
      48.1712867,
      48.1710111,
      48.1709988,
      48.1711278,
      48.1712289,
      48.1711906,
      48.1711370,
      48.1711298,
      48.1711022,
      48.1710673,
      48.1709864,
      48.1708906,
      48.1707359,
      48.1706648,
      48.1705581,
      48.1704825,
      48.1703900,
      48.1702532,
      48.1701363,
      48.1700259,
      48.1699807,
      48.1699185,
      48.1698421,
      48.1697822,
      48.1697071,
      48.1695502,
      48.1694491,
      48.1693388,
      48.1692123,
      48.1689812,
      48.1687554,
      48.1685955,
      48.1685212,
      48.1684505,
      48.1683705,
      48.1683096,
      48.1682598,
      48.1682370,
      48.1681914,
      48.1681439,
      48.1680586,
      48.1679812,
      48.1679059,
      48.1678692,
      48.1677857,
      48.1677213,
      48.1676489,
      48.1675488,
      48.1674838,
      48.1673934,
      48.1673066,
      48.1672405,
      48.1671691,
      48.1670851,
      48.1670145,
      48.1669755,
      48.1669287,
      48.1668865,
      48.1668426,
      48.1668142,
      48.1667679,
      48.1667131,
      48.1666366,
      48.1665190,
      48.1664331,
      48.1662804,
      48.1662056,
      48.1661047,
      48.1660160,
      48.1659913,
      48.1659816,
      48.1659957,
      48.1659819,
      48.1659226,
      48.1658778,
      48.1658363,
      48.1657949,
      48.1657244,
      48.1656542,
      48.1655827,
      48.1655094,
      48.1654445,
      48.1653922,
      48.1653009,
      48.1650339,
      48.1648802,
      48.1647750,
      48.1646617,
      48.1645646,
      48.1644933,
      48.1644203,
      48.1642167,
      48.1640919,
      48.1640387,
      48.1639173,
      48.1632598,
      48.1630390,
      48.1629615,
      48.1627651,
      48.1627398,
      48.1626477,
      48.1621736,
      48.1618793,
      48.1614301,
      48.1610968,
      48.1610570,
      48.1596274,
      48.1592321,
      48.1591158,
      48.1589884,
      48.1588489,
      48.1579935,
      48.1573450,
      48.1572227,
      48.1571460,
      48.1570644,
      48.1561700,
      48.1561440,
      48.1560766,
      48.1552814,
      48.1551730,
      48.1550854,
      48.1550299,
      48.1548833,
      48.1543187,
      48.1540301,
      48.1534816,
      48.1530635,
      48.1529038,
      48.1527730,
      48.1517778,
      48.1517019,
      48.1516464,
      48.1512956,
      48.1508447,
      48.1507856,
      48.1507394,
      48.1507076,
      48.1504877,
      48.1500855,
      48.1497789,
      48.1493954,
      48.1490023,
      48.1480468,
      48.1473370,
      48.1468578,
      48.1450127,
      48.1447525,
      48.1445617,
      48.1444340,
      48.1441623,
      48.1441375,
      48.1439917,
      48.1437381,
      48.1434938,
      48.1432693,
      48.1430475,
      48.1423963,
      48.1423483,
      48.1421230,
      48.1418708,
      48.1415313,
      48.1417678,
      48.1420386,
      48.1422417,
      48.1424536,
      48.1428082,
      48.1430097,
      48.1431265,
      48.1433441,
      48.1435940,
      48.1438398,
      48.1446276,
      48.1448049,
      48.1450386,
      48.1453086,
      48.1458004,
      48.1458504,
      48.1465883,
      48.1467229,
      48.1467677,
      48.1482881,
      48.1482987,
      48.1483078,
      48.1484904,
      48.1489370,
      48.1493697,
      48.1493558,
      48.1489599,
      48.1489461,
      48.1490480,
      48.1496537,
      48.1503503,
      48.1503943,
      48.1504967,
      48.1505205,
      48.1505101,
      48.1504872,
      48.1504485,
      48.1503641,
      48.1502055,
      48.1500353,
      48.1499741,
      48.1499084,
      48.1499071,
      48.1499534,
      48.1500522,
      48.1502387,
      48.1504987,
      48.1505734,
      48.1506861,
      48.1504426,
      48.1502704,
      48.1501479,
      48.1500317,
      48.1501246,
      48.1502205,
      48.1502875,
      48.1503846,
      48.1504408,
      48.1504872,
      48.1505520,
      48.1506107,
      48.1507483,
      48.1508492,
      48.1509022,
      48.1509496,
      48.1513408,
      48.1516598,
      48.1518796,
      48.1520500,
      48.1523264,
      48.1524456,
      48.1525824,
      48.1526079,
      48.1526444,
      48.1526673,
      48.1527289,
      48.1528454,
      48.1528293,
      48.1525451,
      48.1528135,
      48.1529811,
      48.1531329,
      48.1531168,
      48.1531048,
      48.1532593,
      48.1534793,
      48.1534148,
      48.1533485,
      48.1533374,
      48.1532911,
      48.1531951,
      48.1531165,
      48.1530561,
      48.1530359,
      48.1530360,
      48.1530829,
      48.1531283,
      48.1531606,
      48.1531839,
      48.1532115,
      48.1532192,
      48.1532481,
      48.1533175,
      48.1534245,
      48.1534156,
      48.1534058,
      48.1535599,
      48.1536425,
      48.1537407,
      48.1538472,
      48.1540056,
      48.1540827,
      48.1543545,
      48.1546815,
      48.1545811,
      48.1545595,
      48.1544651,
      48.1543774,
      48.1543382,
      48.1542955,
      48.1542552,
      48.1542326,
      48.1542459,
      48.1542904,
      48.1543544,
      48.1545607,
      48.1545832,
      48.1545946,
      48.1545851,
      48.1545517,
      48.1544619,
      48.1542979,
      48.1540848,
      48.1539052,
      48.1530000,
      48.1528292,
      48.1525932,
      48.1525574,
      48.1524246,
      48.1523661,
      48.1523769,
      48.1525272,
      48.1525937,
      48.1529298,
      48.1530370,
      48.1530978,
      48.1531431,
      48.1531257,
      48.1532524,
      48.1534405,
      48.1535760,
      48.1536650,
      48.1538055,
      48.1541492,
      48.1543680,
      48.1546210,
      48.1548319,
      48.1551142,
      48.1552613,
      48.1553614,
      48.1554663,
      48.1555585,
      48.1556353,
      48.1557523,
      48.1558531,
      48.1559179,
      48.1560807,
      48.1563161,
      48.1563656,
      48.1563986,
      48.1565544,
      48.1567225,
      48.1567721,
      48.1568867,
      48.1570857,
      48.1572713,
      48.1573617,
      48.1577828,
      48.1578292,
      48.1579203,
      48.1579501,
      48.1579705,
      48.1581061,
      48.1581934,
      48.1582346,
      48.1582709,
      48.1583694,
      48.1585179,
      48.1587783,
