{
  "id": 1124263,
  "name": "Rheinhausen",
  "polygon": {
    "numberOfPoints": 172,
    "box": {
      "min": {
        "x": 48.1955601,
        "y": 7.6721256
      },
      "max": {
        "x": 48.2605114,
        "y": 7.7465617
      },
      "center": {
        "x": 48.22803575,
        "y": 7.70934365
      },
      "area": {
        "x": 0.0649513,
        "y": 0.0744361
      }
    },
    "pointsx": [
      48.1955601,
      48.1961595,
      48.1963024,
      48.1967463,
      48.1973819,
      48.1987450,
      48.2006848,
      48.2016883,
      48.2028835,
      48.2032899,
      48.2034301,
      48.2036263,
      48.2041262,
      48.2062991,
      48.2063486,
      48.2071408,
      48.2079685,
      48.2087514,
      48.2092317,
      48.2098263,
      48.2107536,
      48.2123078,
      48.2124993,
      48.2132065,
      48.2135222,
      48.2140594,
      48.2146572,
      48.2148814,
      48.2164264,
      48.2183346,
      48.2192494,
      48.2203026,
      48.2218282,
      48.2259892,
      48.2277780,
      48.2282247,
      48.2285805,
      48.2346147,
      48.2354715,
      48.2385869,
      48.2451463,
      48.2518224,
      48.2540843,
      48.2571594,
      48.2570213,
      48.2569771,
      48.2566078,
      48.2560104,
      48.2560078,
      48.2567428,
      48.2581846,
      48.2584790,
      48.2586156,
      48.2598214,
      48.2600694,
      48.2602374,
      48.2605114,
      48.2604638,
      48.2604060,
      48.2596528,
      48.2600523,
      48.2599301,
      48.2596972,
      48.2596505,
      48.2595842,
      48.2595212,
      48.2593527,
      48.2598425,
      48.2578387,
      48.2569191,
      48.2552137,
      48.2549515,
      48.2549297,
      48.2548710,
      48.2547125,
      48.2543640,
      48.2543290,
      48.2543157,
      48.2537842,
      48.2529868,
      48.2524068,
      48.2522563,
      48.2505714,
      48.2503586,
      48.2493393,
      48.2493168,
      48.2491263,
      48.2481496,
      48.2478905,
      48.2470130,
      48.2468490,
      48.2459030,
      48.2457352,
      48.2448041,
      48.2445565,
      48.2436522,
      48.2435851,
      48.2423097,
      48.2402651,
      48.2383512,
      48.2365681,
      48.2358358,
      48.2358822,
      48.2359154,
      48.2372091,
      48.2373658,
      48.2372704,
      48.2378725,
      48.2363960,
      48.2378044,
      48.2360944,
      48.2360195,
      48.2343864,
      48.2343106,
      48.2326784,
      48.2326017,
      48.2309492,
      48.2309265,
      48.2292388,
      48.2292290,
      48.2284281,
      48.2285227,
      48.2271600,
      48.2262267,
      48.2267432,
      48.2273905,
      48.2277002,
      48.2276705,
      48.2279526,
      48.2276257,
      48.2275054,
      48.2283058,
      48.2284291,
      48.2170679,
      48.2168643,
      48.2162473,
      48.2162226,
      48.2151721,
      48.2150083,
      48.2140951,
      48.2129228,
      48.2121084,
      48.2114050,
      48.2103437,
      48.2093071,
      48.2089368,
      48.2034368,
      48.2031652,
      48.2030541,
      48.2032146,
      48.2026654,
      48.2020544,
      48.2018014,
      48.2016838,
      48.2049828,
      48.2044940,
      48.2054627,
      48.2052708,
      48.2062045,
      48.2055675,
      48.2050526,
      48.2039093,
      48.2033011,
      48.2021578,
      48.2015381,
      48.2004821,
      48.1984917,
      48.1974696,
      48.1973658,
      48.1968585,
      48.1961594,
      48.1960968
    ],
    "pointsy": [
      7.7103183,
      7.7099079,
      7.7098100,
      7.7095927,
      7.7094699,
      7.7096396,
      7.7080436,
      7.7076529,
      7.7063845,
      7.7055714,
      7.7048074,
      7.7044218,
      7.7038470,
      7.7024354,
      7.7023164,
      7.7017147,
      7.7005198,
      7.6985759,
      7.6979608,
      7.6974156,
      7.6968521,
      7.6966810,
      7.6964532,
      7.6961413,
      7.6955168,
      7.6953556,
      7.6955379,
      7.6956991,
      7.6956536,
      7.6937045,
      7.6924640,
      7.6916805,
      7.6902133,
      7.6872191,
      7.6861755,
      7.6857463,
      7.6851991,
      7.6721256,
      7.6725022,
      7.6738000,
      7.6763854,
      7.6789489,
      7.6797845,
      7.6808779,
      7.6819773,
      7.6823420,
      7.6860105,
      7.6917223,
      7.6924206,
      7.6971802,
      7.6983920,
      7.6986618,
      7.6987870,
      7.7018405,
      7.7023305,
      7.7025364,
      7.7027364,
      7.7030677,
      7.7034699,
      7.7087133,
      7.7087533,
      7.7094219,
      7.7105356,
      7.7107014,
      7.7108945,
      7.7110623,
      7.7114546,
      7.7118652,
      7.7146421,
      7.7159478,
      7.7183690,
      7.7187412,
      7.7187721,
      7.7187948,
      7.7186866,
      7.7184424,
      7.7185307,
      7.7185650,
      7.7199040,
      7.7193937,
      7.7217135,
      7.7224779,
      7.7225671,
      7.7234015,
      7.7234727,
      7.7235865,
      7.7245482,
      7.7249602,
      7.7262931,
      7.7266613,
      7.7275440,
      7.7279944,
      7.7290965,
      7.7294675,
      7.7307900,
      7.7311948,
      7.7312245,
      7.7317983,
      7.7327191,
      7.7335795,
      7.7343702,
      7.7347002,
      7.7347945,
      7.7348764,
      7.7381421,
      7.7385316,
      7.7386079,
      7.7401658,
      7.7407494,
      7.7448959,
      7.7455941,
      7.7452905,
      7.7459636,
      7.7456586,
      7.7463674,
      7.7458832,
      7.7465617,
      7.7461666,
      7.7457867,
      7.7455027,
      7.7454293,
      7.7430325,
      7.7429769,
      7.7429326,
      7.7418099,
      7.7418530,
      7.7408254,
      7.7408041,
      7.7397162,
      7.7396167,
      7.7394107,
      7.7382754,
      7.7375195,
      7.7350782,
      7.7351060,
      7.7358560,
      7.7360875,
      7.7350036,
      7.7348346,
      7.7357975,
      7.7358160,
      7.7357049,
      7.7351123,
      7.7345568,
      7.7329272,
      7.7327975,
      7.7341384,
      7.7325458,
      7.7307773,
      7.7295551,
      7.7283514,
      7.7272958,
      7.7260366,
      7.7252152,
      7.7226880,
      7.7207107,
      7.7192965,
      7.7189822,
      7.7173847,
      7.7158003,
      7.7155645,
      7.7153158,
      7.7152475,
      7.7149070,
      7.7146059,
      7.7137023,
      7.7129101,
      7.7123454,
      7.7122881,
      7.7119137,
      7.7112015,
      7.7111378
    ]
  }
}