{
  "numberOfPolygons": 1,
  "box": {
    "min": {
      "x": 50.0922514,
      "y": 6.6010908
    },
    "max": {
      "x": 50.1147436,
      "y": 6.6318125
    },
    "center": {
      "x": 50.1034975,
      "y": 6.61645165
    }
  },
  "polygons": [
    {
      "numberOfPoints": 131,
      "box": {
        "min": {
          "x": 50.0922514,
          "y": 6.6010908
        },
        "max": {
          "x": 50.1147436,
          "y": 6.6318125
        },
        "center": {
          "x": 50.1034975,
          "y": 6.61645165
        }
      },
      "pointsx": [
        50.1064793,
        50.1064793,
        50.1064873,
        50.1065023,
        50.1065403,
        50.1059534,
        50.1058734,
        50.1061363,
        50.1061013,
        50.1060484,
        50.1059304,
        50.1059304,
        50.1062543,
        50.1063318,
        50.1064833,
        50.1068303,
        50.1072152,
        50.1073112,
        50.1074942,
        50.1078791,
        50.1085971,
        50.1098249,
        50.1102679,
        50.1105039,
        50.1106608,
        50.1106338,
        50.1099659,
        50.1098439,
        50.1098169,
        50.1099849,
        50.1099849,
        50.1100959,
        50.1102479,
        50.1104929,
        50.1106488,
        50.1108548,
        50.1109808,
        50.1110648,
        50.1111218,
        50.1115907,
        50.1120217,
        50.1124496,
        50.1126706,
        50.1129296,
        50.1135095,
        50.1136205,
        50.1140215,
        50.1147436,
        50.1145193,
        50.1143451,
        50.1139101,
        50.1131663,
        50.1128436,
        50.1121279,
        50.1115665,
        50.1096580,
        50.1091886,
        50.1089496,
        50.1081458,
        50.1078282,
        50.1069847,
        50.1064388,
        50.1060319,
        50.1055357,
        50.1052578,
        50.1046524,
        50.1044440,
        50.1039676,
        50.1035707,
        50.1029454,
        50.1027370,
        50.1017443,
        50.1009602,
        50.1005090,
        50.0999829,
        50.0993477,
        50.0987919,
        50.0980673,
        50.0974717,
        50.0973725,
        50.0971839,
        50.0963004,
        50.0954071,
        50.0950298,
        50.0943192,
        50.0933086,
        50.0947495,
        50.0959103,
        50.0968250,
        50.0975401,
        50.0980973,
        50.0982732,
        50.0987717,
        50.0999189,
        50.0999997,
        50.0999839,
        50.1002564,
        50.1003067,
        50.1000260,
        50.0998295,
        50.0992680,
        50.0991697,
        50.0989311,
        50.0979064,
        50.0972747,
        50.0963623,
        50.0965728,
        50.0960955,
        50.0953882,
        50.0956662,
        50.0952989,
        50.0947926,
        50.0941970,
        50.0931448,
        50.0922514,
        50.0925655,
        50.0936709,
        50.0942864,
        50.0952339,
        50.0966939,
        50.0983503,
        50.0985889,
        50.0990602,
        50.0998382,
        50.1004977,
        50.1012840,
        50.1025743,
        50.1032631,
        50.1036731,
        50.1046881,
        50.1054947
      ],
      "pointsy": [
        6.6079469,
        6.6081169,
        6.6082979,
        6.6086488,
        6.6095067,
        6.6106465,
        6.6116094,
        6.6116294,
        6.6135331,
        6.6142400,
        6.6152249,
        6.6159098,
        6.6175555,
        6.6176279,
        6.6177695,
        6.6178075,
        6.6177605,
        6.6178245,
        6.6181005,
        6.6183544,
        6.6190103,
        6.6175235,
        6.6182044,
        6.6188853,
        6.6199962,
        6.6204461,
        6.6215869,
        6.6220599,
        6.6224658,
        6.6229767,
        6.6231697,
        6.6236606,
        6.6238736,
        6.6241216,
        6.6242776,
        6.6244465,
        6.6247235,
        6.6250864,
        6.6256854,
        6.6268562,
        6.6276451,
        6.6283270,
        6.6285159,
        6.6286409,
        6.6287439,
        6.6288719,
        6.6300447,
        6.6318094,
        6.6318125,
        6.6314777,
        6.6306242,
        6.6298364,
        6.6298583,
        6.6302303,
        6.6301866,
        6.6301428,
        6.6317031,
        6.6316151,
        6.6305784,
        6.6307331,
        6.6313985,
        6.6313830,
        6.6307331,
        6.6304236,
        6.6303308,
        6.6303153,
        6.6301915,
        6.6295416,
        6.6293560,
        6.6291548,
        6.6285978,
        6.6292724,
        6.6295510,
        6.6285245,
        6.6282769,
        6.6277663,
        6.6276425,
        6.6276115,
        6.6280758,
        6.6285864,
        6.6292208,
        6.6297314,
        6.6306908,
        6.6314954,
        6.6310210,
        6.6237488,
        6.6231552,
        6.6226103,
        6.6227441,
        6.6230522,
        6.6243779,
        6.6250864,
        6.6250864,
        6.6233452,
        6.6225586,
        6.6210100,
        6.6205346,
        6.6196533,
        6.6189092,
        6.6179683,
        6.6167428,
        6.6150578,
        6.6142482,
        6.6130446,
        6.6113378,
        6.6103311,
        6.6098060,
        6.6084711,
        6.6080620,
        6.6075204,
        6.6065765,
        6.6059421,
        6.6058183,
        6.6051994,
        6.6053232,
        6.6044191,
        6.6046269,
        6.6050756,
        6.6052048,
        6.6041544,
        6.6022944,
        6.6018348,
        6.6015778,
        6.6010908,
        6.6012456,
        6.6023600,
        6.6046929,
        6.6058285,
        6.6073187,
        6.6081270,
        6.6080386
      ]
    }
  ]
}