{
  "id": 1149274,
  "name": "Westerholz",
  "polygon": {
    "numberOfPoints": 171,
    "box": {
      "min": {
        "x": 54.7941774,
        "y": 9.6575199
      },
      "max": {
        "x": 54.8219984,
        "y": 9.7276608
      },
      "center": {
        "x": 54.8080879,
        "y": 9.69259035
      },
      "area": {
        "x": 0.0278210,
        "y": 0.0701409
      }
    },
    "pointsx": [
      54.8065899,
      54.8059290,
      54.8055218,
      54.8046044,
      54.8046711,
      54.8045864,
      54.8044566,
      54.8036060,
      54.8027409,
      54.8018800,
      54.8023627,
      54.8025641,
      54.8025715,
      54.8017934,
      54.8011051,
      54.8009971,
      54.8006649,
      54.8007893,
      54.8011094,
      54.8013825,
      54.8016959,
      54.8021028,
      54.8041342,
      54.8042533,
      54.8029412,
      54.8031909,
      54.8037181,
      54.8038115,
      54.8025307,
      54.8009714,
      54.8005728,
      54.7990985,
      54.7984902,
      54.7981703,
      54.8007788,
      54.8018725,
      54.8029712,
      54.8032556,
      54.8043738,
      54.8043052,
      54.8028534,
      54.8010583,
      54.8011859,
      54.7988250,
      54.7984204,
      54.7980967,
      54.7981938,
      54.7980783,
      54.7977142,
      54.7975572,
      54.7963211,
      54.7965302,
      54.7962426,
      54.7959679,
      54.7948004,
      54.7946729,
      54.7943589,
      54.7941774,
      54.7941823,
      54.7945355,
      54.7957521,
      54.7959958,
      54.7962083,
      54.7971403,
      54.7971452,
      54.7968116,
      54.7969195,
      54.7975425,
      54.7980722,
      54.7986854,
      54.7990336,
      54.7987604,
      54.7987644,
      54.8001051,
      54.8046097,
      54.8049274,
      54.8051389,
      54.8051830,
      54.8050505,
      54.8039886,
      54.8039173,
      54.8031717,
      54.8016993,
      54.8012356,
      54.8001772,
      54.8019549,
      54.8077147,
      54.8106508,
      54.8151670,
      54.8151820,
      54.8153521,
      54.8163363,
      54.8170789,
      54.8172203,
      54.8172385,
      54.8170061,
      54.8170953,
      54.8173245,
      54.8175155,
      54.8177065,
      54.8179740,
      54.8180673,
      54.8184075,
      54.8186689,
      54.8190653,
      54.8191401,
      54.8193015,
      54.8194566,
      54.8195918,
      54.8209818,
      54.8219984,
      54.8216210,
      54.8209190,
      54.8206035,
      54.8203812,
      54.8202829,
      54.8203095,
      54.8203445,
      54.8201976,
      54.8199553,
      54.8196178,
      54.8194574,
      54.8194346,
      54.8193205,
      54.8193258,
      54.8191205,
      54.8189394,
      54.8181562,
      54.8179000,
      54.8176821,
      54.8175213,
      54.8174725,
      54.8171335,
      54.8165601,
      54.8164102,
      54.8159703,
      54.8156912,
      54.8146860,
      54.8136843,
      54.8134155,
      54.8132830,
      54.8129952,
      54.8126976,
      54.8126587,
      54.8126726,
      54.8124561,
      54.8119431,
      54.8109123,
      54.8100907,
      54.8089520,
      54.8086069,
      54.8085208,
      54.8085333,
      54.8085364,
      54.8085262,
      54.8084958,
      54.8083029,
      54.8081489,
      54.8079770,
      54.8078520,
      54.8077239,
      54.8075906,
      54.8074208,
      54.8070020,
      54.8067458,
      54.8067208,
      54.8066677,
      54.8065708,
      54.8065427,
      54.8065332,
      54.8065958
    ],
    "pointsy": [
      9.7276608,
      9.7265863,
      9.7276501,
      9.7275373,
      9.7270795,
      9.7270256,
      9.7269431,
      9.7269183,
      9.7274888,
      9.7272090,
      9.7263749,
      9.7204608,
      9.7202432,
      9.7198224,
      9.7202311,
      9.7201713,
      9.7199872,
      9.7188736,
      9.7174407,
      9.7164639,
      9.7165866,
      9.7157689,
      9.7164843,
      9.7155247,
      9.7150403,
      9.7135000,
      9.7136444,
      9.7123945,
      9.7118385,
      9.7102991,
      9.7113090,
      9.7114303,
      9.7101346,
      9.7073601,
      9.7081698,
      9.7093860,
      9.7101518,
      9.7085861,
      9.7086031,
      9.7069354,
      9.7063908,
      9.7053016,
      9.7044678,
      9.7029214,
      9.7051101,
      9.7050394,
      9.7026928,
      9.7019183,
      9.7008230,
      9.6991382,
      9.6985596,
      9.6957134,
      9.6933180,
      9.6917694,
      9.6916162,
      9.6904249,
      9.6899995,
      9.6894645,
      9.6887402,
      9.6877701,
      9.6872766,
      9.6873394,
      9.6881786,
      9.6882296,
      9.6877191,
      9.6877191,
      9.6865023,
      9.6871830,
      9.6874298,
      9.6872171,
      9.6854642,
      9.6854865,
      9.6854646,
      9.6781245,
      9.6783386,
      9.6765447,
      9.6762389,
      9.6756730,
      9.6746528,
      9.6745642,
      9.6718795,
      9.6719597,
      9.6719333,
      9.6720302,
      9.6666479,
      9.6667143,
      9.6599417,
      9.6589876,
      9.6575199,
      9.6580858,
      9.6629065,
      9.6626803,
      9.6631645,
      9.6631543,
      9.6629563,
      9.6610619,
      9.6609293,
      9.6608630,
      9.6609735,
      9.6610398,
      9.6608630,
      9.6603243,
      9.6591953,
      9.6591583,
      9.6588868,
      9.6587006,
      9.6578226,
      9.6585946,
      9.6592675,
      9.6650347,
      9.6656858,
      9.6665260,
      9.6679582,
      9.6687478,
      9.6699596,
      9.6712573,
      9.6720078,
      9.6722674,
      9.6725222,
      9.6731086,
      9.6746905,
      9.6760933,
      9.6767762,
      9.6773218,
      9.6778148,
      9.6783040,
      9.6791129,
      9.6828793,
      9.6835590,
      9.6842011,
      9.6848041,
      9.6854631,
      9.6860740,
      9.6872229,
      9.6877556,
      9.6887780,
      9.6906668,
      9.6930220,
      9.6957301,
      9.6968789,
      9.6977676,
      9.6988227,
      9.6996566,
      9.7002620,
      9.7006826,
      9.7012871,
      9.7022057,
      9.7052134,
      9.7072008,
      9.7102180,
      9.7119421,
      9.7141482,
      9.7152544,
      9.7158563,
      9.7164012,
      9.7172552,
      9.7190420,
      9.7196844,
      9.7206604,
      9.7213491,
      9.7218262,
      9.7221552,
      9.7228836,
      9.7242500,
      9.7253670,
      9.7255351,
      9.7256815,
      9.7260394,
      9.7263593,
      9.7266127,
      9.7271076
    ]
  }
}