{
  "numberOfPolygons": 1,
  "box": {
    "min": {
      "x": 54.7290712,
      "y": 9.4925304
    },
    "max": {
      "x": 54.7730204,
      "y": 9.5668939
    },
    "center": {
      "x": 54.7510458,
      "y": 9.52971215
    }
  },
  "polygons": [
    {
      "numberOfPoints": 159,
      "box": {
        "min": {
          "x": 54.7290712,
          "y": 9.4925304
        },
        "max": {
          "x": 54.7730204,
          "y": 9.5668939
        },
        "center": {
          "x": 54.7510458,
          "y": 9.52971215
        }
      },
      "pointsx": [
        54.7730204,
        54.7728531,
        54.7726424,
        54.7715677,
        54.7714332,
        54.7714303,
        54.7727862,
        54.7719924,
        54.7716746,
        54.7720923,
        54.7709400,
        54.7685359,
        54.7677331,
        54.7651430,
        54.7638516,
        54.7632408,
        54.7619734,
        54.7604371,
        54.7585935,
        54.7576739,
        54.7557897,
        54.7533208,
        54.7507395,
        54.7504365,
        54.7484037,
        54.7481040,
        54.7466870,
        54.7454191,
        54.7407621,
        54.7364063,
        54.7363998,
        54.7363797,
        54.7357154,
        54.7356655,
        54.7355851,
        54.7350321,
        54.7345557,
        54.7345197,
        54.7342813,
        54.7342168,
        54.7337996,
        54.7334265,
        54.7334007,
        54.7335885,
        54.7336244,
        54.7338084,
        54.7338260,
        54.7336679,
        54.7327637,
        54.7325848,
        54.7324077,
        54.7323212,
        54.7319557,
        54.7318027,
        54.7317608,
        54.7317625,
        54.7318307,
        54.7320855,
        54.7322741,
        54.7323491,
        54.7324134,
        54.7323945,
        54.7320901,
        54.7317250,
        54.7316533,
        54.7316606,
        54.7317142,
        54.7316015,
        54.7316033,
        54.7315764,
        54.7312479,
        54.7311720,
        54.7309194,
        54.7307772,
        54.7302227,
        54.7300195,
        54.7297536,
        54.7295917,
        54.7295258,
        54.7294294,
        54.7292579,
        54.7291954,
        54.7291535,
        54.7290712,
        54.7302081,
        54.7316368,
        54.7322834,
        54.7323580,
        54.7324188,
        54.7336512,
        54.7340929,
        54.7354417,
        54.7362126,
        54.7380278,
        54.7396938,
        54.7397280,
        54.7399735,
        54.7399940,
        54.7414557,
        54.7428764,
        54.7444427,
        54.7452880,
        54.7460339,
        54.7476371,
        54.7484203,
        54.7484452,
        54.7486441,
        54.7497876,
        54.7504339,
        54.7506576,
        54.7519466,
        54.7520634,
        54.7523747,
        54.7525384,
        54.7526717,
        54.7528131,
        54.7535100,
        54.7545734,
        54.7577657,
        54.7580726,
        54.7580883,
        54.7593941,
        54.7597578,
        54.7598161,
        54.7606565,
        54.7608320,
        54.7626537,
        54.7632683,
        54.7645591,
        54.7645009,
        54.7665296,
        54.7667582,
        54.7675379,
        54.7676010,
        54.7694378,
        54.7691868,
        54.7695178,
        54.7697657,
        54.7701057,
        54.7702847,
        54.7704417,
        54.7706626,
        54.7711316,
        54.7712806,
        54.7713076,
        54.7706017,
        54.7705177,
        54.7705177,
        54.7705597,
        54.7707386,
        54.7709796,
        54.7711206,
        54.7716046,
        54.7720545,
        54.7721235,
        54.7724555,
        54.7725475,
        54.7727564,
        54.7729204
      ],
      "pointsy": [
        9.5061380,
        9.5066643,
        9.5070740,
        9.5080085,
        9.5180654,
        9.5182802,
        9.5185000,
        9.5241912,
        9.5401928,
        9.5431177,
        9.5492184,
        9.5575747,
        9.5615236,
        9.5615329,
        9.5606672,
        9.5587216,
        9.5569988,
        9.5575668,
        9.5578602,
        9.5591523,
        9.5627673,
        9.5639396,
        9.5653130,
        9.5654742,
        9.5668939,
        9.5657854,
        9.5638041,
        9.5581617,
        9.5578093,
        9.5587597,
        9.5585694,
        9.5582663,
        9.5515499,
        9.5513465,
        9.5511748,
        9.5505007,
        9.5495973,
        9.5494576,
        9.5479592,
        9.5476947,
        9.5466567,
        9.5449546,
        9.5446081,
        9.5440265,
        9.5436456,
        9.5432993,
        9.5431172,
        9.5425571,
        9.5404260,
        9.5394698,
        9.5388557,
        9.5387835,
        9.5386547,
        9.5382212,
        9.5376588,
        9.5374601,
        9.5372960,
        9.5372295,
        9.5373323,
        9.5373021,
        9.5371585,
        9.5366913,
        9.5355634,
        9.5355093,
        9.5353109,
        9.5350957,
        9.5347391,
        9.5341094,
        9.5338888,
        9.5336181,
        9.5332408,
        9.5328642,
        9.5325324,
        9.5325605,
        9.5319144,
        9.5319096,
        9.5316265,
        9.5312959,
        9.5310998,
        9.5309633,
        9.5306003,
        9.5302921,
        9.5297993,
        9.5293551,
        9.5269692,
        9.5269680,
        9.5273125,
        9.5280448,
        9.5280144,
        9.5273987,
        9.5236342,
        9.5183967,
        9.5168030,
        9.5137450,
        9.5085333,
        9.5081750,
        9.5072083,
        9.5072306,
        9.5068602,
        9.5052598,
        9.5040969,
        9.5034939,
        9.5034939,
        9.5020450,
        9.5013371,
        9.5002173,
        9.4997866,
        9.4993559,
        9.4987528,
        9.4981498,
        9.4968784,
        9.4967631,
        9.4964560,
        9.4962946,
        9.4961648,
        9.4960272,
        9.4953488,
        9.4942018,
        9.4932582,
        9.4946724,
        9.4953710,
        9.4938459,
        9.4926263,
        9.4926441,
        9.4925304,
        9.4948000,
        9.4961878,
        9.4953588,
        9.4958629,
        9.4977396,
        9.4970405,
        9.4939252,
        9.4929969,
        9.4930084,
        9.4933431,
        9.4937221,
        9.4940950,
        9.4945689,
        9.4947469,
        9.4948409,
        9.4948149,
        9.4945169,
        9.4945859,
        9.4949418,
        9.4956737,
        9.4964406,
        9.4965816,
        9.4967126,
        9.4968635,
        9.4968585,
        9.4967845,
        9.4990962,
        9.5015008,
        9.5027936,
        9.5029955,
        9.5041423,
        9.5044193,
        9.5050962,
        9.5059640
      ]
    }
  ]
}