{"id":1152704,"name":"Rittersdorf","polygon":{"numberOfPoints":82,"box":{"min":{"x":49.9784067,"y":6.4542423},"max":{"x":50.0178083,"y":6.5284972},"center":{"x":49.9981075,"y":6.49136975},"area":{"x":0.0394016,"y":0.0742549}},"pointsx":[49.9816067,49.9806842,49.9800378,49.9784067,49.9798615,49.9800928,49.9805390,49.9812432,49.9820428,49.9829244,49.9828340,49.9841231,49.9847269,49.9809347,49.9863527,49.9867647,49.9872643,49.9881346,49.9918760,49.9946036,50.0030480,50.0075686,50.0081892,50.0103510,50.0137566,50.0140546,50.0132413,50.0132204,50.0137899,50.0140688,50.0144693,50.0147271,50.0150677,50.0154728,50.0159746,50.0162554,50.0164764,50.0164049,50.0153117,50.0151736,50.0150539,50.0166329,50.0164395,50.0178083,50.0173674,50.0167947,50.0155048,50.0152107,50.0154275,50.0150653,50.0144720,50.0139701,50.0140219,50.0139489,50.0138523,50.0128872,50.0127066,50.0127527,50.0128506,50.0126290,50.0130915,50.0124254,50.0119348,50.0115709,50.0041671,50.0039125,50.0037066,50.0031016,50.0003161,50.0003680,50.0004481,50.0004529,50.0007858,49.9985433,49.9984700,49.9968788,49.9949052,49.9945620,49.9943270,49.9933048,49.9891696,49.9890016],"pointsy":[6.4542423,6.4548206,6.4551899,6.4699782,6.4733548,6.4743832,6.4753963,6.4764255,6.4791558,6.4831149,6.4833859,6.4834543,6.4840243,6.4958791,6.5000170,6.5043296,6.5095596,6.5097534,6.5105865,6.5268478,6.5284972,6.5194932,6.5076285,6.5034286,6.5046238,6.5022915,6.5016798,6.5014305,6.5011252,6.5017048,6.5016188,6.5011030,6.5011746,6.5014254,6.5006445,6.5005944,6.5008953,6.4989955,6.4990255,6.4980942,6.4966256,6.4962029,6.4952358,6.4945199,6.4940004,6.4934573,6.4942362,6.4935376,6.4933171,6.4924030,6.4905326,6.4906729,6.4896606,6.4886159,6.4886513,6.4842951,6.4831090,6.4818265,6.4810103,6.4804067,6.4788728,6.4771345,6.4773227,6.4775977,6.4732472,6.4749807,6.4753364,6.4759739,6.4762826,6.4731552,6.4726373,6.4726088,6.4706329,6.4705464,6.4671360,6.4678367,6.4679708,6.4666066,6.4661512,6.4647276,6.4617523,6.4583563]}}