{
  "numberOfPolygons": 1,
  "box": {
    "min": {
      "x": 50.0416397,
      "y": 6.5014231
    },
    "max": {
      "x": 50.0968592,
      "y": 6.5414603
    },
    "center": {
      "x": 50.06924945,
      "y": 6.5214417
    }
  },
  "polygons": [
    {
      "numberOfPoints": 117,
      "box": {
        "min": {
          "x": 50.0416397,
          "y": 6.5014231
        },
        "max": {
          "x": 50.0968592,
          "y": 6.5414603
        },
        "center": {
          "x": 50.06924945,
          "y": 6.5214417
        }
      },
      "pointsx": [
        50.0956145,
        50.0952404,
        50.0944889,
        50.0938699,
        50.0926827,
        50.0943051,
        50.0950772,
        50.0955966,
        50.0968592,
        50.0956219,
        50.0953130,
        50.0952007,
        50.0944146,
        50.0939373,
        50.0929686,
        50.0919016,
        50.0913962,
        50.0894447,
        50.0879144,
        50.0858925,
        50.0832247,
        50.0820592,
        50.0802056,
        50.0788096,
        50.0786212,
        50.0743469,
        50.0741553,
        50.0740710,
        50.0738463,
        50.0732143,
        50.0729784,
        50.0704896,
        50.0670371,
        50.0635557,
        50.0621943,
        50.0612364,
        50.0598211,
        50.0524017,
        50.0419727,
        50.0416397,
        50.0416818,
        50.0420332,
        50.0422829,
        50.0427301,
        50.0430878,
        50.0433462,
        50.0435648,
        50.0430282,
        50.0437139,
        50.0444989,
        50.0452640,
        50.0453733,
        50.0455423,
        50.0459596,
        50.0455423,
        50.0472514,
        50.0470526,
        50.0460328,
        50.0486118,
        50.0495955,
        50.0501619,
        50.0508673,
        50.0512945,
        50.0516375,
        50.0525365,
        50.0532220,
        50.0534008,
        50.0540963,
        50.0547222,
        50.0555269,
        50.0572158,
        50.0572058,
        50.0595716,
        50.0602273,
        50.0613792,
        50.0638516,
        50.0659770,
        50.0667032,
        50.0676864,
        50.0678601,
        50.0683427,
        50.0683708,
        50.0698737,
        50.0710395,
        50.0719103,
        50.0724793,
        50.0737080,
        50.0743400,
        50.0747299,
        50.0746239,
        50.0750313,
        50.0847784,
        50.0848767,
        50.0856709,
        50.0862714,
        50.0863905,
        50.0866634,
        50.0870954,
        50.0875422,
        50.0879989,
        50.0884556,
        50.0892031,
        50.0888381,
        50.0894558,
        50.0895824,
        50.0890908,
        50.0891469,
        50.0897226,
        50.0907053,
        50.0915477,
        50.0922355,
        50.0933871,
        50.0943103,
        50.0947371,
        50.0951838,
        50.0955908,
        50.0957298
      ],
      "pointsy": [
        6.5256521,
        6.5277004,
        6.5296093,
        6.5316772,
        6.5339109,
        6.5377169,
        6.5391174,
        6.5396426,
        6.5413795,
        6.5410993,
        6.5411430,
        6.5413181,
        6.5409680,
        6.5404647,
        6.5402021,
        6.5403771,
        6.5408586,
        6.5408367,
        6.5412743,
        6.5408148,
        6.5404209,
        6.5402677,
        6.5402239,
        6.5405884,
        6.5398410,
        6.5393680,
        6.5394909,
        6.5404537,
        6.5411321,
        6.5414603,
        6.5378589,
        6.5385937,
        6.5406756,
        6.5395594,
        6.5391229,
        6.5388158,
        6.5383621,
        6.5316770,
        6.5288504,
        6.5254226,
        6.5231702,
        6.5224027,
        6.5211704,
        6.5213638,
        6.5177507,
        6.5165128,
        6.5160641,
        6.5150583,
        6.5145786,
        6.5145941,
        6.5148262,
        6.5141918,
        6.5127528,
        6.5119172,
        6.5113137,
        6.5084511,
        6.5069966,
        6.5071872,
        6.5014231,
        6.5036543,
        6.5041804,
        6.5043506,
        6.5046292,
        6.5050344,
        6.5059444,
        6.5063777,
        6.5058825,
        6.5061456,
        6.5058980,
        6.5057587,
        6.5058051,
        6.5080179,
        6.5089958,
        6.5086773,
        6.5084695,
        6.5084913,
        6.5092149,
        6.5100231,
        6.5116206,
        6.5124153,
        6.5124465,
        6.5122058,
        6.5113524,
        6.5116150,
        6.5128623,
        6.5136635,
        6.5149849,
        6.5162322,
        6.5163209,
        6.5144646,
        6.5126363,
        6.5140296,
        6.5131105,
        6.5122153,
        6.5129488,
        6.5139082,
        6.5146310,
        6.5150687,
        6.5151460,
        6.5148520,
        6.5148211,
        6.5149937,
        6.5161098,
        6.5166568,
        6.5173098,
        6.5179042,
        6.5192390,
        6.5201800,
        6.5207927,
        6.5218868,
        6.5220891,
        6.5235437,
        6.5240079,
        6.5244102,
        6.5245340,
        6.5243638,
        6.5249053
      ]
    }
  ]
}