{
  "id": 1152663,
  "name": "Idenheim",
  "polygon": {
    "numberOfPoints": 60,
    "box": {
      "min": {
        "x": 49.8817703,
        "y": 6.5398631
      },
      "max": {
        "x": 49.9123824,
        "y": 6.5969347
      },
      "center": {
        "x": 49.89707635,
        "y": 6.5683989
      },
      "area": {
        "x": 0.0306121,
        "y": 0.0570716
      }
    },
    "pointsx": [
      49.9094362,
      49.9099761,
      49.9115364,
      49.9086382,
      49.9123824,
      49.9097166,
      49.9103190,
      49.9099623,
      49.9054737,
      49.9048335,
      49.9016779,
      49.8941538,
      49.8860140,
      49.8876950,
      49.8877758,
      49.8864270,
      49.8850647,
      49.8846183,
      49.8839893,
      49.8839469,
      49.8833934,
      49.8832413,
      49.8817703,
      49.8818729,
      49.8821391,
      49.8835449,
      49.8837076,
      49.8841392,
      49.8843915,
      49.8847101,
      49.8846790,
      49.8842242,
      49.8841912,
      49.8842749,
      49.8852175,
      49.8871564,
      49.8877489,
      49.8881797,
      49.8878027,
      49.8915187,
      49.8898656,
      49.8899606,
      49.8900446,
      49.8902696,
      49.8903884,
      49.8906055,
      49.8908875,
      49.8911135,
      49.8911965,
      49.8914064,
      49.8916814,
      49.8930773,
      49.8946641,
      49.8947026,
      49.8969255,
      49.8979957,
      49.9019667,
      49.9012600,
      49.9041876,
      49.9046587
    ],
    "pointsy": [
      6.5708097,
      6.5706732,
      6.5694169,
      6.5636346,
      6.5608286,
      6.5515941,
      6.5490813,
      6.5398631,
      6.5415276,
      6.5418095,
      6.5429997,
      6.5458373,
      6.5448606,
      6.5547432,
      6.5561225,
      6.5614424,
      6.5627597,
      6.5613508,
      6.5616367,
      6.5614537,
      6.5618149,
      6.5611772,
      6.5620553,
      6.5626684,
      6.5634490,
      6.5624305,
      6.5629868,
      6.5626904,
      6.5634846,
      6.5643963,
      6.5644371,
      6.5650333,
      6.5654175,
      6.5658192,
      6.5691629,
      6.5715871,
      6.5756832,
      6.5801554,
      6.5824124,
      6.5910224,
      6.5926853,
      6.5935992,
      6.5939241,
      6.5947970,
      6.5952504,
      6.5958408,
      6.5962108,
      6.5963848,
      6.5962758,
      6.5962328,
      6.5962788,
      6.5965147,
      6.5969347,
      6.5953288,
      6.5900859,
      6.5855986,
      6.5855464,
      6.5803218,
      6.5789112,
      6.5709177
    ]
  }
}