{
  "id": 1156036,
  "name": "Großenwiehe",
  "polygon": {
    "numberOfPoints": 86,
    "box": {
      "min": {
        "x": 54.6568524,
        "y": 9.2179065
      },
      "max": {
        "x": 54.7410678,
        "y": 9.3048410
      },
      "center": {
        "x": 54.6989601,
        "y": 9.26137375
      },
      "area": {
        "x": 0.0842154,
        "y": 0.0869345
      }
    },
    "pointsx": [
      54.7392936,
      54.7391226,
      54.7410678,
      54.7402913,
      54.7402189,
      54.7392492,
      54.7383170,
      54.7365885,
      54.7363238,
      54.7358470,
      54.7322809,
      54.7280200,
      54.7239050,
      54.7226172,
      54.7207295,
      54.7141563,
      54.7135242,
      54.7100070,
      54.7009517,
      54.7005100,
      54.6982869,
      54.6969681,
      54.6967603,
      54.6856291,
      54.6856611,
      54.6692302,
      54.6662147,
      54.6615727,
      54.6568524,
      54.6652795,
      54.6685711,
      54.6691241,
      54.6691353,
      54.6691718,
      54.6743226,
      54.6777191,
      54.6772694,
      54.6772472,
      54.6770641,
      54.6781847,
      54.6785607,
      54.6788232,
      54.6812162,
      54.6830328,
      54.6833597,
      54.6839258,
      54.6854307,
      54.6859242,
      54.6861399,
      54.6891356,
      54.6897085,
      54.6900724,
      54.6905003,
      54.6909600,
      54.6911578,
      54.6913835,
      54.6917833,
      54.6919122,
      54.6919279,
      54.6934543,
      54.6935962,
      54.6936742,
      54.6939216,
      54.6940633,
      54.6964015,
      54.6964882,
      54.6965724,
      54.6966535,
      54.6967577,
      54.7010512,
      54.7011773,
      54.7013652,
      54.7017730,
      54.7023086,
      54.7033293,
      54.7038480,
      54.7048080,
      54.7052290,
      54.7056770,
      54.7063675,
      54.7065417,
      54.7098015,
      54.7098453,
      54.7174419,
      54.7176592,
      54.7360426
    ],
    "pointsy": [
      9.2418851,
      9.2435033,
      9.2597092,
      9.2654343,
      9.2681748,
      9.2752385,
      9.2777426,
      9.2769183,
      9.2843178,
      9.2842758,
      9.2839613,
      9.2835856,
      9.2909233,
      9.2965393,
      9.3048410,
      9.3030806,
      9.3028479,
      9.3043821,
      9.3039355,
      9.3039137,
      9.2947103,
      9.2951142,
      9.2881463,
      9.2857413,
      9.2835449,
      9.2821172,
      9.2818552,
      9.2669082,
      9.2579149,
      9.2521518,
      9.2457727,
      9.2450639,
      9.2450140,
      9.2450114,
      9.2393416,
      9.2435585,
      9.2403704,
      9.2377873,
      9.2362108,
      9.2316452,
      9.2320668,
      9.2306211,
      9.2304054,
      9.2307377,
      9.2308543,
      9.2301956,
      9.2291901,
      9.2278578,
      9.2254035,
      9.2205066,
      9.2189675,
      9.2186119,
      9.2179065,
      9.2185694,
      9.2194748,
      9.2207457,
      9.2220039,
      9.2263606,
      9.2263843,
      9.2286994,
      9.2290013,
      9.2290693,
      9.2290711,
      9.2291609,
      9.2337352,
      9.2339533,
      9.2341649,
      9.2343946,
      9.2344541,
      9.2309425,
      9.2309231,
      9.2308943,
      9.2311580,
      9.2321083,
      9.2334433,
      9.2344868,
      9.2341137,
      9.2343236,
      9.2344693,
      9.2341677,
      9.2322295,
      9.2325741,
      9.2303937,
      9.2335242,
      9.2336137,
      9.2411683
    ]
  }
}