{
  "id": 1171886,
  "name": "Nasingen",
  "polygon": {
    "numberOfPoints": 77,
    "box": {
      "min": {
        "x": 49.9682124,
        "y": 6.2467512
      },
      "max": {
        "x": 49.9860320,
        "y": 6.2768748
      },
      "center": {
        "x": 49.9771222,
        "y": 6.2618130
      },
      "area": {
        "x": 0.0178196,
        "y": 0.0301236
      }
    },
    "pointsx": [
      49.9780906,
      49.9790094,
      49.9800977,
      49.9793580,
      49.9801487,
      49.9808799,
      49.9817471,
      49.9818638,
      49.9834645,
      49.9846293,
      49.9856370,
      49.9859066,
      49.9859847,
      49.9860320,
      49.9850529,
      49.9849612,
      49.9857263,
      49.9857603,
      49.9854968,
      49.9855559,
      49.9847626,
      49.9832859,
      49.9830038,
      49.9826420,
      49.9826764,
      49.9830635,
      49.9834976,
      49.9841898,
      49.9837675,
      49.9834823,
      49.9832669,
      49.9823783,
      49.9818644,
      49.9810072,
      49.9796348,
      49.9789299,
      49.9776010,
      49.9774818,
      49.9763548,
      49.9756721,
      49.9739681,
      49.9734851,
      49.9737169,
      49.9734078,
      49.9720049,
      49.9715013,
      49.9709732,
      49.9704901,
      49.9698911,
      49.9689393,
      49.9684870,
      49.9684032,
      49.9682124,
      49.9682738,
      49.9683942,
      49.9683029,
      49.9694356,
      49.9708878,
      49.9712456,
      49.9716792,
      49.9719191,
      49.9720834,
      49.9722448,
      49.9726760,
      49.9729607,
      49.9740374,
      49.9732563,
      49.9746414,
      49.9736338,
      49.9733319,
      49.9737358,
      49.9733710,
      49.9736193,
      49.9742740,
      49.9746370,
      49.9755487,
      49.9774789
    ],
    "pointsy": [
      6.2767196,
      6.2759096,
      6.2751163,
      6.2733974,
      6.2723000,
      6.2719298,
      6.2720091,
      6.2696573,
      6.2709381,
      6.2710439,
      6.2704010,
      6.2700505,
      6.2693680,
      6.2668922,
      6.2668157,
      6.2661783,
      6.2659337,
      6.2657684,
      6.2649619,
      6.2647677,
      6.2631403,
      6.2611147,
      6.2609663,
      6.2609826,
      6.2562654,
      6.2545138,
      6.2551706,
      6.2544225,
      6.2530176,
      6.2508326,
      6.2506756,
      6.2508960,
      6.2506312,
      6.2500944,
      6.2483303,
      6.2471386,
      6.2472353,
      6.2470951,
      6.2467546,
      6.2467512,
      6.2488558,
      6.2495869,
      6.2499774,
      6.2500876,
      6.2524837,
      6.2531418,
      6.2534122,
      6.2531619,
      6.2526111,
      6.2527432,
      6.2531018,
      6.2535524,
      6.2539660,
      6.2543061,
      6.2545513,
      6.2550609,
      6.2554415,
      6.2577380,
      6.2586872,
      6.2593463,
      6.2606455,
      6.2619501,
      6.2627119,
      6.2636014,
      6.2639441,
      6.2650566,
      6.2665641,
      6.2699280,
      6.2713494,
      6.2735111,
      6.2738483,
      6.2739175,
      6.2743855,
      6.2743987,
      6.2739555,
      6.2744023,
      6.2768748
    ]
  }
}