{
  "id": 1171877,
  "name": "Hütten",
  "polygon": {
    "numberOfPoints": 93,
    "box": {
      "min": {
        "x": 50.0050981,
        "y": 6.2356091
      },
      "max": {
        "x": 50.0212190,
        "y": 6.2695929
      },
      "center": {
        "x": 50.01315855,
        "y": 6.2526010
      },
      "area": {
        "x": 0.0161209,
        "y": 0.0339838
      }
    },
    "pointsx": [
      50.0126731,
      50.0127637,
      50.0129456,
      50.0153394,
      50.0192953,
      50.0207077,
      50.0204654,
      50.0199757,
      50.0194956,
      50.0192869,
      50.0196083,
      50.0200008,
      50.0206186,
      50.0209359,
      50.0210612,
      50.0208972,
      50.0210323,
      50.0211591,
      50.0210499,
      50.0211441,
      50.0196334,
      50.0201781,
      50.0205058,
      50.0207194,
      50.0209059,
      50.0210783,
      50.0212190,
      50.0205204,
      50.0194163,
      50.0194340,
      50.0191683,
      50.0190443,
      50.0190325,
      50.0192392,
      50.0196111,
      50.0199654,
      50.0195698,
      50.0196938,
      50.0189992,
      50.0190626,
      50.0143872,
      50.0141551,
      50.0080412,
      50.0056919,
      50.0056743,
      50.0057131,
      50.0067158,
      50.0077544,
      50.0077707,
      50.0062871,
      50.0060262,
      50.0053271,
      50.0054057,
      50.0061970,
      50.0061633,
      50.0060875,
      50.0060219,
      50.0059267,
      50.0056033,
      50.0052299,
      50.0052836,
      50.0058382,
      50.0058148,
      50.0053446,
      50.0050981,
      50.0082721,
      50.0086407,
      50.0087698,
      50.0091170,
      50.0094728,
      50.0100368,
      50.0101044,
      50.0099678,
      50.0099089,
      50.0096662,
      50.0096248,
      50.0096558,
      50.0097610,
      50.0097701,
      50.0099883,
      50.0100178,
      50.0100446,
      50.0101359,
      50.0102549,
      50.0108302,
      50.0115377,
      50.0117282,
      50.0120079,
      50.0120039,
      50.0122936,
      50.0125154,
      50.0126262,
      50.0126696
    ],
    "pointsy": [
      6.2357559,
      6.2356535,
      6.2356091,
      6.2366654,
      6.2399726,
      6.2402363,
      6.2410400,
      6.2413447,
      6.2415007,
      6.2417995,
      6.2425727,
      6.2431445,
      6.2433005,
      6.2436448,
      6.2439892,
      6.2462656,
      6.2476650,
      6.2484463,
      6.2487036,
      6.2491150,
      6.2511609,
      6.2523052,
      6.2531230,
      6.2537735,
      6.2568767,
      6.2581320,
      6.2585401,
      6.2585868,
      6.2580631,
      6.2584122,
      6.2587890,
      6.2593863,
      6.2601949,
      6.2610219,
      6.2619684,
      6.2628413,
      6.2633191,
      6.2639715,
      6.2644157,
      6.2695929,
      6.2664757,
      6.2663210,
      6.2617953,
      6.2637173,
      6.2625201,
      6.2612539,
      6.2612630,
      6.2611642,
      6.2611224,
      6.2566919,
      6.2555808,
      6.2548233,
      6.2517708,
      6.2519498,
      6.2513647,
      6.2509718,
      6.2507922,
      6.2506625,
      6.2504742,
      6.2503436,
      6.2501971,
      6.2472275,
      6.2471119,
      6.2466828,
      6.2464063,
      6.2418046,
      6.2415034,
      6.2414292,
      6.2413408,
      6.2410753,
      6.2405317,
      6.2402161,
      6.2390948,
      6.2388306,
      6.2381627,
      6.2379135,
      6.2378531,
      6.2377668,
      6.2376893,
      6.2375213,
      6.2375414,
      6.2374210,
      6.2372713,
      6.2371570,
      6.2368329,
      6.2363383,
      6.2362796,
      6.2362549,
      6.2357764,
      6.2357054,
      6.2358443,
      6.2358181,
      6.2357850
    ]
  }
}