{
  "id": 1171868,
  "name": "Heilbach",
  "polygon": {
    "numberOfPoints": 71,
    "box": {
      "min": {
        "x": 50.0416231,
        "y": 6.2789323
      },
      "max": {
        "x": 50.0736431,
        "y": 6.3172778
      },
      "center": {
        "x": 50.0576331,
        "y": 6.29810505
      },
      "area": {
        "x": 0.0320200,
        "y": 0.0383455
      }
    },
    "pointsx": [
      50.0416231,
      50.0428380,
      50.0445431,
      50.0473531,
      50.0493421,
      50.0506365,
      50.0509837,
      50.0522781,
      50.0531304,
      50.0539512,
      50.0554350,
      50.0657211,
      50.0683002,
      50.0705225,
      50.0707309,
      50.0712253,
      50.0725663,
      50.0725383,
      50.0736431,
      50.0735035,
      50.0648068,
      50.0640419,
      50.0628840,
      50.0624817,
      50.0619593,
      50.0615048,
      50.0608082,
      50.0594977,
      50.0586093,
      50.0583614,
      50.0576855,
      50.0573549,
      50.0564900,
      50.0560768,
      50.0556343,
      50.0551875,
      50.0551037,
      50.0539026,
      50.0528645,
      50.0525813,
      50.0520679,
      50.0515542,
      50.0511169,
      50.0509629,
      50.0510548,
      50.0507423,
      50.0499587,
      50.0495143,
      50.0492869,
      50.0484773,
      50.0482799,
      50.0479250,
      50.0478887,
      50.0472148,
      50.0467269,
      50.0467557,
      50.0464721,
      50.0462439,
      50.0447199,
      50.0450083,
      50.0440535,
      50.0465896,
      50.0464106,
      50.0457144,
      50.0449468,
      50.0439721,
      50.0440716,
      50.0431864,
      50.0432939,
      50.0429704,
      50.0428016
    ],
    "pointsy": [
      6.3059629,
      6.3054088,
      6.3036389,
      6.3043764,
      6.3032947,
      6.3044255,
      6.3070313,
      6.3070805,
      6.3091946,
      6.3089488,
      6.3113424,
      6.3118553,
      6.3135438,
      6.3172778,
      6.3122897,
      6.3101943,
      6.3069000,
      6.2950902,
      6.2920397,
      6.2883169,
      6.2843938,
      6.2794872,
      6.2790025,
      6.2789323,
      6.2790013,
      6.2791668,
      6.2791392,
      6.2791301,
      6.2790475,
      6.2794334,
      6.2806610,
      6.2810472,
      6.2821460,
      6.2829321,
      6.2841255,
      6.2852153,
      6.2850354,
      6.2863122,
      6.2836382,
      6.2836757,
      6.2842023,
      6.2849277,
      6.2852648,
      6.2843261,
      6.2831101,
      6.2828177,
      6.2826318,
      6.2821579,
      6.2828352,
      6.2820384,
      6.2822343,
      6.2835152,
      6.2840096,
      6.2837986,
      6.2859164,
      6.2864078,
      6.2869676,
      6.2871484,
      6.2892115,
      6.2897846,
      6.2925877,
      6.2938112,
      6.2970790,
      6.2988910,
      6.2986530,
      6.2991796,
      6.2993809,
      6.2998920,
      6.3010484,
      6.3032715,
      6.3033372
    ]
  }
}