{
  "id": 1171876,
  "name": "Plascheid",
  "polygon": {
    "numberOfPoints": 119,
    "box": {
      "min": {
        "x": 50.0216882,
        "y": 6.2768228
      },
      "max": {
        "x": 50.0465896,
        "y": 6.3059629
      },
      "center": {
        "x": 50.0341389,
        "y": 6.29139285
      },
      "area": {
        "x": 0.0249014,
        "y": 0.0291401
      }
    },
    "pointsx": [
      50.0256781,
      50.0258075,
      50.0260662,
      50.0267808,
      50.0264045,
      50.0263547,
      50.0266234,
      50.0265637,
      50.0261159,
      50.0255588,
      50.0251011,
      50.0246135,
      50.0246235,
      50.0256781,
      50.0267129,
      50.0270910,
      50.0275403,
      50.0280220,
      50.0288080,
      50.0297233,
      50.0302631,
      50.0307899,
      50.0337734,
      50.0350597,
      50.0359287,
      50.0370320,
      50.0381342,
      50.0387501,
      50.0405563,
      50.0416231,
      50.0428016,
      50.0429704,
      50.0432939,
      50.0431864,
      50.0440716,
      50.0439721,
      50.0449468,
      50.0457144,
      50.0464106,
      50.0465896,
      50.0440535,
      50.0450083,
      50.0447199,
      50.0462439,
      50.0461005,
      50.0460253,
      50.0459293,
      50.0457159,
      50.0455034,
      50.0452612,
      50.0451318,
      50.0448019,
      50.0442466,
      50.0439485,
      50.0435076,
      50.0432849,
      50.0430858,
      50.0428019,
      50.0423593,
      50.0420252,
      50.0417998,
      50.0415367,
      50.0412545,
      50.0408477,
      50.0402714,
      50.0393903,
      50.0390677,
      50.0387264,
      50.0378285,
      50.0374785,
      50.0367326,
      50.0363704,
      50.0358763,
      50.0351570,
      50.0347695,
      50.0345001,
      50.0343436,
      50.0340752,
      50.0339481,
      50.0337129,
      50.0332938,
      50.0331324,
      50.0322548,
      50.0314877,
      50.0307105,
      50.0307679,
      50.0302327,
      50.0299497,
      50.0296927,
      50.0293679,
      50.0291473,
      50.0291842,
      50.0285734,
      50.0281194,
      50.0274481,
      50.0273625,
      50.0273873,
      50.0265009,
      50.0245422,
      50.0220761,
      50.0216882,
      50.0222255,
      50.0227031,
      50.0231310,
      50.0232305,
      50.0237877,
      50.0236583,
      50.0233200,
      50.0234697,
      50.0236971,
      50.0238936,
      50.0240556,
      50.0242262,
      50.0244157,
      50.0246587,
      50.0248172,
      50.0250085,
      50.0253135,
      50.0254617
    ],
    "pointsy": [
      6.2855081,
      6.2862979,
      6.2868400,
      6.2872936,
      6.2886365,
      6.2902007,
      6.2903556,
      6.2906343,
      6.2907427,
      6.2927716,
      6.2933601,
      6.2935149,
      6.2941654,
      6.2953269,
      6.2952030,
      6.2954508,
      6.2960666,
      6.2967848,
      6.2972958,
      6.2978224,
      6.2984980,
      6.3004184,
      6.2998704,
      6.3015147,
      6.3015663,
      6.3009879,
      6.3018186,
      6.3032357,
      6.3037476,
      6.3059629,
      6.3033372,
      6.3032715,
      6.3010484,
      6.2998920,
      6.2993809,
      6.2991796,
      6.2986530,
      6.2988910,
      6.2970790,
      6.2938112,
      6.2925877,
      6.2897846,
      6.2892115,
      6.2871484,
      6.2867531,
      6.2862785,
      6.2856478,
      6.2851036,
      6.2843409,
      6.2832486,
      6.2829170,
      6.2825009,
      6.2818702,
      6.2813263,
      6.2813436,
      6.2815981,
      6.2822213,
      6.2829170,
      6.2835087,
      6.2836322,
      6.2834632,
      6.2829235,
      6.2823206,
      6.2823123,
      6.2824229,
      6.2820263,
      6.2814465,
      6.2811875,
      6.2810900,
      6.2807889,
      6.2796680,
      6.2789953,
      6.2785685,
      6.2786288,
      6.2790290,
      6.2790517,
      6.2793135,
      6.2795276,
      6.2795108,
      6.2796011,
      6.2795969,
      6.2793378,
      6.2787999,
      6.2786920,
      6.2780146,
      6.2776774,
      6.2776911,
      6.2777444,
      6.2778777,
      6.2782915,
      6.2783968,
      6.2788779,
      6.2785765,
      6.2781703,
      6.2774041,
      6.2771973,
      6.2769357,
      6.2768228,
      6.2789849,
      6.2817070,
      6.2833089,
      6.2835722,
      6.2840988,
      6.2846408,
      6.2841762,
      6.2839129,
      6.2850280,
      6.2856165,
      6.2857630,
      6.2860125,
      6.2862261,
      6.2863799,
      6.2864470,
      6.2864497,
      6.2863817,
      6.2862824,
      6.2861198,
      6.2857872,
      6.2856468
    ]
  }
}