{"id":1171884,"name":"Keppeshausen","polygon":{"numberOfPoints":116,"box":{"min":{"x":49.9617100,"y":6.1649914},"max":{"x":49.9834904,"y":6.1922919},"center":{"x":49.9726002,"y":6.17864165},"area":{"x":0.0217804,"y":0.0273005}},"pointsx":[49.9789200,49.9775983,49.9772722,49.9771961,49.9768505,49.9768266,49.9767233,49.9766873,49.9767396,49.9768347,49.9770350,49.9767344,49.9761492,49.9758602,49.9744862,49.9738544,49.9726286,49.9714771,49.9692482,49.9685596,49.9671330,49.9668239,49.9617308,49.9617100,49.9618130,49.9618778,49.9619274,49.9619770,49.9621296,49.9621983,49.9622707,49.9623051,49.9623318,49.9623508,49.9623852,49.9626255,49.9626522,49.9627018,49.9627666,49.9628849,49.9631023,49.9633198,49.9635296,49.9635563,49.9635792,49.9637928,49.9642353,49.9643917,49.9645672,49.9648380,49.9649525,49.9652462,49.9654675,49.9657078,49.9659100,49.9662037,49.9664364,49.9667377,49.9672298,49.9673557,49.9678440,49.9680996,49.9682560,49.9684429,49.9686222,49.9687672,49.9689236,49.9691143,49.9692402,49.9693966,49.9695263,49.9697399,49.9700947,49.9706020,49.9711056,49.9713116,49.9720898,49.9722919,49.9726963,49.9731007,49.9736271,49.9740238,49.9742298,49.9750347,49.9753094,49.9758167,49.9762707,49.9763165,49.9763393,49.9765911,49.9767399,49.9770603,49.9771862,49.9773808,49.9777164,49.9778461,49.9780903,49.9783611,49.9785824,49.9788494,49.9790668,49.9792538,49.9796467,49.9797611,49.9798870,49.9800854,49.9802456,49.9804707,49.9805965,49.9806271,49.9806576,49.9807148,49.9806407,49.9834904,49.9831854,49.9811350],"pointsy":[6.1848670,6.1849496,6.1850764,6.1847848,6.1849525,6.1858792,6.1873961,6.1885884,6.1890355,6.1903918,6.1920485,6.1922919,6.1905946,6.1897520,6.1882881,6.1876150,6.1835143,6.1831677,6.1788360,6.1787191,6.1795471,6.1795157,6.1785713,6.1761036,6.1760311,6.1759586,6.1758595,6.1757107,6.1750431,6.1746693,6.1741695,6.1738606,6.1733341,6.1728802,6.1725979,6.1715832,6.1715755,6.1713810,6.1712437,6.1710453,6.1707668,6.1705532,6.1703358,6.1703129,6.1702900,6.1700878,6.1696339,6.1694851,6.1693439,6.1691570,6.1690960,6.1689739,6.1688557,6.1686230,6.1684742,6.1682987,6.1682072,6.1681080,6.1678791,6.1678257,6.1677113,6.1676159,6.1675282,6.1674061,6.1672382,6.1670475,6.1667995,6.1663990,6.1661625,6.1659565,6.1658001,6.1656055,6.1653042,6.1651936,6.1651707,6.1651440,6.1650105,6.1649914,6.1650105,6.1651096,6.1652164,6.1652927,6.1653461,6.1656361,6.1657734,6.1661625,6.1663990,6.1664524,6.1664791,6.1665554,6.1666088,6.1667385,6.1668186,6.1669788,6.1669369,6.1669292,6.1669521,6.1669865,6.1669865,6.1669674,6.1670399,6.1671200,6.1672878,6.1673565,6.1674824,6.1677036,6.1679211,6.1682911,6.1685123,6.1686039,6.1686420,6.1686993,6.1711894,6.1749127,6.1790322,6.1824243]}}