{"id":1176503,"name":"Hildesheim","polygon":{"numberOfPoints":438,"box":{"min":{"x":52.0935785,"y":9.8465506},"max":{"x":52.1938772,"y":10.0428454},"center":{"x":52.14372785,"y":9.9446980},"area":{"x":0.1002987,"y":0.1962948}},"pointsx":[52.1877019,52.1878704,52.1930261,52.1930309,52.1930830,52.1933552,52.1934397,52.1934103,52.1937923,52.1938468,52.1938585,52.1938772,52.1934948,52.1906452,52.1891933,52.1854271,52.1851222,52.1851956,52.1851745,52.1832467,52.1781588,52.1781656,52.1743000,52.1743743,52.1743761,52.1739482,52.1724469,52.1722236,52.1686620,52.1654277,52.1671064,52.1641507,52.1650157,52.1623074,52.1602958,52.1580299,52.1570228,52.1551904,52.1535817,52.1528673,52.1510589,52.1494548,52.1486994,52.1477340,52.1471464,52.1455514,52.1438305,52.1431029,52.1430329,52.1393919,52.1378885,52.1378428,52.1373370,52.1368726,52.1366237,52.1360109,52.1357541,52.1337720,52.1344065,52.1350583,52.1329192,52.1332309,52.1332084,52.1330158,52.1330261,52.1325638,52.1301777,52.1283081,52.1281223,52.1279154,52.1279104,52.1280602,52.1283333,52.1297285,52.1302943,52.1305741,52.1307585,52.1311544,52.1305261,52.1281250,52.1223721,52.1223006,52.1206665,52.1209689,52.1207742,52.1192520,52.1156621,52.1156030,52.1133865,52.1128935,52.1107699,52.1104627,52.1103853,52.1101840,52.1076433,52.1080197,52.1065873,52.1071244,52.1069561,52.1062919,52.1040513,52.1036026,52.1030291,52.1027658,52.1025995,52.1024431,52.1023609,52.1023699,52.1024598,52.1026372,52.1030872,52.1033215,52.1036761,52.1036909,52.1033585,52.1033373,52.1040683,52.1049413,52.1054652,52.1057212,52.1057962,52.1062509,52.1078481,52.1066735,52.1042698,52.1069159,52.1080133,52.1088409,52.1100954,52.1110622,52.1178467,52.1206237,52.1174938,52.1200757,52.1200037,52.1198689,52.1198011,52.1196709,52.1194753,52.1192676,52.1191233,52.1190930,52.1190378,52.1189220,52.1188802,52.1188575,52.1188335,52.1188099,52.1187999,52.1189362,52.1190187,52.1190729,52.1191180,52.1191459,52.1191487,52.1191142,52.1188985,52.1187545,52.1185870,52.1183667,52.1181389,52.1179498,52.1178422,52.1175442,52.1175033,52.1172942,52.1170960,52.1166255,52.1160641,52.1154773,52.1152611,52.1150478,52.1146300,52.1139104,52.1135469,52.1131738,52.1124347,52.1116918,52.1109442,52.1106553,52.1103923,52.1100590,52.1105647,52.1100488,52.1093530,52.1091535,52.1089192,52.1086613,52.1084073,52.1067022,52.1059769,52.1054356,52.1068028,52.1042099,52.1030651,52.1030369,52.0998650,52.0978095,52.0976896,52.0981613,52.0979831,52.0971338,52.0953271,52.0935785,52.0945028,52.0947608,52.0952023,52.0975940,52.0976931,52.0970985,52.0983377,52.0986777,52.0988950,52.1008199,52.1013851,52.1000984,52.1023561,52.1009200,52.0981800,52.0958241,52.0968841,52.0979450,52.1011487,52.1035826,52.1045256,52.1046891,52.1048308,52.1047673,52.1045562,52.1045997,52.1048789,52.1054600,52.1053241,52.1054002,52.1060664,52.1070839,52.1071858,52.1075581,52.1094928,52.1110547,52.1120159,52.1148081,52.1148322,52.1148311,52.1148709,52.1149095,52.1148611,52.1148586,52.1148720,52.1149331,52.1149706,52.1150635,52.1150651,52.1151022,52.1151211,52.1151421,52.1151724,52.1151950,52.1152245,52.1152179,52.1152158,52.1152459,52.1152811,52.1152860,52.1153202,52.1153536,52.1154246,52.1154627,52.1154715,52.1154734,52.1154820,52.1154978,52.1155723,52.1156639,52.1156911,52.1170757,52.1187151,52.1217299,52.1235385,52.1238688,52.1248489,52.1273899,52.1331671,52.1374032,52.1385960,52.1408397,52.1410994,52.1430268,52.1432015,52.1432633,52.1433566,52.1447441,52.1461995,52.1467409,52.1471219,52.1507252,52.1510345,52.1514422,52.1535587,52.1551412,52.1557274,52.1559436,52.1560942,52.1561411,52.1564214,52.1597353,52.1595891,52.1601211,52.1599036,52.1599302,52.1599881,52.1599530,52.1598227,52.1597101,52.1594750,52.1590022,52.1588678,52.1593100,52.1595211,52.1597041,52.1597951,52.1602940,52.1600978,52.1599292,52.1598891,52.1598613,52.1598512,52.1598421,52.1598321,52.1618215,52.1633568,52.1635642,52.1639016,52.1646662,52.1649974,52.1664369,52.1666845,52.1682598,52.1698925,52.1724343,52.1728560,52.1748330,52.1771689,52.1782504,52.1788590,52.1813053,52.1816705,52.1815967,52.1821630,52.1828250,52.1834073,52.1830882,52.1822308,52.1828011,52.1844720,52.1855638,52.1858406,52.1859048,52.1850663,52.1847581,52.1844214,52.1839330,52.1833543,52.1826187,52.1823194,52.1823377,52.1824240,52.1824671,52.1825878,52.1837394,52.1840416,52.1836675,52.1832417,52.1838894,52.1840339,52.1845665,52.1845970,52.1843577,52.1837313,52.1835756,52.1832580,52.1828862,52.1809520,52.1815984,52.1806529,52.1807569,52.1816584,52.1820101,52.1821761,52.1824403,52.1827544,52.1830036,52.1831233,52.1831133,52.1827804,52.1826931,52.1828542,52.1835171,52.1838162,52.1839308,52.1842199,52.1846835,52.1853863,52.1857303,52.1859745,52.1861689,52.1864480,52.1866773,52.1871459,52.1876144,52.1881178,52.1886561,52.1892692,52.1893289,52.1889860,52.1889461,52.1900068,52.1900666,52.1904798,52.1908193,52.1916463,52.1911207,52.1910713,52.1910746,52.1910976,52.1911864,52.1914890,52.1915614,52.1919028,52.1922948,52.1923944,52.1926133,52.1878207,52.1846488,52.1843519,52.1841236,52.1854038,52.1868252],