{
  "id": 1182313,
  "name": "Leiningen",
  "polygon": {
    "numberOfPoints": 52,
    "box": {
      "min": {
        "x": 50.1214051,
        "y": 7.5476023
      },
      "max": {
        "x": 50.1534145,
        "y": 7.5930010
      },
      "center": {
        "x": 50.1374098,
        "y": 7.57030165
      },
      "area": {
        "x": 0.0320094,
        "y": 0.0453987
      }
    },
    "pointsx": [
      50.1214051,
      50.1223121,
      50.1227801,
      50.1246768,
      50.1266719,
      50.1279035,
      50.1312038,
      50.1323121,
      50.1328785,
      50.1354257,
      50.1410446,
      50.1414795,
      50.1433944,
      50.1436386,
      50.1438904,
      50.1438446,
      50.1449242,
      50.1469770,
      50.1481727,
      50.1492605,
      50.1504270,
      50.1511122,
      50.1519506,
      50.1523747,
      50.1507976,
      50.1530649,
      50.1534145,
      50.1533174,
      50.1519700,
      50.1514214,
      50.1492992,
      50.1474000,
      50.1449186,
      50.1432481,
      50.1419433,
      50.1356161,
      50.1332950,
      50.1333179,
      50.1337908,
      50.1339484,
      50.1328845,
      50.1323919,
      50.1318797,
      50.1297912,
      50.1281164,
      50.1281164,
      50.1269932,
      50.1261464,
      50.1246638,
      50.1236090,
      50.1225640,
      50.1216963
    ],
    "pointsy": [
      7.5635490,
      7.5627798,
      7.5642014,
      7.5659687,
      7.5701180,
      7.5753816,
      7.5826430,
      7.5862928,
      7.5872533,
      7.5930010,
      7.5886898,
      7.5835973,
      7.5822660,
      7.5822109,
      7.5817782,
      7.5792452,
      7.5779280,
      7.5779228,
      7.5809507,
      7.5810054,
      7.5774385,
      7.5768436,
      7.5769328,
      7.5749788,
      7.5721170,
      7.5694341,
      7.5653682,
      7.5647411,
      7.5649628,
      7.5665678,
      7.5625602,
      7.5634001,
      7.5603351,
      7.5600986,
      7.5567184,
      7.5477464,
      7.5476023,
      7.5497705,
      7.5513073,
      7.5533666,
      7.5545038,
      7.5533359,
      7.5541657,
      7.5538891,
      7.5547804,
      7.5575774,
      7.5578540,
      7.5572456,
      7.5566676,
      7.5573468,
      7.5601341,
      7.5610539
    ]
  }
}