{"id":1183487,"name":"Langwedel","polygon":{"numberOfPoints":329,"box":{"min":{"x":52.9624786,"y":9.0736824},"max":{"x":53.0425732,"y":9.2908668},"center":{"x":53.0025259,"y":9.1822746},"area":{"x":0.0800946,"y":0.2171844}},"pointsx":[52.9624786,52.9632963,52.9661242,52.9668256,52.9670285,52.9672279,52.9678786,52.9684062,52.9664620,52.9677326,52.9677852,52.9676716,52.9690565,52.9681409,52.9680459,52.9680560,52.9682785,52.9687348,52.9694103,52.9693604,52.9686760,52.9685111,52.9686491,52.9685086,52.9677960,52.9671720,52.9669149,52.9672794,52.9659957,52.9645655,52.9645186,52.9645566,52.9646996,52.9651215,52.9687026,52.9687813,52.9697538,52.9701359,52.9703489,52.9695184,52.9679113,52.9681991,52.9681625,52.9678895,52.9674434,52.9677357,52.9676261,52.9683906,52.9680085,52.9677777,52.9675993,52.9674133,52.9672991,52.9672097,52.9669419,52.9670222,52.9670739,52.9670897,52.9679155,52.9679655,52.9678511,52.9678613,52.9680096,52.9682428,52.9684646,52.9687212,52.9689480,52.9690460,52.9692912,52.9694413,52.9697488,52.9700133,52.9702349,52.9704175,52.9707686,52.9710565,52.9716786,52.9733366,52.9733468,52.9741988,52.9742162,52.9756964,52.9780923,52.9781732,52.9801131,52.9801326,52.9807295,52.9826007,52.9852267,52.9849273,52.9851669,52.9857103,52.9873611,52.9873611,52.9886875,52.9900016,52.9900850,52.9917806,52.9906364,52.9905601,52.9906647,52.9935160,52.9943961,52.9948409,52.9949659,52.9952521,53.0018005,53.0022086,53.0033906,53.0035422,53.0032391,53.0033642,53.0037178,53.0038473,53.0038643,53.0046434,53.0044891,53.0067395,53.0075848,53.0075806,53.0100273,53.0099183,53.0136093,53.0148428,53.0174205,53.0204609,53.0218771,53.0214631,53.0222005,53.0220269,53.0241492,53.0248119,53.0261827,53.0278817,53.0279575,53.0280351,53.0281800,53.0285540,53.0290919,53.0290769,53.0284390,53.0287249,53.0288779,53.0289889,53.0290327,53.0291489,53.0292369,53.0292979,53.0295188,53.0295568,53.0298226,53.0299808,53.0304954,53.0307287,53.0312436,53.0319105,53.0324904,53.0326714,53.0312818,53.0308991,53.0307856,53.0306406,53.0322984,53.0323983,53.0326314,53.0330173,53.0329692,53.0330663,53.0330893,53.0337262,53.0356870,53.0357330,53.0355420,53.0356030,53.0358480,53.0359050,53.0360079,53.0378197,53.0377247,53.0389106,53.0390965,53.0391626,53.0394375,53.0394295,53.0406424,53.0408984,53.0425732,53.0423862,53.0421612,53.0416723,53.0413483,53.0412563,53.0402494,53.0404744,53.0390215,53.0358549,53.0357334,53.0338972,53.0306476,53.0291778,53.0264163,53.0242488,53.0209436,53.0204078,53.0158211,53.0245817,53.0261002,53.0285347,53.0304345,53.0328377,53.0359307,53.0350852,53.0358015,53.0334578,53.0306547,53.0303419,53.0302389,53.0304907,53.0294111,53.0260959,53.0268016,53.0277821,53.0290601,53.0261226,53.0315684,53.0308803,53.0292493,53.0291844,53.0317657,53.0233523,53.0186048,53.0183878,53.0151581,53.0145556,53.0113525,53.0092362,53.0083749,53.0065079,53.0037768,53.0002840,52.9994082,52.9963508,52.9961588,52.9954096,52.9931418,52.9916273,52.9911578,52.9902259,52.9868708,52.9857851,52.9861641,52.9844921,52.9845465,52.9810996,52.9805124,52.9800064,52.9806990,52.9814339,52.9819005,52.9819352,52.9821706,52.9820265,52.9823961,52.9825508,52.9827721,52.9839988,52.9847577,52.9850807,52.9828007,52.9815936,52.9806247,52.9795554,52.9778175,52.9770215,52.9756202,52.9748868,52.9740940,52.9727563,52.9719510,52.9709605,52.9699226,52.9686889,52.9680248,52.9648151,52.9641559,52.9636319,52.9630953,52.9628710,52.9627520,52.9629260,52.9633298,52.9639787,52.9648542,52.9654423,52.9659162,52.9673707,52.9692921,52.9699187,52.9711447,52.9722045,52.9729801,52.9734055,52.9734728,52.9734456,52.9733474,52.9730342,52.9726036,52.9721610,52.9717277,52.9699656,52.9690533,52.9669352,52.9649374,52.9643998,52.9641647,52.9639600,52.9638401,52.9637672,52.9638316,52.9639937,52.9644084,52.9649101,52.9655252,52.9656019,52.9655786,52.9654228,52.9650869,52.9644184,52.9638607],"pointsy":[9.1599760,9.1605787,9.1628754,9.1637043,9.1632778,9.1628588,9.1637114,9.1641726,9.1689255,9.1703906,9.1704513,9.1707308,9.1722123,9.1732609,9.1746638,9.1762588,9.1775515,9.1785012,9.1792247,9.1807750,9.1811730,9.1833941,9.1848381,9.1863350,9.1896208,9.1911652,9.1918014,9.1946671,9.1967475,9.2006909,9.2026594,9.2026598,9.2029091,9.2023274,9.2068235,9.2069224,9.2135768,9.2166991,9.2184402,9.2226657,9.2305828,9.2307045,9.2313257,9.2329626,9.2347174,9.2351858,9.2361934,9.2364653,9.2385767,9.2397130,9.2402738,9.2410427,9.2418613,9.2421488,9.2422589,9.2451475,9.2474893,9.2477048,9.2488011,9.2485637,9.2480532,9.2463680,9.2457109,9.2455028,9.2448967,9.2440844,9.2439660,9.2441244,9.2441559,9.2440372,9.2441797,9.2444408,9.2444646,9.2442716,9.2437178,9.2435838,9.2438353,9.2439025,9.2436171,9.2432222,9.2432141,9.2431736,9.2426196,9.2420152,9.2420459,9.2442552,9.2466678,9.2488863,9.2520647,9.2537526,9.2563172,9.2585048,9.2574927,9.2561808,9.2555758,9.2538738,9.2525484,9.2532313,9.2566698,9.2581538,9.2591896,9.2601558,9.2589383,9.2578456,9.2571489,9.2548389,9.2553023,9.2583275,9.2589990,9.2607787,9.2607955,9.2653325,9.2651143,9.2678332,9.2680775,9.2676736,9.2695981,9.2708044,9.2712575,9.2720293,9.2730557,9.2723595,9.2725487,9.2729448,9.2743171,9.2771556,9.2780297,9.2808316,9.2821519,9.2836068,9.2861961,9.2870562,9.2888541,9.2908668,9.2901057,9.2896335,9.2890605,9.2878207,9.2855221,9.2852031,9.2835904,9.2812787,9.2805548,9.2798740,9.2792145,9.2786621,9.2778333,9.2768324,9.2745378,9.2743468,9.2720526,9.2711993,9.2678153,9.2667300,9.2645133,9.2624266,9.2604849,9.2597657,9.2590298,9.2549873,9.2545009,9.2531831,9.2494951,9.2489860,9.2488647,9.2482238,9.2475984,9.2473539,9.2469580,9.2441754,9.2441004,9.2390862,9.2391122,9.2348088,9.2343879,9.2316013,9.2311654,9.2294956,9.2292227,9.2280439,9.2280528,9.2280559,9.2274759,9.2273380,9.2250923,9.2250653,9.2221947,9.2206590,9.2206660,9.2171085,9.2158547,9.2144569,9.2105975,9.2104326,9.2049684,9.2047065,9.2046443,9.2040207,9.2028611,9.2019013,9.2019228,9.2022138,9.1957980,9.1947614,9.1858889,9.1756741,9.1739034,9.1726469,9.1716569,9.1709110,9.1689154,9.1660216,9.1649277,9.1594522,9.1614083,9.1617431,9.1624296,9.1639758,9.1649665,9.1601076,9.1585427,9.1595680,9.1568449,9.1501579,9.1340348,9.1328708,9.1302999,9.1301793,9.1270746,9.1113920,9.1111466,9.1044432,9.1046121,9.1067385,9.1064217,9.1060223,9.1058598,9.1056676,9.1050082,9.1034925,9.1032007,9.1025807,9.1025418,9.1042891,9.1027167,9.1108261,9.1105136,9.1096629,9.1086574,9.1065970,9.1039024,9.1028027,9.1022368,9.1025162,9.0952972,9.0884412,9.0886385,9.0885824,9.0867348,9.0859353,9.0848253,9.0822675,9.0810527,9.0801891,9.0799221,9.0782107,9.0769308,9.0758147,9.0743123,9.0738086,9.0736824,9.0738038,9.0743955,9.0749674,9.0764219,9.0774290,9.0789318,9.0828086,9.0844336,9.0860746,9.0874501,9.0890998,9.0900454,9.0944116,9.0955422,9.0966358,9.0983969,9.0995565,9.1007016,9.1020345,9.1031443,9.1040606,9.1045269,9.1047082,9.1045863,9.1042121,9.1036641,9.1037221,9.1040979,9.1052399,9.1065390,9.1079140,9.1087242,9.1101027,9.1116801,9.1129597,9.1141760,9.1151441,9.1158282,9.1178481,9.1185530,9.1211105,9.1243705,9.1259139,9.1268063,9.1278852,9.1288802,9.1300748,9.1311985,9.1332803,9.1357170,9.1389458,9.1429915,9.1444918,9.1459457,9.1474259,9.1490527,9.1516230,9.1536742]}}