{"id":1183252,"name":"Rodewald","polygon":{"numberOfPoints":248,"box":{"min":{"x":52.6228443,"y":9.4036523},"max":{"x":52.7283905,"y":9.5378303},"center":{"x":52.6756174,"y":9.4707413},"area":{"x":0.1055462,"y":0.1341780}},"pointsx":[52.6819602,52.6892741,52.7051787,52.7160589,52.7170781,52.7259239,52.7278943,52.7275939,52.7269567,52.7262575,52.7260785,52.7256746,52.7249986,52.7246287,52.7244110,52.7243617,52.7243997,52.7246437,52.7249361,52.7253143,52.7253657,52.7257926,52.7259836,52.7263566,52.7264636,52.7267425,52.7267155,52.7266886,52.7266316,52.7266586,52.7269936,52.7273145,52.7274825,52.7277795,52.7278876,52.7279245,52.7281425,52.7283105,52.7283745,52.7283905,52.7282375,52.7280585,52.7276976,52.7270667,52.7203144,52.7166298,52.7127883,52.7049751,52.7039453,52.7035524,52.7030564,52.7029574,52.7028885,52.7027635,52.7027445,52.7026985,52.7025286,52.7025773,52.7024333,52.7025076,52.7041042,52.7037752,52.7022554,52.7020884,52.7017976,52.7017216,52.7017066,52.7010577,52.7006158,52.7000008,52.6998219,52.6985400,52.6969262,52.6966442,52.6965142,52.6961793,52.6951334,52.6943974,52.6942635,52.6906654,52.6883184,52.6862355,52.6845965,52.6809925,52.6790160,52.6789826,52.6763615,52.6739778,52.6732178,52.6725959,52.6725349,52.6725319,52.6724860,52.6724550,52.6723830,52.6722570,52.6719900,52.6717800,52.6713261,52.6711962,52.6710321,52.6709291,52.6706512,52.6705672,52.6684914,52.6681824,52.6679955,52.6672256,52.6647228,52.6631740,52.6627661,52.6623421,52.6619762,52.6615262,52.6603158,52.6609468,52.6599044,52.6595085,52.6591575,52.6590735,52.6593705,52.6594555,52.6597065,52.6599266,52.6594245,52.6591291,52.6590493,52.6590287,52.6587646,52.6586656,52.6578757,52.6561129,52.6559029,52.6555489,52.6548160,52.6524353,52.6520002,52.6517114,52.6497466,52.6488727,52.6486477,52.6459280,52.6450961,52.6432043,52.6410986,52.6408846,52.6396147,52.6371850,52.6353952,52.6349642,52.6332657,52.6308968,52.6295788,52.6286243,52.6277810,52.6271331,52.6265695,52.6248655,52.6232597,52.6228443,52.6249988,52.6256532,52.6262441,52.6285208,52.6297537,52.6298227,52.6298947,52.6302916,52.6320804,52.6325154,52.6326684,52.6337892,52.6347121,52.6348271,52.6348381,52.6347931,52.6345601,52.6332633,52.6330383,52.6322754,52.6319924,52.6310465,52.6310195,52.6313255,52.6314355,52.6315005,52.6315764,52.6319284,52.6323364,52.6324043,52.6324883,52.6324950,52.6327363,52.6328053,52.6327633,52.6328433,52.6329803,52.6331062,52.6332172,52.6335952,52.6337932,52.6339881,52.6341671,52.6345871,52.6351020,52.6352700,52.6367188,52.6371617,52.6372607,52.6373557,52.6374397,52.6375547,52.6393745,52.6394695,52.6395685,52.6406293,52.6411323,52.6411633,52.6459149,52.6462538,52.6493096,52.6506752,52.6507766,52.6515039,52.6525357,52.6532968,52.6536012,52.6547174,52.6551910,52.6557153,52.6574741,52.6583614,52.6590130,52.6597740,52.6615496,52.6625811,52.6633758,52.6647216,52.6659415,52.6605310,52.6634947,52.6638653,52.6643555,52.6648478,52.6688165,52.6671360,52.6705971,52.6760659],"pointsy":[9.4036523,9.4073005,9.4156110,9.4212701,9.4218003,9.4093032,9.4079613,9.4085773,9.4098840,9.4113178,9.4119297,9.4137865,9.4172039,9.4195666,9.4220754,9.4226441,9.4232150,9.4246908,9.4275167,9.4311730,9.4316697,9.4363290,9.4373408,9.4386286,9.4390826,9.4402304,9.4409143,9.4415172,9.4458185,9.4476542,9.4519966,9.4553081,9.4572818,9.4608122,9.4616287,9.4623130,9.4644826,9.4672242,9.4687620,9.4700058,9.4724534,9.4739092,9.4763649,9.4806572,9.4808732,9.4809902,9.4811133,9.4811663,9.4906339,9.4942483,9.4987907,9.4994036,9.4999985,9.5010533,9.5012283,9.5014882,9.5019968,9.5033299,9.5047963,9.5047676,9.5041514,9.5064728,9.5064896,9.5088453,9.5096550,9.5103529,9.5118077,9.5119597,9.5119837,9.5119217,9.5119047,9.5116617,9.5112678,9.5112218,9.5110857,9.5107349,9.5085492,9.5070895,9.5070055,9.5076716,9.5070931,9.5064719,9.5059293,9.5046868,9.5041047,9.5110747,9.5114810,9.5118340,9.5120459,9.5120929,9.5178221,9.5180670,9.5182420,9.5183680,9.5185080,9.5185770,9.5185790,9.5186719,9.5190219,9.5191531,9.5193189,9.5194178,9.5196268,9.5194408,9.5208416,9.5211346,9.5213056,9.5218655,9.5235443,9.5246391,9.5248711,9.5250341,9.5250581,9.5249671,9.5252140,9.5283013,9.5289205,9.5293614,9.5298964,9.5301533,9.5324990,9.5327543,9.5333798,9.5341461,9.5342397,9.5343591,9.5346856,9.5347699,9.5347986,9.5349616,9.5350556,9.5352216,9.5350826,9.5351056,9.5352826,9.5358565,9.5360138,9.5360495,9.5365794,9.5368124,9.5368744,9.5376063,9.5378303,9.5373084,9.5367335,9.5366765,9.5363116,9.5356167,9.5351048,9.5349808,9.5345305,9.5332518,9.5314131,9.5275990,9.5244565,9.5221849,9.5201463,9.5211984,9.5225530,9.5168219,9.5085360,9.5065903,9.5047566,9.4999993,9.4974236,9.4973557,9.4973557,9.4976286,9.4979195,9.4978945,9.4978236,9.4963828,9.4951040,9.4948960,9.4947340,9.4945830,9.4943641,9.4937472,9.4935852,9.4928513,9.4925274,9.4915855,9.4914486,9.4896628,9.4891759,9.4890589,9.4890349,9.4892189,9.4893569,9.4893329,9.4891899,9.4891325,9.4870632,9.4867153,9.4859754,9.4852135,9.4844236,9.4839157,9.4833098,9.4824989,9.4820120,9.4813391,9.4809691,9.4798533,9.4784185,9.4778856,9.4729913,9.4706487,9.4702547,9.4700688,9.4699778,9.4699998,9.4717275,9.4717475,9.4716085,9.4686599,9.4674531,9.4672911,9.4572045,9.4564850,9.4513600,9.4491581,9.4472902,9.4451713,9.4449761,9.4444464,9.4451713,9.4459798,9.4458404,9.4451992,9.4406325,9.4417405,9.4422160,9.4424112,9.4443907,9.4442791,9.4444185,9.4453628,9.4402047,9.4337455,9.4280943,9.4281534,9.4278774,9.4273811,9.4297292,9.4366155,9.4366119,9.4131946]}}