{"id":1183268,"name":"Wietzen","polygon":{"numberOfPoints":308,"box":{"min":{"x":52.6583972,"y":9.0060581},"max":{"x":52.7358431,"y":9.1517747},"center":{"x":52.69712015,"y":9.0789164},"area":{"x":0.0774459,"y":0.1457166}},"pointsx":[52.6583972,52.6639154,52.6688330,52.6713606,52.6712540,52.6710753,52.6718150,52.6719414,52.6719964,52.6722775,52.6729890,52.6766249,52.6770985,52.6789319,52.6805213,52.6808048,52.6824955,52.6828728,52.6845692,52.6887523,52.6885380,52.6907393,52.6911205,52.6924030,52.6934235,52.6956500,52.6962670,52.6962935,52.6969973,52.6991625,52.7007032,52.7008596,52.7037943,52.7067187,52.7069370,52.7073742,52.7076506,52.7077226,52.7083969,52.7089028,52.7097038,52.7098804,52.7101434,52.7103532,52.7104847,52.7114511,52.7117130,52.7122216,52.7123459,52.7123815,52.7129004,52.7136149,52.7140556,52.7135472,52.7141404,52.7154372,52.7157964,52.7158394,52.7179580,52.7183751,52.7189636,52.7182128,52.7180947,52.7177605,52.7176524,52.7174589,52.7153954,52.7156350,52.7160417,52.7161422,52.7163131,52.7184393,52.7185415,52.7185451,52.7185487,52.7185824,52.7187228,52.7189041,52.7189117,52.7190916,52.7191218,52.7191458,52.7191599,52.7192317,52.7192385,52.7193487,52.7193625,52.7198281,52.7199868,52.7199368,52.7186292,52.7185433,52.7172626,52.7175603,52.7179523,52.7182776,52.7184493,52.7190102,52.7207239,52.7207867,52.7231103,52.7233915,52.7234203,52.7233982,52.7234745,52.7238252,52.7238614,52.7238358,52.7238832,52.7245049,52.7250749,52.7263339,52.7302625,52.7307678,52.7317446,52.7331774,52.7356436,52.7355131,52.7357505,52.7353003,52.7342118,52.7341709,52.7339008,52.7348949,52.7338128,52.7334588,52.7333546,52.7334877,52.7329828,52.7329469,52.7337944,52.7340896,52.7343905,52.7346105,52.7348767,52.7358431,52.7354612,52.7352132,52.7345757,52.7339565,52.7329313,52.7323332,52.7314103,52.7313615,52.7308846,52.7309851,52.7305232,52.7293886,52.7270622,52.7277268,52.7269029,52.7272713,52.7271436,52.7278785,52.7276914,52.7269614,52.7266824,52.7253493,52.7253439,52.7251047,52.7261977,52.7270303,52.7273819,52.7274288,52.7274705,52.7272742,52.7275008,52.7278005,52.7282937,52.7284019,52.7287446,52.7279162,52.7282505,52.7283863,52.7284007,52.7285416,52.7280557,52.7278561,52.7275513,52.7271566,52.7268233,52.7267824,52.7272804,52.7278564,52.7273818,52.7267492,52.7268041,52.7266995,52.7267028,52.7267863,52.7271346,52.7270178,52.7260541,52.7255972,52.7251079,52.7251618,52.7250704,52.7249206,52.7240969,52.7239823,52.7230850,52.7226372,52.7213736,52.7219993,52.7215574,52.7208984,52.7212487,52.7212408,52.7207082,52.7210684,52.7211339,52.7211029,52.7202333,52.7196692,52.7189029,52.7192688,52.7191910,52.7191843,52.7191335,52.7190719,52.7188324,52.7187486,52.7182439,52.7181444,52.7178247,52.7172692,52.7171177,52.7171031,52.7170421,52.7168181,52.7167252,52.7164042,52.7163402,52.7162862,52.7162562,52.7163172,52.7164772,52.7165762,52.7164732,52.7164652,52.7161559,52.7161310,52.7161653,52.7163606,52.7147088,52.7122373,52.7114102,52.7104401,52.7097577,52.7080905,52.7061960,52.7027678,52.7027275,52.7031444,52.7028443,52.7024878,52.7011789,52.6997205,52.6996645,52.6995722,52.6995122,52.6994314,52.6978259,52.6976859,52.6961769,52.6955806,52.6952993,52.6951510,52.6966791,52.6949895,52.6941378,52.6921204,52.6909167,52.6894497,52.6890274,52.6888425,52.6886603,52.6886187,52.6877434,52.6873835,52.6864556,52.6856337,52.6853763,52.6852066,52.6851508,52.6853174,52.6854244,52.6860430,52.6854827,52.6847562,52.6847490,52.6813197,52.6815321,52.6779729,52.6749806,52.6723378,52.6719220,52.6648675,52.6630533,52.6615491,52.6610738,52.6607791,52.6621995,52.6622543,52.6621778,52.6617355,52.6609197,52.6601092],"pointsy":[9.0921248,9.0932843,9.0944486,9.0871669,9.0792450,9.0697371,9.0702816,9.0701722,9.0703322,9.0704107,9.0702816,9.0692372,9.0689098,9.0655828,9.0677288,9.0808472,9.0833575,9.0834986,9.0841353,9.0825382,9.0885089,9.0927643,9.0933564,9.0962365,9.0985281,9.1007628,9.1028346,9.1029236,9.1052872,9.1090150,9.1088149,9.1089029,9.1124937,9.1159614,9.1160728,9.1160963,9.1159426,9.1159026,9.1179108,9.1194172,9.1189661,9.1188666,9.1189136,9.1190837,9.1192715,9.1226410,9.1235540,9.1253275,9.1249671,9.1249072,9.1240339,9.1228314,9.1235355,9.1243709,9.1253002,9.1233005,9.1239674,9.1240473,9.1219480,9.1219480,9.1252283,9.1280302,9.1282252,9.1284783,9.1285778,9.1291255,9.1297488,9.1303048,9.1312760,9.1313673,9.1313548,9.1308236,9.1309567,9.1312150,9.1314730,9.1317330,9.1328166,9.1341720,9.1342995,9.1373031,9.1376967,9.1380091,9.1382322,9.1391606,9.1392533,9.1407631,9.1409487,9.1456661,9.1474011,9.1474148,9.1477741,9.1474692,9.1479306,9.1483579,9.1499345,9.1500525,9.1501148,9.1503182,9.1509398,9.1509618,9.1517747,9.1487879,9.1487605,9.1487168,9.1479064,9.1439615,9.1439246,9.1438429,9.1433097,9.1428793,9.1424847,9.1416131,9.1386521,9.1367946,9.1330473,9.1319764,9.1312446,9.1291796,9.1285578,9.1280983,9.1275846,9.1267060,9.1260031,9.1246420,9.1200892,9.1196757,9.1189302,9.1184715,9.1163208,9.1161677,9.1170378,9.1172098,9.1172863,9.1174679,9.1179458,9.1165790,9.1161776,9.1135733,9.1137499,9.1133867,9.1117398,9.1108045,9.1110071,9.1112512,9.1114223,9.1126081,9.1133586,9.1119442,9.1094933,9.1080081,9.1070554,9.1063537,9.1053237,9.1046119,9.1040486,9.1037710,9.1039124,9.1041788,9.1041511,9.1029114,9.1015425,9.1004998,9.1000647,9.1000067,9.0999550,9.0987486,9.0986883,9.0986086,9.0987019,9.0987223,9.0984766,9.0951496,9.0948975,9.0933402,9.0915063,9.0903252,9.0891927,9.0885524,9.0877698,9.0866609,9.0844342,9.0831944,9.0826993,9.0818174,9.0806034,9.0809071,9.0787946,9.0774969,9.0773860,9.0745754,9.0726169,9.0721853,9.0704407,9.0700477,9.0698376,9.0682645,9.0677736,9.0673636,9.0653401,9.0651393,9.0635668,9.0640035,9.0610803,9.0605303,9.0586646,9.0547722,9.0541788,9.0541552,9.0525579,9.0516658,9.0510170,9.0501137,9.0471241,9.0426771,9.0381723,9.0377672,9.0376658,9.0376418,9.0376231,9.0374644,9.0363624,9.0362682,9.0351352,9.0352214,9.0341903,9.0323903,9.0318442,9.0314852,9.0309783,9.0294915,9.0284987,9.0252792,9.0246323,9.0239374,9.0235374,9.0227705,9.0212768,9.0202749,9.0197080,9.0190431,9.0174174,9.0159773,9.0155485,9.0136493,9.0115135,9.0080048,9.0068243,9.0060581,9.0078514,9.0094769,9.0157086,9.0144555,9.0145536,9.0148047,9.0155340,9.0151831,9.0184934,9.0220553,9.0221901,9.0224120,9.0223075,9.0221667,9.0200296,9.0199158,9.0222352,9.0231517,9.0235842,9.0238121,9.0267654,9.0294975,9.0286557,9.0299522,9.0289880,9.0269995,9.0269682,9.0273486,9.0277234,9.0276440,9.0266390,9.0262265,9.0251628,9.0224793,9.0204038,9.0190349,9.0185687,9.0162192,9.0147097,9.0128045,9.0123884,9.0149961,9.0176277,9.0189115,9.0197037,9.0174943,9.0186097,9.0195897,9.0173589,9.0199936,9.0410624,9.0398447,9.0452700,9.0492755,9.0488047,9.0489568,9.0490679,9.0544369,9.0639637,9.0730535]}}