{
  "id": 1184561,
  "name": "Dillingen/Saar",
  "polygon": {
    "numberOfPoints": 261,
    "box": {
      "min": {
        "x": 49.3376833,
        "y": 6.6895027
      },
      "max": {
        "x": 49.3959571,
        "y": 6.7784754
      },
      "center": {
        "x": 49.3668202,
        "y": 6.73398905
      },
      "area": {
        "x": 0.0582738,
        "y": 0.0889727
      }
    },
    "pointsx": [
      49.3951263,
      49.3952902,
      49.3953392,
      49.3954841,
      49.3957701,
      49.3959111,
      49.3959461,
      49.3959571,
      49.3959571,
      49.3959531,
      49.3959531,
      49.3959111,
      49.3958051,
      49.3955381,
      49.3944962,
      49.3938053,
      49.3932834,
      49.3930814,
      49.3929624,
      49.3928214,
      49.3923405,
      49.3923145,
      49.3921805,
      49.3920315,
      49.3920285,
      49.3919825,
      49.3908077,
      49.3902277,
      49.3897318,
      49.3892658,
      49.3888349,
      49.3882329,
      49.3877480,
      49.3876600,
      49.3875690,
      49.3876300,
      49.3875230,
      49.3873470,
      49.3873210,
      49.3873700,
      49.3873250,
      49.3871611,
      49.3864781,
      49.3861532,
      49.3860622,
      49.3858252,
      49.3858602,
      49.3858142,
      49.3857602,
      49.3852723,
      49.3849673,
      49.3847003,
      49.3845823,
      49.3834455,
      49.3828305,
      49.3816027,
      49.3802368,
      49.3795959,
      49.3786160,
      49.3776771,
      49.3774751,
      49.3774481,
      49.3774074,
      49.3773911,
      49.3772002,
      49.3770062,
      49.3769332,
      49.3768762,
      49.3768382,
      49.3768572,
      49.3751174,
      49.3749914,
      49.3748844,
      49.3748314,
      49.3742705,
      49.3739575,
      49.3737975,
      49.3735726,
      49.3736036,
      49.3736716,
      49.3723897,
      49.3723327,
      49.3722447,
      49.3721647,
      49.3721457,
      49.3721347,
      49.3721302,
      49.3721150,
      49.3720806,
      49.3710694,
      49.3703104,
      49.3698030,
      49.3693338,
      49.3687693,
      49.3680979,
      49.3676287,
      49.3669841,
      49.3660227,
      49.3649203,
      49.3638981,
      49.3627155,
      49.3617275,
      49.3606442,
      49.3597210,
      49.3591031,
      49.3587712,
      49.3581220,
      49.3580832,
      49.3580614,
      49.3575507,
      49.3553437,
      49.3571004,
      49.3555580,
      49.3544046,
      49.3540076,
      49.3530966,
      49.3522521,
      49.3506616,
      49.3499200,
      49.3487117,
      49.3475129,
      49.3477512,
      49.3470304,
      49.3469895,
      49.3451497,
      49.3434046,
      49.3418921,
      49.3422309,
      49.3449443,
      49.3461895,
      49.3440106,
      49.3433505,
      49.3425933,
      49.3420742,
      49.3417292,
      49.3414502,
      49.3411808,
      49.3409663,
      49.3409161,
      49.3408372,
      49.3407913,
      49.3407247,
      49.3399693,
      49.3392886,
      49.3390381,
      49.3383239,
      49.3376833,
      49.3384322,
      49.3391147,
      49.3396184,
      49.3410111,
      49.3423211,
      49.3434817,
      49.3447224,
      49.3455377,
      49.3458375,
      49.3461307,
      49.3464589,
      49.3473987,
      49.3474029,
      49.3479365,
      49.3486083,
      49.3491177,
      49.3495412,
      49.3503449,
      49.3504411,
      49.3507729,
      49.3512602,
      49.3513734,
      49.3515105,
      49.3516976,
      49.3520979,
      49.3527192,
      49.3530362,
      49.3538996,
      49.3546118,
      49.3549655,
      49.3554527,
      49.3558737,
      49.3566964,
      49.3576881,
      49.3586138,
      49.3592121,
      49.3596241,
      49.3595656,
      49.3609154,
      49.3618482,
      49.3620600,
      49.3615420,
      49.3612985,
      49.3612051,
      49.3611415,
      49.3625265,
      49.3629876,
      49.3634709,
      49.3638295,
      49.3641842,
      49.3642699,
      49.3645296,
      49.3653802,
      49.3659721,
      49.3665471,
      49.3669536,
      49.3673717,
      49.3676652,
      49.3677946,
      49.3683306,
      49.3698213,
      49.3701730,
      49.3707728,
      49.3704767,
      49.3709157,
      49.3708571,
      49.3711391,
      49.3716362,
      49.3718321,
      49.3723139,
      49.3727702,
      49.3729321,
      49.3732056,
      49.3734575,
      49.3745756,
      49.3748220,
      49.3751883,
      49.3755165,
      49.3759018,
      49.3759794,
      49.3775235,
      49.3773774,
      49.3770996,
      49.3776866,
      49.3785239,
      49.3786213,
      49.3801722,
      49.3812246,
      49.3818454,
      49.3819562,
      49.3828950,
      49.3831109,
      49.3842160,
      49.3846232,
      49.3856048,
      49.3874252,
      49.3867253,
      49.3870246,
      49.3862370,
      49.3858194,
      49.3854517,
      49.3850119,
      49.3859205,
      49.3867607,
      49.3874914,
      49.3877868,
      49.3889701,
      49.3891503,
      49.3898067,
      49.3906687,
      49.3910909,
      49.3929945,
      49.3928857,
      49.3949157
    ],