{
  "id": 1184562,
  "name": "Wadgassen",
  "polygon": {
    "numberOfPoints": 187,
    "box": {
      "min": {
        "x": 49.2189017,
        "y": 6.7196376
      },
      "max": {
        "x": 49.2741027,
        "y": 6.8382887
      },
      "center": {
        "x": 49.2465022,
        "y": 6.77896315
      },
      "area": {
        "x": 0.0552010,
        "y": 0.1186511
      }
    },
    "pointsx": [
      49.2189017,
      49.2227015,
      49.2231015,
      49.2235324,
      49.2238454,
      49.2245173,
      49.2246243,
      49.2258102,
      49.2265581,
      49.2267221,
      49.2269660,
      49.2271800,
      49.2272980,
      49.2282939,
      49.2282359,
      49.2281029,
      49.2276410,
      49.2263061,
      49.2261421,
      49.2258632,
      49.2255542,
      49.2244253,
      49.2237165,
      49.2234564,
      49.2234374,
      49.2234754,
      49.2234524,
      49.2233115,
      49.2228115,
      49.2228115,
      49.2229455,
      49.2234414,
      49.2249903,
      49.2251812,
      49.2252342,
      49.2255582,
      49.2255812,
      49.2279849,
      49.2281179,
      49.2284199,
      49.2324914,
      49.2343562,
      49.2360656,
      49.2355985,
      49.2353100,
      49.2351423,
      49.2346114,
      49.2342285,
      49.2337942,
      49.2334181,
      49.2332202,
      49.2335927,
      49.2335495,
      49.2338361,
      49.2337417,
      49.2338505,
      49.2337309,
      49.2341068,
      49.2342941,
      49.2346682,
      49.2347522,
      49.2335906,
      49.2347672,
      49.2365560,
      49.2367810,
      49.2376509,
      49.2379319,
      49.2380938,
      49.2383325,
      49.2392152,
      49.2398540,
      49.2398176,
      49.2398027,
      49.2397344,
      49.2396897,
      49.2396069,
      49.2394964,
      49.2394787,
      49.2394857,
      49.2395788,
      49.2396576,
      49.2397716,
      49.2398516,
      49.2403563,
      49.2405245,
      49.2406281,
      49.2406605,
      49.2407945,
      49.2410313,
      49.2438832,
      49.2442932,
      49.2445265,
      49.2446431,
      49.2450440,
      49.2503535,
      49.2504374,
      49.2508694,
      49.2530835,
      49.2555419,
      49.2555689,
      49.2561718,
      49.2569647,
      49.2579796,
      49.2580706,
      49.2581206,
      49.2582926,
      49.2571137,
      49.2561218,
      49.2560865,
      49.2559498,
      49.2560688,
      49.2561068,
      49.2565258,
      49.2564578,
      49.2567502,
      49.2568657,
      49.2580257,
      49.2615612,
      49.2634150,
      49.2641899,
      49.2644839,
      49.2648188,
      49.2648878,
      49.2650058,
      49.2655857,
      49.2670816,
      49.2684054,
      49.2685464,
      49.2688244,
      49.2688704,
      49.2693813,
      49.2698188,
      49.2699468,
      49.2698125,
      49.2700067,
      49.2705103,
      49.2712259,
      49.2733795,
      49.2740367,
      49.2741027,
      49.2739741,
      49.2733238,
      49.2732454,
      49.2724475,
      49.2708336,
      49.2620091,
      49.2602800,
      49.2617676,
      49.2547265,
      49.2543579,
      49.2522554,
      49.2516181,
      49.2509504,
      49.2507976,
      49.2520228,
      49.2538233,
      49.2539568,
      49.2537646,
      49.2523645,
      49.2520594,
      49.2509655,
      49.2497773,
      49.2495015,
      49.2493868,
      49.2484235,
      49.2477276,
      49.2468687,
      49.2456500,
      49.2449772,
      49.2443552,
      49.2435633,
      49.2433503,
      49.2429873,
      49.2424034,
      49.2413663,
      49.2392796,
      49.2380917,
      49.2366500,
      49.2324802,
      49.2284859,
      49.2261601,
      49.2254645,
      49.2242726,
      49.2229204,
      49.2213359,
      49.2199229,
      49.2190114
    ],
    "pointsy": [
      6.7232312,
      6.7296973,
      6.7301762,
      6.7310611,
      6.7322489,
      6.7333927,
      6.7337347,
      6.7351735,
      6.7359124,
      6.7362943,
      6.7373222,
      6.7377031,
      6.7378831,
      6.7389839,
      6.7391859,
      6.7393089,
      6.7394998,
      6.7397428,
      6.7410396,
      6.7427854,
      6.7443292,
      6.7533969,
      6.7568686,
      6.7607188,
      6.7616907,
      6.7634934,
      6.7640394,
      6.7646283,
      6.7670459,
      6.7671489,
      6.7674479,
      6.7683927,
      6.7723152,
      6.7726771,
      6.7729391,
      6.7763626,
      6.7764646,
      6.7820068,
      6.7820848,
      6.7821418,
      6.7848318,
      6.7881057,
      6.7921022,
      6.7936337,
      6.7936585,
      6.7936018,
      6.7939412,
      6.7939648,
      6.7937657,
      6.7937243,
      6.7952428,
      6.7954328,
      6.7955901,
      6.7957793,
      6.7960295,
      6.7962661,
      6.7965605,
      6.7969866,
      6.7966553,
      6.7970756,
      6.7972256,
      6.7984076,
      6.7983985,
      6.7986334,
      6.7985694,
      6.7977265,
      6.7974064,
      6.7972244,
      6.7969980,
      6.7971878,
      6.7973969,
      6.7977415,
      6.7978956,
      6.7986022,
      6.7990493,
      6.7998455,
      6.8013853,
      6.8021659,
      6.8031048,
      6.8042817,
      6.8050445,
      6.8057884,
      6.8063363,
      6.8086808,
      6.8095333,
      6.8099939,
      6.8101838,
      6.8108097,
      6.8110522,
      6.8138199,
      6.8141970,
      6.8143980,
      6.8144552,
      6.8148521,
      6.8201753,
      6.8202633,
      6.8205703,
      6.8220084,
      6.8233599,
      6.8234539,
      6.8254816,
      6.8281522,
      6.8315597,
      6.8318677,
      6.8320326,
      6.8326075,
      6.8335274,
      6.8336534,
      6.8336579,
      6.8336754,
      6.8353192,
      6.8358631,
      6.8368000,
      6.8369829,
      6.8379190,
      6.8382887,
      6.8369182,
      6.8326575,
      6.8305648,
      6.8296220,
      6.8293520,
      6.8290450,
      6.8290700,
      6.8291210,
      6.8284651,
      6.8266394,
      6.8246957,
      6.8241457,
      6.8232639,
      6.8231109,
      6.8218061,
      6.8204228,
      6.8192567,
      6.8140616,
      6.8101940,
      6.8043974,
      6.8021810,
      6.7952131,
      6.7910219,
      6.7837692,
      6.7804914,
      6.7805556,
      6.7816668,
      6.7816554,
      6.7799211,
      6.7665632,
      6.7636518,
      6.7624638,
      6.7560070,
      6.7564433,
      6.7562233,
      6.7558626,
      6.7554976,
      6.7536290,
      6.7507032,
      6.7467121,
      6.7452691,
      6.7450615,
      6.7444604,
      6.7442626,
      6.7440967,
      6.7438735,
      6.7416914,
      6.7380586,
      6.7360429,
      6.7356513,
      6.7354503,
      6.7355346,
      6.7353531,
      6.7358976,
      6.7359927,
      6.7330627,
      6.7316468,
      6.7294705,
      6.7253371,
      6.7250880,
      6.7249423,
      6.7247077,
      6.7241751,
      6.7237639,
      6.7234874,
      6.7234562,
      6.7223816,
      6.7212334,
      6.7196376,
      6.7217714,
      6.7231778
    ]
  }
}