{
  "id": 1185613,
  "name": "Hatten",
  "polygon": {
    "numberOfPoints": 482,
    "box": {
      "min": {
        "x": 52.9919588,
        "y": 8.2110702
      },
      "max": {
        "x": 53.1072931,
        "y": 8.4336560
      },
      "center": {
        "x": 53.04962595,
        "y": 8.3223631
      },
      "area": {
        "x": 0.1153343,
        "y": 0.2225858
      }
    },
    "pointsx": [
      52.9991306,
      52.9987779,
      52.9984712,
      52.9983064,
      52.9982000,
      52.9979530,
      52.9977279,
      52.9975839,
      52.9974945,
      52.9973315,
      52.9971213,
      52.9968372,
      52.9965899,
      52.9962990,
      52.9961001,
      52.9957155,
      52.9952764,
      52.9948441,
      52.9944134,
      52.9940001,
      52.9934754,
      52.9925227,
      52.9922014,
      52.9922928,
      52.9919588,
      52.9924638,
      52.9933290,
      52.9933327,
      52.9948453,
      52.9963788,
      52.9944236,
      52.9962926,
      52.9976152,
      52.9980177,
      53.0008326,
      53.0010669,
      53.0007474,
      53.0003002,
      53.0005771,
      53.0012996,
      53.0015446,
      53.0017113,
      53.0018228,
      53.0014253,
      53.0030822,
      53.0029864,
      53.0030396,
      53.0056695,
      53.0093299,
      53.0145381,
      53.0204368,
      53.0229210,
      53.0231103,
      53.0233337,
      53.0341994,
      53.0557168,
      53.0585725,
      53.0587579,
      53.0582585,
      53.0584515,
      53.0587787,
      53.0592838,
      53.0595175,
      53.0578850,
      53.0576872,
      53.0577419,
      53.0573325,
      53.0568692,
      53.0564550,
      53.0577726,
      53.0579943,
      53.0581583,
      53.0583640,
      53.0588958,
      53.0596108,
      53.0599348,
      53.0603060,
      53.0607562,
      53.0610409,
      53.0612345,
      53.0618353,
      53.0623517,
      53.0627688,
      53.0633315,
      53.0635168,
      53.0638492,
      53.0648701,
      53.0655487,
      53.0659662,
      53.0663093,
      53.0665251,
      53.0666080,
      53.0667172,
      53.0650895,
      53.0673005,
      53.0671544,
      53.0670819,
      53.0671483,
      53.0673542,
      53.0676726,
      53.0686622,
      53.0685271,
      53.0665823,
      53.0681672,
      53.0697424,
      53.0710205,
      53.0728730,
      53.0742526,
      53.0762613,
      53.0777462,
      53.0791616,
      53.0802569,
      53.0808443,
      53.0810505,
      53.0809959,
      53.0848782,
      53.0859200,
      53.0871463,
      53.0879290,
      53.0885233,
      53.0897301,
      53.0904749,
      53.0910650,
      53.0922675,
      53.0939451,
      53.0969058,
      53.1019386,
      53.1027718,
      53.1064946,
      53.1069707,
      53.1072931,
      53.1070379,
      53.1069922,
      53.1063202,
      53.1062934,
      53.1062089,
      53.1057102,
      53.1053633,
      53.1053442,
      53.1051171,
      53.1050393,
      53.1049823,
      53.1048522,
      53.1044664,
      53.1043484,
      53.1038604,
      53.1034485,
      53.1034059,
      53.1000719,
      53.0982491,
      53.0972816,
      53.0971382,
      53.0965861,
      53.0965663,
      53.0963563,
      53.0963373,
      53.0960895,
      53.0950174,
      53.0947354,
      53.0945145,
      53.0944605,
      53.0942085,
      53.0938965,
      53.0937435,
      53.0936286,
      53.0935946,
      53.0933966,
      53.0931146,
      53.0930336,
      53.0927786,
      53.0926987,
      53.0910848,
      53.0905359,
      53.0904939,
      53.0885901,
      53.0884333,
      53.0884379,
      53.0883843,
      53.0882311,
      53.0881131,
      53.0865143,
      53.0868772,
      53.0858124,
      53.0846495,
      53.0840965,
      53.0838216,
      53.0832526,
      53.0832376,
      53.0832165,
      53.0832148,
      53.0830858,
      53.0828440,
      53.0818059,
      53.0814369,
      53.0805424,
      53.0798304,
      53.0796044,
      53.0792667,
      53.0787443,
      53.0783337,
      53.0780400,
      53.0762526,
      53.0761975,
      53.0750153,
      53.0752825,
      53.0749417,
      53.0742383,
      53.0742383,
      53.0750953,
      53.0749114,
      53.0730375,
      53.0730756,
      53.0728270,
      53.0723102,
      53.0715733,
      53.0710261,
      53.0692165,
      53.0688736,
      53.0681105,
      53.0677061,
      53.0671077,
      53.0669041,
      53.0666577,
      53.0663399,
      53.0657223,
      53.0639604,
      53.0638327,
      53.0631045,
      53.0621762,
      53.0620775,
      53.0603197,
      53.0602571,
      53.0580817,
      53.0577696,
      53.0575227,
      53.0571996,
      53.0570320,
      53.0569145,
      53.0566038,
      53.0563134,
      53.0559112,
      53.0555662,
      53.0553540,
      53.0552804,
      53.0551280,
      53.0540654,
      53.0530811,
      53.0529753,
      53.0528377,
      53.0513261,
      53.0510867,
      53.0509865,
      53.0509031,
      53.0508476,
      53.0508167,
      53.0507658,
      53.0499860,
      53.0492710,
      53.0466888,
      53.0460916,
      53.0445997,
      53.0440104,
      53.0439266,
      53.0429693,
      53.0414795,
      53.0411305,
      53.0411608,
      53.0413654,
      53.0411712,
      53.0412863,
      53.0411225,
      53.0406975,
      53.0405862,
      53.0397729,
      53.0387240,
      53.0386111,
      53.0385405,
      53.0347166,
      53.0343035,
      53.0340030,
      53.0337967,
      53.0336573,
      53.0330443,
      53.0327712,
      53.0325534,
      53.0324459,
      53.0318997,
      53.0317545,
      53.0315046,
      53.0311357,
      53.0309294,
      53.0305081,
      53.0301886,
      53.0297266,
      53.0291194,
      53.0282565,
      53.0279282,
      53.0274866,
      53.0272774,
      53.0271205,
      53.0269689,
      53.0268313,
      53.0267021,
      53.0259683,
      53.0255600,
      53.0251123,
      53.0248401,
      53.0244864,
      53.0240437,
      53.0234379,
      53.0228533,
      53.0219678,
      53.0214594,
      53.0210590,
      53.0208691,
      53.0204108,
      53.0201116,
      53.0199221,
      53.0196297,
      53.0193867,
      53.0192946,
      53.0192815,
      53.0192727,
      53.0192592,
      53.0192532,
      53.0192518,
      53.0192564,
      53.0192674,
      53.0192734,
      53.0192751,
      53.0192727,
      53.0192642,
      53.0191205,
      53.0189616,
      53.0186336,
      53.0182986,
      53.0181681,
      53.0178621,
      53.0176180,
      53.0173881,
      53.0170395,
      53.0167297,
      53.0163767,
      53.0162297,
      53.0158728,
      53.0157177,
      53.0155460,
      53.0148079,
      53.0143029,
      53.0142230,
      53.0141533,
      53.0140044,
      53.0138818,
      53.0138265,
      53.0138398,
      53.0139010,
      53.0138979,
      53.0138753,
      53.0138184,
      53.0137257,
      53.0135721,
      53.0133000,
      53.0129902,
      53.0125825,
      53.0122697,
      53.0121726,
      53.0121777,
      53.0121145,
      53.0120404,
      53.0117513,
      53.0116319,
      53.0112256,
      53.0109301,
      53.0105163,
      53.0102259,
      53.0096029,
      53.0092458,
      53.0090803,
      53.0089199,
      53.0088786,
      53.0088983,
      53.0089510,
      53.0091216,
      53.0092891,
      53.0095590,
      53.0099731,
      53.0102008,
      53.0103533,
      53.0104789,
      53.0107225,
      53.0109998,
      53.0111673,
      53.0113096,
      53.0113954,
      53.0114571,
      53.0115546,
      53.0115793,
      53.0115227,
      53.0114279,
      53.0112854,
      53.0111060,
      53.0107926,
      53.0102086,
      53.0099673,
      53.0098282,
      53.0098059,
      53.0097998,
      53.0097610,
      53.0096655,
      53.0094933,
      53.0093443,
      53.0091646,
      53.0089771,
      53.0087040,
      53.0084743,
      53.0084662,
      53.0086610,
      53.0090771,
      53.0092885,
      53.0093947,
      53.0093895,
