{
  "id": 1187427,
  "name": "Filsum",
  "polygon": {
    "numberOfPoints": 192,
    "box": {
      "min": {
        "x": 53.2224961,
        "y": 7.5910126
      },
      "max": {
        "x": 53.2816421,
        "y": 7.6920741
      },
      "center": {
        "x": 53.2520691,
        "y": 7.64154335
      },
      "area": {
        "x": 0.0591460,
        "y": 0.1010615
      }
    },
    "pointsx": [
      53.2473859,
      53.2473029,
      53.2469976,
      53.2461236,
      53.2457941,
      53.2452015,
      53.2449993,
      53.2447962,
      53.2443788,
      53.2442319,
      53.2439583,
      53.2431229,
      53.2428316,
      53.2417873,
      53.2412601,
      53.2406546,
      53.2412583,
      53.2403564,
      53.2400343,
      53.2392893,
      53.2376288,
      53.2363928,
      53.2353944,
      53.2345512,
      53.2329577,
      53.2322416,
      53.2321604,
      53.2312821,
      53.2313394,
      53.2323190,
      53.2325280,
      53.2326925,
      53.2327873,
      53.2327989,
      53.2327622,
      53.2326578,
      53.2320210,
      53.2315972,
      53.2310804,
      53.2305657,
      53.2303566,
      53.2301457,
      53.2299018,
      53.2297509,
      53.2296386,
      53.2296270,
      53.2297625,
      53.2298806,
      53.2301147,
      53.2304710,
      53.2314404,
      53.2316049,
      53.2317365,
      53.2317715,
      53.2317385,
      53.2316515,
      53.2314945,
      53.2303593,
      53.2294751,
      53.2284894,
      53.2277152,
      53.2272709,
      53.2270722,
      53.2268944,
      53.2266199,
      53.2261910,
      53.2241383,
      53.2230270,
      53.2225824,
      53.2224961,
      53.2316491,
      53.2288184,
      53.2299409,
      53.2321744,
      53.2321887,
      53.2333335,
      53.2355733,
      53.2372882,
      53.2394680,
      53.2406019,
      53.2420010,
      53.2431988,
      53.2446823,
      53.2454337,
      53.2458996,
      53.2461523,
      53.2462739,
      53.2465245,
      53.2469342,
      53.2484893,
      53.2492726,
      53.2496612,
      53.2499256,
      53.2505165,
      53.2510876,
      53.2513291,
      53.2517872,
      53.2528353,
      53.2531639,
      53.2538339,
      53.2540248,
      53.2533977,
      53.2533522,
      53.2532559,
      53.2533303,
      53.2527468,
      53.2526450,
      53.2534778,
      53.2534928,
      53.2536773,
      53.2533709,
      53.2543370,
      53.2558182,
      53.2643827,
      53.2649622,
      53.2730742,
      53.2753273,
      53.2762285,
      53.2789319,
      53.2769007,
      53.2769371,
      53.2754287,
      53.2748972,
      53.2747474,
      53.2747044,
      53.2738720,
      53.2754566,
      53.2754770,
      53.2756056,
      53.2767808,
      53.2767443,
      53.2770327,
      53.2780308,
      53.2800815,
      53.2816421,
      53.2816071,
      53.2814925,
      53.2812589,
      53.2802545,
      53.2794705,
      53.2787743,
      53.2774485,
      53.2771281,
      53.2767843,
      53.2766666,
      53.2765728,
      53.2763397,
      53.2759899,
      53.2758368,
      53.2757190,
      53.2756310,
      53.2755464,
      53.2751416,
      53.2743083,
      53.2725849,
      53.2726620,
      53.2725070,
      53.2711581,
      53.2679258,
      53.2662214,
      53.2655295,
      53.2644567,
      53.2637052,
      53.2629440,
      53.2620636,
      53.2615620,
      53.2612936,
      53.2609273,
      53.2605922,
      53.2571277,
      53.2566621,
      53.2566004,
      53.2564893,
      53.2565169,
      53.2564948,
      53.2558715,
      53.2553228,
      53.2546463,
      53.2539523,
      53.2535525,
      53.2534712,
      53.2531598,
      53.2529818,
      53.2528509,
      53.2527803,
      53.2522256,
      53.2518430,
      53.2516549,
      53.2502757,
      53.2484301,
      53.2481910,
      53.2479902
    ],
    "pointsy": [
      7.5969382,
      7.5969749,
      7.5970648,
      7.5972200,
      7.5971803,
      7.5969190,
      7.5968858,
      7.5969672,
      7.5973466,
      7.5973884,
      7.5973230,
      7.5969099,
      7.5966805,
      7.5954904,
      7.5948897,
      7.5944446,
      7.5919970,
      7.5913756,
      7.5911701,
      7.5911481,
      7.5910740,
      7.5910126,
      7.5922906,
      7.5932154,
      7.5950498,
      7.5960798,
      7.5958555,
      7.5972625,
      7.5978559,
      7.5976017,
      7.5976243,
      7.5976955,
      7.5978636,
      7.5980931,
      7.5983291,
      7.5985812,
      7.5996321,
      7.6005664,
      7.6016107,
      7.6024933,
      7.6029233,
      7.6035150,
      7.6042392,
      7.6050183,
      7.6058880,
      7.6067610,
      7.6077276,
      7.6084098,
      7.6090306,
      7.6096458,
      7.6110016,
      7.6113831,
      7.6118098,
      7.6122722,
      7.6126840,
      7.6130948,
      7.6135025,
      7.6148246,
      7.6151834,
      7.6150480,
      7.6157763,
      7.6172363,
      7.6186034,
      7.6217308,
      7.6230150,
      7.6240327,
      7.6273959,
      7.6296148,
      7.6309164,
      7.6315279,
      7.6385066,
      7.6596428,
      7.6697605,
      7.6718879,
      7.6725779,
      7.6736168,
      7.6758828,
      7.6775310,
      7.6796505,
      7.6807774,
      7.6821358,
      7.6833461,
      7.6847921,
      7.6854873,
      7.6860076,
      7.6862420,
      7.6863252,
      7.6864966,
      7.6866481,
      7.6873818,
      7.6877247,
      7.6879243,
      7.6881116,
      7.6885611,
      7.6883959,
      7.6890047,
      7.6896853,
      7.6911398,
      7.6920741,
      7.6919943,
      7.6886887,
      7.6888255,
      7.6886492,
      7.6886371,
      7.6877875,
      7.6879980,
      7.6869595,
      7.6865256,
      7.6854053,
      7.6818151,
      7.6774476,
      7.6759405,
      7.6749716,
      7.6751869,
      7.6768017,
      7.6893967,
      7.6879973,
      7.6896120,
      7.6854137,
      7.6828493,
      7.6828035,
      7.6797908,
      7.6787037,
      7.6784510,
      7.6784880,
      7.6767857,
      7.6746952,
      7.6747410,
      7.6745676,
      7.6731073,
      7.6730027,
      7.6727072,
      7.6714536,
      7.6688778,
      7.6670936,
      7.6669292,
      7.6665322,
      7.6659606,
      7.6645247,
      7.6629172,
      7.6614900,
      7.6606394,
      7.6599411,
      7.6591645,
      7.6589850,
      7.6587933,
      7.6584175,
      7.6579175,
      7.6576627,
      7.6573555,
      7.6570374,
      7.6567259,
      7.6554940,
      7.6486963,
      7.6453228,
      7.6443483,
      7.6421030,
      7.6393145,
      7.6361210,
      7.6323760,
      7.6300935,
      7.6287076,
      7.6284050,
      7.6280220,
      7.6276171,
      7.6272675,
      7.6269589,
      7.6263336,
      7.6257038,
      7.6190454,
      7.6171182,
      7.6161152,
      7.6143294,
      7.6133611,
      7.6124422,
      7.6100148,
      7.6083599,
      7.6065961,
      7.6037404,
      7.6022175,
      7.6018906,
      7.6006382,
      7.5999754,
      7.5993860,
      7.5991531,
      7.5983165,
      7.5977757,
      7.5976664,
      7.5972237,
      7.5965544,
      7.5965172,
      7.5965727
    ]
  }
}