{
  "numberOfPolygons": 1,
  "box": {
    "min": {
      "x": 53.7496925,
      "y": 7.6659842
    },
    "max": {
      "x": 53.7823239,
      "y": 7.8167354
    },
    "center": {
      "x": 53.7660082,
      "y": 7.7413598
    }
  },
  "polygons": [
    {
      "numberOfPoints": 223,
      "box": {
        "min": {
          "x": 53.7496925,
          "y": 7.6659842
        },
        "max": {
          "x": 53.7823239,
          "y": 7.8167354
        },
        "center": {
          "x": 53.7660082,
          "y": 7.7413598
        }
      },
      "pointsx": [
        53.7641398,
        53.7643253,
        53.7643254,
        53.7653184,
        53.7656602,
        53.7656614,
        53.7656628,
        53.7656021,
        53.7643479,
        53.7632002,
        53.7622552,
        53.7620642,
        53.7620292,
        53.7628611,
        53.7630401,
        53.7631591,
        53.7631591,
        53.7627431,
        53.7620872,
        53.7616712,
        53.7612433,
        53.7610763,
        53.7610873,
        53.7609124,
        53.7606944,
        53.7603624,
        53.7601715,
        53.7598015,
        53.7595425,
        53.7597785,
        53.7600535,
        53.7601375,
        53.7602215,
        53.7601945,
        53.7600875,
        53.7600075,
        53.7599815,
        53.7601145,
        53.7605534,
        53.7608734,
        53.7614463,
        53.7621093,
        53.7629912,
        53.7633261,
        53.7639561,
        53.7649400,
        53.7661458,
        53.7668818,
        53.7673817,
        53.7685336,
        53.7690945,
        53.7694985,
        53.7699644,
        53.7701394,
        53.7703534,
        53.7703074,
        53.7702734,
        53.7700324,
        53.7696515,
        53.7690606,
        53.7689876,
        53.7695105,
        53.7699755,
        53.7705094,
        53.7709483,
        53.7709633,
        53.7705554,
        53.7704024,
        53.7707954,
        53.7711883,
        53.7715813,
        53.7714973,
        53.7712113,
        53.7714092,
        53.7716788,
        53.7721638,
        53.7728292,
        53.7736761,
        53.7744010,
        53.7745530,
        53.7747549,
        53.7753509,
        53.7766017,
        53.7769217,
        53.7772536,
        53.7775056,
        53.7777076,
        53.7776816,
        53.7775896,
        53.7778146,
        53.7779786,
        53.7786925,
        53.7790014,
        53.7793024,
        53.7795044,
        53.7796913,
        53.7799203,
        53.7802753,
        53.7803933,
        53.7803473,
        53.7802753,
        53.7803592,
        53.7804432,
        53.7803822,
        53.7802413,
        53.7802182,
        53.7802862,
        53.7803822,
        53.7803252,
        53.7802182,
        53.7801342,
        53.7799093,
        53.7796683,
        53.7793483,
        53.7793823,
        53.7794323,
        53.7799052,
        53.7806452,
        53.7811341,
        53.7816330,
        53.7815840,
        53.7815610,
        53.7817560,
        53.7818360,
        53.7819880,
        53.7820720,
        53.7821220,
        53.7822629,
        53.7823089,
        53.7823239,
        53.7821329,
        53.7820610,
        53.7820380,
        53.7818470,
        53.7815490,
        53.7814040,
        53.7814040,
        53.7812980,
        53.7812520,
        53.7814770,
        53.7812860,
        53.7809770,
        53.7807181,
        53.7804201,
        53.7801911,
        53.7801451,
        53.7800391,
        53.7796462,
        53.7794892,
        53.7789443,
        53.7784103,
        53.7776704,
        53.7773384,
        53.7768995,
        53.7744847,
        53.7720810,
        53.7703192,
        53.7683084,
        53.7666306,
        53.7661457,
        53.7652148,
        53.7643609,
        53.7639679,
        53.7634180,
        53.7622431,
        53.7614572,
        53.7600534,
        53.7594354,
        53.7560938,
        53.7547969,
        53.7536071,
        53.7531641,
        53.7531071,
        53.7528322,
        53.7526072,
        53.7525582,
        53.7524392,
        53.7523212,
        53.7521653,
        53.7520693,
        53.7496925,
        53.7497155,
        53.7517263,
        53.7515583,
        53.7515813,
        53.7518673,
        53.7521533,
        53.7528442,
        53.7533431,
        53.7535231,
        53.7537021,
        53.7538771,
        53.7540571,
        53.7542250,
        53.7545790,
        53.7552589,
        53.7555679,
        53.7559149,
        53.7562698,
        53.7564718,
        53.7565668,
        53.7567118,
        53.7571167,
        53.7572457,
        53.7568417,
        53.7568418,
        53.7572687,
        53.7573187,
        53.7575437,
        53.7579826,
        53.7586266,
        53.7587335,
        53.7587455,
        53.7585886,
        53.7584706,
        53.7587455,
        53.7589585,
        53.7616212,
        53.7616712,
        53.7627899,
        53.7631874,
        53.7638778,
        53.7640680
      ],