{
  "numberOfPolygons": 1,
  "box": {
    "min": {
      "x": 53.1773700,
      "y": 7.5108381
    },
    "max": {
      "x": 53.2379656,
      "y": 7.7346501
    },
    "center": {
      "x": 53.2076678,
      "y": 7.6227441
    }
  },
  "polygons": [
    {
      "numberOfPoints": 496,
      "box": {
        "min": {
          "x": 53.1773700,
          "y": 7.5108381
        },
        "max": {
          "x": 53.2379656,
          "y": 7.7346501
        },
        "center": {
          "x": 53.2076678,
          "y": 7.6227441
        }
      },
      "pointsx": [
        53.2017581,
        53.2017755,
        53.2017068,
        53.2015220,
        53.2014587,
        53.2015621,
        53.2017806,
        53.2026396,
        53.2030974,
        53.2031575,
        53.2030711,
        53.2028488,
        53.2024956,
        53.2018472,
        53.2011182,
        53.2005393,
        53.1999667,
        53.1997299,
        53.1995885,
        53.1995422,
        53.1996486,
        53.1996871,
        53.1996190,
        53.1993443,
        53.1989275,
        53.1983487,
        53.1977819,
        53.1973718,
        53.1964254,
        53.1956624,
        53.1948789,
        53.1946588,
        53.1953213,
        53.1967885,
        53.1984885,
        53.1994239,
        53.2007866,
        53.2017288,
        53.2024444,
        53.2032502,
        53.2063830,
        53.2061805,
        53.2094537,
        53.2084677,
        53.2121739,
        53.2144031,
        53.1963809,
        53.1965759,
        53.1893219,
        53.1864858,
        53.1847234,
        53.1830965,
        53.1809922,
        53.1809922,
        53.1802637,
        53.1794481,
        53.1787538,
        53.1789929,
        53.1790212,
        53.1792646,
        53.1793417,
        53.1797802,
        53.1798547,
        53.1799985,
        53.1799674,
        53.1800816,
        53.1801145,
        53.1801235,
        53.1801507,
        53.1805206,
        53.1808066,
        53.1812375,
        53.1812335,
        53.1817255,
        53.1818325,
        53.1816615,
        53.1813825,
        53.1812335,
        53.1810506,
        53.1808406,
        53.1808146,
        53.1809096,
        53.1811346,
        53.1814205,
        53.1814855,
        53.1810466,
        53.1810086,
        53.1809896,
        53.1808446,
        53.1807646,
        53.1803067,
        53.1798241,
        53.1792308,
        53.1785219,
        53.1775450,
        53.1773850,
        53.1773700,
        53.1774460,
        53.1779489,
        53.1779909,
        53.1781019,
        53.1782089,
        53.1783309,
        53.1784569,
        53.1788538,
        53.1790788,
        53.1793338,
        53.1800017,
        53.1802877,
        53.1804867,
        53.1803907,
        53.1801737,
        53.1795978,
        53.1793188,
        53.1791398,
        53.1791468,
        53.1792538,
        53.1795628,
        53.1796238,
        53.1796618,
        53.1799907,
        53.1801767,
        53.1801767,
        53.1798717,
        53.1797847,
        53.1794408,
        53.1792308,
        53.1786859,
        53.1785639,
        53.1785559,
        53.1785679,
        53.1786439,
        53.1787349,
        53.1790058,
        53.1793568,
        53.1796088,
        53.1798837,
        53.1792008,
        53.1790598,
        53.1790098,
        53.1790218,
        53.1790558,
        53.1793308,
        53.1796618,
        53.1798947,
        53.1802187,
        53.1807876,
        53.1809366,
        53.1810276,
        53.1809976,
        53.1808366,
        53.1806537,
        53.1801507,
        53.1798228,
        53.1795938,
        53.1793648,
        53.1791738,
        53.1788839,
        53.1790139,
        53.1797998,
        53.1802227,
        53.1817455,
        53.1825275,
        53.1826644,
        53.1858151,
        53.1868570,
        53.1898546,
        53.1903750,
        53.1936772,
        53.1946621,
        53.1976761,
        53.1987086,
        53.2024172,
        53.2029581,
        53.2045797,
        53.2048389,
        53.2054677,
        53.2067997,
        53.2085125,
        53.2086575,
        53.2087535,
        53.2089595,
        53.2090274,
        53.2090694,
        53.2090774,
        53.2091004,
        53.2091994,
        53.2094586,
        53.2095234,
        53.2099124,
        53.2101073,
        53.2102293,
        53.2105343,
        53.2107713,
        53.2109272,
        53.2117781,
        53.2120151,
        53.2122321,
        53.2127390,
        53.2133920,
        53.2134300,
        53.2139789,
        53.2142079,
        53.2144613,
        53.2147078,
        53.2151118,
        53.2152457,
        53.2153147,
        53.2164476,
        53.2166916,
        53.2168976,
        53.2172328,
        53.2173378,
        53.2176397,
        53.2177959,
        53.2189747,
        53.2202244,
        53.2212885,
        53.2219065,
        53.2228335,
        53.2228941,
        53.2231298,
        53.2232366,
        53.2233190,
        53.2235197,
        53.2238818,
        53.2240878,
        53.2242137,
        53.2245037,
        53.2250727,
        53.2261445,
        53.2264835,
        53.2265865,
        53.2263315,
        53.2263575,
        53.2264035,
        53.2265525,
        53.2267259,
        53.2270674,
        53.2273884,
        53.2274714,
        53.2277354,
        53.2285663,
        53.2289062,
        53.2290552,
        53.2291042,
        53.2293372,
        53.2295162,
        53.2298981,
        53.2300391,
        53.2306610,
        53.2310350,
        53.2313250,
        53.2314430,
        53.2314960,
        53.2316109,
        53.2314660,
        53.2312830,
        53.2319309,
        53.2322299,
        53.2322858,
        53.2325746,
        53.2328596,
        53.2329008,
        53.2329626,
        53.2331335,
        53.2331775,
        53.2332396,
        53.2333936,
        53.2339595,
        53.2370727,
        53.2339755,
        53.2357812,
        53.2352968,
        53.2379656,
        53.2375489,
        53.2362371,
        53.2361457,
        53.2348544,
        53.2338973,
        53.2337766,
        53.2336692,
        53.2366181,
        53.2362403,
        53.2361738,
        53.2342547,
        53.2322964,
        53.2321887,
        53.2321744,
        53.2299409,
        53.2288184,
        53.2316491,
        53.2224961,
        53.2225824,
        53.2230270,
        53.2241383,
        53.2261910,
        53.2266199,
        53.2268944,
        53.2270722,
        53.2272709,
        53.2277152,
        53.2284894,
        53.2294751,
        53.2303593,
        53.2314945,
        53.2316515,
        53.2317385,
        53.2317715,
        53.2317365,
        53.2316049,
        53.2314404,
        53.2304710,
        53.2301147,
        53.2298806,
        53.2297625,
        53.2296270,
        53.2296386,
        53.2297509,
        53.2299018,
        53.2301457,
        53.2303566,
        53.2305657,
        53.2310804,
        53.2315972,
        53.2320210,
        53.2326578,
        53.2327622,
        53.2327989,
        53.2327873,
        53.2326925,
        53.2325280,
        53.2323190,
        53.2313394,
        53.2312397,
        53.2307301,
        53.2301082,
        53.2294856,
        53.2288954,
        53.2282085,
        53.2277922,
        53.2275986,
        53.2274148,
        53.2272619,
        53.2270509,
        53.2268835,
        53.2266387,
        53.2264432,
        53.2262767,
        53.2260580,
        53.2255799,
        53.2252912,
        53.2247438,
        53.2245696,
        53.2243373,
        53.2242270,
        53.2241344,
        53.2240876,
        53.2240818,
        53.2241380,
        53.2242684,
        53.2246208,
        53.2247049,
        53.2247105,
        53.2246404,
        53.2244299,
        53.2242035,
        53.2239403,
        53.2235846,
        53.2233157,
        53.2230861,
