{
  "id": 1190009,
  "name": "Laudert",
  "polygon": {
    "numberOfPoints": 23,
    "box": {
      "min": {
        "x": 50.0660656,
        "y": 7.5843539
      },
      "max": {
        "x": 50.0939451,
        "y": 7.6234061
      },
      "center": {
        "x": 50.08000535,
        "y": 7.6038800
      },
      "area": {
        "x": 0.0278795,
        "y": 0.0390522
      }
    },
    "pointsx": [
      50.0896957,
      50.0870617,
      50.0807827,
      50.0799440,
      50.0800467,
      50.0801079,
      50.0801681,
      50.0740365,
      50.0671939,
      50.0660656,
      50.0724703,
      50.0720318,
      50.0734429,
      50.0728350,
      50.0759419,
      50.0766007,
      50.0773026,
      50.0791016,
      50.0856552,
      50.0859185,
      50.0908775,
      50.0939451,
      50.0914737
    ],
    "pointsy": [
      7.5894472,
      7.5871864,
      7.5916967,
      7.5881237,
      7.5869641,
      7.5862728,
      7.5855932,
      7.5843539,
      7.5966808,
      7.5996199,
      7.6045797,
      7.6170940,
      7.6183577,
      7.6209338,
      7.6223991,
      7.6234061,
      7.6208295,
      7.6180262,
      7.6232380,
      7.6228470,
      7.6103240,
      7.5987882,
      7.5907359
    ]
  }
}