{"id":1204717,"name":"Hasselbach","polygon":{"numberOfPoints":19,"box":{"min":{"x":50.0208029,"y":7.4179955},"max":{"x":50.0545039,"y":7.4561358},"center":{"x":50.0376534,"y":7.43706565},"area":{"x":0.0337010,"y":0.0381403}},"pointsx":[50.0405190,50.0444037,50.0463027,50.0522034,50.0545039,50.0504493,50.0517439,50.0431320,50.0399397,50.0387567,50.0371267,50.0208029,50.0212299,50.0303591,50.0319745,50.0323473,50.0332409,50.0362628,50.0363491],"pointsy":[7.4561358,7.4551948,7.4522910,7.4480200,7.4395217,7.4381106,7.4337196,7.4179955,7.4233862,7.4269700,7.4272325,7.4239584,7.4302874,7.4341042,7.4393998,7.4436621,7.4478681,7.4496603,7.4538273]}}