{
  "id": 1241627,
  "name": "Wahlbach",
  "polygon": {
    "numberOfPoints": 22,
    "box": {
      "min": {
        "x": 49.9933701,
        "y": 7.5775222
      },
      "max": {
        "x": 50.0173013,
        "y": 7.6107077
      },
      "center": {
        "x": 50.0053357,
        "y": 7.59411495
      },
      "area": {
        "x": 0.0239312,
        "y": 0.0331855
      }
    },
    "pointsx": [
      50.0008862,
      50.0049111,
      50.0058589,
      50.0123920,
      50.0138482,
      50.0173013,
      50.0156752,
      50.0143305,
      50.0142841,
      50.0114160,
      49.9949418,
      49.9945560,
      49.9933701,
      49.9955206,
      49.9939274,
      49.9972738,
      49.9972040,
      49.9991139,
      49.9986265,
      49.9993404,
      50.0002559,
      50.0004781
    ],
    "pointsy": [
      7.6107077,
      7.6071287,
      7.6088563,
      7.6032407,
      7.5928774,
      7.5944869,
      7.5909760,
      7.5810674,
      7.5807255,
      7.5803004,
      7.5775222,
      7.5808158,
      7.5834229,
      7.5912165,
      7.5923492,
      7.6024642,
      7.6036719,
      7.6053209,
      7.6069050,
      7.6092488,
      7.6078317,
      7.6086143
    ]
  }
}