{
  "numberOfPolygons": 1,
  "box": {
    "min": {
      "x": 49.8136829,
      "y": 7.7992842
    },
    "max": {
      "x": 49.8314000,
      "y": 7.8421143
    },
    "center": {
      "x": 49.82254145,
      "y": 7.82069925
    }
  },
  "polygons": [
    {
      "numberOfPoints": 82,
      "box": {
        "min": {
          "x": 49.8136829,
          "y": 7.7992842
        },
        "max": {
          "x": 49.8314000,
          "y": 7.8421143
        },
        "center": {
          "x": 49.82254145,
          "y": 7.82069925
        }
      },
      "pointsx": [
        49.8233712,
        49.8233506,
        49.8228151,
        49.8238049,
        49.8246810,
        49.8264286,
        49.8266090,
        49.8279021,
        49.8302955,
        49.8309703,
        49.8314000,
        49.8308154,
        49.8280582,
        49.8272044,
        49.8270055,
        49.8268667,
        49.8267474,
        49.8263528,
        49.8248938,
        49.8242443,
        49.8236340,
        49.8220372,
        49.8215414,
        49.8211296,
        49.8203070,
        49.8197728,
        49.8190104,
        49.8186977,
        49.8177367,
        49.8164338,
        49.8157302,
        49.8162095,
        49.8140167,
        49.8146243,
        49.8153203,
        49.8152494,
        49.8157717,
        49.8161258,
        49.8170363,
        49.8166168,
        49.8163796,
        49.8169312,
        49.8169634,
        49.8168217,
        49.8153768,
        49.8148434,
        49.8143548,
        49.8150227,
        49.8150908,
        49.8156830,
        49.8154454,
        49.8155338,
        49.8156535,
        49.8159082,
        49.8162102,
        49.8163881,
        49.8164917,
        49.8162283,
        49.8164019,
        49.8163627,
        49.8164225,
        49.8160109,
        49.8165253,
        49.8168470,
        49.8167203,
        49.8160028,
        49.8143522,
        49.8141205,
        49.8136829,
        49.8145425,
        49.8148882,
        49.8165844,
        49.8178344,
        49.8188308,
        49.8194479,
        49.8210170,
        49.8209895,
        49.8212687,
        49.8215250,
        49.8223511,
        49.8227233,
        49.8232027
      ],
      "pointsy": [
        7.8363713,
        7.8361408,
        7.8339996,
        7.8302390,
        7.8263151,
        7.8239110,
        7.8234427,
        7.8208779,
        7.8184110,
        7.8171282,
        7.8137693,
        7.8100345,
        7.8104639,
        7.8111041,
        7.8104184,
        7.8099315,
        7.8096968,
        7.8096279,
        7.8104474,
        7.8082668,
        7.8063335,
        7.8076317,
        7.8058575,
        7.8074709,
        7.8049212,
        7.8056907,
        7.8033139,
        7.8039562,
        7.8044719,
        7.7992842,
        7.7998040,
        7.8017156,
        7.8033396,
        7.8059499,
        7.8055205,
        7.8088561,
        7.8109974,
        7.8107435,
        7.8135283,
        7.8134257,
        7.8134659,
        7.8155671,
        7.8161962,
        7.8172948,
        7.8182421,
        7.8193121,
        7.8196550,
        7.8215844,
        7.8215262,
        7.8216474,
        7.8224086,
        7.8225567,
        7.8225876,
        7.8229586,
        7.8232981,
        7.8234293,
        7.8235971,
        7.8239644,
        7.8244302,
        7.8245014,
        7.8248489,
        7.8247404,
        7.8258616,
        7.8273499,
        7.8299732,
        7.8324428,
        7.8361229,
        7.8368001,
        7.8375890,
        7.8373460,
        7.8365115,
        7.8376722,
        7.8403904,
        7.8421143,
        7.8401004,
        7.8383533,
        7.8382894,
        7.8379431,
        7.8377131,
        7.8371152,
        7.8368495,
        7.8364597
      ]
    }
  ]
}