{"id":1244186,"name":"Schönau im Schwarzwald","polygon":{"numberOfPoints":571,"box":{"min":{"x":47.7708409,"y":7.8658775},"max":{"x":47.8009935,"y":7.9537030},"center":{"x":47.7859172,"y":7.90979025},"area":{"x":0.0301526,"y":0.0878255}},"pointsx":[47.7743896,47.7768976,47.7769629,47.7770182,47.7769956,47.7768702,47.7768877,47.7770661,47.7771060,47.7771243,47.7771189,47.7770514,47.7770356,47.7770782,47.7771635,47.7772678,47.7774348,47.7775467,47.7775733,47.7775256,47.7774892,47.7773535,47.7773308,47.7773974,47.7775004,47.7777014,47.7772445,47.7772407,47.7771628,47.7770094,47.7768435,47.7767028,47.7765546,47.7762355,47.7760897,47.7760257,47.7759511,47.7758445,47.7757201,47.7755140,47.7753719,47.7752937,47.7753036,47.7754118,47.7757466,47.7762200,47.7762547,47.7762402,47.7761623,47.7759949,47.7751952,47.7744460,47.7739552,47.7738167,47.7737907,47.7738831,47.7740243,47.7742630,47.7745426,47.7746468,47.7746896,47.7746386,47.7745161,47.7742073,47.7739317,47.7736745,47.7735275,47.7729855,47.7728426,47.7727915,47.7727711,47.7727665,47.7727423,47.7726982,47.7726451,47.7725250,47.7724824,47.7725699,47.7727598,47.7730231,47.7732048,47.7736303,47.7737834,47.7752119,47.7756856,47.7759591,47.7755018,47.7755263,47.7754193,47.7753356,47.7751595,47.7749100,47.7748263,47.7747957,47.7747978,47.7748794,47.7754389,47.7755573,47.7756336,47.7757693,47.7759627,47.7761099,47.7762542,47.7763683,47.7764143,47.7764316,47.7768069,47.7769210,47.7768562,47.7766685,47.7756524,47.7751431,47.7741356,47.7738440,47.7739982,47.7738554,47.7735032,47.7724744,47.7731384,47.7732452,47.7737905,47.7739984,47.7743091,47.7744532,47.7745921,47.7748531,47.7752400,47.7754606,47.7755898,47.7758491,47.7761300,47.7760463,47.7759708,47.7757830,47.7759451,47.7750964,47.7748175,47.7746198,47.7746757,47.7745462,47.7743534,47.7741513,47.7740349,47.7737349,47.7738328,47.7736675,47.7734981,47.7733990,47.7732850,47.7730952,47.7728815,47.7733088,47.7737505,47.7739815,47.7740220,47.7740711,47.7745044,47.7747185,47.7748504,47.7750467,47.7751536,47.7753268,47.7748475,47.7749775,47.7758344,47.7770335,47.7776281,47.7774780,47.7778649,47.7799423,47.7794060,47.7791911,47.7783420,47.7773501,47.7773603,47.7773481,47.7773440,47.7773522,47.7773869,47.7775277,47.7776779,47.7778431,47.7779354,47.7781000,47.7782054,47.7783338,47.7784637,47.7785936,47.7786820,47.7789064,47.7790596,47.7793066,47.7795190,47.7799237,47.7800086,47.7801935,47.7805108,47.7806107,47.7806732,47.7807232,47.7807257,47.7807207,47.7808933,47.7812006,47.7815206,47.7816763,47.7817968,47.7820049,47.7822478,47.7824632,47.7827572,47.7828265,47.7829551,47.7831164,47.7831960,47.7832613,47.7833558,47.7836531,47.7837672,47.7839490,47.7840385,47.7841782,47.7842994,47.7844047,47.7847080,47.7850226,47.7853403,47.7855842,47.7858294,47.7861483,47.7862364,47.7864310,47.7865289,47.7866718,47.7866075,47.7865698,47.7865555,47.7865259,47.7866824,47.7869797,47.7868321,47.7865161,47.7864179,47.7862770,47.7863587,47.7865964,47.7864030,47.7862616,47.7862096,47.7861981,47.7871259,47.7872068,47.7870971,47.7868618,47.7867175,47.7867550,47.7867249,47.7867537,47.7870597,47.7873410,47.7874709,47.7875748,47.7878057,47.7883192,47.7884144,47.7885674,47.7893191,47.7891706,47.7891533,47.7891706,47.7893062,47.7896590,47.7900236,47.7901827,47.7903399,47.7905317,47.7903929,47.7905256,47.7907422,47.7909010,47.7908634,47.7911059,47.7913685,47.7915388,47.7915676,47.7916975,47.7918274,47.7921160,47.7919637,47.7919698,47.7917025,47.7914290,47.7912290,47.7910760,47.7910474,47.7910433,47.7909290,47.7909571,47.7910278,47.7910870,47.7913458,47.7913309,47.7913107,47.7916498,47.7918188,47.7918736,47.7919645,47.7921637,47.7922849,47.7923152,47.7924277,47.7923801,47.7921997,47.7924269,47.7930473,47.7940349,47.7944562,47.7957317,47.7965513,47.7972603,47.7985489,47.7988209,47.7992849,47.7993992,47.7994890,47.7994543,47.7992421,47.7989666,47.7987834,47.7985651,47.7983838,47.7982901,47.7980804,47.7976851,47.7975100,47.7975929,47.7976613,47.7977624,47.7979489,47.7982677,47.7984062,47.7985867,47.7986242,47.7987050,47.7987468,47.7988595,47.7989388,47.7990442,47.7992830,47.7996479,47.7999595,47.8002309,47.8003145,47.8004696,47.8006037,47.8007742,47.8005448,47.8006227,47.8006299,47.8005601,47.8006050,47.8007396,47.8007825,47.8007949,47.8008337,47.8009214,47.8009935,47.8009796,47.8008569,47.8007040,47.8007507,47.8007265,47.8006091,47.8007579,47.8007547,47.8006292,47.8005777,47.8004634,47.8002140,47.8000412,47.7998523,47.7996526,47.7992052,47.7990877,47.7989847,47.7986242,47.7982760,47.7984922,47.7986060,47.7986379,47.7979211,47.7967786,47.7959540,47.7956010,47.7951761,47.7946836,47.7943523,47.7944875,47.7937503,47.7928953,47.7925477,47.7921679,47.7919747,47.7915096,47.7912961,47.7911641,47.7909194,47.7907794,47.7907198,47.7905074,47.7902112,47.7900408,47.7898895,47.7897656,47.7895241,47.7893653,47.7892287,47.7891399,47.7891422,47.7890011,47.7885060,47.7883386,47.7881165,47.7877334,47.7874629,47.7867418,47.7859756,47.7853837,47.7849739,47.7847304,47.7846306,47.7845598,47.7843570,47.7843924,47.7840069,47.7838974,47.7838652,47.7833244,47.7831473,47.7825769,47.7825771,47.7826975,47.7827021,47.7826816,47.7826604,47.7826376,47.7825147,47.7823667,47.7823166,47.7808579,47.7809298,47.7809593,47.7796187,47.7795732,47.7792590,47.7790149,47.7787986,47.7785148,47.7776633,47.7780934,47.7783280,47.7788429,47.7789961,47.7789966,47.7789821,47.7789339,47.7788695,47.7788717,47.7789538,47.7790969,47.7791516,47.7791427,47.7790960,47.7791089,47.7791572,47.7791573,47.7791170,47.7791090,47.7798438,47.7800523,47.7797781,47.7799363,47.7800734,47.7801404,47.7801807,47.7802076,47.7802754,47.7803006,47.7803156,47.7803357,47.7803382,47.7803483,47.7803759,47.7803784,47.7804337,47.7804186,47.7803935,47.7803734,47.7803765,47.7803836,47.7803019,47.7802788,47.7803001,47.7803057,47.7802809,47.7802702,47.7802915,47.7803012,47.7803527,47.7804143,47.7805449,47.7805716,47.7806570,47.7807023,47.7806960,47.7806708,47.7806488,47.7806563,47.7806236,47.7805872,47.7805179,47.7803910,47.7801813,47.7799063,47.7797405,47.7797241,47.7796475,47.7795323,47.7793790,47.7792255,47.7790233,47.7789290,47.7788587,47.7788210,47.7787935,47.7787709,47.7783722,47.7781853,47.7780044,47.7777506,47.7776024,47.7772265,47.7771634,47.7771206,47.7769910,47.7748702,47.7729737,47.7721822,47.7719862,47.7715791,47.7714509,47.7713982,47.7714333,47.7715741,47.7717952,47.7718279,47.7718480,47.7717461,47.7717047,47.7713102,47.7712022,47.7709936,47.7708409,47.7708585,47.7711148,47.7712354,47.7713711,47.7724158,47.7727073,47.7734715,47.7735356],