{
  "numberOfPolygons": 1,
  "box": {
    "min": {
      "x": 49.6421978,
      "y": 7.0533062
    },
    "max": {
      "x": 49.6802651,
      "y": 7.1129372
    },
    "center": {
      "x": 49.66123145,
      "y": 7.0831217
    }
  },
  "polygons": [
    {
      "numberOfPoints": 150,
      "box": {
        "min": {
          "x": 49.6421978,
          "y": 7.0533062
        },
        "max": {
          "x": 49.6802651,
          "y": 7.1129372
        },
        "center": {
          "x": 49.66123145,
          "y": 7.0831217
        }
      },
      "pointsx": [
        49.6764671,
        49.6767293,
        49.6771629,
        49.6770238,
        49.6769098,
        49.6765548,
        49.6764748,
        49.6764518,
        49.6764138,
        49.6762309,
        49.6760249,
        49.6758569,
        49.6758039,
        49.6758759,
        49.6758489,
        49.6758949,
        49.6761239,
        49.6762079,
        49.6764218,
        49.6767878,
        49.6768788,
        49.6778697,
        49.6791639,
        49.6793664,
        49.6799681,
        49.6802651,
        49.6802515,
        49.6795624,
        49.6790736,
        49.6788958,
        49.6785497,
        49.6776491,
        49.6767100,
        49.6748463,
        49.6741419,
        49.6725275,
        49.6720873,
        49.6716176,
        49.6718084,
        49.6716076,
        49.6713094,
        49.6706050,
        49.6704062,
        49.6699885,
        49.6699122,
        49.6695189,
        49.6692694,
        49.6690052,
        49.6651303,
        49.6656002,
        49.6638828,
        49.6631489,
        49.6624003,
        49.6617984,
        49.6605507,
        49.6590702,
        49.6569308,
        49.6562261,
        49.6583548,
        49.6581766,
        49.6575745,
        49.6581662,
        49.6571904,
        49.6575330,
        49.6580001,
        49.6570866,
        49.6566610,
        49.6567233,
        49.6574847,
        49.6568375,
        49.6562042,
        49.6553011,
        49.6543088,
        49.6536132,
        49.6521598,
        49.6518899,
        49.6508468,
        49.6515364,
        49.6495283,
        49.6487081,
        49.6476594,
        49.6471818,
        49.6466108,
        49.6466731,
        49.6451467,
        49.6445286,
        49.6443368,
        49.6445134,
        49.6447937,
        49.6448456,
        49.6450014,
        49.6453959,
        49.6457697,
        49.6451260,
        49.6447833,
        49.6442226,
        49.6437138,
        49.6444095,
        49.6437969,
        49.6433504,
        49.6435269,
        49.6429766,
        49.6422705,
        49.6421978,
        49.6427793,
        49.6434750,
        49.6441084,
        49.6448664,
        49.6454167,
        49.6455309,
        49.6447418,
        49.6455309,
        49.6448249,
        49.6447937,
        49.6452298,
        49.6453440,
        49.6463823,
        49.6474691,
        49.6485704,
        49.6482474,
        49.6483501,
        49.6489962,
        49.6492114,
        49.6472048,
        49.6462945,
        49.6463498,
        49.6484236,
        49.6515069,
        49.6525494,
        49.6534754,
        49.6535169,
        49.6527694,
        49.6528733,
        49.6558447,
        49.6575863,
        49.6580430,
        49.6583648,
        49.6589980,
        49.6597142,
        49.6602748,
        49.6604409,
        49.6608457,
        49.6613128,
        49.6617708,
        49.6609777,
        49.6611833,
        49.6615869,
        49.6624677,
        49.6632300,
        49.6737951
      ],
      "pointsy": [
        7.0533062,
        7.0535959,
        7.0537966,
        7.0542291,
        7.0547630,
        7.0555859,
        7.0559549,
        7.0563368,
        7.0569787,
        7.0577796,
        7.0589474,
        7.0593384,
        7.0598903,
        7.0605452,
        7.0611601,
        7.0617320,
        7.0625689,
        7.0632638,
        7.0637317,
        7.0650785,
        7.0652015,
        7.0692579,
        7.0720781,
        7.0729089,
        7.0758797,
        7.0787925,
        7.0797990,
        7.0815635,
        7.0815444,
        7.0815374,
        7.0826734,
        7.0822415,
        7.0821734,
        7.0832620,
        7.0831032,
        7.0836021,
        7.0831259,
        7.0831486,
        7.0848947,
        7.0851593,
        7.0855524,
        7.0867997,
        7.0870579,
        7.0875027,
        7.0875101,
        7.0875480,
        7.0868677,
        7.0847814,
        7.0860513,
        7.0879784,
        7.0879557,
        7.0879330,
        7.0882959,
        7.0876155,
        7.0876382,
        7.0878585,
        7.0893862,
        7.0918581,
        7.0941712,
        7.0950549,
        7.0952634,
        7.0968188,
        7.0987270,
        7.1012286,
        7.1028642,
        7.1032651,
        7.1039706,
        7.1049007,
        7.1061973,
        7.1076107,
        7.1070494,
        7.1083162,
        7.1071843,
        7.1082106,
        7.1068636,
        7.1074409,
        7.1078219,
        7.1099823,
        7.1129372,
        7.1108526,
        7.1111733,
        7.1094254,
        7.1096339,
        7.1102112,
        7.1113016,
        7.1116319,
        7.1107884,
        7.1105639,
        7.1094254,
        7.1089283,
        7.1086076,
        7.1085595,
        7.1075172,
        7.1079021,
        7.1083831,
        7.1092330,
        7.1079502,
        7.1057881,
        7.1061409,
        7.1048901,
        7.1043129,
        7.1033828,
        7.1030781,
        7.1010897,
        7.1013623,
        7.1009454,
        7.1001597,
        7.0984760,
        7.0987325,
        7.0966800,
        7.0962791,
        7.0941624,
        7.0939540,
        7.0932805,
        7.0930239,
        7.0903139,
        7.0904262,
        7.0927618,
        7.0926258,
        7.0920815,
        7.0912198,
        7.0897911,
        7.0889909,
        7.0873192,
        7.0849154,
        7.0848318,
        7.0816952,
        7.0814458,
        7.0820581,
        7.0814303,
        7.0798588,
        7.0774535,
        7.0751444,
        7.0707286,
        7.0738615,
        7.0742945,
        7.0751283,
        7.0760744,
        7.0764112,
        7.0779345,
        7.0787363,
        7.0782071,
        7.0788165,
        7.0782159,
        7.0771801,
        7.0758194,
        7.0756040,
        7.0759101,
        7.0746257,
        7.0577244
      ]
    }
  ]
}