{
  "id": 1244121,
  "name": "Simmertal",
  "polygon": {
    "numberOfPoints": 125,
    "box": {
      "min": {
        "x": 49.8037536,
        "y": 7.4979219
      },
      "max": {
        "x": 49.8454298,
        "y": 7.5446832
      },
      "center": {
        "x": 49.8245917,
        "y": 7.52130255
      },
      "area": {
        "x": 0.0416762,
        "y": 0.0467613
      }
    },
    "pointsx": [
      49.8193895,
      49.8194380,
      49.8195809,
      49.8195586,
      49.8188290,
      49.8177010,
      49.8174349,
      49.8171209,
      49.8168681,
      49.8170488,
      49.8176298,
      49.8179595,
      49.8183715,
      49.8189610,
      49.8193092,
      49.8218958,
      49.8224568,
      49.8240598,
      49.8247410,
      49.8250499,
      49.8262443,
      49.8264814,
      49.8269922,
      49.8281637,
      49.8294921,
      49.8310839,
      49.8319773,
      49.8331448,
      49.8336521,
      49.8348910,
      49.8358236,
      49.8339750,
      49.8323421,
      49.8319881,
      49.8325337,
      49.8329077,
      49.8331881,
      49.8337851,
      49.8347337,
      49.8354230,
      49.8366018,
      49.8376452,
      49.8376361,
      49.8378793,
      49.8386701,
      49.8388152,
      49.8395952,
      49.8399086,
      49.8380775,
      49.8454298,
      49.8358263,
      49.8349808,
      49.8341967,
      49.8339659,
      49.8334820,
      49.8324208,
      49.8246561,
      49.8214586,
      49.8186120,
      49.8149037,
      49.8138713,
      49.8135525,
      49.8122648,
      49.8119795,
      49.8112716,
      49.8109709,
      49.8106960,
      49.8102539,
      49.8099860,
      49.8088773,
      49.8075284,
      49.8068727,
      49.8054302,
      49.8051352,
      49.8053621,
      49.8055296,
      49.8057392,
      49.8059285,
      49.8057191,
      49.8044374,
      49.8043370,
      49.8037536,
      49.8044441,
      49.8050538,
      49.8050774,
      49.8051280,
      49.8048670,
      49.8039515,
      49.8039515,
      49.8040210,
      49.8041605,
      49.8048798,
      49.8053421,
      49.8050443,
      49.8052920,
      49.8051824,
      49.8054222,
      49.8059029,
      49.8066303,
      49.8073847,
      49.8087026,
      49.8090806,
      49.8096191,
      49.8103088,
      49.8099927,
      49.8099593,
      49.8108568,
      49.8109985,
      49.8116042,
      49.8120351,
      49.8125680,
      49.8130126,
      49.8131756,
      49.8133427,
      49.8137049,
      49.8142549,
      49.8141801,
      49.8156591,
      49.8158506,
      49.8161976,
      49.8162932,
      49.8172941,
      49.8180705,
      49.8183913,
      49.8193152
    ],
    "pointsy": [
      7.5001096,
      7.5006927,
      7.5029799,
      7.5041516,
      7.5048444,
      7.5058352,
      7.5065914,
      7.5074834,
      7.5092005,
      7.5099758,
      7.5151270,
      7.5153582,
      7.5164701,
      7.5174709,
      7.5172734,
      7.5195178,
      7.5209879,
      7.5233587,
      7.5231723,
      7.5225617,
      7.5228218,
      7.5227421,
      7.5231098,
      7.5239964,
      7.5240822,
      7.5257385,
      7.5250192,
      7.5243826,
      7.5236103,
      7.5219919,
      7.5190926,
      7.5149324,
      7.5110329,
      7.5100747,
      7.5094631,
      7.5086555,
      7.5082932,
      7.5066975,
      7.5054473,
      7.5046598,
      7.5028803,
      7.5018613,
      7.4988800,
      7.4979219,
      7.5000753,
      7.5008066,
      7.5017066,
      7.5114842,
      7.5282696,
      7.5374468,
      7.5410648,
      7.5388058,
      7.5396323,
      7.5369703,
      7.5369587,
      7.5374224,
      7.5377900,
      7.5384310,
      7.5392894,
      7.5406381,
      7.5409069,
      7.5410921,
      7.5417347,
      7.5419417,
      7.5422449,
      7.5425658,
      7.5431100,
      7.5438493,
      7.5441041,
      7.5424289,
      7.5446832,
      7.5441244,
      7.5444631,
      7.5424650,
      7.5420095,
      7.5419949,
      7.5419798,
      7.5395481,
      7.5368450,
      7.5363967,
      7.5362709,
      7.5360494,
      7.5343981,
      7.5326785,
      7.5326683,
      7.5319316,
      7.5312244,
      7.5284385,
      7.5267981,
      7.5253015,
      7.5242301,
      7.5234138,
      7.5216114,
      7.5212643,
      7.5203572,
      7.5198422,
      7.5187987,
      7.5173430,
      7.5146961,
      7.5126265,
      7.5097638,
      7.5096613,
      7.5079337,
      7.5063891,
      7.5060091,
      7.5056351,
      7.5058108,
      7.5055472,
      7.5054224,
      7.5034182,
      7.5026829,
      7.5026126,
      7.5028643,
      7.5027231,
      7.5031636,
      7.5028544,
      7.5022618,
      7.5024235,
      7.5032581,
      7.5032735,
      7.5038738,
      7.5031081,
      7.5023524,
      7.5014873,
      7.5006222
    ]
  }
}