{"id":1244163,"name":"Odernheim am Glan","polygon":{"numberOfPoints":181,"box":{"min":{"x":49.7405099,"y":7.6823151},"max":{"x":49.7828184,"y":7.7517061},"center":{"x":49.76166415,"y":7.7170106},"area":{"x":0.0423085,"y":0.0693910}},"pointsx":[49.7592529,49.7561474,49.7546172,49.7530646,49.7530301,49.7520802,49.7498374,49.7499098,49.7504426,49.7488533,49.7487861,49.7481512,49.7476699,49.7465310,49.7463668,49.7447096,49.7440971,49.7438733,49.7443943,49.7434429,49.7435488,49.7436083,49.7441120,49.7454443,49.7455103,49.7452901,49.7451779,49.7450061,49.7447079,49.7448114,49.7442186,49.7442445,49.7436186,49.7435189,49.7427654,49.7425026,49.7428115,49.7424665,49.7421667,49.7419112,49.7416657,49.7417378,49.7422286,49.7423072,49.7424241,49.7424669,49.7426375,49.7430341,49.7431885,49.7434940,49.7436468,49.7438514,49.7439592,49.7443320,49.7454512,49.7456080,49.7457812,49.7443255,49.7432499,49.7406906,49.7405099,49.7407708,49.7408087,49.7407421,49.7407540,49.7419097,49.7418395,49.7424044,49.7445758,49.7453675,49.7460455,49.7471034,49.7476691,49.7483165,49.7487507,49.7486134,49.7486997,49.7477737,49.7476751,49.7488874,49.7483147,49.7477809,49.7475755,49.7471862,49.7466993,49.7463282,49.7459374,49.7453229,49.7453316,49.7452160,49.7450815,49.7451225,49.7452323,49.7458822,49.7467242,49.7469357,49.7482712,49.7493518,49.7509952,49.7533181,49.7540259,49.7551898,49.7561738,49.7590699,49.7603263,49.7608964,49.7627221,49.7632661,49.7643556,49.7649873,49.7655470,49.7664144,49.7676840,49.7676352,49.7676074,49.7675754,49.7669895,49.7669621,49.7670179,49.7670580,49.7671008,49.7672281,49.7674335,49.7675490,49.7676508,49.7696159,49.7696104,49.7697347,49.7697798,49.7696163,49.7693464,49.7708230,49.7714785,49.7721356,49.7729973,49.7732047,49.7734889,49.7738024,49.7741542,49.7745597,49.7751049,49.7753714,49.7754638,49.7760135,49.7765567,49.7792697,49.7828184,49.7813920,49.7800702,49.7794669,49.7784353,49.7781036,49.7777663,49.7773497,49.7771560,49.7769810,49.7768457,49.7767617,49.7752225,49.7750663,49.7750240,49.7750148,49.7746052,49.7742838,49.7741485,49.7740895,49.7740516,49.7739981,49.7739368,49.7721823,49.7704465,49.7694837,49.7685657,49.7682009,49.7675580,49.7656151,49.7648786,49.7647606,49.7642666,49.7633125,49.7600932],"pointsy":[7.6823151,7.6830333,7.6833096,7.6837187,7.6837103,7.6835202,7.6828723,7.6853857,7.6877251,7.6867194,7.6869207,7.6857355,7.6852268,7.6846365,7.6851319,7.6840687,7.6842662,7.6846742,7.6857926,7.6862025,7.6874270,7.6875403,7.6873326,7.6911980,7.6918604,7.6919868,7.6916232,7.6918780,7.6921013,7.6924854,7.6929138,7.6929998,7.6934540,7.6930424,7.6936654,7.6937005,7.6945090,7.6948578,7.6951273,7.6952996,7.6954503,7.6956949,7.6953971,7.6956907,7.6956368,7.6957940,7.6957190,7.6966315,7.6965190,7.6972711,7.6971231,7.6976731,7.6975745,7.6981481,7.6996971,7.7019606,7.7036807,7.7066848,7.7083973,7.7099667,7.7103891,7.7112676,7.7120317,7.7129038,7.7142489,7.7162142,7.7197938,7.7220135,7.7203023,7.7194494,7.7194150,7.7187799,7.7186050,7.7211061,7.7229608,7.7243603,7.7260947,7.7286367,7.7303211,7.7313555,7.7329120,7.7349803,7.7362818,7.7373709,7.7385714,7.7392354,7.7395262,7.7398063,7.7406497,7.7425225,7.7433691,7.7440265,7.7445785,7.7458114,7.7478894,7.7484757,7.7517061,7.7486438,7.7461321,7.7437350,7.7430947,7.7425949,7.7425640,7.7428527,7.7423727,7.7425794,7.7422331,7.7440678,7.7464798,7.7454997,7.7442443,7.7428093,7.7407129,7.7406390,7.7405639,7.7403989,7.7382689,7.7381816,7.7374411,7.7370586,7.7368109,7.7362696,7.7354338,7.7350189,7.7346762,7.7346779,7.7329554,7.7301954,7.7286263,7.7264725,7.7235623,7.7220307,7.7215505,7.7212729,7.7206143,7.7205385,7.7203170,7.7200019,7.7194638,7.7190245,7.7183381,7.7184845,7.7184275,7.7176327,7.7157158,7.7120830,7.7072286,7.7036684,7.7026128,7.7009439,7.6997021,7.6992464,7.6989090,7.6984598,7.6982883,7.6980918,7.6978915,7.6977330,7.6947157,7.6939742,7.6933703,7.6930195,7.6929282,7.6928918,7.6928367,7.6928285,7.6928891,7.6929740,7.6929223,7.6923582,7.6921247,7.6920244,7.6919287,7.6918907,7.6918626,7.6910775,7.6908317,7.6907399,7.6901027,7.6888252,7.6848563]}}