{
  "id": 1244058,
  "name": "Rehborn",
  "polygon": {
    "numberOfPoints": 145,
    "box": {
      "min": {
        "x": 49.7102789,
        "y": 7.6637115
      },
      "max": {
        "x": 49.7457812,
        "y": 7.7267192
      },
      "center": {
        "x": 49.72803005,
        "y": 7.69521535
      },
      "area": {
        "x": 0.0355023,
        "y": 0.0630077
      }
    },
    "pointsx": [
      49.7438733,
      49.7443943,
      49.7434429,
      49.7435488,
      49.7436083,
      49.7441120,
      49.7454443,
      49.7455103,
      49.7452901,
      49.7451779,
      49.7450061,
      49.7447079,
      49.7448114,
      49.7442186,
      49.7442445,
      49.7436186,
      49.7435189,
      49.7427654,
      49.7425026,
      49.7428115,
      49.7424665,
      49.7421667,
      49.7419112,
      49.7416657,
      49.7417378,
      49.7422286,
      49.7423072,
      49.7424241,
      49.7424669,
      49.7426375,
      49.7430341,
      49.7431885,
      49.7434940,
      49.7436468,
      49.7438514,
      49.7439592,
      49.7443320,
      49.7454512,
      49.7456080,
      49.7457812,
      49.7443255,
      49.7432499,
      49.7406906,
      49.7405099,
      49.7407708,
      49.7408087,
      49.7407421,
      49.7407540,
      49.7404375,
      49.7401055,
      49.7403180,
      49.7401898,
      49.7403005,
      49.7399651,
      49.7389421,
      49.7389124,
      49.7379157,
      49.7377630,
      49.7375068,
      49.7370689,
      49.7351311,
      49.7349231,
      49.7346103,
      49.7335076,
      49.7333383,
      49.7331175,
      49.7333385,
      49.7331160,
      49.7317886,
      49.7311601,
      49.7309079,
      49.7303830,
      49.7297471,
      49.7290453,
      49.7287990,
      49.7285717,
      49.7283354,
      49.7281437,
      49.7280184,
      49.7274593,
      49.7273417,
      49.7263965,
      49.7257830,
      49.7250344,
      49.7219025,
      49.7217590,
      49.7210152,
      49.7206773,
      49.7204627,
      49.7202915,
      49.7201841,
      49.7201678,
      49.7184364,
      49.7176321,
      49.7174039,
      49.7170452,
      49.7166072,
      49.7159711,
      49.7156468,
      49.7150920,
      49.7142378,
      49.7139596,
      49.7137471,
      49.7124617,
      49.7116048,
      49.7115125,
      49.7102789,
      49.7105571,
      49.7106766,
      49.7107451,
      49.7120366,
      49.7128723,
      49.7138325,
      49.7152065,
      49.7189879,
      49.7201949,
      49.7220667,
      49.7230143,
      49.7244190,
      49.7252133,
      49.7261386,
      49.7270535,
      49.7278622,
      49.7281648,
      49.7283211,
      49.7286305,
      49.7290939,
      49.7294891,
      49.7304241,
      49.7307551,
      49.7323237,
      49.7336104,
      49.7329486,
      49.7352117,
      49.7370010,
      49.7377542,
      49.7382932,
      49.7384424,
      49.7403840,
      49.7417743,
      49.7431661,
      49.7437062,
      49.7435133,
      49.7431740,
      49.7433787
    ],
    "pointsy": [
      7.6846742,
      7.6857926,
      7.6862025,
      7.6874270,
      7.6875403,
      7.6873326,
      7.6911980,
      7.6918604,
      7.6919868,
      7.6916232,
      7.6918780,
      7.6921013,
      7.6924854,
      7.6929138,
      7.6929998,
      7.6934540,
      7.6930424,
      7.6936654,
      7.6937005,
      7.6945090,
      7.6948578,
      7.6951273,
      7.6952996,
      7.6954503,
      7.6956949,
      7.6953971,
      7.6956907,
      7.6956368,
      7.6957940,
      7.6957190,
      7.6966315,
      7.6965190,
      7.6972711,
      7.6971231,
      7.6976731,
      7.6975745,
      7.6981481,
      7.6996971,
      7.7019606,
      7.7036807,
      7.7066848,
      7.7083973,
      7.7099667,
      7.7103891,
      7.7112676,
      7.7120317,
      7.7129038,
      7.7142489,
      7.7148099,
      7.7151716,
      7.7154261,
      7.7155997,
      7.7159069,
      7.7161975,
      7.7165148,
      7.7162990,
      7.7158669,
      7.7165602,
      7.7168032,
      7.7168299,
      7.7188650,
      7.7176405,
      7.7169728,
      7.7178511,
      7.7174865,
      7.7172377,
      7.7179188,
      7.7180059,
      7.7163283,
      7.7158295,
      7.7167986,
      7.7164711,
      7.7167443,
      7.7161599,
      7.7160628,
      7.7161456,
      7.7162839,
      7.7165447,
      7.7167630,
      7.7180905,
      7.7187241,
      7.7197573,
      7.7208593,
      7.7214873,
      7.7218687,
      7.7224148,
      7.7237988,
      7.7245204,
      7.7250922,
      7.7257544,
      7.7263318,
      7.7267192,
      7.7250015,
      7.7242774,
      7.7239002,
      7.7236266,
      7.7237801,
      7.7240478,
      7.7231734,
      7.7236340,
      7.7226165,
      7.7222501,
      7.7224129,
      7.7200795,
      7.7180238,
      7.7180414,
      7.7145291,
      7.7109886,
      7.7069363,
      7.7037670,
      7.7021991,
      7.7012201,
      7.7000975,
      7.6987084,
      7.6944307,
      7.6904493,
      7.6849698,
      7.6840793,
      7.6822851,
      7.6799413,
      7.6765753,
      7.6731959,
      7.6735318,
      7.6738146,
      7.6740729,
      7.6746163,
      7.6751281,
      7.6753163,
      7.6754556,
      7.6755014,
      7.6690089,
      7.6669260,
      7.6643693,
      7.6637115,
      7.6658079,
      7.6676363,
      7.6689390,
      7.6691986,
      7.6723015,
      7.6743790,
      7.6770925,
      7.6789756,
      7.6805679,
      7.6832096,
      7.6846180
    ]
  }
}