{"id":1244290,"name":"Gimbweiler","polygon":{"numberOfPoints":72,"box":{"min":{"x":49.5754193,"y":7.1712205},"max":{"x":49.6009434,"y":7.2163780},"center":{"x":49.58818135,"y":7.19379925},"area":{"x":0.0255241,"y":0.0451575}},"pointsx":[49.5805768,49.5903294,49.5954564,49.5958120,49.5970345,49.5975570,49.6009434,49.6001085,49.5999975,49.5991856,49.5988796,49.5979687,49.5971858,49.5957830,49.5952641,49.5949051,49.5941502,49.5936042,49.5928563,49.5912355,49.5890837,49.5886068,49.5878669,49.5881148,49.5878589,49.5877599,49.5875619,49.5872599,49.5861041,49.5850212,49.5850132,49.5848952,49.5834614,49.5825915,49.5824856,49.5799968,49.5799138,49.5797948,49.5791509,49.5773381,49.5769421,49.5766212,49.5765712,49.5758012,49.5754193,49.5760722,49.5762592,49.5773611,49.5768841,49.5766902,49.5766252,49.5767202,49.5767431,49.5768191,49.5768541,49.5769491,49.5771321,49.5775791,49.5778420,49.5772091,49.5771441,49.5771361,49.5771171,49.5771211,49.5774707,49.5773801,49.5771361,49.5771375,49.5778137,49.5786761,49.5792628,49.5811119],"pointsy":[7.2163780,7.2070732,7.2017089,7.1964580,7.1895762,7.1833196,7.1722763,7.1732662,7.1733962,7.1741001,7.1743250,7.1749409,7.1752299,7.1756449,7.1757078,7.1756479,7.1752229,7.1748580,7.1746980,7.1737221,7.1731392,7.1731222,7.1732072,7.1718384,7.1713925,7.1712205,7.1712425,7.1724263,7.1723154,7.1740281,7.1758269,7.1761898,7.1799033,7.1821410,7.1822466,7.1838267,7.1840097,7.1842837,7.1848316,7.1860024,7.1858814,7.1858614,7.1868003,7.1867423,7.1877442,7.1883511,7.1885450,7.1896719,7.1914666,7.1925495,7.1933664,7.1945682,7.1946962,7.1951521,7.1953421,7.1957090,7.1960550,7.1966809,7.1970508,7.1991345,7.1998074,7.1999994,7.2007053,7.2021721,7.2052573,7.2063525,7.2084107,7.2100141,7.2108143,7.2126790,7.2134194,7.2138444]}}