{
  "id": 1245107,
  "name": "Horbruch",
  "polygon": {
    "numberOfPoints": 134,
    "box": {
      "min": {
        "x": 49.8615343,
        "y": 7.2223216
      },
      "max": {
        "x": 49.8952325,
        "y": 7.2615286
      },
      "center": {
        "x": 49.8783834,
        "y": 7.2419251
      },
      "area": {
        "x": 0.0336982,
        "y": 0.0392070
      }
    },
    "pointsx": [
      49.8615343,
      49.8618107,
      49.8629791,
      49.8630401,
      49.8631391,
      49.8633641,
      49.8646689,
      49.8655768,
      49.8659468,
      49.8662550,
      49.8689984,
      49.8703113,
      49.8705132,
      49.8706272,
      49.8708262,
      49.8717761,
      49.8721151,
      49.8724850,
      49.8734619,
      49.8725470,
      49.8719251,
      49.8713031,
      49.8708642,
      49.8706662,
      49.8705092,
      49.8693274,
      49.8691324,
      49.8691324,
      49.8693884,
      49.8689176,
      49.8687854,
      49.8684615,
      49.8680685,
      49.8677595,
      49.8677015,
      49.8675496,
      49.8687084,
      49.8685714,
      49.8690104,
      49.8689684,
      49.8691634,
      49.8717221,
      49.8727030,
      49.8729699,
      49.8739895,
      49.8746611,
      49.8750010,
      49.8756400,
      49.8756189,
      49.8753331,
      49.8753658,
      49.8758031,
      49.8762634,
      49.8765144,
      49.8767853,
      49.8767967,
      49.8769365,
      49.8771936,
      49.8774544,
      49.8776268,
      49.8784737,
      49.8786567,
      49.8789339,
      49.8792283,
      49.8792881,
      49.8798431,
      49.8799791,
      49.8800542,
      49.8802561,
      49.8808742,
      49.8820976,
      49.8824676,
      49.8827956,
      49.8833195,
      49.8836188,
      49.8845104,
      49.8846001,
      49.8847919,
      49.8848416,
      49.8850120,
      49.8857035,
      49.8866954,
      49.8894021,
      49.8899982,
      49.8904280,
      49.8920058,
      49.8920563,
      49.8923368,
      49.8928407,
      49.8932797,
      49.8950915,
      49.8951755,
      49.8952325,
      49.8951865,
      49.8945495,
      49.8945075,
      49.8944885,
      49.8944465,
      49.8942596,
      49.8941496,
      49.8941456,
      49.8942136,
      49.8942786,
      49.8942636,
      49.8942176,
      49.8940196,
      49.8939776,
      49.8939776,
      49.8940886,
      49.8941146,
      49.8939736,
      49.8936957,
      49.8923758,
      49.8922338,
      49.8918109,
      49.8917269,
      49.8916849,
      49.8915709,
      49.8912039,
      49.8911319,
      49.8911279,
      49.8910439,
      49.8908610,
      49.8906360,
      49.8906050,
      49.8906470,
      49.8905480,
      49.8903610,
      49.8902770,
      49.8839844,
      49.8801931,
      49.8782013,
      49.8689856,
      49.8649949
    ],
    "pointsy": [
      7.2591876,
      7.2588490,
      7.2561606,
      7.2553997,
      7.2550298,
      7.2545758,
      7.2523191,
      7.2505874,
      7.2500895,
      7.2497139,
      7.2464730,
      7.2455471,
      7.2441533,
      7.2439153,
      7.2436334,
      7.2420056,
      7.2413327,
      7.2402029,
      7.2384021,
      7.2382891,
      7.2381542,
      7.2398269,
      7.2408038,
      7.2410847,
      7.2411257,
      7.2401619,
      7.2399419,
      7.2397679,
      7.2394000,
      7.2386662,
      7.2384601,
      7.2384361,
      7.2385851,
      7.2379312,
      7.2376043,
      7.2374953,
      7.2348896,
      7.2344967,
      7.2338248,
      7.2333649,
      7.2331669,
      7.2305333,
      7.2329789,
      7.2333279,
      7.2343210,
      7.2348187,
      7.2351456,
      7.2358169,
      7.2356519,
      7.2348104,
      7.2346003,
      7.2339235,
      7.2330919,
      7.2329688,
      7.2332643,
      7.2323265,
      7.2317306,
      7.2310101,
      7.2302906,
      7.2299896,
      7.2289937,
      7.2287337,
      7.2284073,
      7.2277269,
      7.2273507,
      7.2273264,
      7.2273126,
      7.2274562,
      7.2278216,
      7.2290967,
      7.2274937,
      7.2270378,
      7.2266769,
      7.2261001,
      7.2256426,
      7.2240673,
      7.2238399,
      7.2234217,
      7.2231041,
      7.2223216,
      7.2239882,
      7.2266668,
      7.2324254,
      7.2336426,
      7.2343237,
      7.2369553,
      7.2369959,
      7.2374142,
      7.2379611,
      7.2383351,
      7.2396739,
      7.2398269,
      7.2400668,
      7.2402848,
      7.2417596,
      7.2420645,
      7.2430234,
      7.2433054,
      7.2440013,
      7.2446962,
      7.2450441,
      7.2459170,
      7.2478327,
      7.2482017,
      7.2485286,
      7.2493105,
      7.2496384,
      7.2498124,
      7.2503343,
      7.2505973,
      7.2511392,
      7.2517276,
      7.2528230,
      7.2529090,
      7.2530380,
      7.2531679,
      7.2535599,
      7.2537769,
      7.2539758,
      7.2541438,
      7.2550797,
      7.2553396,
      7.2556216,
      7.2557066,
      7.2558596,
      7.2568174,
      7.2570784,
      7.2572514,
      7.2573813,
      7.2515807,
      7.2514278,
      7.2533686,
      7.2615286,
      7.2613775
    ]
  }
}