{
  "numberOfPolygons": 1,
  "box": {
    "min": {
      "x": 49.8909777,
      "y": 8.0449859
    },
    "max": {
      "x": 49.9218896,
      "y": 8.1228445
    },
    "center": {
      "x": 49.90643365,
      "y": 8.0839152
    }
  },
  "polygons": [
    {
      "numberOfPoints": 32,
      "box": {
        "min": {
          "x": 49.8909777,
          "y": 8.0449859
        },
        "max": {
          "x": 49.9218896,
          "y": 8.1228445
        },
        "center": {
          "x": 49.90643365,
          "y": 8.0839152
        }
      },
      "pointsx": [
        49.9066343,
        49.9092839,
        49.9070783,
        49.8909777,
        49.8983812,
        49.9057283,
        49.9084967,
        49.9124078,
        49.9125188,
        49.9217878,
        49.9218896,
        49.9216040,
        49.9211299,
        49.9200040,
        49.9190234,
        49.9186355,
        49.9180737,
        49.9175233,
        49.9160128,
        49.9159784,
        49.9164286,
        49.9159632,
        49.9149065,
        49.9140519,
        49.9103059,
        49.9101610,
        49.9100236,
        49.9097337,
        49.9092225,
        49.9090891,
        49.9085932,
        49.9079713
      ],
      "pointsy": [
        8.1168985,
        8.1116998,
        8.0927559,
        8.0511418,
        8.0449859,
        8.0503549,
        8.0503036,
        8.0592793,
        8.0831488,
        8.0999037,
        8.1014206,
        8.1019729,
        8.1030690,
        8.1035376,
        8.1039560,
        8.1043660,
        8.1062022,
        8.1059227,
        8.1065405,
        8.1082285,
        8.1116399,
        8.1134280,
        8.1158407,
        8.1149674,
        8.1186008,
        8.1190242,
        8.1194630,
        8.1203242,
        8.1221429,
        8.1228445,
        8.1222361,
        8.1205052
      ]
    }
  ]
}