{
  "id": 1245058,
  "name": "Rohrbach",
  "polygon": {
    "numberOfPoints": 61,
    "box": {
      "min": {
        "x": 49.5739015,
        "y": 7.2459024
      },
      "max": {
        "x": 49.5940257,
        "y": 7.2776873
      },
      "center": {
        "x": 49.5839636,
        "y": 7.26179485
      },
      "area": {
        "x": 0.0201242,
        "y": 0.0317849
      }
    },
    "pointsx": [
      49.5743110,
      49.5740575,
      49.5740275,
      49.5739015,
      49.5746714,
      49.5752934,
      49.5756563,
      49.5761213,
      49.5770792,
      49.5776821,
      49.5783070,
      49.5787570,
      49.5795699,
      49.5815617,
      49.5824016,
      49.5835905,
      49.5840984,
      49.5844454,
      49.5846706,
      49.5847423,
      49.5848661,
      49.5841283,
      49.5841728,
      49.5839606,
      49.5845110,
      49.5843599,
      49.5862745,
      49.5871309,
      49.5879401,
      49.5882480,
      49.5884366,
      49.5886063,
      49.5887948,
      49.5889276,
      49.5906614,
      49.5920479,
      49.5926611,
      49.5932106,
      49.5938968,
      49.5919959,
      49.5937347,
      49.5940257,
      49.5935438,
      49.5938620,
      49.5937711,
      49.5932437,
      49.5926836,
      49.5909159,
      49.5903778,
      49.5900164,
      49.5874612,
      49.5857782,
      49.5837461,
      49.5826143,
      49.5817911,
      49.5814310,
      49.5773278,
      49.5772696,
      49.5769098,
      49.5754477,
      49.5745778
    ],
    "pointsy": [
      7.2493229,
      7.2512051,
      7.2514680,
      7.2526129,
      7.2532818,
      7.2539127,
      7.2545826,
      7.2556414,
      7.2573292,
      7.2581961,
      7.2589070,
      7.2591449,
      7.2595739,
      7.2601948,
      7.2605486,
      7.2614656,
      7.2621375,
      7.2629314,
      7.2632242,
      7.2645591,
      7.2658018,
      7.2677624,
      7.2684616,
      7.2685582,
      7.2692146,
      7.2696856,
      7.2703528,
      7.2702079,
      7.2708230,
      7.2716762,
      7.2719089,
      7.2718701,
      7.2715986,
      7.2715621,
      7.2737403,
      7.2761808,
      7.2770994,
      7.2776873,
      7.2757456,
      7.2673063,
      7.2659629,
      7.2632697,
      7.2606045,
      7.2598891,
      7.2585003,
      7.2570555,
      7.2561732,
      7.2556668,
      7.2545602,
      7.2532316,
      7.2470488,
      7.2474299,
      7.2470133,
      7.2471125,
      7.2473704,
      7.2459024,
      7.2473307,
      7.2475162,
      7.2476325,
      7.2485093,
      7.2491599
    ]
  }
}