{"id":1245782,"name":"Badenheim","polygon":{"numberOfPoints":68,"box":{"min":{"x":49.8301974,"y":7.9525557},"max":{"x":49.8546928,"y":7.9947334},"center":{"x":49.8424451,"y":7.97364455},"area":{"x":0.0244954,"y":0.0421777}},"pointsx":[49.8535999,49.8534661,49.8519364,49.8505731,49.8501506,49.8493907,49.8484338,49.8481509,49.8478269,49.8474879,49.8471780,49.8471590,49.8471100,49.8476129,49.8476749,49.8479696,49.8464843,49.8472549,49.8418771,49.8415695,49.8412765,49.8411330,49.8393310,49.8388817,49.8331008,49.8347895,49.8354919,49.8356663,49.8358552,49.8355163,49.8351925,49.8348942,49.8345587,49.8339153,49.8339231,49.8329155,49.8314810,49.8315321,49.8312308,49.8313263,49.8301974,49.8327745,49.8327110,49.8324936,49.8323033,49.8318307,49.8334810,49.8350045,49.8355221,49.8357853,49.8362383,49.8365432,49.8367302,49.8382439,49.8409444,49.8420556,49.8434407,49.8440112,49.8447704,49.8457335,49.8440631,49.8437887,49.8428677,49.8451913,49.8472541,49.8498554,49.8500734,49.8546928],"pointsy":[7.9679030,7.9674602,7.9638640,7.9618102,7.9625017,7.9627997,7.9627707,7.9630507,7.9636586,7.9639266,7.9641735,7.9639146,7.9631737,7.9610660,7.9600871,7.9583016,7.9575974,7.9550508,7.9525557,7.9561204,7.9599978,7.9602898,7.9601993,7.9604171,7.9635728,7.9686949,7.9709867,7.9716297,7.9731385,7.9733914,7.9735234,7.9733968,7.9732104,7.9730301,7.9732368,7.9727500,7.9728385,7.9755406,7.9756140,7.9758716,7.9762744,7.9823802,7.9843663,7.9851313,7.9856452,7.9876113,7.9910787,7.9943885,7.9937904,7.9936893,7.9933064,7.9930054,7.9928094,7.9913017,7.9947334,7.9938133,7.9925343,7.9942655,7.9931473,7.9911968,7.9880821,7.9882397,7.9864349,7.9822029,7.9787803,7.9760395,7.9758098,7.9703931]}}