{
  "id": 1245118,
  "name": "Sonnschied",
  "polygon": {
    "numberOfPoints": 91,
    "box": {
      "min": {
        "x": 49.8054783,
        "y": 7.3750461
      },
      "max": {
        "x": 49.8312219,
        "y": 7.4047173
      },
      "center": {
        "x": 49.8183501,
        "y": 7.3898817
      },
      "area": {
        "x": 0.0257436,
        "y": 0.0296712
      }
    },
    "pointsx": [
      49.8122660,
      49.8125095,
      49.8127565,
      49.8131819,
      49.8135218,
      49.8138188,
      49.8139028,
      49.8141018,
      49.8142082,
      49.8144367,
      49.8147197,
      49.8149297,
      49.8151546,
      49.8153906,
      49.8156466,
      49.8161385,
      49.8164895,
      49.8167835,
      49.8173324,
      49.8174584,
      49.8177373,
      49.8179163,
      49.8181833,
      49.8183203,
      49.8183623,
      49.8184193,
      49.8184883,
      49.8192172,
      49.8195371,
      49.8197051,
      49.8198731,
      49.8199681,
      49.8203880,
      49.8205290,
      49.8206820,
      49.8208880,
      49.8210560,
      49.8212269,
      49.8214329,
      49.8216319,
      49.8220739,
      49.8223258,
      49.8225468,
      49.8231537,
      49.8232877,
      49.8234207,
      49.8241726,
      49.8244086,
      49.8246946,
      49.8254046,
      49.8256340,
      49.8258845,
      49.8262826,
      49.8270328,
      49.8276550,
      49.8284769,
      49.8288656,
      49.8292912,
      49.8297392,
      49.8301428,
      49.8307111,
      49.8308486,
      49.8309983,
      49.8311521,
      49.8312152,
      49.8312192,
      49.8312219,
      49.8292722,
      49.8247420,
      49.8203318,
      49.8150768,
      49.8131142,
      49.8118317,
      49.8115263,
      49.8107120,
      49.8095719,
      49.8088032,
      49.8054783,
      49.8058324,
      49.8064444,
      49.8068410,
      49.8078399,
      49.8087713,
      49.8083100,
      49.8078203,
      49.8076637,
      49.8077518,
      49.8079770,
      49.8079281,
      49.8085207,
      49.8116297
    ],
    "pointsy": [
      7.4009225,
      7.4014247,
      7.4021745,
      7.4029296,
      7.4038884,
      7.4046083,
      7.4047173,
      7.4045623,
      7.4045185,
      7.4045613,
      7.4045143,
      7.4044044,
      7.4041634,
      7.4040734,
      7.4040504,
      7.4041794,
      7.4041544,
      7.4040444,
      7.4037124,
      7.4035145,
      7.4025076,
      7.4022227,
      7.4019147,
      7.4016517,
      7.4014548,
      7.4008209,
      7.4006469,
      7.3995710,
      7.3990441,
      7.3986932,
      7.3982622,
      7.3980153,
      7.3973134,
      7.3968964,
      7.3966564,
      7.3959715,
      7.3956696,
      7.3955586,
      7.3955096,
      7.3955786,
      7.3960135,
      7.3963615,
      7.3965535,
      7.3969034,
      7.3970154,
      7.3971414,
      7.3981592,
      7.3982892,
      7.3982807,
      7.3979328,
      7.3980339,
      7.3978125,
      7.3975290,
      7.3971383,
      7.3964590,
      7.3971523,
      7.3972425,
      7.3971020,
      7.3967716,
      7.3967288,
      7.3966738,
      7.3963798,
      7.3958796,
      7.3953106,
      7.3945739,
      7.3939040,
      7.3935150,
      7.3782526,
      7.3750461,
      7.3794615,
      7.3759882,
      7.3759046,
      7.3768826,
      7.3789648,
      7.3798797,
      7.3805422,
      7.3796588,
      7.3799252,
      7.3818333,
      7.3832730,
      7.3839122,
      7.3848985,
      7.3859714,
      7.3882066,
      7.3891626,
      7.3907407,
      7.3912718,
      7.3918029,
      7.3923644,
      7.3948949,
      7.4000346
    ]
  }
}