{"id":1245105,"name":"Sulzbach","polygon":{"numberOfPoints":47,"box":{"min":{"x":49.8203668,"y":7.3058189},"max":{"x":49.8509921,"y":7.3567136},"center":{"x":49.83567945,"y":7.33126625},"area":{"x":0.0306253,"y":0.0508947}},"pointsx":[49.8221476,49.8242756,49.8294826,49.8297708,49.8322056,49.8351032,49.8373229,49.8401349,49.8470612,49.8478200,49.8509921,49.8470625,49.8432814,49.8430983,49.8412469,49.8406100,49.8390869,49.8385723,49.8382060,49.8362730,49.8358926,49.8357033,49.8357643,49.8345230,49.8341975,49.8329155,49.8304328,49.8284995,49.8280024,49.8278367,49.8275489,49.8261674,49.8254513,49.8250880,49.8242821,49.8219692,49.8210996,49.8203668,49.8204788,49.8214965,49.8221071,49.8238677,49.8244838,49.8243358,49.8232775,49.8228564,49.8225385],"pointsy":[7.3280205,7.3247291,7.3154523,7.3122378,7.3110669,7.3096577,7.3058189,7.3099678,7.3270886,7.3369608,7.3454808,7.3452332,7.3417453,7.3434174,7.3428811,7.3409678,7.3424373,7.3416049,7.3433085,7.3426775,7.3421340,7.3431192,7.3450121,7.3461163,7.3453907,7.3477883,7.3472205,7.3510694,7.3504822,7.3542302,7.3555241,7.3559925,7.3567136,7.3561933,7.3557695,7.3512526,7.3473061,7.3452239,7.3440881,7.3442774,7.3446718,7.3408544,7.3397604,7.3370528,7.3360433,7.3361302,7.3319002]}}