{"id":1245111,"name":"Fischbach","polygon":{"numberOfPoints":58,"box":{"min":{"x":49.7397230,"y":7.3613793},"max":{"x":49.7608127,"y":7.4154570},"center":{"x":49.75026785,"y":7.38841815},"area":{"x":0.0210897,"y":0.0540777}},"pointsx":[49.7525277,49.7523802,49.7522038,49.7518802,49.7512101,49.7511645,49.7513116,49.7511939,49.7514684,49.7525077,49.7530574,49.7528716,49.7516208,49.7506819,49.7504149,49.7490261,49.7485301,49.7476072,49.7475649,49.7432840,49.7397230,49.7443154,49.7449216,49.7466925,49.7481619,49.7493148,49.7497703,49.7502213,49.7505350,49.7512801,49.7520449,49.7528292,49.7536037,49.7537668,49.7540225,49.7540502,49.7542166,49.7557070,49.7566664,49.7577658,49.7593965,49.7601807,49.7608127,49.7597932,49.7575609,49.7561052,49.7529698,49.7515536,49.7517200,49.7512139,49.7511889,49.7510614,49.7514774,49.7514982,49.7512347,49.7515270,49.7519083,49.7523589],"pointsy":[7.4000162,7.4000907,7.4009102,7.4012895,7.4026680,7.4038085,7.4041120,7.4059177,7.4071468,7.4085732,7.4098367,7.4102577,7.4129923,7.4150350,7.4151040,7.4154480,7.4154480,7.4154450,7.4154570,7.4002399,7.3990946,7.3894569,7.3808530,7.3791565,7.3707175,7.3672274,7.3657647,7.3656585,7.3652791,7.3650667,7.3643080,7.3619407,7.3613793,7.3616921,7.3622895,7.3627508,7.3631478,7.3647788,7.3648527,7.3663776,7.3682878,7.3714744,7.3728784,7.3763303,7.3782171,7.3808781,7.3874982,7.3906824,7.3909399,7.3917876,7.3925514,7.3926889,7.3945344,7.3953284,7.3962083,7.3967907,7.3971448,7.3982607]}}