{"id":1245128,"name":"Breitenthal","polygon":{"numberOfPoints":68,"box":{"min":{"x":49.7903579,"y":7.3084167},"max":{"x":49.8102855,"y":7.3542227},"center":{"x":49.8003217,"y":7.3313197},"area":{"x":0.0199276,"y":0.0458060}},"pointsx":[49.8023550,49.8032699,49.8028825,49.8040635,49.8042264,49.8064661,49.8071584,49.8098924,49.8102855,49.8091536,49.8089126,49.8061515,49.8062635,49.8058604,49.8052947,49.8052557,49.8048909,49.8040139,49.8042388,49.8045826,49.8051119,49.8059598,49.8070455,49.8088358,49.8089580,49.8083777,49.8076448,49.8062712,49.8077873,49.8057307,49.8016995,49.7978882,49.7977296,49.7969808,49.7959577,49.7956271,49.7953623,49.7946495,49.7934223,49.7903579,49.7906534,49.7913455,49.7912428,49.7915986,49.7916495,49.7923114,49.7931660,49.7945742,49.7943006,49.7962447,49.7968207,49.7970942,49.7979469,49.7963599,49.7961439,49.7945764,49.7936999,49.7968142,49.7971696,49.7978608,49.7979904,49.7983216,49.7979328,49.7984036,49.7999919,49.8011294,49.8010286,49.8015323],"pointsy":[7.3537678,7.3529467,7.3519866,7.3514345,7.3522548,7.3507720,7.3522705,7.3542227,7.3532655,7.3505512,7.3505367,7.3445519,7.3430749,7.3420488,7.3416077,7.3404203,7.3390972,7.3351455,7.3351209,7.3335517,7.3303022,7.3277480,7.3252565,7.3231206,7.3216694,7.3213224,7.3202655,7.3178872,7.3150758,7.3084167,7.3142609,7.3140187,7.3112431,7.3114885,7.3111764,7.3121544,7.3147729,7.3154670,7.3158263,7.3221823,7.3236641,7.3243045,7.3252389,7.3262246,7.3266820,7.3270449,7.3282294,7.3297618,7.3307657,7.3333757,7.3354058,7.3350934,7.3365161,7.3374804,7.3386404,7.3375608,7.3387342,7.3495942,7.3502202,7.3501533,7.3479671,7.3472979,7.3443086,7.3432149,7.3440186,7.3456248,7.3486587,7.3517374]}}