{"id":1246676,"name":"Hinzweiler","polygon":{"numberOfPoints":107,"box":{"min":{"x":49.5738442,"y":7.5345392},"max":{"x":49.6002776,"y":7.5827039},"center":{"x":49.5870609,"y":7.55862155},"area":{"x":0.0264334,"y":0.0481647}},"pointsx":[49.5746737,49.5743131,49.5739401,49.5738442,49.5744836,49.5747606,49.5747926,49.5745582,49.5745155,49.5745688,49.5748885,49.5756557,49.5762525,49.5768172,49.5772647,49.5776483,49.5781582,49.5785967,49.5798646,49.5799097,49.5810498,49.5822004,49.5841273,49.5844889,49.5849032,49.5856114,49.5855662,49.5852573,49.5848427,49.5846642,49.5845044,49.5847282,49.5847654,49.5853674,49.5853078,49.5859509,49.5859698,49.5861167,49.5852503,49.5844141,49.5840751,49.5846853,49.5845384,49.5838077,49.5842107,49.5839094,49.5831672,49.5828395,49.5829148,49.5822742,49.5839243,49.5874909,49.5875519,49.5898027,49.5906229,49.5912514,49.5922337,49.5929314,49.5937524,49.5950923,49.5985197,49.5985493,49.5989387,49.5998653,49.5997908,49.5987683,49.5993890,49.6002776,49.6002753,49.5994697,49.5986596,49.5977161,49.5973801,49.5967710,49.5990879,49.5987609,49.5985585,49.5982496,49.5980996,49.5942906,49.5944994,49.5926727,49.5915730,49.5920292,49.5907745,49.5907595,49.5912114,49.5910457,49.5896447,49.5885027,49.5840024,49.5837390,49.5833925,49.5827295,49.5822022,49.5807128,49.5802433,49.5798556,49.5795200,49.5793241,49.5790981,49.5788721,49.5784954,49.5781337,49.5770939,49.5767320,49.5757836],"pointsy":[7.5781754,7.5770656,7.5750937,7.5735654,7.5730724,7.5716591,7.5697940,7.5690709,7.5682986,7.5670332,7.5659815,7.5641903,7.5628757,7.5617911,7.5613310,7.5599013,7.5585332,7.5585702,7.5581923,7.5579289,7.5584219,7.5584383,7.5561158,7.5560228,7.5561042,7.5551630,7.5546401,7.5534432,7.5522760,7.5513184,7.5502585,7.5499381,7.5495519,7.5491986,7.5485258,7.5483697,7.5476551,7.5468649,7.5463653,7.5461038,7.5456622,7.5448721,7.5446513,7.5441981,7.5436346,7.5434370,7.5415756,7.5388566,7.5369509,7.5345392,7.5364396,7.5375173,7.5375710,7.5395550,7.5402287,7.5406231,7.5416705,7.5415598,7.5416992,7.5428421,7.5432562,7.5437463,7.5443189,7.5452885,7.5457815,7.5473097,7.5479428,7.5482914,7.5530712,7.5522513,7.5517887,7.5533367,7.5533853,7.5556535,7.5623204,7.5642223,7.5652247,7.5656519,7.5661236,7.5687828,7.5705605,7.5716799,7.5725829,7.5743321,7.5752820,7.5757701,7.5764208,7.5766299,7.5773271,7.5776095,7.5778741,7.5787898,7.5790454,7.5804863,7.5813926,7.5827039,7.5826011,7.5823227,7.5812997,7.5801377,7.5797426,7.5787201,7.5776975,7.5771397,7.5762799,7.5755538,7.5765562]}}