{
  "numberOfPolygons": 1,
  "box": {
    "min": {
      "x": 49.6573201,
      "y": 7.2701377
    },
    "max": {
      "x": 49.6806353,
      "y": 7.3129614
    },
    "center": {
      "x": 49.6689777,
      "y": 7.29154955
    }
  },
  "polygons": [
    {
      "numberOfPoints": 87,
      "box": {
        "min": {
          "x": 49.6573201,
          "y": 7.2701377
        },
        "max": {
          "x": 49.6806353,
          "y": 7.3129614
        },
        "center": {
          "x": 49.6689777,
          "y": 7.29154955
        }
      },
      "pointsx": [
        49.6701723,
        49.6668418,
        49.6655000,
        49.6650604,
        49.6645283,
        49.6638805,
        49.6627470,
        49.6609225,
        49.6601410,
        49.6610202,
        49.6612169,
        49.6613904,
        49.6597129,
        49.6587814,
        49.6588392,
        49.6598689,
        49.6614646,
        49.6612571,
        49.6616158,
        49.6615348,
        49.6615348,
        49.6614885,
        49.6612687,
        49.6603432,
        49.6600422,
        49.6601350,
        49.6590822,
        49.6589202,
        49.6589318,
        49.6590822,
        49.6591053,
        49.6588568,
        49.6584507,
        49.6581036,
        49.6579880,
        49.6573201,
        49.6578458,
        49.6579711,
        49.6583682,
        49.6590405,
        49.6591623,
        49.6632239,
        49.6640124,
        49.6652973,
        49.6652320,
        49.6684987,
        49.6690116,
        49.6694166,
        49.6699375,
        49.6703484,
        49.6709939,
        49.6724773,
        49.6735214,
        49.6760622,
        49.6779749,
        49.6788032,
        49.6801525,
        49.6806353,
        49.6787521,
        49.6782550,
        49.6777071,
        49.6771020,
        49.6767107,
        49.6754831,
        49.6745693,
        49.6733263,
        49.6724250,
        49.6717053,
        49.6713373,
        49.6694480,
        49.6687887,
        49.6675096,
        49.6673951,
        49.6669125,
        49.6665199,
        49.6664054,
        49.6665280,
        49.6667325,
        49.6670842,
        49.6675259,
        49.6680985,
        49.6682702,
        49.6687037,
        49.6697670,
        49.6699796,
        49.6704458,
        49.6704949
      ],
      "pointsy": [
        7.2732016,
        7.2706202,
        7.2701377,
        7.2704594,
        7.2712636,
        7.2716032,
        7.2711146,
        7.2711050,
        7.2738393,
        7.2743755,
        7.2748044,
        7.2758767,
        7.2798085,
        7.2815781,
        7.2840265,
        7.2867788,
        7.2881410,
        7.2894953,
        7.2911396,
        7.2915864,
        7.2926051,
        7.2938740,
        7.2945888,
        7.2950714,
        7.2959061,
        7.2963224,
        7.2979130,
        7.2983062,
        7.2991104,
        7.2995930,
        7.3005045,
        7.3017502,
        7.3022045,
        7.3023653,
        7.3026870,
        7.3033585,
        7.3049545,
        7.3051718,
        7.3068900,
        7.3075693,
        7.3084814,
        7.3129614,
        7.3108606,
        7.3076976,
        7.3057460,
        7.3040973,
        7.3045228,
        7.3053384,
        7.3057105,
        7.3058517,
        7.3039104,
        7.3017060,
        7.2994951,
        7.2977935,
        7.2974291,
        7.2927312,
        7.2901279,
        7.2894740,
        7.2862219,
        7.2852953,
        7.2847771,
        7.2845244,
        7.2845350,
        7.2856461,
        7.2861320,
        7.2862205,
        7.2869251,
        7.2870262,
        7.2870135,
        7.2859646,
        7.2852183,
        7.2842207,
        7.2844482,
        7.2836773,
        7.2828685,
        7.2823883,
        7.2816806,
        7.2808086,
        7.2799493,
        7.2792668,
        7.2785212,
        7.2775355,
        7.2773586,
        7.2761454,
        7.2760822,
        7.2753745,
        7.2738960
      ]
    }
  ]
}