{
  "numberOfPolygons": 1,
  "box": {
    "min": {
      "x": 49.6601294,
      "y": 7.5251564
    },
    "max": {
      "x": 49.6777859,
      "y": 7.5534362
    },
    "center": {
      "x": 49.66895765,
      "y": 7.5392963
    }
  },
  "polygons": [
    {
      "numberOfPoints": 73,
      "box": {
        "min": {
          "x": 49.6601294,
          "y": 7.5251564
        },
        "max": {
          "x": 49.6777859,
          "y": 7.5534362
        },
        "center": {
          "x": 49.66895765,
          "y": 7.5392963
        }
      },
      "pointsx": [
        49.6607521,
        49.6616024,
        49.6623781,
        49.6636237,
        49.6637378,
        49.6641964,
        49.6649793,
        49.6652816,
        49.6653030,
        49.6656414,
        49.6656493,
        49.6669578,
        49.6673604,
        49.6680649,
        49.6686442,
        49.6691323,
        49.6697256,
        49.6703631,
        49.6705567,
        49.6708520,
        49.6715201,
        49.6719155,
        49.6720204,
        49.6730451,
        49.6730088,
        49.6731621,
        49.6734889,
        49.6735333,
        49.6733881,
        49.6754070,
        49.6750543,
        49.6766196,
        49.6777859,
        49.6766540,
        49.6762020,
        49.6758552,
        49.6748950,
        49.6743625,
        49.6730957,
        49.6716555,
        49.6709156,
        49.6705470,
        49.6695464,
        49.6692870,
        49.6699741,
        49.6700467,
        49.6697562,
        49.6685458,
        49.6682230,
        49.6677469,
        49.6673434,
        49.6672546,
        49.6665283,
        49.6665122,
        49.6656325,
        49.6656648,
        49.6661732,
        49.6652622,
        49.6638741,
        49.6623292,
        49.6618403,
        49.6615337,
        49.6613238,
        49.6614207,
        49.6612915,
        49.6601814,
        49.6601294,
        49.6602504,
        49.6605571,
        49.6608719,
        49.6603796,
        49.6607266,
        49.6612674
      ],
      "pointsy": [
        7.5287633,
        7.5272467,
        7.5264744,
        7.5262995,
        7.5305342,
        7.5303297,
        7.5291361,
        7.5295022,
        7.5298362,
        7.5296852,
        7.5296817,
        7.5296234,
        7.5287487,
        7.5281655,
        7.5278716,
        7.5280390,
        7.5272731,
        7.5261010,
        7.5262382,
        7.5257653,
        7.5267586,
        7.5264968,
        7.5272574,
        7.5258484,
        7.5252500,
        7.5251564,
        7.5252500,
        7.5254619,
        7.5257238,
        7.5287162,
        7.5294020,
        7.5319954,
        7.5373907,
        7.5394587,
        7.5403433,
        7.5397704,
        7.5418277,
        7.5403191,
        7.5393590,
        7.5390556,
        7.5410550,
        7.5410264,
        7.5422109,
        7.5429125,
        7.5436448,
        7.5448667,
        7.5461759,
        7.5484202,
        7.5477843,
        7.5449789,
        7.5449789,
        7.5468367,
        7.5468617,
        7.5471734,
        7.5470362,
        7.5476098,
        7.5486945,
        7.5496534,
        7.5516983,
        7.5534362,
        7.5521222,
        7.5509501,
        7.5491297,
        7.5470849,
        7.5456136,
        7.5397462,
        7.5349594,
        7.5341863,
        7.5335504,
        7.5332886,
        7.5311690,
        7.5308822,
        7.5295855
      ]
    }
  ]
}