{
  "id": 1246774,
  "name": "Nerzweiler",
  "polygon": {
    "numberOfPoints": 74,
    "box": {
      "min": {
        "x": 49.5967710,
        "y": 7.5424890
      },
      "max": {
        "x": 49.6141381,
        "y": 7.5707089
      },
      "center": {
        "x": 49.60545455,
        "y": 7.55659895
      },
      "area": {
        "x": 0.0173671,
        "y": 0.0282199
      }
    },
    "pointsx": [
      49.6041648,
      49.6047587,
      49.6055130,
      49.6081609,
      49.6084081,
      49.6086039,
      49.6098538,
      49.6103808,
      49.6126553,
      49.6128218,
      49.6141381,
      49.6140681,
      49.6137384,
      49.6138326,
      49.6137119,
      49.6137648,
      49.6134690,
      49.6133617,
      49.6130879,
      49.6128378,
      49.6128177,
      49.6128421,
      49.6127318,
      49.6125084,
      49.6121553,
      49.6117224,
      49.6104776,
      49.6096618,
      49.6095152,
      49.6095931,
      49.6091602,
      49.6090395,
      49.6088075,
      49.6087492,
      49.6085170,
      49.6086003,
      49.6082006,
      49.6080258,
      49.6077261,
      49.6076178,
      49.6070933,
      49.6069184,
      49.6059734,
      49.6051065,
      49.6046953,
      49.6043290,
      49.6037628,
      49.6030148,
      49.6013703,
      49.5990879,
      49.5967710,
      49.5973801,
      49.5977161,
      49.5986596,
      49.5994697,
      49.6002753,
      49.6002776,
      49.5993890,
      49.5987683,
      49.5997908,
      49.5998653,
      49.5989387,
      49.5985493,
      49.5985197,
      49.5986815,
      49.5991395,
      49.5994484,
      49.5997945,
      49.6001620,
      49.6005720,
      49.6007387,
      49.6015801,
      49.6026877,
      49.6034332
    ],
    "pointsy": [
      7.5441626,
      7.5439977,
      7.5457927,
      7.5508116,
      7.5524210,
      7.5523978,
      7.5536295,
      7.5575570,
      7.5630893,
      7.5641548,
      7.5649028,
      7.5655196,
      7.5661283,
      7.5662691,
      7.5669460,
      7.5676561,
      7.5679260,
      7.5684223,
      7.5685131,
      7.5686676,
      7.5689207,
      7.5692011,
      7.5693263,
      7.5694332,
      7.5695172,
      7.5700311,
      7.5700534,
      7.5707089,
      7.5704644,
      7.5701821,
      7.5698384,
      7.5691767,
      7.5691795,
      7.5690350,
      7.5687784,
      7.5670889,
      7.5671531,
      7.5665364,
      7.5667934,
      7.5663951,
      7.5668704,
      7.5662794,
      7.5670928,
      7.5681212,
      7.5689326,
      7.5691165,
      7.5692000,
      7.5694957,
      7.5655862,
      7.5623204,
      7.5556535,
      7.5533853,
      7.5533367,
      7.5517887,
      7.5522513,
      7.5530712,
      7.5482914,
      7.5479428,
      7.5473097,
      7.5457815,
      7.5452885,
      7.5443189,
      7.5437463,
      7.5432562,
      7.5432860,
      7.5433189,
      7.5424890,
      7.5430313,
      7.5434585,
      7.5437954,
      7.5433987,
      7.5431357,
      7.5439245,
      7.5441875
    ]
  }
}