{
  "numberOfPolygons": 1,
  "box": {
    "min": {
      "x": 49.7246535,
      "y": 8.3467121
    },
    "max": {
      "x": 49.7728229,
      "y": 8.4577257
    },
    "center": {
      "x": 49.7487382,
      "y": 8.4022189
    }
  },
  "polygons": [
    {
      "numberOfPoints": 103,
      "box": {
        "min": {
          "x": 49.7246535,
          "y": 8.3467121
        },
        "max": {
          "x": 49.7728229,
          "y": 8.4577257
        },
        "center": {
          "x": 49.7487382,
          "y": 8.4022189
        }
      },
      "pointsx": [
        49.7458758,
        49.7473941,
        49.7484278,
        49.7490534,
        49.7499194,
        49.7500262,
        49.7543216,
        49.7532802,
        49.7576366,
        49.7591853,
        49.7616496,
        49.7628589,
        49.7645794,
        49.7668605,
        49.7689853,
        49.7693439,
        49.7695956,
        49.7694889,
        49.7695385,
        49.7704692,
        49.7728229,
        49.7714114,
        49.7728104,
        49.7724364,
        49.7718835,
        49.7701287,
        49.7695907,
        49.7688048,
        49.7683359,
        49.7677409,
        49.7671990,
        49.7668600,
        49.7665201,
        49.7662761,
        49.7660092,
        49.7657082,
        49.7656312,
        49.7655362,
        49.7654712,
        49.7654332,
        49.7654142,
        49.7654271,
        49.7644083,
        49.7635700,
        49.7605829,
        49.7596957,
        49.7579487,
        49.7556056,
        49.7520379,
        49.7515687,
        49.7502259,
        49.7496499,
        49.7498178,
        49.7456177,
        49.7455681,
        49.7441605,
        49.7421807,
        49.7404831,
        49.7369164,
        49.7373360,
        49.7360123,
        49.7345505,
        49.7346826,
        49.7348546,
        49.7357221,
        49.7358164,
        49.7361715,
        49.7363878,
        49.7363434,
        49.7362491,
        49.7364538,
        49.7363212,
        49.7363006,
        49.7361432,
        49.7353249,
        49.7349167,
        49.7346121,
        49.7342985,
        49.7342342,
        49.7342026,
        49.7341528,
        49.7341235,
        49.7340345,
        49.7337250,
        49.7336836,
        49.7335307,
        49.7313669,
        49.7246535,
        49.7250236,
        49.7250316,
        49.7261345,
        49.7265884,
        49.7266414,
        49.7304100,
        49.7304140,
        49.7305590,
        49.7303040,
        49.7304559,
        49.7345070,
        49.7355876,
        49.7361597,
        49.7372622,
        49.7378459
      ],
      "pointsy": [
        8.3514512,
        8.3511488,
        8.3543496,
        8.3571191,
        8.3598122,
        8.3633082,
        8.3680091,
        8.3743375,
        8.3750500,
        8.3807347,
        8.3799701,
        8.3835272,
        8.3822320,
        8.3915477,
        8.3921978,
        8.3925344,
        8.3933174,
        8.3958504,
        8.3974186,
        8.3996660,
        8.4089940,
        8.4129871,
        8.4174356,
        8.4178186,
        8.4183875,
        8.4203682,
        8.4210201,
        8.4221170,
        8.4228979,
        8.4242677,
        8.4260444,
        8.4272152,
        8.4289480,
        8.4303488,
        8.4320975,
        8.4341533,
        8.4348062,
        8.4358530,
        8.4368999,
        8.4379237,
        8.4395985,
        8.4418578,
        8.4426547,
        8.4455866,
        8.4577257,
        8.4575705,
        8.4568692,
        8.4554416,
        8.4484578,
        8.4457369,
        8.4450436,
        8.4416876,
        8.4408341,
        8.4408884,
        8.4385578,
        8.4331312,
        8.4330588,
        8.4307948,
        8.4267732,
        8.4224834,
        8.4226105,
        8.4078824,
        8.4074393,
        8.4068614,
        8.4043255,
        8.4038019,
        8.4009867,
        8.3994760,
        8.3987722,
        8.3980169,
        8.3968373,
        8.3960514,
        8.3956500,
        8.3950555,
        8.3918535,
        8.3902152,
        8.3888718,
        8.3870624,
        8.3863678,
        8.3857019,
        8.3840633,
        8.3829699,
        8.3820060,
        8.3786595,
        8.3783685,
        8.3783735,
        8.3784067,
        8.3775879,
        8.3726343,
        8.3724834,
        8.3697018,
        8.3686529,
        8.3685279,
        8.3698527,
        8.3695938,
        8.3617399,
        8.3616849,
        8.3507415,
        8.3467121,
        8.3492930,
        8.3508983,
        8.3507492,
        8.3524373
      ]
    }
  ]
}