{"id":1248788,"name":"Gundheim","polygon":{"numberOfPoints":47,"box":{"min":{"x":49.6657188,"y":8.2222484},"max":{"x":49.6886989,"y":8.2639147},"center":{"x":49.67720885,"y":8.24308155},"area":{"x":0.0229801,"y":0.0416663}},"pointsx":[49.6861678,49.6820628,49.6815042,49.6801050,49.6789926,49.6796700,49.6788467,49.6788490,49.6780511,49.6781112,49.6773446,49.6765344,49.6770926,49.6768735,49.6760342,49.6740991,49.6740412,49.6721533,49.6706228,49.6685529,49.6685512,49.6677923,49.6674344,49.6657215,49.6657188,49.6670307,49.6698177,49.6713530,49.6717056,49.6744530,49.6748840,49.6773177,49.6772947,49.6773747,49.6772637,49.6770807,49.6772412,49.6786065,49.6803923,49.6819222,49.6851948,49.6882964,49.6886989,49.6875909,49.6865049,49.6856549,49.6869202],"pointsy":[8.2347468,8.2365832,8.2337937,8.2342862,8.2343468,8.2306686,8.2306667,8.2302291,8.2295703,8.2293338,8.2284302,8.2274685,8.2267984,8.2262025,8.2247266,8.2230595,8.2236746,8.2230725,8.2222484,8.2224228,8.2260704,8.2290016,8.2325529,8.2325392,8.2368471,8.2450224,8.2516927,8.2512405,8.2639147,8.2599258,8.2592439,8.2556005,8.2563893,8.2566023,8.2574012,8.2597729,8.2597928,8.2597039,8.2595239,8.2592249,8.2584600,8.2576921,8.2575631,8.2506697,8.2442665,8.2391267,8.2394516]}}