{
  "id": 1249988,
  "name": "Frankeneck",
  "polygon": {
    "numberOfPoints": 63,
    "box": {
      "min": {
        "x": 49.3676863,
        "y": 7.9867803
      },
      "max": {
        "x": 49.3902159,
        "y": 8.0534283
      },
      "center": {
        "x": 49.3789511,
        "y": 8.0201043
      },
      "area": {
        "x": 0.0225296,
        "y": 0.0666480
      }
    },
    "pointsx": [
      49.3902159,
      49.3832313,
      49.3838111,
      49.3824112,
      49.3805268,
      49.3748135,
      49.3741405,
      49.3721499,
      49.3693564,
      49.3689362,
      49.3689093,
      49.3685331,
      49.3681460,
      49.3676863,
      49.3681850,
      49.3684450,
      49.3692509,
      49.3689383,
      49.3693732,
      49.3695433,
      49.3699293,
      49.3706753,
      49.3712443,
      49.3717384,
      49.3726200,
      49.3731513,
      49.3739505,
      49.3745303,
      49.3749208,
      49.3751377,
      49.3755945,
      49.3754950,
      49.3755900,
      49.3758981,
      49.3760035,
      49.3772541,
      49.3785190,
      49.3787837,
      49.3791412,
      49.3794934,
      49.3799839,
      49.3803627,
      49.3827935,
      49.3828818,
      49.3826649,
      49.3819587,
      49.3820270,
      49.3825131,
      49.3837559,
      49.3849303,
      49.3853287,
      49.3862073,
      49.3861825,
      49.3861421,
      49.3864671,
      49.3871415,
      49.3867153,
      49.3868311,
      49.3873974,
      49.3881018,
      49.3893141,
      49.3890410,
      49.3882399
    ],
    "pointsy": [
      7.9867803,
      7.9953843,
      7.9959952,
      8.0095344,
      8.0153330,
      8.0226580,
      8.0236408,
      8.0256412,
      8.0316542,
      8.0334743,
      8.0346175,
      8.0356603,
      8.0357290,
      8.0366058,
      8.0373480,
      8.0381405,
      8.0389160,
      8.0402592,
      8.0439092,
      8.0444046,
      8.0449298,
      8.0459361,
      8.0466171,
      8.0469444,
      8.0471021,
      8.0470136,
      8.0473880,
      8.0476181,
      8.0483037,
      8.0481106,
      8.0489002,
      8.0503400,
      8.0514322,
      8.0527503,
      8.0534283,
      8.0531267,
      8.0519613,
      8.0514680,
      8.0509285,
      8.0504594,
      8.0500391,
      8.0499576,
      8.0468110,
      8.0467314,
      8.0457861,
      8.0433431,
      8.0417733,
      8.0391906,
      8.0378171,
      8.0364100,
      8.0337387,
      8.0324907,
      8.0301842,
      8.0274837,
      8.0261995,
      8.0240455,
      8.0203729,
      8.0193266,
      8.0174143,
      8.0161480,
      8.0125002,
      8.0073572,
      7.9981412
    ]
  }
}