{
  "id": 1249738,
  "name": "Gerolsheim",
  "polygon": {
    "numberOfPoints": 46,
    "box": {
      "min": {
        "x": 49.5361203,
        "y": 8.2483137
      },
      "max": {
        "x": 49.5579971,
        "y": 8.2843599
      },
      "center": {
        "x": 49.5470587,
        "y": 8.2663368
      },
      "area": {
        "x": 0.0218768,
        "y": 0.0360462
      }
    },
    "pointsx": [
      49.5547428,
      49.5513890,
      49.5504045,
      49.5502359,
      49.5470026,
      49.5467776,
      49.5445100,
      49.5443726,
      49.5430955,
      49.5404511,
      49.5404274,
      49.5398174,
      49.5398117,
      49.5385595,
      49.5387321,
      49.5362326,
      49.5361278,
      49.5361203,
      49.5361544,
      49.5362298,
      49.5362877,
      49.5365711,
      49.5366541,
      49.5366594,
      49.5370578,
      49.5386113,
      49.5396507,
      49.5398315,
      49.5412350,
      49.5419060,
      49.5419996,
      49.5425193,
      49.5427866,
      49.5445421,
      49.5463639,
      49.5465818,
      49.5482452,
      49.5492307,
      49.5497034,
      49.5503384,
      49.5542276,
      49.5545959,
      49.5579480,
      49.5579971,
      49.5574328,
      49.5562782
    ],
    "pointsy": [
      8.2484684,
      8.2494836,
      8.2495334,
      8.2483137,
      8.2494384,
      8.2501238,
      8.2511009,
      8.2503086,
      8.2504141,
      8.2508153,
      8.2513318,
      8.2513084,
      8.2511887,
      8.2516004,
      8.2523968,
      8.2531552,
      8.2546415,
      8.2550911,
      8.2558531,
      8.2562716,
      8.2567119,
      8.2606154,
      8.2627822,
      8.2646787,
      8.2680004,
      8.2725578,
      8.2759774,
      8.2758691,
      8.2749783,
      8.2771044,
      8.2777207,
      8.2804748,
      8.2816253,
      8.2808657,
      8.2805667,
      8.2806297,
      8.2805721,
      8.2804560,
      8.2823747,
      8.2843599,
      8.2835896,
      8.2834681,
      8.2826065,
      8.2802325,
      8.2711007,
      8.2604780
    ]
  }
}