{"id":1250988,"name":"Wallhalben","polygon":{"numberOfPoints":52,"box":{"min":{"x":49.2998420,"y":7.4924755},"max":{"x":49.3328688,"y":7.5380713},"center":{"x":49.3163554,"y":7.5152734},"area":{"x":0.0330268,"y":0.0455958}},"pointsx":[49.3058389,49.3064868,49.3084471,49.3085600,49.3091225,49.3095755,49.3102014,49.3103826,49.3111905,49.3122600,49.3136778,49.3154412,49.3172737,49.3188021,49.3212778,49.3235448,49.3260870,49.3272603,49.3298880,49.3294126,49.3289606,49.3222116,49.3328688,49.3287794,49.3283102,49.3263952,49.3242917,49.3222736,49.3209237,49.3191643,49.3182311,49.3175038,49.3161468,49.3144012,49.3131591,49.3119140,49.3124861,49.3141162,49.3145338,49.3151350,49.3156543,49.3150197,49.3142928,49.3142365,49.3140764,49.3131860,49.3117597,49.3107725,49.3100215,49.3089008,49.3016769,49.2998420],"pointsy":[7.4924755,7.4936538,7.4947150,7.4965288,7.4989723,7.4998313,7.5023579,7.5034317,7.5054643,7.5054131,7.5033976,7.5019655,7.5014881,7.5019319,7.5047276,7.5037321,7.5009942,7.4970562,7.4949408,7.4985937,7.5108741,7.5225591,7.5348860,7.5380713,7.5380670,7.5359761,7.5317153,7.5343748,7.5323828,7.5326946,7.5331479,7.5335918,7.5343247,7.5319237,7.5284603,7.5258073,7.5255162,7.5244466,7.5237699,7.5227466,7.5224914,7.5213823,7.5202961,7.5198881,7.5181506,7.5157771,7.5143715,7.5127325,7.5112848,7.5056512,7.5042030,7.5023109]}}