{
  "numberOfPolygons": 1,
  "box": {
    "min": {
      "x": 49.6610267,
      "y": 8.1171293
    },
    "max": {
      "x": 49.6930496,
      "y": 8.1850328
    },
    "center": {
      "x": 49.67703815,
      "y": 8.15108105
    }
  },
  "polygons": [
    {
      "numberOfPoints": 51,
      "box": {
        "min": {
          "x": 49.6610267,
          "y": 8.1171293
        },
        "max": {
          "x": 49.6930496,
          "y": 8.1850328
        },
        "center": {
          "x": 49.67703815,
          "y": 8.15108105
        }
      },
      "pointsx": [
        49.6815749,
        49.6794541,
        49.6791872,
        49.6790302,
        49.6788322,
        49.6787172,
        49.6785682,
        49.6785382,
        49.6783702,
        49.6775693,
        49.6760925,
        49.6753496,
        49.6745597,
        49.6744027,
        49.6735328,
        49.6707062,
        49.6727209,
        49.6736898,
        49.6699179,
        49.6698726,
        49.6681884,
        49.6610267,
        49.6612002,
        49.6650214,
        49.6673528,
        49.6719360,
        49.6729707,
        49.6777370,
        49.6800356,
        49.6812094,
        49.6836611,
        49.6827475,
        49.6830603,
        49.6841900,
        49.6868801,
        49.6886875,
        49.6904497,
        49.6914214,
        49.6916546,
        49.6922720,
        49.6930496,
        49.6927089,
        49.6916206,
        49.6913360,
        49.6911271,
        49.6893899,
        49.6889661,
        49.6887381,
        49.6885285,
        49.6885091,
        49.6856320
      ],
      "pointsy": [
        8.1179722,
        8.1188291,
        8.1188561,
        8.1188371,
        8.1186001,
        8.1183422,
        8.1175203,
        8.1171293,
        8.1171963,
        8.1175583,
        8.1181032,
        8.1185072,
        8.1189961,
        8.1186461,
        8.1191161,
        8.1209609,
        8.1285387,
        8.1323252,
        8.1363030,
        8.1362769,
        8.1379334,
        8.1458654,
        8.1503937,
        8.1615406,
        8.1717766,
        8.1786362,
        8.1850328,
        8.1820659,
        8.1801209,
        8.1793950,
        8.1781936,
        8.1735641,
        8.1723019,
        8.1719066,
        8.1716252,
        8.1716074,
        8.1706433,
        8.1721142,
        8.1719824,
        8.1716333,
        8.1711936,
        8.1696841,
        8.1668764,
        8.1655395,
        8.1638734,
        8.1579612,
        8.1565166,
        8.1547056,
        8.1494881,
        8.1466504,
        8.1324089
      ]
    }
  ]
}