{
  "id": 1250499,
  "name": "Steinweiler",
  "polygon": {
    "numberOfPoints": 184,
    "box": {
      "min": {
        "x": 49.1003478,
        "y": 8.1171962
      },
      "max": {
        "x": 49.1360882,
        "y": 8.1756919
      },
      "center": {
        "x": 49.1182180,
        "y": 8.14644405
      },
      "area": {
        "x": 0.0357404,
        "y": 0.0584957
      }
    },
    "pointsx": [
      49.1027128,
      49.1028468,
      49.1034337,
      49.1037087,
      49.1056505,
      49.1131696,
      49.1160453,
      49.1162553,
      49.1174001,
      49.1186280,
      49.1185780,
      49.1259105,
      49.1276340,
      49.1276040,
      49.1290609,
      49.1294768,
      49.1302287,
      49.1318440,
      49.1315946,
      49.1315946,
      49.1318156,
      49.1317506,
      49.1317816,
      49.1316666,
      49.1316136,
      49.1312696,
      49.1311746,
      49.1310986,
      49.1309877,
      49.1310406,
      49.1309307,
      49.1308467,
      49.1307287,
      49.1306867,
      49.1306867,
      49.1307927,
      49.1306287,
      49.1305447,
      49.1304457,
      49.1303777,
      49.1303927,
      49.1304647,
      49.1304727,
      49.1305147,
      49.1304417,
      49.1302397,
      49.1302707,
      49.1301708,
      49.1301138,
      49.1298848,
      49.1297138,
      49.1296978,
      49.1291829,
      49.1288549,
      49.1286529,
      49.1282790,
      49.1284550,
      49.1284850,
      49.1284280,
      49.1282260,
      49.1282750,
      49.1280580,
      49.1279020,
      49.1279280,
      49.1278180,
      49.1276341,
      49.1274321,
      49.1273601,
      49.1272031,
      49.1270281,
      49.1269021,
      49.1268291,
      49.1266082,
      49.1265782,
      49.1271001,
      49.1269441,
      49.1268751,
      49.1268941,
      49.1270051,
      49.1270051,
      49.1270391,
      49.1270241,
      49.1270581,
      49.1271881,
      49.1272871,
      49.1275391,
      49.1280960,
      49.1283750,
      49.1287789,
      49.1288549,
      49.1289319,
      49.1290039,
      49.1295729,
      49.1296179,
      49.1295649,
      49.1294349,
      49.1294239,
      49.1294539,
      49.1295956,
      49.1296339,
      49.1296559,
      49.1298168,
      49.1298008,
      49.1300678,
      49.1303468,
      49.1304648,
      49.1306408,
      49.1307897,
      49.1313077,
      49.1316517,
      49.1317007,
      49.1318156,
      49.1320786,
      49.1322466,
      49.1323496,
      49.1324376,
      49.1325706,
      49.1326855,
      49.1327575,
      49.1327465,
      49.1326885,
      49.1326046,
      49.1324446,
      49.1323916,
      49.1323916,
      49.1325056,
      49.1326356,
      49.1326965,
      49.1326965,
      49.1325976,
      49.1326815,
      49.1327425,
      49.1328145,
      49.1334135,
      49.1337954,
      49.1341004,
      49.1344934,
      49.1359012,
      49.1360882,
      49.1358702,
      49.1357292,
      49.1360272,
      49.1360572,
      49.1353973,
      49.1355908,
      49.1357630,
      49.1344934,
      49.1340734,
      49.1340434,
      49.1339364,
      49.1338184,
      49.1311437,
      49.1278061,
      49.1277371,
      49.1277561,
      49.1276571,
      49.1272952,
      49.1269632,
      49.1269132,
      49.1269132,
      49.1269552,
      49.1270582,
      49.1271232,
      49.1270892,
      49.1267872,
      49.1266922,
      49.1261353,
      49.1231651,
      49.1226355,
      49.1169392,
      49.1172050,
      49.1128538,
      49.1108745,
      49.1095485,
      49.1074705,
      49.1069559,
      49.1054715,
      49.1030964,
      49.1030766,
      49.1020870,
      49.1020263,
      49.1012046,
      49.1015342,
      49.1003478
    ],
    "pointsy": [
      8.1204108,
      8.1204188,
      8.1204458,
      8.1203088,
      8.1201289,
      8.1188580,
      8.1183391,
      8.1182991,
      8.1183219,
      8.1177231,
      8.1171962,
      8.1176436,
      8.1174001,
      8.1178141,
      8.1178151,
      8.1178991,
      8.1180450,
      8.1180543,
      8.1193258,
      8.1195888,
      8.1203567,
      8.1209526,
      8.1216125,
      8.1215915,
      8.1228243,
      8.1231593,
      8.1231613,
      8.1229643,
      8.1230763,
      8.1233833,
      8.1237812,
      8.1242222,
      8.1244001,
      8.1245501,
      8.1247481,
      8.1248791,
      8.1252110,
      8.1256090,
      8.1258529,
      8.1259629,
      8.1264928,
      8.1266488,
      8.1269128,
      8.1271117,
      8.1272637,
      8.1272617,
      8.1279226,
      8.1280796,
      8.1283666,
      8.1285016,
      8.1283936,
      8.1287065,
      8.1289515,
      8.1295064,
      8.1297734,
      8.1299554,
      8.1301723,
      8.1303703,
      8.1305473,
      8.1307702,
      8.1310592,
      8.1313492,
      8.1314351,
      8.1317001,
      8.1319651,
      8.1322800,
      8.1324360,
      8.1326570,
      8.1329419,
      8.1331249,
      8.1332099,
      8.1336948,
      8.1341648,
      8.1345397,
      8.1348617,
      8.1355026,
      8.1360275,
      8.1365824,
      8.1379462,
      8.1384951,
      8.1390231,
      8.1393770,
      8.1396390,
      8.1398370,
      8.1400499,
      8.1411268,
      8.1427065,
      8.1433594,
      8.1440134,
      8.1442353,
      8.1453322,
      8.1455961,
      8.1465780,
      8.1468199,
      8.1473269,
      8.1475988,
      8.1479228,
      8.1484507,
      8.1489178,
      8.1493326,
      8.1501245,
      8.1503215,
      8.1505864,
      8.1519252,
      8.1529951,
      8.1538519,
      8.1541789,
      8.1547278,
      8.1570135,
      8.1578084,
      8.1572955,
      8.1572055,
      8.1572685,
      8.1572425,
      8.1573074,
      8.1575044,
      8.1580743,
      8.1582493,
      8.1584253,
      8.1587552,
      8.1590432,
      8.1591092,
      8.1591332,
      8.1592672,
      8.1594201,
      8.1593092,
      8.1593292,
      8.1594601,
      8.1596601,
      8.1599241,
      8.1600111,
      8.1601850,
      8.1605810,
      8.1618058,
      8.1624867,
      8.1630276,
      8.1636605,
      8.1653813,
      8.1656632,
      8.1657372,
      8.1657572,
      8.1668051,
      8.1669211,
      8.1672910,
      8.1685136,
      8.1697017,
      8.1703556,
      8.1688038,
      8.1686288,
      8.1682339,
      8.1681269,
      8.1692348,
      8.1704866,
      8.1705996,
      8.1708665,
      8.1710025,
      8.1710995,
      8.1712575,
      8.1715285,
      8.1716864,
      8.1727183,
      8.1730672,
      8.1733732,
      8.1735242,
      8.1736212,
      8.1738271,
      8.1756919,
      8.1735934,
      8.1681938,
      8.1691469,
      8.1679070,
      8.1676035,
      8.1660061,
      8.1693618,
      8.1676386,
      8.1699363,
      8.1710851,
      8.1695130,
      8.1706316,
      8.1704502,
      8.1711896,
      8.1710985,
      8.1457052,
      8.1371307
    ]
  }
}