{
  "id": 1250987,
  "name": "Obernheim-Kirchenarnbach",
  "polygon": {
    "numberOfPoints": 87,
    "box": {
      "min": {
        "x": 49.3401891,
        "y": 7.5580079
      },
      "max": {
        "x": 49.3774630,
        "y": 7.6090805
      },
      "center": {
        "x": 49.35882605,
        "y": 7.5835442
      },
      "area": {
        "x": 0.0372739,
        "y": 0.0510726
      }
    },
    "pointsx": [
      49.3514619,
      49.3523058,
      49.3525838,
      49.3530717,
      49.3542816,
      49.3561274,
      49.3576492,
      49.3577372,
      49.3579242,
      49.3584824,
      49.3589569,
      49.3608904,
      49.3632766,
      49.3634785,
      49.3664042,
      49.3675071,
      49.3676061,
      49.3683080,
      49.3691819,
      49.3693419,
      49.3704288,
      49.3722676,
      49.3726265,
      49.3729235,
      49.3731485,
      49.3735034,
      49.3742284,
      49.3743274,
      49.3752583,
      49.3751323,
      49.3753503,
      49.3752963,
      49.3747393,
      49.3748313,
      49.3738204,
      49.3739574,
      49.3734505,
      49.3735415,
      49.3738504,
      49.3734505,
      49.3733625,
      49.3733665,
      49.3734695,
      49.3736715,
      49.3738314,
      49.3740944,
      49.3746483,
      49.3748489,
      49.3748532,
      49.3748993,
      49.3750983,
      49.3758117,
      49.3761662,
      49.3763452,
      49.3774630,
      49.3774290,
      49.3767841,
      49.3766839,
      49.3741974,
      49.3735795,
      49.3732485,
      49.3727596,
      49.3722946,
      49.3722336,
      49.3722026,
      49.3719277,
      49.3716917,
      49.3713707,
      49.3710968,
      49.3707608,
      49.3703408,
      49.3694559,
      49.3656897,
      49.3634964,
      49.3620153,
      49.3617594,
      49.3439369,
      49.3439615,
      49.3437419,
      49.3433673,
      49.3428126,
      49.3423363,
      49.3416776,
      49.3405368,
      49.3401891,
      49.3401895,
      49.3475927
    ],
    "pointsy": [
      7.5580079,
      7.5588887,
      7.5591507,
      7.5592947,
      7.5597606,
      7.5604735,
      7.5618713,
      7.5616263,
      7.5616913,
      7.5623386,
      7.5626882,
      7.5638388,
      7.5651918,
      7.5654557,
      7.5668805,
      7.5674864,
      7.5676174,
      7.5688842,
      7.5704750,
      7.5706280,
      7.5712479,
      7.5722957,
      7.5745934,
      7.5760082,
      7.5772000,
      7.5786338,
      7.5819024,
      7.5868607,
      7.5883544,
      7.5887104,
      7.5891063,
      7.5892643,
      7.5908621,
      7.5920559,
      7.5920239,
      7.5930418,
      7.5933577,
      7.5939096,
      7.5953004,
      7.5956164,
      7.5958174,
      7.5961713,
      7.5963913,
      7.5966982,
      7.5968722,
      7.5971572,
      7.5979031,
      7.5982826,
      7.5982908,
      7.5983780,
      7.5987599,
      7.6002756,
      7.6010286,
      7.6015000,
      7.6048691,
      7.6049441,
      7.6054690,
      7.6055911,
      7.6068588,
      7.6067138,
      7.6067858,
      7.6071508,
      7.6078617,
      7.6081376,
      7.6082816,
      7.6087005,
      7.6089565,
      7.6090805,
      7.6089965,
      7.6088005,
      7.6084966,
      7.6076887,
      7.6057181,
      7.6056827,
      7.6056161,
      7.6044537,
      7.5848936,
      7.5830504,
      7.5821420,
      7.5821475,
      7.5804988,
      7.5792498,
      7.5779587,
      7.5754119,
      7.5751245,
      7.5747529,
      7.5656888
    ]
  }
}