{"id":1251114,"name":"Schönau (Pfalz)","polygon":{"numberOfPoints":246,"box":{"min":{"x":49.0440060,"y":7.6959198},"max":{"x":49.0860570,"y":7.7949663},"center":{"x":49.0650315,"y":7.74544305},"area":{"x":0.0420510,"y":0.0990465}},"pointsx":[49.0840420,49.0844806,49.0846419,49.0847435,49.0847435,49.0846300,49.0846180,49.0848884,49.0852349,49.0860039,49.0860570,49.0860208,49.0853110,49.0826035,49.0820126,49.0816241,49.0813791,49.0794848,49.0793533,49.0791864,49.0789374,49.0780161,49.0776950,49.0761494,49.0752948,49.0748166,49.0735615,49.0720741,49.0719210,49.0714011,49.0706995,49.0707376,49.0702846,49.0703019,49.0701244,49.0701582,49.0697407,49.0696271,49.0689576,49.0688238,49.0678614,49.0673569,49.0665672,49.0664673,49.0659073,49.0658985,49.0654407,49.0632468,49.0628821,49.0617366,49.0611279,49.0607432,49.0600749,49.0595494,49.0586422,49.0578252,49.0566612,49.0559288,49.0565657,49.0570305,49.0569250,49.0567634,49.0562694,49.0562002,49.0554983,49.0524655,49.0527056,49.0528542,49.0528946,49.0531904,49.0534101,49.0534587,49.0535418,49.0538251,49.0539152,49.0539982,49.0532034,49.0526289,49.0522094,49.0513503,49.0510577,49.0512005,49.0512949,49.0511215,49.0513017,49.0517884,49.0522783,49.0526800,49.0532865,49.0537001,49.0542505,49.0549412,49.0551220,49.0551489,49.0552888,49.0554198,49.0555229,49.0555442,49.0555766,49.0553055,49.0551029,49.0545319,49.0537651,49.0535705,49.0532313,49.0528818,49.0525714,49.0514205,49.0513483,49.0496925,49.0487827,49.0473755,49.0464770,49.0452907,49.0440063,49.0440426,49.0440060,49.0441645,49.0441347,49.0447387,49.0470297,49.0479260,49.0481864,49.0485515,49.0493064,49.0497350,49.0501730,49.0508282,49.0512621,49.0521203,49.0527235,49.0530537,49.0534538,49.0545078,49.0553079,49.0557797,49.0555966,49.0559637,49.0558952,49.0556528,49.0549860,49.0547166,49.0560097,49.0555441,49.0550040,49.0526692,49.0505736,49.0505589,49.0507839,49.0513110,49.0516412,49.0528971,49.0534622,49.0552954,49.0545308,49.0554318,49.0564837,49.0575651,49.0584003,49.0583800,49.0583850,49.0583568,49.0583632,49.0586936,49.0589225,49.0596191,49.0598165,49.0608450,49.0607404,49.0609834,49.0612298,49.0613984,49.0616357,49.0619754,49.0623914,49.0628424,49.0633270,49.0638176,49.0642270,49.0648982,49.0657894,49.0660736,49.0667417,49.0669763,49.0680959,49.0683806,49.0686472,49.0691896,49.0698311,49.0704961,49.0710242,49.0717053,49.0719932,49.0727822,49.0731251,49.0732991,49.0740107,49.0742787,49.0744664,49.0750389,49.0745473,49.0741016,49.0731771,49.0716913,49.0716825,49.0714546,49.0713665,49.0714396,49.0717684,49.0720492,49.0722585,49.0730534,49.0733273,49.0735641,49.0722253,49.0715302,49.0712015,49.0710028,49.0714465,49.0718362,49.0731637,49.0741385,49.0747471,49.0764037,49.0764660,49.0767409,49.0768880,49.0767842,49.0758122,49.0755586,49.0752374,49.0748814,49.0730108,49.0724530,49.0717430,49.0714125,49.0717477,49.0722295,49.0744694,49.0749343,49.0753400,49.0756527,49.0763485,49.0824016,49.0830162,49.0832971],"pointsy":[7.7292968,7.7289881,7.7287053,7.7283768,7.7280210,7.7275284,7.7268477,7.7257896,7.7244220,7.7228091,7.7224646,7.7221769,7.7210544,7.7158661,7.7153243,7.7153152,7.7149594,7.7143390,7.7141109,7.7140984,7.7142803,7.7139836,7.7137642,7.7133464,7.7133190,7.7137296,7.7137205,7.7137198,7.7135678,7.7128001,7.7113163,7.7108582,7.7095539,7.7086729,7.7084600,7.7079890,7.7067781,7.7061486,7.7053113,7.7049410,7.7041154,7.7038199,7.7026776,7.7024811,7.7023385,7.7015984,7.7011573,7.7001081,7.6998526,7.6999106,7.6992525,7.6990074,7.6980106,7.6969630,7.6963410,7.6959198,7.6969562,7.6982536,7.6992838,7.7006411,7.7021428,7.7028556,7.7049214,7.7055074,7.7064953,7.7081748,7.7097315,7.7116831,7.7120844,7.7126723,7.7133225,7.7142554,7.7149277,7.7161683,7.7173768,7.7181723,7.7181718,7.7185267,7.7194855,7.7203220,7.7216318,7.7222566,7.7223209,7.7228270,7.7231401,7.7232756,7.7233233,7.7234962,7.7243575,7.7248390,7.7257789,7.7271509,7.7276698,7.7283047,7.7293678,7.7303328,7.7309871,7.7316926,7.7319284,7.7317447,7.7315190,7.7313115,7.7312810,7.7315479,7.7315720,7.7316181,7.7317996,7.7322166,7.7318713,7.7315843,7.7317109,7.7316234,7.7316069,7.7318005,7.7323575,7.7327803,7.7341581,7.7345698,7.7348991,7.7361119,7.7396198,7.7400109,7.7400690,7.7404554,7.7415431,7.7440299,7.7455764,7.7473185,7.7498949,7.7524180,7.7519917,7.7515072,7.7511971,7.7526214,7.7536582,7.7538420,7.7556248,7.7562059,7.7579837,7.7591347,7.7607397,7.7620003,7.7621784,7.7651759,7.7652888,7.7638912,7.7653477,7.7665084,7.7675080,7.7681281,7.7683897,7.7696923,7.7708550,7.7735555,7.7744554,7.7753514,7.7763700,7.7787399,7.7804820,7.7817080,7.7826991,7.7837134,7.7841064,7.7841350,7.7842872,7.7851723,7.7857110,7.7878986,7.7881945,7.7888562,7.7891695,7.7893869,7.7895638,7.7896607,7.7896501,7.7892548,7.7886753,7.7879862,7.7877971,7.7874720,7.7874222,7.7875494,7.7878310,7.7877480,7.7892299,7.7895001,7.7900943,7.7904912,7.7908284,7.7910461,7.7911312,7.7910171,7.7911935,7.7929054,7.7935674,7.7933888,7.7945003,7.7948247,7.7949663,7.7905599,7.7904503,7.7899518,7.7889916,7.7879608,7.7873289,7.7871745,7.7863539,7.7855754,7.7847542,7.7834911,7.7830572,7.7819807,7.7816834,7.7806121,7.7785320,7.7770131,7.7750607,7.7729680,7.7727018,7.7722569,7.7700041,7.7700945,7.7705332,7.7712738,7.7705908,7.7688939,7.7668804,7.7652319,7.7601611,7.7584193,7.7570258,7.7562884,7.7500536,7.7485698,7.7466344,7.7445317,7.7447666,7.7446375,7.7437214,7.7431537,7.7425731,7.7423796,7.7423033,7.7301840,7.7296788,7.7294963]}}