{
  "id": 1252491,
  "name": "Flemlingen",
  "polygon": {
    "numberOfPoints": 71,
    "box": {
      "min": {
        "x": 49.2394011,
        "y": 8.0855093
      },
      "max": {
        "x": 49.2547710,
        "y": 8.1119887
      },
      "center": {
        "x": 49.24708605,
        "y": 8.0987490
      },
      "area": {
        "x": 0.0153699,
        "y": 0.0264794
      }
    },
    "pointsx": [
      49.2412979,
      49.2428280,
      49.2428249,
      49.2454196,
      49.2465457,
      49.2467926,
      49.2472569,
      49.2473183,
      49.2473183,
      49.2488428,
      49.2491956,
      49.2502999,
      49.2502754,
      49.2508252,
      49.2519856,
      49.2520293,
      49.2535223,
      49.2536108,
      49.2546502,
      49.2545924,
      49.2547710,
      49.2538431,
      49.2537818,
      49.2539466,
      49.2525788,
      49.2514475,
      49.2515125,
      49.2505569,
      49.2506460,
      49.2507941,
      49.2507755,
      49.2514706,
      49.2514950,
      49.2517412,
      49.2521546,
      49.2519025,
      49.2518902,
      49.2509418,
      49.2497182,
      49.2493417,
      49.2490209,
      49.2469087,
      49.2461012,
      49.2451868,
      49.2451418,
      49.2451137,
      49.2447118,
      49.2444780,
      49.2442950,
      49.2441433,
      49.2440866,
      49.2436716,
      49.2434966,
      49.2427814,
      49.2423735,
      49.2412129,
      49.2407735,
      49.2400578,
      49.2396871,
      49.2394304,
      49.2399924,
      49.2398627,
      49.2395507,
      49.2394011,
      49.2404324,
      49.2402390,
      49.2402283,
      49.2413715,
      49.2414474,
      49.2411919,
      49.2412296
    ],
    "pointsy": [
      8.0855335,
      8.0855093,
      8.0859928,
      8.0860353,
      8.0860696,
      8.0862351,
      8.0862635,
      8.0862588,
      8.0881954,
      8.0879817,
      8.0876779,
      8.0874436,
      8.0869608,
      8.0868053,
      8.0865315,
      8.0871126,
      8.0869552,
      8.0878959,
      8.0880517,
      8.0886176,
      8.0901116,
      8.0903932,
      8.0904093,
      8.0921349,
      8.0922954,
      8.0925687,
      8.0953960,
      8.0954758,
      8.0987660,
      8.0995285,
      8.0998592,
      8.0999080,
      8.1002686,
      8.1029893,
      8.1074515,
      8.1077600,
      8.1079370,
      8.1082571,
      8.1087714,
      8.1088508,
      8.1088896,
      8.1093499,
      8.1093766,
      8.1094069,
      8.1098723,
      8.1110802,
      8.1114527,
      8.1115417,
      8.1116613,
      8.1117755,
      8.1118115,
      8.1119107,
      8.1119887,
      8.1096137,
      8.1088308,
      8.1090113,
      8.1084059,
      8.1074140,
      8.1064977,
      8.1053730,
      8.1052639,
      8.1030956,
      8.1007983,
      8.0963407,
      8.0960824,
      8.0934673,
      8.0914075,
      8.0913701,
      8.0906266,
      8.0900899,
      8.0893723
    ]
  }
}