{
  "numberOfPolygons": 2,
  "box": {
    "min": {
      "x": 49.2349314,
      "y": 7.9621635
    },
    "max": {
      "x": 49.2743948,
      "y": 8.0772477
    },
    "center": {
      "x": 49.2546631,
      "y": 8.0197056
    }
  },
  "polygons": [
    {
      "numberOfPoints": 62,
      "box": {
        "min": {
          "x": 49.2349314,
          "y": 8.0344237
        },
        "max": {
          "x": 49.2519154,
          "y": 8.0772477
        },
        "center": {
          "x": 49.2434234,
          "y": 8.0558357
        }
      },
      "pointsx": [
        49.2358134,
        49.2359509,
        49.2360877,
        49.2368321,
        49.2381361,
        49.2381562,
        49.2381567,
        49.2398023,
        49.2401130,
        49.2407582,
        49.2407305,
        49.2416664,
        49.2415007,
        49.2426726,
        49.2427618,
        49.2436515,
        49.2437647,
        49.2442187,
        49.2445380,
        49.2445470,
        49.2453428,
        49.2456462,
        49.2459374,
        49.2463853,
        49.2464062,
        49.2464697,
        49.2463610,
        49.2465241,
        49.2470109,
        49.2470781,
        49.2483305,
        49.2491670,
        49.2496781,
        49.2502379,
        49.2505625,
        49.2494500,
        49.2484918,
        49.2481939,
        49.2468563,
        49.2492246,
        49.2519154,
        49.2476923,
        49.2469341,
        49.2457644,
        49.2450537,
        49.2438883,
        49.2413914,
        49.2401713,
        49.2390250,
        49.2373173,
        49.2363020,
        49.2355564,
        49.2354292,
        49.2351490,
        49.2349314,
        49.2354319,
        49.2356684,
        49.2354758,
        49.2356181,
        49.2358222,
        49.2358618,
        49.2357995
      ],
      "pointsy": [
        8.0698638,
        8.0706033,
        8.0751053,
        8.0750409,
        8.0749870,
        8.0745574,
        8.0740243,
        8.0740837,
        8.0740000,
        8.0740734,
        8.0754414,
        8.0754065,
        8.0772340,
        8.0772477,
        8.0764994,
        8.0749592,
        8.0731335,
        8.0707181,
        8.0692056,
        8.0691628,
        8.0687472,
        8.0679946,
        8.0662732,
        8.0663018,
        8.0660662,
        8.0653373,
        8.0642710,
        8.0633047,
        8.0622008,
        8.0624247,
        8.0612061,
        8.0600225,
        8.0567570,
        8.0550462,
        8.0545787,
        8.0533522,
        8.0521641,
        8.0522306,
        8.0487127,
        8.0398778,
        8.0344237,
        8.0348060,
        8.0409860,
        8.0425915,
        8.0435222,
        8.0445350,
        8.0463206,
        8.0476015,
        8.0491338,
        8.0510894,
        8.0527623,
        8.0549624,
        8.0559423,
        8.0565005,
        8.0579333,
        8.0580166,
        8.0596182,
        8.0612812,
        8.0642508,
        8.0653598,
        8.0659430,
        8.0677799
      ]
    },
    {
      "numberOfPoints": 26,
      "box": {
        "min": {
          "x": 49.2634667,
          "y": 7.9621635
        },
        "max": {
          "x": 49.2743948,
          "y": 7.9822668
        },
        "center": {
          "x": 49.26893075,
          "y": 7.97221515
        }
      },
      "pointsx": [
        49.2743948,
        49.2731884,
        49.2727644,
        49.2725514,
        49.2722045,
        49.2714526,
        49.2711666,
        49.2708196,
        49.2694918,
        49.2692058,
        49.2690540,
        49.2687439,
        49.2683129,
        49.2662262,
        49.2662262,
        49.2662992,
        49.2656012,
        49.2646663,
        49.2640634,
        49.2634667,
        49.2653112,
        49.2642401,
        49.2668925,
        49.2702945,
        49.2732119,
        49.2720521
      ],
      "pointsy": [
        7.9634783,
        7.9630994,
        7.9627484,
        7.9624205,
        7.9621805,
        7.9621635,
        7.9622325,
        7.9623895,
        7.9628174,
        7.9628614,
        7.9629307,
        7.9630874,
        7.9634194,
        7.9658370,
        7.9663450,
        7.9667839,
        7.9692595,
        7.9710953,
        7.9721361,
        7.9749809,
        7.9777962,
        7.9798077,
        7.9822668,
        7.9764477,
        7.9701425,
        7.9691156
      ]
    }
  ]
}