{
  "id": 1252774,
  "name": "Albersweiler",
  "polygon": {
    "numberOfPoints": 70,
    "box": {
      "min": {
        "x": 49.2071985,
        "y": 7.9993777
      },
      "max": {
        "x": 49.2357738,
        "y": 8.0447336
      },
      "center": {
        "x": 49.22148615,
        "y": 8.02205565
      },
      "area": {
        "x": 0.0285753,
        "y": 0.0453559
      }
    },
    "pointsx": [
      49.2101707,
      49.2163008,
      49.2183509,
      49.2196633,
      49.2209084,
      49.2247647,
      49.2259192,
      49.2266821,
      49.2228864,
      49.2213681,
      49.2224400,
      49.2255987,
      49.2262478,
      49.2283454,
      49.2305878,
      49.2310998,
      49.2354348,
      49.2357738,
      49.2352461,
      49.2354943,
      49.2353757,
      49.2351175,
      49.2353478,
      49.2352856,
      49.2351035,
      49.2348419,
      49.2341614,
      49.2342171,
      49.2340706,
      49.2340622,
      49.2337261,
      49.2330746,
      49.2327982,
      49.2333681,
      49.2331796,
      49.2337853,
      49.2335287,
      49.2347514,
      49.2319126,
      49.2318289,
      49.2276541,
      49.2269707,
      49.2263844,
      49.2262867,
      49.2263286,
      49.2255463,
      49.2245271,
      49.2238221,
      49.2233505,
      49.2229309,
      49.2227183,
      49.2222259,
      49.2213709,
      49.2206826,
      49.2201992,
      49.2168807,
      49.2132835,
      49.2112431,
      49.2111241,
      49.2095812,
      49.2094599,
      49.2091666,
      49.2085565,
      49.2081813,
      49.2071985,
      49.2074256,
      49.2084330,
      49.2105956,
      49.2106253,
      49.2100624
    ],
    "pointsy": [
      8.0173746,
      8.0185388,
      8.0202506,
      8.0190472,
      8.0194291,
      8.0213878,
      8.0219718,
      8.0203197,
      8.0081510,
      8.0021685,
      8.0011623,
      8.0021592,
      8.0020049,
      7.9998876,
      7.9997925,
      7.9993777,
      8.0052006,
      8.0121198,
      8.0142355,
      8.0157716,
      8.0169687,
      8.0170436,
      8.0176956,
      8.0186494,
      8.0189461,
      8.0188747,
      8.0199726,
      8.0207525,
      8.0210197,
      8.0215351,
      8.0222772,
      8.0222168,
      8.0239400,
      8.0242836,
      8.0252991,
      8.0258446,
      8.0279609,
      8.0314188,
      8.0331940,
      8.0350218,
      8.0392388,
      8.0397034,
      8.0409646,
      8.0420549,
      8.0435406,
      8.0446359,
      8.0447336,
      8.0444545,
      8.0439827,
      8.0437003,
      8.0436624,
      8.0436963,
      8.0444562,
      8.0441799,
      8.0412272,
      8.0432580,
      8.0437896,
      8.0411023,
      8.0406228,
      8.0401464,
      8.0348374,
      8.0299847,
      8.0254098,
      8.0236261,
      8.0215468,
      8.0199445,
      8.0192190,
      8.0199294,
      8.0189771,
      8.0177981
    ]
  }
}