{
  "numberOfPolygons": 1,
  "box": {
    "min": {
      "x": 49.1641912,
      "y": 8.1680776
    },
    "max": {
      "x": 49.2181181,
      "y": 8.2182764
    },
    "center": {
      "x": 49.19115465,
      "y": 8.1931770
    }
  },
  "polygons": [
    {
      "numberOfPoints": 111,
      "box": {
        "min": {
          "x": 49.1641912,
          "y": 8.1680776
        },
        "max": {
          "x": 49.2181181,
          "y": 8.2182764
        },
        "center": {
          "x": 49.19115465,
          "y": 8.1931770
        }
      },
      "pointsx": [
        49.2181181,
        49.2148116,
        49.2145216,
        49.2126893,
        49.2118967,
        49.2114538,
        49.2114454,
        49.2091516,
        49.2081441,
        49.2082011,
        49.2073192,
        49.2071022,
        49.2069003,
        49.2064313,
        49.2062323,
        49.2056684,
        49.2054654,
        49.2053624,
        49.2052065,
        49.2050305,
        49.2048705,
        49.2046575,
        49.2040196,
        49.2038446,
        49.2037306,
        49.2036686,
        49.2032797,
        49.2029447,
        49.2027997,
        49.2023948,
        49.2022498,
        49.2009949,
        49.2005750,
        49.2001980,
        49.2001250,
        49.1995451,
        49.1990951,
        49.1989231,
        49.1967414,
        49.1953124,
        49.1950446,
        49.1948186,
        49.1928738,
        49.1928198,
        49.1925459,
        49.1925609,
        49.1928238,
        49.1928658,
        49.1925649,
        49.1925989,
        49.1925989,
        49.1897532,
        49.1888453,
        49.1852017,
        49.1834019,
        49.1831419,
        49.1829440,
        49.1828710,
        49.1827760,
        49.1826730,
        49.1794193,
        49.1783395,
        49.1781525,
        49.1774586,
        49.1773856,
        49.1772999,
        49.1772596,
        49.1771726,
        49.1770726,
        49.1752038,
        49.1751158,
        49.1749868,
        49.1719502,
        49.1688046,
        49.1688496,
        49.1689919,
        49.1668813,
        49.1669232,
        49.1649803,
        49.1658224,
        49.1665288,
        49.1641912,
        49.1644149,
        49.1653374,
        49.1658127,
        49.1700898,
        49.1706748,
        49.1710495,
        49.1711203,
        49.1729524,
        49.1757174,
        49.1781636,
        49.1882464,
        49.1907142,
        49.1959831,
        49.1962481,
        49.1962997,
        49.1989352,
        49.1999191,
        49.2013960,
        49.2016439,
        49.2028988,
        49.2030508,
        49.2053705,
        49.2083042,
        49.2086782,
        49.2089521,
        49.2092691,
        49.2095704,
        49.2084665,
        49.2132846
      ],
      "pointsy": [
        8.2072356,
        8.1959420,
        8.1950184,
        8.1853134,
        8.1822095,
        8.1804105,
        8.1802641,
        8.1795921,
        8.1794419,
        8.1806097,
        8.1801728,
        8.1799978,
        8.1795339,
        8.1790060,
        8.1787850,
        8.1777492,
        8.1773302,
        8.1769773,
        8.1767133,
        8.1765603,
        8.1763624,
        8.1758314,
        8.1749056,
        8.1744906,
        8.1739587,
        8.1727259,
        8.1717090,
        8.1703422,
        8.1701013,
        8.1699023,
        8.1694843,
        8.1697973,
        8.1686285,
        8.1688974,
        8.1689504,
        8.1693604,
        8.1680776,
        8.1681226,
        8.1687045,
        8.1686329,
        8.1686195,
        8.1688225,
        8.1688295,
        8.1692734,
        8.1693024,
        8.1709712,
        8.1714271,
        8.1749076,
        8.1750036,
        8.1778182,
        8.1778932,
        8.1778372,
        8.1779712,
        8.1787741,
        8.1792411,
        8.1781032,
        8.1781952,
        8.1781752,
        8.1774733,
        8.1773663,
        8.1783352,
        8.1786062,
        8.1785232,
        8.1773294,
        8.1772664,
        8.1773480,
        8.1773864,
        8.1774703,
        8.1774733,
        8.1745718,
        8.1744858,
        8.1744888,
        8.1754517,
        8.1760622,
        8.1774843,
        8.1808232,
        8.1811225,
        8.1823837,
        8.1835381,
        8.1927005,
        8.2013278,
        8.2019227,
        8.2035260,
        8.2057706,
        8.2078229,
        8.2075450,
        8.2134297,
        8.2163788,
        8.2166492,
        8.2163754,
        8.2166367,
        8.2165048,
        8.2156389,
        8.2154789,
        8.2151177,
        8.2170736,
        8.2178779,
        8.2174435,
        8.2172306,
        8.2169116,
        8.2182764,
        8.2181624,
        8.2180984,
        8.2171196,
        8.2163166,
        8.2160717,
        8.2159617,
        8.2158927,
        8.2138600,
        8.2065409,
        8.2073088
      ]
    }
  ]
}