{
  "numberOfPolygons": 1,
  "box": {
    "min": {
      "x": 49.6101657,
      "y": 7.7414617
    },
    "max": {
      "x": 49.6309636,
      "y": 7.7675432
    },
    "center": {
      "x": 49.62056465,
      "y": 7.75450245
    }
  },
  "polygons": [
    {
      "numberOfPoints": 47,
      "box": {
        "min": {
          "x": 49.6101657,
          "y": 7.7414617
        },
        "max": {
          "x": 49.6309636,
          "y": 7.7675432
        },
        "center": {
          "x": 49.62056465,
          "y": 7.75450245
        }
      },
      "pointsx": [
        49.6109664,
        49.6101657,
        49.6108690,
        49.6118759,
        49.6128158,
        49.6135069,
        49.6129354,
        49.6119267,
        49.6119988,
        49.6141208,
        49.6155411,
        49.6155849,
        49.6160702,
        49.6164753,
        49.6172498,
        49.6178375,
        49.6181881,
        49.6187199,
        49.6190277,
        49.6189326,
        49.6192188,
        49.6194319,
        49.6199324,
        49.6204091,
        49.6206831,
        49.6252862,
        49.6272648,
        49.6291542,
        49.6309636,
        49.6307567,
        49.6306763,
        49.6284248,
        49.6271333,
        49.6299392,
        49.6299590,
        49.6300598,
        49.6302000,
        49.6301868,
        49.6295026,
        49.6288976,
        49.6264975,
        49.6259621,
        49.6228770,
        49.6197674,
        49.6168208,
        49.6159170,
        49.6128132
      ],
      "pointsy": [
        7.7590732,
        7.7583227,
        7.7560033,
        7.7517463,
        7.7495287,
        7.7492116,
        7.7473905,
        7.7456497,
        7.7450534,
        7.7444222,
        7.7442165,
        7.7440021,
        7.7439993,
        7.7438199,
        7.7432886,
        7.7426279,
        7.7419522,
        7.7425611,
        7.7434935,
        7.7451134,
        7.7450156,
        7.7448271,
        7.7463058,
        7.7478268,
        7.7471790,
        7.7448264,
        7.7414617,
        7.7435672,
        7.7459970,
        7.7465752,
        7.7470367,
        7.7536992,
        7.7562313,
        7.7629143,
        7.7632576,
        7.7640131,
        7.7648582,
        7.7648910,
        7.7643447,
        7.7635679,
        7.7608710,
        7.7612238,
        7.7675432,
        7.7671674,
        7.7655409,
        7.7669318,
        7.7618200
      ]
    }
  ]
}