{"id":1253816,"name":"Bruchmühlbach-Miesau","polygon":{"numberOfPoints":128,"box":{"min":{"x":49.3632157,"y":7.3925294},"max":{"x":49.4217453,"y":7.4868721},"center":{"x":49.3924805,"y":7.43970075},"area":{"x":0.0585296,"y":0.0943427}},"pointsx":[49.4204360,49.4202450,49.4201460,49.4199590,49.4199250,49.4198520,49.4196540,49.4192301,49.4190321,49.4188301,49.4186352,49.4181162,49.4179872,49.4177013,49.4167514,49.4160944,49.4158388,49.4154899,49.4153456,49.4150247,49.4147758,49.4141313,49.4136045,49.4134889,49.4133620,49.4132129,49.4126712,49.4122897,49.4118641,49.4110210,49.4112160,49.4118771,49.4112338,49.4105886,49.4096062,49.4091227,49.4086183,49.4076016,49.4066488,49.4067255,49.4054772,49.4052014,49.4049787,49.4035593,49.4028389,49.4020640,49.4017320,49.3984174,49.3959307,49.3924021,49.3906813,49.3892504,49.3888125,49.3876299,49.3854126,49.3843979,49.3833544,49.3796017,49.3783831,49.3779553,49.3778065,49.3777355,49.3775247,49.3769938,49.3764299,49.3760629,49.3758189,49.3755520,49.3753580,49.3749110,49.3748390,49.3736142,49.3724963,49.3712507,49.3715314,49.3716914,49.3718064,49.3718824,49.3719010,49.3718945,49.3718713,49.3718537,49.3717524,49.3716863,49.3716384,49.3711045,49.3707605,49.3706465,49.3703455,49.3701086,49.3691247,49.3681098,49.3679337,49.3683084,49.3680539,49.3650509,49.3642730,49.3635163,49.3633781,49.3632157,49.3657643,49.3713532,49.3712176,49.3739336,49.3712158,49.3704661,49.3701037,49.3727930,49.3743303,49.3770268,49.3785483,49.3792209,49.3810905,49.3860240,49.3905666,49.3963461,49.3974957,49.3981114,49.4018049,49.4024900,49.4042434,49.4061610,49.4065871,49.4165572,49.4162708,49.4195048,49.4217453,49.4210256],"pointsy":[7.4211582,7.4211722,7.4211952,7.4211742,7.4210422,7.4207272,7.4205793,7.4207152,7.4206902,7.4205423,7.4199464,7.4197904,7.4193924,7.4192455,7.4173037,7.4158479,7.4157319,7.4154593,7.4152513,7.4153090,7.4147636,7.4155160,7.4143262,7.4139330,7.4138018,7.4136708,7.4111959,7.4099406,7.4080495,7.4082890,7.4093349,7.4123015,7.4126284,7.4098879,7.4095279,7.4089007,7.4084709,7.4073162,7.4063432,7.4059054,7.4050296,7.4047546,7.4047526,7.4044814,7.4070642,7.4064993,7.4064883,7.4042387,7.4025369,7.4001553,7.3989694,7.4041307,7.4057465,7.4058642,7.4058153,7.3997925,7.3925294,7.3957422,7.4030602,7.4033589,7.4039282,7.4044262,7.4055375,7.4053156,7.4047317,7.4040258,7.4042237,7.4036028,7.4029589,7.4019111,7.4019341,7.3990025,7.3970688,7.3950346,7.3960639,7.3965638,7.3968308,7.3971358,7.3976184,7.3976691,7.3977194,7.3978206,7.3988505,7.3991821,7.3994224,7.4003693,7.4009392,7.4011102,7.4013122,7.4014182,7.4016461,7.4019031,7.4021514,7.4025049,7.4034450,7.4064374,7.4071530,7.4086298,7.4092368,7.4104527,7.4120156,7.4154226,7.4281641,7.4421620,7.4449647,7.4457379,7.4516160,7.4590820,7.4674968,7.4794673,7.4815831,7.4829637,7.4868721,7.4865820,7.4845873,7.4744720,7.4731484,7.4730466,7.4738397,7.4743688,7.4754769,7.4760226,7.4716568,7.4681228,7.4532526,7.4389729,7.4309516,7.4255683]}}