{"id":1253985,"name":"Dielkirchen","polygon":{"numberOfPoints":91,"box":{"min":{"x":49.6474615,"y":7.7974030},"max":{"x":49.6807932,"y":7.8543949},"center":{"x":49.66412735,"y":7.82589895},"area":{"x":0.0333317,"y":0.0569919}},"pointsx":[49.6654993,49.6654676,49.6660854,49.6665963,49.6672122,49.6688890,49.6700848,49.6707484,49.6709752,49.6708566,49.6717417,49.6718486,49.6731435,49.6724069,49.6727752,49.6730425,49.6737463,49.6738681,49.6741692,49.6744494,49.6745708,49.6747372,49.6745037,49.6744126,49.6738435,49.6736420,49.6742257,49.6732346,49.6742477,49.6743572,49.6752371,49.6759668,49.6774754,49.6780314,49.6781757,49.6779381,49.6794476,49.6804800,49.6807932,49.6779262,49.6778787,49.6762039,49.6752773,49.6727708,49.6720496,49.6714259,49.6693288,49.6657413,49.6654651,49.6612658,49.6582489,49.6583097,49.6575607,49.6576433,49.6557556,49.6540690,49.6512801,49.6474615,49.6476317,49.6478408,49.6480223,49.6479996,49.6482485,49.6490922,49.6503280,49.6523494,49.6533455,49.6547570,49.6554803,49.6568674,49.6561695,49.6569676,49.6562096,49.6571199,49.6563859,49.6570008,49.6571047,49.6581045,49.6588245,49.6595394,49.6610713,49.6613436,49.6616905,49.6617756,49.6620819,49.6626096,49.6636330,49.6640633,49.6641903,49.6644697,49.6647229],"pointsy":[7.7985217,7.7987587,7.7999335,7.8004934,7.8012091,7.8029185,7.8041152,7.8051147,7.8052445,7.8056601,7.8069910,7.8074499,7.8091479,7.8103135,7.8116627,7.8119472,7.8136673,7.8141041,7.8145942,7.8148182,7.8149590,7.8150679,7.8155716,7.8158765,7.8172210,7.8175817,7.8183410,7.8204048,7.8211748,7.8211756,7.8214631,7.8218610,7.8233228,7.8322407,7.8331599,7.8349037,7.8382259,7.8381345,7.8407450,7.8423564,7.8430356,7.8439167,7.8446510,7.8474412,7.8494410,7.8499860,7.8519917,7.8536986,7.8535600,7.8542431,7.8543949,7.8521456,7.8458121,7.8406175,7.8329510,7.8301526,7.8278027,7.8224052,7.8222563,7.8221310,7.8218489,7.8214255,7.8212123,7.8219919,7.8227688,7.8226443,7.8219173,7.8219473,7.8208524,7.8180062,7.8163037,7.8136494,7.8109055,7.8102327,7.8043090,7.8040713,7.8026324,7.8028148,7.8023650,7.8016813,7.7988153,7.7982894,7.7985260,7.7984603,7.7986575,7.7995515,7.7979136,7.7983155,7.7977950,7.7974030,7.7974239]}}