{
  "id": 1253780,
  "name": "Hirschhorn/ Pfalz",
  "polygon": {
    "numberOfPoints": 134,
    "box": {
      "min": {
        "x": 49.5110346,
        "y": 7.6635748
      },
      "max": {
        "x": 49.5322224,
        "y": 7.6993376
      },
      "center": {
        "x": 49.5216285,
        "y": 7.6814562
      },
      "area": {
        "x": 0.0211878,
        "y": 0.0357628
      }
    },
    "pointsx": [
      49.5170575,
      49.5168414,
      49.5167049,
      49.5154809,
      49.5147385,
      49.5136972,
      49.5132127,
      49.5127784,
      49.5124740,
      49.5120366,
      49.5111228,
      49.5110346,
      49.5113625,
      49.5119657,
      49.5121605,
      49.5123653,
      49.5124340,
      49.5125915,
      49.5127548,
      49.5129925,
      49.5132131,
      49.5135811,
      49.5137487,
      49.5138575,
      49.5139778,
      49.5141440,
      49.5142962,
      49.5144780,
      49.5146684,
      49.5148425,
      49.5149479,
      49.5151544,
      49.5154562,
      49.5155109,
      49.5158754,
      49.5160860,
      49.5164647,
      49.5165052,
      49.5166320,
      49.5166724,
      49.5167551,
      49.5168353,
      49.5170630,
      49.5172821,
      49.5175241,
      49.5176744,
      49.5181227,
      49.5184253,
      49.5187025,
      49.5190348,
      49.5193519,
      49.5194915,
      49.5195046,
      49.5194964,
      49.5194443,
      49.5194552,
      49.5196088,
      49.5196389,
      49.5193427,
      49.5190209,
      49.5187526,
      49.5186377,
      49.5185809,
      49.5185492,
      49.5186443,
      49.5187552,
      49.5189336,
      49.5194368,
      49.5198291,
      49.5228408,
      49.5229060,
      49.5226802,
      49.5223275,
      49.5223196,
      49.5222958,
      49.5223949,
      49.5223513,
      49.5224040,
      49.5224629,
      49.5225049,
      49.5226306,
      49.5228944,
      49.5232670,
      49.5237207,
      49.5256681,
      49.5279597,
      49.5287676,
      49.5292535,
      49.5299257,
      49.5300315,
      49.5300682,
      49.5306594,
      49.5309534,
      49.5312627,
      49.5319293,
      49.5318904,
      49.5322224,
      49.5318013,
      49.5316717,
      49.5315178,
      49.5314854,
      49.5316069,
      49.5315222,
      49.5314695,
      49.5313076,
      49.5313562,
      49.5306027,
      49.5305930,
      49.5301464,
      49.5302437,
      49.5287491,
      49.5282051,
      49.5274148,
      49.5267619,
      49.5262980,
      49.5256566,
      49.5255362,
      49.5260288,
      49.5250438,
      49.5243164,
      49.5239556,
      49.5232741,
      49.5231882,
      49.5219647,
      49.5215083,
      49.5206695,
      49.5203004,
      49.5194239,
      49.5191825,
      49.5183479,
      49.5186260,
      49.5177337,
      49.5174554,
      49.5172598
    ],
    "pointsy": [
      7.6967588,
      7.6966197,
      7.6966318,
      7.6945515,
      7.6938884,
      7.6923210,
      7.6923386,
      7.6912581,
      7.6901261,
      7.6889547,
      7.6848722,
      7.6845477,
      7.6841857,
      7.6836616,
      7.6834389,
      7.6829735,
      7.6828720,
      7.6826999,
      7.6825830,
      7.6824926,
      7.6823823,
      7.6821507,
      7.6819698,
      7.6818044,
      7.6817272,
      7.6816191,
      7.6814766,
      7.6811091,
      7.6808096,
      7.6805882,
      7.6804291,
      7.6802544,
      7.6801858,
      7.6801452,
      7.6797116,
      7.6796024,
      7.6797272,
      7.6796681,
      7.6792876,
      7.6789573,
      7.6787213,
      7.6784522,
      7.6779691,
      7.6774133,
      7.6768883,
      7.6766589,
      7.6760347,
      7.6757496,
      7.6753392,
      7.6746076,
      7.6740725,
      7.6737685,
      7.6736353,
      7.6734748,
      7.6733059,
      7.6730948,
      7.6725500,
      7.6723410,
      7.6701887,
      7.6688629,
      7.6680105,
      7.6672172,
      7.6666573,
      7.6659981,
      7.6650702,
      7.6645819,
      7.6642218,
      7.6636358,
      7.6635748,
      7.6641493,
      7.6645754,
      7.6646059,
      7.6645571,
      7.6655581,
      7.6663699,
      7.6665042,
      7.6670292,
      7.6674363,
      7.6675226,
      7.6673716,
      7.6676156,
      7.6679111,
      7.6682909,
      7.6691780,
      7.6721150,
      7.6751596,
      7.6764951,
      7.6772063,
      7.6787161,
      7.6787120,
      7.6789924,
      7.6811136,
      7.6822276,
      7.6833034,
      7.6853525,
      7.6854870,
      7.6862731,
      7.6870966,
      7.6878452,
      7.6875707,
      7.6878702,
      7.6882196,
      7.6883564,
      7.6882004,
      7.6892048,
      7.6895230,
      7.6914512,
      7.6919440,
      7.6924645,
      7.6927204,
      7.6944850,
      7.6942467,
      7.6930909,
      7.6928968,
      7.6933909,
      7.6947938,
      7.6963746,
      7.6983759,
      7.6983847,
      7.6986847,
      7.6992229,
      7.6993376,
      7.6986229,
      7.6984966,
      7.6987706,
      7.6987821,
      7.6987744,
      7.6982165,
      7.6980051,
      7.6973676,
      7.6968744,
      7.6965672,
      7.6966096,
      7.6962476
    ]
  }
}