{
  "id": 1253823,
  "name": "Hauptstuhl",
  "polygon": {
    "numberOfPoints": 27,
    "box": {
      "min": {
        "x": 49.3860240,
        "y": 7.4730466
      },
      "max": {
        "x": 49.4055354,
        "y": 7.5197960
      },
      "center": {
        "x": 49.3957797,
        "y": 7.4964213
      },
      "area": {
        "x": 0.0195114,
        "y": 0.0467494
      }
    },
    "pointsx": [
      49.4049271,
      49.4045518,
      49.4051314,
      49.4034852,
      49.4021831,
      49.4001324,
      49.3974538,
      49.3965402,
      49.3960120,
      49.3944903,
      49.3912010,
      49.3875777,
      49.3860240,
      49.3905666,
      49.3963461,
      49.3974957,
      49.3981114,
      49.4018049,
      49.4024900,
      49.4042510,
      49.4044197,
      49.4053342,
      49.4055354,
      49.4052632,
      49.4048482,
      49.4051559,
      49.4052228
    ],
    "pointsy": [
      7.5055707,
      7.5158176,
      7.5180828,
      7.5170583,
      7.5182589,
      7.5197960,
      7.5177897,
      7.5189264,
      7.5196117,
      7.5173780,
      7.5082800,
      7.4948913,
      7.4865820,
      7.4845873,
      7.4744720,
      7.4731484,
      7.4730466,
      7.4738397,
      7.4743688,
      7.4821736,
      7.4860473,
      7.4860433,
      7.4883899,
      7.4912277,
      7.4916023,
      7.4958428,
      7.4991357
    ]
  }
}