{"id":1253801,"name":"Hütschenhausen","polygon":{"numberOfPoints":307,"box":{"min":{"x":49.4024900,"y":7.4104917},"max":{"x":49.4425429,"y":7.5217485},"center":{"x":49.42251645,"y":7.4661201},"area":{"x":0.0400529,"y":0.1112568}},"pointsx":[49.4240454,49.4240112,49.4238960,49.4238192,49.4237774,49.4237529,49.4237460,49.4237564,49.4237549,49.4237339,49.4236771,49.4235919,49.4235029,49.4234007,49.4233328,49.4232726,49.4232445,49.4232252,49.4232112,49.4232358,49.4232578,49.4232927,49.4233412,49.4233796,49.4234494,49.4235087,49.4235715,49.4236273,49.4237006,49.4237669,49.4238751,49.4239588,49.4240600,49.4241996,49.4243688,49.4247736,49.4248887,49.4250719,49.4251207,49.4251679,49.4252080,49.4254034,49.4254418,49.4254801,49.4255220,49.4258046,49.4258500,49.4258954,49.4259302,49.4259547,49.4259651,49.4259512,49.4259093,49.4258151,49.4257767,49.4257628,49.4257697,49.4258709,49.4259093,49.4259582,49.4260140,49.4260942,49.4261780,49.4262512,49.4262896,49.4262931,49.4262827,49.4262024,49.4261396,49.4261501,49.4261640,49.4261989,49.4262443,49.4263001,49.4263594,49.4266246,49.4266769,49.4267083,49.4267223,49.4267013,49.4266804,49.4266699,49.4266874,49.4267258,49.4267607,49.4268025,49.4268514,49.4269072,49.4269665,49.4269979,49.4270154,49.4270119,49.4270014,49.4267851,49.4267432,49.4267031,49.4266316,49.4265757,49.4265339,49.4264800,49.4264646,49.4264641,49.4264896,49.4265620,49.4266724,49.4267750,49.4268680,49.4269442,49.4269991,49.4270286,49.4270115,49.4269616,49.4268987,49.4268224,49.4266968,49.4265279,49.4264168,49.4263376,49.4262813,49.4262673,49.4262814,49.4263093,49.4263477,49.4264198,49.4267031,49.4268261,49.4269404,49.4270435,49.4271623,49.4272472,49.4269800,49.4263216,49.4258006,49.4258346,49.4253680,49.4250780,49.4243930,49.4240647,49.4248026,49.4257154,49.4266693,49.4268903,49.4274742,49.4281831,49.4285191,49.4292970,49.4298159,49.4305179,49.4309268,49.4314258,49.4318567,49.4319637,49.4323567,49.4327766,49.4331696,49.4336995,49.4338975,49.4340735,49.4344964,49.4346454,49.4351793,49.4355273,49.4355383,49.4353473,49.4353283,49.4355423,49.4355693,49.4354853,49.4352625,49.4352221,49.4354611,49.4350950,49.4355383,49.4354380,49.4358144,49.4359566,49.4361657,49.4363832,49.4362995,49.4367931,49.4375208,49.4380896,49.4388840,49.4392217,49.4396757,49.4400187,49.4405688,49.4397526,49.4408408,49.4407344,49.4409532,49.4414914,49.4418344,49.4422384,49.4414386,49.4411902,49.4412730,49.4414859,49.4415332,49.4407007,49.4411743,49.4420049,49.4412773,49.4411354,49.4421999,49.4418569,49.4425429,49.4420041,49.4423467,49.4422013,49.4404547,49.4395439,49.4388460,49.4383610,49.4389761,49.4380890,49.4376548,49.4359000,49.4357441,49.4348231,49.4330960,49.4312008,49.4255795,49.4242753,49.4225394,49.4212024,49.4212024,49.4189767,49.4193951,49.4188826,49.4182852,49.4167957,49.4158476,49.4162140,49.4156911,49.4153229,49.4147914,49.4153270,49.4149253,49.4138708,49.4130172,49.4125584,49.4111594,49.4101999,49.4080292,49.4058531,49.4049271,49.4052228,49.4051559,49.4048482,49.4052632,49.4055354,49.4053342,49.4044197,49.4042510,49.4024900,49.4042434,49.4061610,49.4065871,49.4165572,49.4162708,49.4195048,49.4217453,49.4210256,49.4204360,49.4204170,49.4203560,49.4202070,49.4196540,49.4193181,49.4192301,49.4191961,49.4192071,49.4192801,49.4194101,49.4196730,49.4199320,49.4201150,49.4204169,49.4214348,49.4220268,49.4225147,49.4228317,49.4230226,49.4233386,49.4234186,49.4234996,49.4235606,49.4235486,49.4234766,49.4231326,49.4230946,49.4231896,49.4232396,49.4233846,49.4237626,49.4237886,49.4237056,49.4233156,49.4231936,49.4232528,49.4232206,49.4233386,49.4234456,49.4237206,49.4239876,49.4241516],"pointsy":[7.4210634,7.4211519,7.4213290,7.4214577,7.4215489,7.4216401,7.4217420,7.4222785,7.4224662,7.4225942,7.4227216,7.4228466,7.4229225,7.4229702,7.4230552,7.4232060,7.4233792,7.4235552,7.4238272,7.4243531,7.4247405,7.4249797,7.4252557,7.4254113,7.4256205,7.4257439,7.4258673,7.4259638,7.4260550,7.4261247,7.4262213,7.4262589,7.4263071,7.4263501,7.4263927,7.4264893,7.4265214,7.4265861,7.4266129,7.4266663,7.4267309,7.4273425,7.4274337,7.4275141,7.4275731,7.4278789,7.4279218,7.4279808,7.4280667,7.4281418,7.4282383,7.4283349,7.4284261,7.4285334,7.4285870,7.4286621,7.4287479,7.4290484,7.4291342,7.4291878,7.4292254,7.4292522,7.4293112,7.4294024,7.4294614,7.4295419,7.4296170,7.4296974,7.4297511,7.4298047,7.4298477,7.4298798,7.4299013,7.4299013,7.4298798,7.4296653,7.4296170,7.4295741,7.4295097,7.4294131,7.4293380,7.4292629,7.4291986,7.4291503,7.4291127,7.4291127,7.4291342,7.4292039,7.4293219,7.4294292,7.4295419,7.4296653,7.4297618,7.4304056,7.4304860,7.4305501,7.4305987,7.4306684,7.4307489,7.4311863,7.4313164,7.4314248,7.4315138,7.4315637,7.4315511,7.4315283,7.4315350,7.4316429,7.4317687,7.4319135,7.4320589,7.4321485,7.4321959,7.4322268,7.4322112,7.4321723,7.4321443,7.4321817,7.4322804,7.4324263,7.4326519,7.4327898,7.4329408,7.4331462,7.4338600,7.4341043,7.4343090,7.4344643,7.4345785,7.4346214,7.4352072,7.4353638,7.4356584,7.4359201,7.4362119,7.4366310,7.4377756,7.4383859,7.4400138,7.4419792,7.4439639,7.4442419,7.4446978,7.4449537,7.4449687,7.4451937,7.4454337,7.4453527,7.4455277,7.4472574,7.4481993,7.4491241,7.4490991,7.4509169,7.4512748,7.4520087,7.4523607,7.4522047,7.4532825,7.4534905,7.4538415,7.4543124,7.4548603,7.4561511,7.4567000,7.4572360,7.4573060,7.4584978,7.4593418,7.4598536,7.4599491,7.4617280,7.4620625,7.4623712,7.4625641,7.4620239,7.4617152,7.4616380,7.4622940,7.4632073,7.4642363,7.4647637,7.4652311,7.4658931,7.4673320,7.4679596,7.4684325,7.4697514,7.4709520,7.4713977,7.4721253,7.4721162,7.4745902,7.4745166,7.4759721,7.4786826,7.4804653,7.4815386,7.4821025,7.4877013,7.4906370,7.4926630,7.4943966,7.4950151,7.4964158,7.4971435,7.4986351,7.5003709,7.5050540,7.5066458,7.5101366,7.5112463,7.5111735,7.5108825,7.5132837,7.5152847,7.5167177,7.5192319,7.5195962,7.5217485,7.5209167,7.5164610,7.5184784,7.5130796,7.5142745,7.5151948,7.5143458,7.5155807,7.5178188,7.5183413,7.5159636,7.5125420,7.5095385,7.5078448,7.5053901,7.5045412,7.5010274,7.5006415,7.4990979,7.4997153,7.4986348,7.4991642,7.4967054,7.4956785,7.4972199,7.5048348,7.5055707,7.4991357,7.4958428,7.4916023,7.4912277,7.4883899,7.4860433,7.4860473,7.4821736,7.4743688,7.4754769,7.4760226,7.4716568,7.4681228,7.4532526,7.4389729,7.4309516,7.4255683,7.4211582,7.4207002,7.4200813,7.4195724,7.4183866,7.4174977,7.4171058,7.4162369,7.4154890,7.4150001,7.4144021,7.4135323,7.4128434,7.4122215,7.4114656,7.4109476,7.4106327,7.4104947,7.4104917,7.4105787,7.4109146,7.4110686,7.4112166,7.4115045,7.4118375,7.4121035,7.4127934,7.4136572,7.4137862,7.4138562,7.4140532,7.4143811,7.4145151,7.4147361,7.4148501,7.4148511,7.4152725,7.4159139,7.4164888,7.4174617,7.4181456,7.4191623,7.4200225]}}