{
  "id": 1253745,
  "name": "Mehlingen",
  "polygon": {
    "numberOfPoints": 152,
    "box": {
      "min": {
        "x": 49.4607382,
        "y": 7.7983583
      },
      "max": {
        "x": 49.5130602,
        "y": 7.8860555
      },
      "center": {
        "x": 49.4868992,
        "y": 7.8422069
      },
      "area": {
        "x": 0.0523220,
        "y": 0.0876972
      }
    },
    "pointsx": [
      49.4861022,
      49.4828379,
      49.4833253,
      49.4938925,
      49.4960951,
      49.5069194,
      49.5130602,
      49.5124153,
      49.5105035,
      49.5088800,
      49.5068932,
      49.5040322,
      49.5071617,
      49.5108752,
      49.5109261,
      49.5110375,
      49.5110336,
      49.5107272,
      49.5071008,
      49.5054300,
      49.4995289,
      49.4965764,
      49.4950964,
      49.4943601,
      49.4936239,
      49.4900840,
      49.4896414,
      49.4891990,
      49.4883102,
      49.4874252,
      49.4865402,
      49.4838242,
      49.4803873,
      49.4761862,
      49.4752414,
      49.4724987,
      49.4721554,
      49.4719876,
      49.4718121,
      49.4712151,
      49.4711331,
      49.4697675,
      49.4655644,
      49.4648196,
      49.4642247,
      49.4638927,
      49.4637478,
      49.4635758,
      49.4633248,
      49.4631988,
      49.4631598,
      49.4631638,
      49.4632598,
      49.4640761,
      49.4648571,
      49.4640987,
      49.4641717,
      49.4641217,
      49.4639917,
      49.4638397,
      49.4637018,
      49.4636298,
      49.4632788,
      49.4619319,
      49.4612990,
      49.4611960,
      49.4610740,
      49.4610580,
      49.4611120,
      49.4612190,
      49.4615280,
      49.4615205,
      49.4616540,
      49.4617110,
      49.4613830,
      49.4612420,
      49.4612000,
      49.4610200,
      49.4609670,
      49.4609710,
      49.4609290,
      49.4607661,
      49.4607382,
      49.4608330,
      49.4609034,
      49.4609982,
      49.4612214,
      49.4613608,
      49.4616119,
      49.4622311,
      49.4624319,
      49.4628018,
      49.4630578,
      49.4631908,
      49.4633667,
      49.4635187,
      49.4636027,
      49.4636391,
      49.4636407,
      49.4636527,
      49.4636757,
      49.4637557,
      49.4639077,
      49.4640907,
      49.4643426,
      49.4645716,
      49.4650974,
      49.4652465,
      49.4653995,
      49.4655105,
      49.4656135,
      49.4657045,
      49.4659874,
      49.4665134,
      49.4666814,
      49.4667614,
      49.4670093,
      49.4673563,
      49.4674783,
      49.4675732,
      49.4676612,
      49.4679212,
      49.4680772,
      49.4682224,
      49.4686719,
      49.4688972,
      49.4689346,
      49.4690130,
      49.4691582,
      49.4694059,
      49.4706033,
      49.4707293,
      49.4708708,
      49.4713262,
      49.4718245,
      49.4730483,
      49.4736705,
      49.4742480,
      49.4749300,
      49.4752721,
      49.4771339,
      49.4775285,
      49.4777299,
      49.4786710,
      49.4792620,
      49.4802428,
      49.4803608,
      49.4804298,
      49.4817307,
      49.4818827,
      49.4830735,
      49.4837229
    ],
    "pointsy": [
      7.7996068,
      7.8074660,
      7.8152784,
      7.8268994,
      7.8204927,
      7.8304193,
      7.8339218,
      7.8354827,
      7.8398045,
      7.8446298,
      7.8505345,
      7.8512519,
      7.8718583,
      7.8824357,
      7.8826567,
      7.8831406,
      7.8839005,
      7.8839442,
      7.8844614,
      7.8860555,
      7.8832752,
      7.8818726,
      7.8811782,
      7.8808373,
      7.8804834,
      7.8797004,
      7.8796093,
      7.8795046,
      7.8793094,
      7.8791136,
      7.8789185,
      7.8771044,
      7.8727816,
      7.8632705,
      7.8611316,
      7.8565304,
      7.8559516,
      7.8556556,
      7.8553734,
      7.8543684,
      7.8542304,
      7.8519167,
      7.8443930,
      7.8429637,
      7.8412849,
      7.8401341,
      7.8396942,
      7.8393972,
      7.8388793,
      7.8385303,
      7.8381914,
      7.8379374,
      7.8375755,
      7.8383306,
      7.8385023,
      7.8365766,
      7.8364426,
      7.8362406,
      7.8357027,
      7.8352658,
      7.8347049,
      7.8346449,
      7.8337380,
      7.8305055,
      7.8285228,
      7.8280918,
      7.8271960,
      7.8266120,
      7.8261681,
      7.8258971,
      7.8254892,
      7.8241707,
      7.8241014,
      7.8227516,
      7.8227506,
      7.8211188,
      7.8207959,
      7.8190291,
      7.8182532,
      7.8178693,
      7.8172234,
      7.8159063,
      7.8154943,
      7.8151681,
      7.8149219,
      7.8145957,
      7.8139691,
      7.8134799,
      7.8127589,
      7.8117805,
      7.8116431,
      7.8112072,
      7.8110982,
      7.8109733,
      7.8106503,
      7.8102404,
      7.8098254,
      7.8092931,
      7.8092425,
      7.8090825,
      7.8086866,
      7.8081677,
      7.8075438,
      7.8069528,
      7.8064279,
      7.8061629,
      7.8056973,
      7.8054690,
      7.8051281,
      7.8047551,
      7.8045112,
      7.8043612,
      7.8040862,
      7.8031914,
      7.8027734,
      7.8024705,
      7.8018416,
      7.8007037,
      7.8000368,
      7.7996766,
      7.7995149,
      7.7992129,
      7.7991329,
      7.7991499,
      7.7992176,
      7.7992091,
      7.7992804,
      7.7993057,
      7.7992607,
      7.7991544,
      7.7983964,
      7.7983583,
      7.7984240,
      7.7986142,
      7.7989030,
      7.7995876,
      7.7999151,
      7.8006624,
      7.8017436,
      7.8027459,
      7.8058540,
      7.8064033,
      7.8066447,
      7.8050850,
      7.8040982,
      7.8027364,
      7.8025744,
      7.8025514,
      7.8021195,
      7.8020675,
      7.8013736,
      7.8011817
    ]
  }
}