{
  "numberOfPolygons": 1,
  "box": {
    "min": {
      "x": 49.5620177,
      "y": 7.8935323
    },
    "max": {
      "x": 49.6110347,
      "y": 7.9791137
    },
    "center": {
      "x": 49.5865262,
      "y": 7.9363230
    }
  },
  "polygons": [
    {
      "numberOfPoints": 167,
      "box": {
        "min": {
          "x": 49.5620177,
          "y": 7.8935323
        },
        "max": {
          "x": 49.6110347,
          "y": 7.9791137
        },
        "center": {
          "x": 49.5865262,
          "y": 7.9363230
        }
      },
      "pointsx": [
        49.5952170,
        49.5947384,
        49.5949907,
        49.5949781,
        49.5943095,
        49.5929315,
        49.5928083,
        49.5935398,
        49.5934149,
        49.5933614,
        49.5928397,
        49.5922419,
        49.5922431,
        49.5895818,
        49.5881178,
        49.5884033,
        49.5949339,
        49.5963291,
        49.5973868,
        49.5975890,
        49.5983606,
        49.5979983,
        49.5985644,
        49.6019324,
        49.6020131,
        49.6019774,
        49.6026910,
        49.6029585,
        49.6031726,
        49.6035650,
        49.6039040,
        49.6038026,
        49.6038985,
        49.6036012,
        49.6035298,
        49.6029589,
        49.6028161,
        49.6033276,
        49.6046954,
        49.6052426,
        49.6057183,
        49.6057659,
        49.6068126,
        49.6076094,
        49.6080852,
        49.6099892,
        49.6110219,
        49.6110347,
        49.6108682,
        49.6102603,
        49.6096003,
        49.6100750,
        49.6099643,
        49.6089691,
        49.6079850,
        49.6034570,
        49.6030778,
        49.6023879,
        49.6031373,
        49.6021294,
        49.5967950,
        49.5938794,
        49.5907130,
        49.5903238,
        49.5885055,
        49.5873280,
        49.5865378,
        49.5857947,
        49.5856545,
        49.5860909,
        49.5866217,
        49.5867632,
        49.5865781,
        49.5880515,
        49.5866834,
        49.5866008,
        49.5862352,
        49.5860347,
        49.5856690,
        49.5853034,
        49.5848080,
        49.5845957,
        49.5844762,
        49.5841496,
        49.5837331,
        49.5831433,
        49.5817986,
        49.5815037,
        49.5812514,
        49.5808214,
        49.5807290,
        49.5803909,
        49.5800285,
        49.5798335,
        49.5795988,
        49.5793771,
        49.5784734,
        49.5782801,
        49.5779543,
        49.5772844,
        49.5762224,
        49.5747272,
        49.5725525,
        49.5717848,
        49.5711849,
        49.5703155,
        49.5708980,
        49.5702567,
        49.5694824,
        49.5682897,
        49.5679615,
        49.5674743,
        49.5668657,
        49.5661440,
        49.5655247,
        49.5649307,
        49.5641916,
        49.5629166,
        49.5633308,
        49.5628960,
        49.5620177,
        49.5624020,
        49.5650457,
        49.5673023,
        49.5697025,
        49.5701308,
        49.5708439,
        49.5713603,
        49.5717168,
        49.5721996,
        49.5725255,
        49.5731464,
        49.5740377,
        49.5741451,
        49.5749688,
        49.5755958,
        49.5766189,
        49.5772535,
        49.5785371,
        49.5803282,
        49.5801192,
        49.5804960,
        49.5799844,
        49.5806733,
        49.5814170,
        49.5821361,
        49.5832049,
        49.5827463,
        49.5833117,
        49.5834961,
        49.5843467,
        49.5851186,
        49.5854766,
        49.5860394,
        49.5872759,
        49.5876756,
        49.5880233,
        49.5883188,
        49.5886925,
        49.5891096,
        49.5895924,
        49.5896631,
        49.5901585,
        49.5903062,
        49.5906799,
        49.5908537,
        49.5937183
      ],
      "pointsy": [
        7.9695760,
        7.9683443,
        7.9636732,
        7.9599557,
        7.9603061,
        7.9596006,
        7.9590865,
        7.9582195,
        7.9565391,
        7.9544196,
        7.9538483,
        7.9536969,
        7.9523532,
        7.9442048,
        7.9391479,
        7.9350300,
        7.9290593,
        7.9322190,
        7.9367227,
        7.9352886,
        7.9354070,
        7.9380842,
        7.9398428,
        7.9409797,
        7.9417649,
        7.9425081,
        7.9426319,
        7.9425356,
        7.9426319,
        7.9432650,
        7.9431549,
        7.9422715,
        7.9412322,
        7.9404430,
        7.9392317,
        7.9376349,
        7.9330282,
        7.9315782,
        7.9298346,
        7.9281645,
        7.9263474,
        7.9253334,
        7.9225437,
        7.9219196,
        7.9202494,
        7.9139375,
        7.9117997,
        7.9114672,
        7.9113158,
        7.9114868,
        7.9110475,
        7.9091927,
        7.9074707,
        7.9061542,
        7.9067462,
        7.9100140,
        7.9052041,
        7.9013681,
        7.8995144,
        7.8935323,
        7.8983637,
        7.9074181,
        7.9113883,
        7.9108425,
        7.9100515,
        7.9104968,
        7.9113337,
        7.9122980,
        7.9129353,
        7.9149365,
        7.9165376,
        7.9180840,
        7.9199365,
        7.9304143,
        7.9317061,
        7.9351992,
        7.9357086,
        7.9357268,
        7.9354357,
        7.9348353,
        7.9334162,
        7.9324884,
        7.9314275,
        7.9315849,
        7.9298992,
        7.9287530,
        7.9247687,
        7.9232768,
        7.9229459,
        7.9220586,
        7.9206234,
        7.9185379,
        7.9182004,
        7.9182154,
        7.9190600,
        7.9194219,
        7.9197532,
        7.9176851,
        7.9154384,
        7.9122961,
        7.9091288,
        7.9103354,
        7.9029569,
        7.9022626,
        7.9018872,
        7.9011499,
        7.9035764,
        7.9043562,
        7.9048926,
        7.9060491,
        7.9065286,
        7.9070049,
        7.9079836,
        7.9087612,
        7.9103637,
        7.9114101,
        7.9119330,
        7.9120831,
        7.9148555,
        7.9167860,
        7.9199231,
        7.9291964,
        7.9476415,
        7.9459764,
        7.9443600,
        7.9453549,
        7.9460753,
        7.9480471,
        7.9506066,
        7.9523915,
        7.9521541,
        7.9545429,
        7.9566190,
        7.9576145,
        7.9594915,
        7.9605342,
        7.9615410,
        7.9636592,
        7.9651715,
        7.9680079,
        7.9699987,
        7.9702366,
        7.9715667,
        7.9716411,
        7.9721341,
        7.9727597,
        7.9740651,
        7.9759165,
        7.9767507,
        7.9777176,
        7.9791137,
        7.9769023,
        7.9754672,
        7.9746394,
        7.9734992,
        7.9734054,
        7.9737539,
        7.9737271,
        7.9736199,
        7.9737271,
        7.9736033,
        7.9729787,
        7.9724424,
        7.9721877,
        7.9720939,
        7.9717989,
        7.9712751
      ]
    }
  ]
}