{
  "numberOfPolygons": 1,
  "box": {
    "min": {
      "x": 49.5753222,
      "y": 7.8050627
    },
    "max": {
      "x": 49.6038604,
      "y": 7.8530495
    },
    "center": {
      "x": 49.5895913,
      "y": 7.8290561
    }
  },
  "polygons": [
    {
      "numberOfPoints": 122,
      "box": {
        "min": {
          "x": 49.5753222,
          "y": 7.8050627
        },
        "max": {
          "x": 49.6038604,
          "y": 7.8530495
        },
        "center": {
          "x": 49.5895913,
          "y": 7.8290561
        }
      },
      "pointsx": [
        49.5888853,
        49.5890964,
        49.5890816,
        49.5890733,
        49.5888915,
        49.5921148,
        49.5940114,
        49.5947884,
        49.5951022,
        49.5957184,
        49.5958663,
        49.5968298,
        49.5971299,
        49.5975356,
        49.5976660,
        49.5989256,
        49.5999440,
        49.6005554,
        49.6009804,
        49.6010813,
        49.6012845,
        49.6014250,
        49.6014422,
        49.6015976,
        49.6016932,
        49.6018665,
        49.6023188,
        49.6026766,
        49.6030493,
        49.6035416,
        49.6038604,
        49.6037004,
        49.6033239,
        49.6030003,
        49.6028059,
        49.6025946,
        49.6025608,
        49.6024848,
        49.6024594,
        49.6022243,
        49.6012668,
        49.6010297,
        49.5952014,
        49.5933902,
        49.5916058,
        49.5884492,
        49.5885341,
        49.5884707,
        49.5884665,
        49.5885975,
        49.5887497,
        49.5886985,
        49.5884773,
        49.5884861,
        49.5883347,
        49.5880303,
        49.5872517,
        49.5867775,
        49.5862213,
        49.5853856,
        49.5849640,
        49.5841561,
        49.5837697,
        49.5834301,
        49.5830202,
        49.5822591,
        49.5820387,
        49.5815750,
        49.5813183,
        49.5810699,
        49.5801851,
        49.5799608,
        49.5794557,
        49.5780238,
        49.5775005,
        49.5774420,
        49.5765285,
        49.5756423,
        49.5753222,
        49.5754715,
        49.5792304,
        49.5796361,
        49.5800502,
        49.5806878,
        49.5806629,
        49.5813916,
        49.5815986,
        49.5819892,
        49.5816400,
        49.5818376,
        49.5820197,
        49.5821357,
        49.5820643,
        49.5826862,
        49.5830790,
        49.5833605,
        49.5837502,
        49.5837853,
        49.5841778,
        49.5840904,
        49.5841840,
        49.5841782,
        49.5844241,
        49.5847402,
        49.5849686,
        49.5850114,
        49.5848095,
        49.5848222,
        49.5851081,
        49.5854301,
        49.5858751,
        49.5859980,
        49.5860683,
        49.5860231,
        49.5861695,
        49.5864388,
        49.5866728,
        49.5870016,
        49.5873252,
        49.5877468,
        49.5881656,
        49.5880310
      ],
      "pointsy": [
        7.8505916,
        7.8500150,
        7.8496992,
        7.8479368,
        7.8469168,
        7.8472365,
        7.8510315,
        7.8516308,
        7.8523891,
        7.8524749,
        7.8526314,
        7.8525532,
        7.8527748,
        7.8528400,
        7.8530495,
        7.8523964,
        7.8522073,
        7.8517211,
        7.8511033,
        7.8506607,
        7.8484661,
        7.8481878,
        7.8477079,
        7.8470071,
        7.8468688,
        7.8464539,
        7.8457466,
        7.8453157,
        7.8451539,
        7.8450613,
        7.8448839,
        7.8441926,
        7.8431968,
        7.8425724,
        7.8417471,
        7.8406387,
        7.8396867,
        7.8390086,
        7.8375873,
        7.8362388,
        7.8352483,
        7.8350697,
        7.8247247,
        7.8213081,
        7.8209289,
        7.8184333,
        7.8180504,
        7.8176592,
        7.8166029,
        7.8160487,
        7.8152272,
        7.8145531,
        7.8136633,
        7.8133636,
        7.8131199,
        7.8129393,
        7.8121897,
        7.8115847,
        7.8109616,
        7.8101969,
        7.8095648,
        7.8078490,
        7.8084450,
        7.8081199,
        7.8087882,
        7.8078671,
        7.8074570,
        7.8068695,
        7.8063715,
        7.8058606,
        7.8050627,
        7.8062850,
        7.8071023,
        7.8087954,
        7.8093063,
        7.8100829,
        7.8121238,
        7.8139591,
        7.8156457,
        7.8166669,
        7.8218941,
        7.8222900,
        7.8228008,
        7.8234138,
        7.8235799,
        7.8244227,
        7.8252273,
        7.8261249,
        7.8263767,
        7.8281758,
        7.8289676,
        7.8301170,
        7.8312869,
        7.8351596,
        7.8356637,
        7.8357147,
        7.8363548,
        7.8377365,
        7.8383680,
        7.8391904,
        7.8394161,
        7.8397412,
        7.8398677,
        7.8396871,
        7.8396329,
        7.8399786,
        7.8400700,
        7.8403011,
        7.8404944,
        7.8409911,
        7.8403138,
        7.8399345,
        7.8406931,
        7.8409365,
        7.8411623,
        7.8423001,
        7.8430083,
        7.8440683,
        7.8448249,
        7.8454221,
        7.8482992,
        7.8500512
      ]
    }
  ]
}