{
  "numberOfPolygons": 1,
  "box": {
    "min": {
      "x": 49.5631496,
      "y": 7.9683938
    },
    "max": {
      "x": 49.6121325,
      "y": 8.0893984
    },
    "center": {
      "x": 49.58764105,
      "y": 8.0288961
    }
  },
  "polygons": [
    {
      "numberOfPoints": 155,
      "box": {
        "min": {
          "x": 49.5631496,
          "y": 7.9683938
        },
        "max": {
          "x": 49.6121325,
          "y": 8.0893984
        },
        "center": {
          "x": 49.58764105,
          "y": 8.0288961
        }
      },
      "pointsx": [
        49.6064102,
        49.6063659,
        49.6075769,
        49.6088699,
        49.6075495,
        49.6101708,
        49.6100057,
        49.6121325,
        49.6099820,
        49.6110348,
        49.6091568,
        49.6081884,
        49.6071833,
        49.6064842,
        49.6061444,
        49.6049405,
        49.6041648,
        49.6012513,
        49.5989825,
        49.5962926,
        49.5940493,
        49.5924807,
        49.5916052,
        49.5912847,
        49.5899153,
        49.5881866,
        49.5876086,
        49.5873392,
        49.5866348,
        49.5875508,
        49.5863122,
        49.5877294,
        49.5869329,
        49.5862856,
        49.5851273,
        49.5846680,
        49.5829776,
        49.5811693,
        49.5788874,
        49.5774701,
        49.5762535,
        49.5741250,
        49.5735520,
        49.5726913,
        49.5719883,
        49.5712498,
        49.5708517,
        49.5707541,
        49.5701169,
        49.5715949,
        49.5729598,
        49.5725512,
        49.5719600,
        49.5715427,
        49.5713668,
        49.5708108,
        49.5704542,
        49.5702580,
        49.5700101,
        49.5697096,
        49.5690803,
        49.5683847,
        49.5679564,
        49.5675814,
        49.5671572,
        49.5669815,
        49.5666859,
        49.5677186,
        49.5683579,
        49.5692863,
        49.5687453,
        49.5676263,
        49.5671163,
        49.5664598,
        49.5660790,
        49.5657349,
        49.5653599,
        49.5650279,
        49.5645434,
        49.5641007,
        49.5638150,
        49.5631496,
        49.5635757,
        49.5646619,
        49.5651019,
        49.5656932,
        49.5664062,
        49.5661627,
        49.5683419,
        49.5682145,
        49.5679809,
        49.5676187,
        49.5680421,
        49.5679900,
        49.5683513,
        49.5696881,
        49.5703227,
        49.5709313,
        49.5718964,
        49.5728336,
        49.5739481,
        49.5761247,
        49.5799844,
        49.5797284,
        49.5794455,
        49.5802489,
        49.5806063,
        49.5809801,
        49.5820917,
        49.5841556,
        49.5850613,
        49.5855719,
        49.5859576,
        49.5867492,
        49.5890926,
        49.5904045,
        49.5905175,
        49.5909694,
        49.5912128,
        49.5919080,
        49.5923077,
        49.5933679,
        49.5944755,
        49.5948900,
        49.5957871,
        49.5954614,
        49.5961127,
        49.5954530,
        49.5958064,
        49.6000487,
        49.6004480,
        49.6005902,
        49.6010572,
        49.6018092,
        49.6027636,
        49.6030069,
        49.6031285,
        49.6029200,
        49.6032640,
        49.6025713,
        49.6034922,
        49.6036052,
        49.6035878,
        49.6035965,
        49.6040266,
        49.6047304,
        49.6050605,
        49.6051957,
        49.6049929,
        49.6051404,
        49.6054632,
        49.6057991,
        49.6062321,
        49.6065856,
        49.6049380
      ],
      "pointsy": [
        8.0678923,
        8.0681751,
        8.0723588,
        8.0771005,
        8.0778346,
        8.0814154,
        8.0816101,
        8.0840456,
        8.0854817,
        8.0875544,
        8.0893984,
        8.0875471,
        8.0886272,
        8.0882077,
        8.0882826,
        8.0869941,
        8.0856131,
        8.0887218,
        8.0838125,
        8.0868838,
        8.0819098,
        8.0833927,
        8.0815882,
        8.0813934,
        8.0776928,
        8.0792950,
        8.0771227,
        8.0749241,
        8.0718145,
        8.0709511,
        8.0672530,
        8.0666450,
        8.0644254,
        8.0609640,
        8.0515349,
        8.0492429,
        8.0449755,
        8.0410034,
        8.0388039,
        8.0360883,
        8.0337572,
        8.0273565,
        8.0243685,
        8.0210839,
        8.0178082,
        8.0155533,
        8.0127771,
        8.0104721,
        8.0065995,
        8.0052991,
        8.0039183,
        8.0025375,
        8.0015454,
        8.0011164,
        8.0013752,
        8.0004326,
        7.9991149,
        7.9987638,
        7.9983202,
        7.9977823,
        7.9966562,
        7.9974069,
        7.9960630,
        7.9954184,
        7.9948212,
        7.9944128,
        7.9930319,
        7.9922559,
        7.9908435,
        7.9900946,
        7.9878479,
        7.9878669,
        7.9886501,
        7.9891173,
        7.9875094,
        7.9866789,
        7.9854940,
        7.9841100,
        7.9829621,
        7.9819289,
        7.9810987,
        7.9802208,
        7.9800666,
        7.9800355,
        7.9798788,
        7.9794632,
        7.9789537,
        7.9780421,
        7.9758415,
        7.9745129,
        7.9735649,
        7.9726184,
        7.9717980,
        7.9712216,
        7.9698878,
        7.9706059,
        7.9713968,
        7.9724023,
        7.9723084,
        7.9708834,
        7.9683938,
        7.9687144,
        7.9715667,
        7.9734897,
        7.9749672,
        7.9771604,
        7.9800722,
        7.9822976,
        7.9850464,
        7.9914551,
        7.9949875,
        7.9977851,
        7.9988348,
        8.0010662,
        8.0060829,
        8.0112929,
        8.0147730,
        8.0157248,
        8.0166365,
        8.0177224,
        8.0187010,
        8.0201623,
        8.0227852,
        8.0237919,
        8.0246829,
        8.0252233,
        8.0253560,
        8.0268056,
        8.0269297,
        8.0266705,
        8.0265464,
        8.0264594,
        8.0280691,
        8.0277158,
        8.0305186,
        8.0317251,
        8.0339640,
        8.0342723,
        8.0362821,
        8.0363991,
        8.0398310,
        8.0408499,
        8.0415202,
        8.0428206,
        8.0438462,
        8.0477474,
        8.0499326,
        8.0513835,
        8.0514878,
        8.0526822,
        8.0525946,
        8.0552470,
        8.0582433,
        8.0613026,
        8.0626587
      ]
    }
  ]
}