{"id":1254398,"name":"Albisheim (Pfrimm)","polygon":{"numberOfPoints":85,"box":{"min":{"x":49.6251801,"y":8.0490621},"max":{"x":49.6664885,"y":8.1133611},"center":{"x":49.6458343,"y":8.0812116},"area":{"x":0.0413084,"y":0.0642990}},"pointsx":[49.6483799,49.6510511,49.6513529,49.6593139,49.6624348,49.6633176,49.6644865,49.6658689,49.6646045,49.6654179,49.6654513,49.6650772,49.6648439,49.6652547,49.6652176,49.6658298,49.6663308,49.6664885,49.6646331,49.6628312,49.6606076,49.6583279,49.6578289,49.6570208,49.6568426,49.6559275,49.6529244,49.6526594,49.6528615,49.6511620,49.6507914,49.6499735,49.6493079,49.6488088,49.6488803,49.6490584,49.6496607,49.6482620,49.6490702,49.6481062,49.6453163,49.6436185,49.6438707,49.6408848,49.6397927,49.6389964,49.6379458,49.6373818,49.6363320,49.6365532,49.6360555,49.6359781,49.6341532,49.6333497,49.6302950,49.6305225,49.6271326,49.6251801,49.6262456,49.6269456,49.6275013,49.6278514,49.6284278,49.6291353,49.6300807,49.6307971,49.6321283,49.6328282,49.6337202,49.6347768,49.6357168,49.6363492,49.6366306,49.6378725,49.6378919,49.6398683,49.6412991,49.6443176,49.6447747,49.6467048,49.6466087,49.6466910,49.6465813,49.6477809,49.6476133],"pointsy":[8.1103375,8.1107860,8.1115276,8.1132847,8.1133611,8.1132533,8.1126513,8.1116416,8.1076644,8.1070766,8.1054277,8.1026631,8.0975210,8.0971946,8.0966500,8.0966786,8.0964350,8.0933821,8.0934108,8.0874907,8.0885257,8.0892506,8.0871029,8.0873415,8.0867174,8.0867908,8.0864130,8.0836335,8.0796869,8.0793564,8.0777535,8.0742166,8.0726196,8.0689667,8.0679049,8.0652587,8.0628261,8.0612661,8.0600913,8.0567520,8.0490621,8.0504639,8.0511129,8.0541648,8.0547210,8.0526718,8.0530134,8.0543112,8.0547467,8.0571204,8.0574619,8.0581791,8.0578376,8.0579610,8.0584502,8.0600484,8.0617464,8.0635062,8.0676784,8.0710261,8.0758428,8.0786325,8.0814505,8.0854658,8.0886131,8.0879294,8.0901753,8.0895820,8.0904295,8.0919974,8.0949101,8.0969011,8.0990285,8.0985491,8.0998226,8.1006266,8.1008380,8.1020033,8.1020682,8.1023424,8.1043552,8.1049908,8.1062621,8.1066508,8.1098839]}}