{
  "id": 1255938,
  "name": "Ensch",
  "polygon": {
    "numberOfPoints": 121,
    "box": {
      "min": {
        "x": 49.8160005,
        "y": 6.8029029
      },
      "max": {
        "x": 49.8492377,
        "y": 6.8434194
      },
      "center": {
        "x": 49.8326191,
        "y": 6.82316115
      },
      "area": {
        "x": 0.0332372,
        "y": 0.0405165
      }
    },
    "pointsx": [
      49.8363184,
      49.8364773,
      49.8368848,
      49.8369165,
      49.8371248,
      49.8372198,
      49.8373204,
      49.8377308,
      49.8382755,
      49.8388810,
      49.8405463,
      49.8429075,
      49.8436132,
      49.8449349,
      49.8457313,
      49.8465783,
      49.8470737,
      49.8471048,
      49.8473046,
      49.8470710,
      49.8492377,
      49.8476878,
      49.8472406,
      49.8469461,
      49.8467505,
      49.8464919,
      49.8463561,
      49.8458697,
      49.8455827,
      49.8453878,
      49.8454333,
      49.8451934,
      49.8451707,
      49.8450530,
      49.8450613,
      49.8447732,
      49.8447232,
      49.8447949,
      49.8446208,
      49.8446336,
      49.8444703,
      49.8443150,
      49.8443105,
      49.8442109,
      49.8442290,
      49.8441566,
      49.8439619,
      49.8439439,
      49.8439289,
      49.8436437,
      49.8435531,
      49.8432930,
      49.8428432,
      49.8418732,
      49.8413819,
      49.8404748,
      49.8399662,
      49.8397859,
      49.8397122,
      49.8397666,
      49.8397250,
      49.8395431,
      49.8391577,
      49.8387112,
      49.8380103,
      49.8379655,
      49.8375621,
      49.8371331,
      49.8365632,
      49.8365120,
      49.8359961,
      49.8354594,
      49.8348410,
      49.8338752,
      49.8332150,
      49.8317132,
      49.8300957,
      49.8269598,
      49.8249058,
      49.8237269,
      49.8226181,
      49.8208555,
      49.8193730,
      49.8169150,
      49.8168165,
      49.8164780,
      49.8178704,
      49.8199877,
      49.8197582,
      49.8191689,
      49.8191817,
      49.8187186,
      49.8177913,
      49.8160005,
      49.8162550,
      49.8166536,
      49.8174656,
      49.8178964,
      49.8184221,
      49.8211575,
      49.8199980,
      49.8181820,
      49.8224318,
      49.8237367,
      49.8248122,
      49.8254801,
      49.8257657,
      49.8259988,
      49.8264414,
      49.8268377,
      49.8274322,
      49.8278868,
      49.8283880,
      49.8288542,
      49.8293338,
      49.8302879,
      49.8306725,
      49.8310338,
      49.8321993,
      49.8330669,
      49.8346430
    ],
    "pointsy": [
      6.8029029,
      6.8030604,
      6.8039239,
      6.8041555,
      6.8043591,
      6.8044785,
      6.8048598,
      6.8051584,
      6.8053673,
      6.8053587,
      6.8046679,
      6.8030346,
      6.8032587,
      6.8032150,
      6.8036342,
      6.8043429,
      6.8048573,
      6.8048896,
      6.8056732,
      6.8064289,
      6.8124825,
      6.8167315,
      6.8172582,
      6.8179432,
      6.8187250,
      6.8188767,
      6.8191154,
      6.8192919,
      6.8199854,
      6.8200896,
      6.8205470,
      6.8208839,
      6.8211647,
      6.8213121,
      6.8219064,
      6.8224624,
      6.8226243,
      6.8229198,
      6.8232100,
      6.8239000,
      6.8242326,
      6.8243098,
      6.8245344,
      6.8249346,
      6.8252715,
      6.8255944,
      6.8258331,
      6.8261071,
      6.8263536,
      6.8264800,
      6.8268029,
      6.8269850,
      6.8270948,
      6.8269905,
      6.8267445,
      6.8272577,
      6.8279838,
      6.8282092,
      6.8285219,
      6.8287950,
      6.8292566,
      6.8297696,
      6.8302324,
      6.8310884,
      6.8324520,
      6.8329187,
      6.8334548,
      6.8342887,
      6.8348645,
      6.8346163,
      6.8352269,
      6.8344339,
      6.8339092,
      6.8334289,
      6.8335056,
      6.8339406,
      6.8351432,
      6.8379132,
      6.8396973,
      6.8405657,
      6.8411941,
      6.8424786,
      6.8434194,
      6.8433569,
      6.8412622,
      6.8387547,
      6.8379404,
      6.8371602,
      6.8360302,
      6.8351367,
      6.8344716,
      6.8339956,
      6.8326610,
      6.8277517,
      6.8246418,
      6.8212721,
      6.8199867,
      6.8176534,
      6.8154677,
      6.8131606,
      6.8113494,
      6.8094845,
      6.8071482,
      6.8065804,
      6.8063433,
      6.8065435,
      6.8062635,
      6.8056582,
      6.8050502,
      6.8046708,
      6.8042733,
      6.8042191,
      6.8043817,
      6.8046708,
      6.8048884,
      6.8053213,
      6.8054478,
      6.8053935,
      6.8048334,
      6.8047610,
      6.8046668
    ]
  }
}