{
  "id": 1255967,
  "name": "Oberbillig",
  "polygon": {
    "numberOfPoints": 139,
    "box": {
      "min": {
        "x": 49.6838126,
        "y": 6.4796581
      },
      "max": {
        "x": 49.7128964,
        "y": 6.5218554
      },
      "center": {
        "x": 49.6983545,
        "y": 6.50075675
      },
      "area": {
        "x": 0.0290838,
        "y": 0.0421973
      }
    },
    "pointsx": [
      49.6853736,
      49.6857718,
      49.6860323,
      49.6876035,
      49.6885624,
      49.6914765,
      49.6919975,
      49.6938206,
      49.6956195,
      49.6960446,
      49.6963177,
      49.6964245,
      49.6965199,
      49.6966877,
      49.6967945,
      49.6969700,
      49.6971645,
      49.6973171,
      49.6973362,
      49.6975346,
      49.6976833,
      49.6978550,
      49.6980305,
      49.6981602,
      49.6982937,
      49.6988316,
      49.6989651,
      49.6991367,
      49.6993465,
      49.6996670,
      49.6998920,
      49.7000828,
      49.7003536,
      49.7005711,
      49.7008190,
      49.7010708,
      49.7012806,
      49.7015476,
      49.7019215,
      49.7021046,
      49.7022457,
      49.7024288,
      49.7026043,
      49.7027912,
      49.7030468,
      49.7032681,
      49.7034702,
      49.7037182,
      49.7039013,
      49.7040882,
      49.7044544,
      49.7046261,
      49.7048321,
      49.7051067,
      49.7053280,
      49.7055454,
      49.7056675,
      49.7056942,
      49.7058468,
      49.7060757,
      49.7062359,
      49.7065067,
      49.7066784,
      49.7070942,
      49.7074375,
      49.7076244,
      49.7076550,
      49.7078037,
      49.7079792,
      49.7081127,
      49.7082653,
      49.7084675,
      49.7086430,
      49.7088337,
      49.7090740,
      49.7092609,
      49.7093525,
      49.7096081,
      49.7097721,
      49.7099705,
      49.7101192,
      49.7102642,
      49.7104321,
      49.7105808,
      49.7106915,
      49.7108212,
      49.7109241,
      49.7110538,
      49.7112484,
      49.7113438,
      49.7114315,
      49.7115345,
      49.7117100,
      49.7118587,
      49.7119884,
      49.7120724,
      49.7122021,
      49.7123203,
      49.7124233,
      49.7125149,
      49.7125225,
      49.7125187,
      49.7124729,
      49.7124538,
      49.7124767,
      49.7125149,
      49.7124882,
      49.7124348,
      49.7123547,
      49.7123318,
      49.7128964,
      49.7118540,
      49.7115430,
      49.7111336,
      49.7110595,
      49.7110139,
      49.7110395,
      49.7111322,
      49.7123843,
      49.7105331,
      49.7095779,
      49.7080129,
      49.7052691,
      49.7010959,
      49.6983485,
      49.6927216,
      49.6912972,
      49.6909960,
      49.6901494,
      49.6890974,
      49.6885865,
      49.6894087,
      49.6904181,
      49.6890504,
      49.6867750,
      49.6861533,
      49.6852010,
      49.6838126,
      49.6848638
    ],
    "pointsy": [
      6.4885075,
      6.4883969,
      6.4879690,
      6.4869498,
      6.4866500,
      6.4863480,
      6.4859454,
      6.4835087,
      6.4806190,
      6.4800277,
      6.4796581,
      6.4799290,
      6.4801464,
      6.4804935,
      6.4807186,
      6.4810467,
      6.4813595,
      6.4815998,
      6.4816303,
      6.4819202,
      6.4821377,
      6.4823551,
      6.4825764,
      6.4827328,
      6.4828815,
      6.4834538,
      6.4835873,
      6.4837742,
      6.4840069,
      6.4843464,
      6.4845867,
      6.4848003,
      6.4851017,
      6.4853458,
      6.4856205,
      6.4858990,
      6.4861240,
      6.4864178,
      6.4868526,
      6.4870777,
      6.4872952,
      6.4876080,
      6.4879131,
      6.4882145,
      6.4885921,
      6.4889088,
      6.4891872,
      6.4895191,
      6.4897709,
      6.4900303,
      6.4905033,
      6.4907284,
      6.4909840,
      6.4913502,
      6.4916134,
      6.4918537,
      6.4919796,
      6.4920101,
      6.4921589,
      6.4923878,
      6.4925556,
      6.4928532,
      6.4930553,
      6.4935360,
      6.4939480,
      6.4941959,
      6.4942341,
      6.4944286,
      6.4946842,
      6.4948826,
      6.4951038,
      6.4954166,
      6.4956951,
      6.4960041,
      6.4964085,
      6.4967442,
      6.4968929,
      6.4973354,
      6.4976215,
      6.4979687,
      6.4982433,
      6.4985027,
      6.4987965,
      6.4990826,
      6.4993000,
      6.4995441,
      6.4995747,
      6.4997807,
      6.5003338,
      6.5005360,
      6.5007114,
      6.5009403,
      6.5012836,
      6.5016842,
      6.5020428,
      6.5022488,
      6.5025921,
      6.5029087,
      6.5033436,
      6.5038471,
      6.5041103,
      6.5041256,
      6.5041981,
      6.5045338,
      6.5048809,
      6.5052128,
      6.5055485,
      6.5058193,
      6.5061169,
      6.5061588,
      6.5066891,
      6.5085714,
      6.5094028,
      6.5107919,
      6.5112220,
      6.5122207,
      6.5129659,
      6.5141308,
      6.5203033,
      6.5211573,
      6.5216953,
      6.5218554,
      6.5176396,
      6.5130945,
      6.5122638,
      6.5120442,
      6.5101819,
      6.5106349,
      6.5114024,
      6.5119153,
      6.5103077,
      6.5095528,
      6.5079422,
      6.5041664,
      6.5012494,
      6.4993987,
      6.4974498,
      6.4945467,
      6.4898785
    ]
  }
}