{"id":1256947,"name":"Ollmuth","polygon":{"numberOfPoints":200,"box":{"min":{"x":49.6624374,"y":6.6886454},"max":{"x":49.6852515,"y":6.7238445},"center":{"x":49.67384445,"y":6.70624495},"area":{"x":0.0228141,"y":0.0351991}},"pointsx":[49.6852515,49.6845836,49.6838719,49.6833807,49.6815731,49.6830469,49.6825471,49.6841039,49.6832904,49.6821422,49.6819060,49.6814037,49.6807181,49.6802812,49.6801506,49.6798401,49.6789643,49.6784572,49.6774647,49.6758186,49.6757332,49.6757910,49.6757878,49.6758601,49.6758569,49.6759751,49.6759796,49.6761023,49.6760296,49.6760341,49.6761840,49.6760886,49.6760886,49.6761674,49.6761068,49.6760886,49.6762840,49.6764702,49.6766746,49.6766981,49.6769881,49.6769394,49.6772147,49.6771364,49.6768862,49.6766742,49.6765455,49.6764372,49.6763116,49.6763616,49.6761548,49.6760278,49.6758583,49.6753524,49.6750412,49.6746793,49.6743833,49.6740654,49.6731091,49.6726776,49.6722586,49.6713440,49.6710625,49.6702160,49.6697591,49.6694060,49.6690063,49.6681120,49.6673479,49.6667462,49.6660813,49.6656747,49.6655799,49.6655129,49.6654538,49.6653235,49.6648466,49.6646239,49.6644032,49.6641429,49.6638823,49.6636156,49.6634196,49.6630854,49.6628844,49.6627609,49.6626735,49.6625392,49.6624374,49.6626734,49.6626507,49.6626967,49.6626261,49.6626710,49.6625811,49.6626582,49.6625618,49.6626004,49.6627739,49.6624975,49.6629538,49.6629538,49.6634550,49.6635835,49.6634293,49.6630895,49.6625178,49.6631963,49.6647245,49.6650444,49.6654541,49.6661781,49.6666562,49.6667333,49.6667333,49.6667976,49.6674337,49.6674630,49.6675857,49.6675766,49.6677084,49.6677697,49.6681161,49.6685209,49.6689257,49.6691631,49.6691949,49.6692857,49.6692733,49.6698548,49.6698275,49.6699638,49.6699822,49.6702856,49.6705045,49.6708180,49.6710406,49.6711814,49.6712132,49.6717856,49.6718901,49.6719992,49.6720821,49.6724575,49.6726439,49.6729394,49.6732092,49.6733824,49.6737469,49.6739436,49.6740921,49.6743738,49.6744783,49.6747917,49.6754686,49.6758138,49.6760590,49.6764726,49.6766418,49.6767607,49.6768630,49.6769084,49.6770697,49.6771742,49.6772514,49.6773260,49.6774886,49.6777574,49.6778974,49.6781018,49.6782154,49.6784925,49.6787560,49.6790519,49.6791908,49.6792771,49.6794406,49.6797313,49.6799948,49.6804908,49.6808570,49.6815251,49.6822359,49.6823140,49.6820705,49.6819815,49.6816094,49.6824912,49.6822770,49.6828565,49.6823400,49.6826108,49.6823861,49.6829509,49.6831566,49.6836597,49.6837623,49.6843457,49.6847643,49.6849736],"pointsy":[6.6978654,6.6980595,6.6980497,6.6980790,6.6978551,6.7000940,6.7008308,6.7031634,6.7046911,6.7076668,6.7080476,6.7083426,6.7091728,6.7094260,6.7096479,6.7092441,6.7080662,6.7080511,6.7073758,6.7066451,6.7070302,6.7072833,6.7074819,6.7076184,6.7080225,6.7082401,6.7087315,6.7091387,6.7093844,6.7097915,6.7100442,6.7103110,6.7106269,6.7107858,6.7109779,6.7112447,6.7115887,6.7127821,6.7131822,6.7134340,6.7141229,6.7142656,6.7148665,6.7154455,6.7157668,6.7159516,6.7162841,6.7163874,6.7167159,6.7170037,6.7177122,6.7188317,6.7187672,6.7187424,6.7188702,6.7191869,6.7197528,6.7200433,6.7204964,6.7205688,6.7206149,6.7208486,6.7207077,6.7214090,6.7216236,6.7214391,6.7218137,6.7233510,6.7238445,6.7237908,6.7233113,6.7225785,6.7218768,6.7207403,6.7204686,6.7201099,6.7198283,6.7196764,6.7193964,6.7188951,6.7186397,6.7186546,6.7187340,6.7187390,6.7184698,6.7182426,6.7179946,6.7175228,6.7170538,6.7167048,6.7161502,6.7158894,6.7153732,6.7144896,6.7137946,6.7134174,6.7129309,6.7115212,6.7107766,6.7103894,6.7090491,6.7088109,6.7089697,6.7076989,6.7071231,6.7063517,6.7058083,6.7045028,6.7023031,6.7018988,6.7012084,6.6997556,6.6986482,6.6979433,6.6972980,6.6969108,6.6954613,6.6950770,6.6948453,6.6946277,6.6943539,6.6940533,6.6936968,6.6934982,6.6927437,6.6915547,6.6910422,6.6909089,6.6904179,6.6894632,6.6891824,6.6888875,6.6886454,6.6886969,6.6889156,6.6891192,6.6891824,6.6891122,6.6894000,6.6891753,6.6891824,6.6893508,6.6891958,6.6892003,6.6890315,6.6888429,6.6888528,6.6889199,6.6886793,6.6887050,6.6888408,6.6888759,6.6887987,6.6889321,6.6891076,6.6893322,6.6894234,6.6897250,6.6897488,6.6899672,6.6899373,6.6900318,6.6898952,6.6900356,6.6900532,6.6899325,6.6898350,6.6897383,6.6895401,6.6894699,6.6891330,6.6891720,6.6891229,6.6894488,6.6893919,6.6894762,6.6893989,6.6894481,6.6896446,6.6895481,6.6894190,6.6891708,6.6891744,6.6891854,6.6898285,6.6903172,6.6908332,6.6918942,6.6922641,6.6932959,6.6940163,6.6952331,6.6957207,6.6965667,6.6959754,6.6958917,6.6965442,6.6962827,6.6958077,6.6962138]}}