{
  "numberOfPolygons": 1,
  "box": {
    "min": {
      "x": 49.7279673,
      "y": 6.8077931
    },
    "max": {
      "x": 49.7516211,
      "y": 6.8316456
    },
    "center": {
      "x": 49.7397942,
      "y": 6.81971935
    }
  },
  "polygons": [
    {
      "numberOfPoints": 193,
      "box": {
        "min": {
          "x": 49.7279673,
          "y": 6.8077931
        },
        "max": {
          "x": 49.7516211,
          "y": 6.8316456
        },
        "center": {
          "x": 49.7397942,
          "y": 6.81971935
        }
      },
      "pointsx": [
        49.7512225,
        49.7513235,
        49.7513082,
        49.7511897,
        49.7509759,
        49.7508416,
        49.7507580,
        49.7505287,
        49.7505069,
        49.7502891,
        49.7497281,
        49.7496175,
        49.7494992,
        49.7492969,
        49.7491176,
        49.7490034,
        49.7488505,
        49.7484880,
        49.7482756,
        49.7477604,
        49.7474017,
        49.7472790,
        49.7471079,
        49.7469629,
        49.7467660,
        49.7461592,
        49.7453385,
        49.7446022,
        49.7443885,
        49.7435713,
        49.7431756,
        49.7425084,
        49.7417788,
        49.7413590,
        49.7409694,
        49.7407557,
        49.7399236,
        49.7395534,
        49.7391035,
        49.7390119,
        49.7378135,
        49.7368440,
        49.7356054,
        49.7352237,
        49.7348496,
        49.7342999,
        49.7329792,
        49.7323713,
        49.7321645,
        49.7318595,
        49.7317138,
        49.7314684,
        49.7310066,
        49.7307690,
        49.7303426,
        49.7301860,
        49.7297269,
        49.7294370,
        49.7292927,
        49.7288701,
        49.7285883,
        49.7282917,
        49.7283273,
        49.7288368,
        49.7294967,
        49.7284988,
        49.7281280,
        49.7280711,
        49.7279673,
        49.7285753,
        49.7288942,
        49.7292649,
        49.7287996,
        49.7289611,
        49.7289759,
        49.7294034,
        49.7294850,
        49.7297964,
        49.7301597,
        49.7302742,
        49.7306227,
        49.7308748,
        49.7310305,
        49.7312970,
        49.7314017,
        49.7314517,
        49.7314930,
        49.7315107,
        49.7314858,
        49.7314910,
        49.7315415,
        49.7315644,
        49.7315841,
        49.7316286,
        49.7316442,
        49.7316417,
        49.7316719,
        49.7316857,
        49.7316896,
        49.7317145,
        49.7317656,
        49.7318030,
        49.7318259,
        49.7318312,
        49.7318459,
        49.7319232,
        49.7319376,
        49.7319232,
        49.7319411,
        49.7319599,
        49.7320562,
        49.7320851,
        49.7321845,
        49.7322174,
        49.7322410,
        49.7322384,
        49.7322338,
        49.7322935,
        49.7323711,
        49.7323878,
        49.7324184,
        49.7324832,
        49.7327103,
        49.7327622,
        49.7327955,
        49.7329048,
        49.7330300,
        49.7330874,
        49.7331059,
        49.7331152,
        49.7332113,
        49.7333332,
        49.7340839,
        49.7346115,
        49.7348012,
        49.7352986,
        49.7359409,
        49.7372419,
        49.7382090,
        49.7389054,
        49.7389687,
        49.7394752,
        49.7395928,
        49.7405243,
        49.7412116,
        49.7415914,
        49.7419713,
        49.7428937,
        49.7431141,
        49.7435482,
        49.7436838,
        49.7438737,
        49.7443078,
        49.7446605,
        49.7449227,
        49.7452392,
        49.7457180,
        49.7459099,
        49.7461574,
        49.7464402,
        49.7466189,
        49.7466269,
        49.7465122,
        49.7466162,
        49.7466593,
        49.7467673,
        49.7467592,
        49.7468398,
        49.7468455,
        49.7467825,
        49.7471451,
        49.7473397,
        49.7477060,
        49.7479502,
        49.7481382,
        49.7482526,
        49.7483400,
        49.7486395,
        49.7488021,
        49.7490335,
        49.7493519,
        49.7493822,
        49.7482755,
        49.7479474,
        49.7478176,
        49.7477947,
        49.7476650,
        49.7483595,
        49.7486342,
        49.7490311,
        49.7498964,
        49.7514837,
        49.7516211
      ],