{"id":1256948,"name":"Morscheid","polygon":{"numberOfPoints":202,"box":{"min":{"x":49.6979728,"y":6.7353243},"max":{"x":49.7394596,"y":6.7631320},"center":{"x":49.7187162,"y":6.74922815},"area":{"x":0.0414868,"y":0.0278077}},"pointsx":[49.7295124,49.7289917,49.7290747,49.7291405,49.7294476,49.7298044,49.7300240,49.7307208,49.7309104,49.7311872,49.7312931,49.7314254,49.7313895,49.7312628,49.7310126,49.7301896,49.7292729,49.7289009,49.7286333,49.7285224,49.7283442,49.7282531,49.7282373,49.7280828,49.7280115,49.7279838,49.7279798,49.7279006,49.7276551,49.7272483,49.7269923,49.7260006,49.7254553,49.7244405,49.7227647,49.7220231,49.7220122,49.7209110,49.7189603,49.7189954,49.7184186,49.7180934,49.7181039,49.7174252,49.7175575,49.7183753,49.7194729,49.7204314,49.7224845,49.7211211,49.7201563,49.7188033,49.7176011,49.7171672,49.7169889,49.7166742,49.7169259,49.7156539,49.7138142,49.7133989,49.7134786,49.7136988,49.7138352,49.7141604,49.7143015,49.7144589,49.7142701,49.7141619,49.7142701,49.7133386,49.7130864,49.7127452,49.7123505,49.7119939,49.7116960,49.7110764,49.7108142,49.7104729,49.7103526,49.7103736,49.7101848,49.7104470,49.7084349,49.7068928,49.7068285,49.7068194,49.7057179,49.7059592,49.7062605,49.7059193,49.7048362,49.7042034,49.7041938,49.7017204,49.6988343,49.6987824,49.6979728,49.6979837,49.6995123,49.7006845,49.7014412,49.7015126,49.7018538,49.7023732,49.7031150,49.7055129,49.7069037,49.7075016,49.7079422,49.7087919,49.7099652,49.7102056,49.7106147,49.7109609,49.7117686,49.7120833,49.7118945,49.7119574,49.7122301,49.7146725,49.7158740,49.7165563,49.7179951,49.7193893,49.7197601,49.7202051,49.7214213,49.7230824,49.7272700,49.7289499,49.7293652,49.7298768,49.7311075,49.7315005,49.7318638,49.7321752,49.7335450,49.7366327,49.7366025,49.7370343,49.7373852,49.7376874,49.7383676,49.7386752,49.7390938,49.7394596,49.7391142,49.7386986,49.7390008,49.7386932,49.7378619,49.7374463,49.7384647,49.7380739,49.7377641,49.7375475,49.7374805,49.7373374,49.7372062,49.7370819,49.7371523,49.7369285,49.7364763,49.7363379,49.7361322,49.7359757,49.7358735,49.7356334,49.7354745,49.7352871,49.7352340,49.7350828,49.7350593,49.7348988,49.7347256,49.7345917,49.7344796,49.7342672,49.7341720,49.7340601,49.7338236,49.7337290,49.7335764,49.7334412,49.7333159,49.7330483,49.7327666,49.7325805,49.7324159,49.7318634,49.7315345,49.7313116,49.7309902,49.7308400,49.7303976,49.7301100,49.7300276,49.7299602,49.7298325,49.7297365,49.7296292,49.7295839],"pointsy":[6.7358411,6.7361792,6.7368211,6.7374128,6.7384282,6.7396101,6.7397311,6.7396625,6.7396558,6.7396514,6.7396680,6.7398739,6.7399313,6.7402683,6.7407721,6.7413456,6.7405504,6.7395573,6.7390124,6.7380566,6.7379709,6.7376891,6.7372234,6.7370213,6.7365802,6.7358573,6.7356428,6.7355142,6.7353243,6.7361988,6.7379313,6.7396537,6.7401241,6.7406581,6.7404975,6.7401075,6.7398907,6.7391445,6.7372466,6.7395304,6.7405686,6.7408605,6.7412823,6.7428146,6.7432469,6.7424573,6.7422050,6.7430189,6.7453548,6.7470905,6.7456049,6.7447127,6.7481600,6.7495792,6.7502605,6.7500496,6.7491250,6.7481938,6.7488192,6.7495519,6.7485596,6.7476998,6.7474565,6.7463048,6.7459787,6.7448918,6.7444538,6.7438469,6.7433345,6.7419084,6.7417593,6.7418281,6.7423288,6.7421666,6.7416658,6.7435821,6.7438741,6.7438065,6.7434361,6.7429170,6.7425926,6.7412624,6.7395565,6.7381290,6.7392479,6.7409192,6.7420385,6.7429469,6.7461277,6.7488576,6.7504406,6.7518078,6.7518286,6.7509453,6.7510499,6.7544604,6.7568893,6.7579275,6.7595453,6.7604400,6.7614952,6.7629255,6.7631320,6.7630632,6.7627420,6.7619755,6.7613768,6.7616039,6.7613444,6.7611984,6.7614314,6.7601946,6.7593835,6.7590591,6.7591726,6.7593673,6.7599837,6.7615897,6.7622385,6.7629923,6.7626252,6.7619140,6.7617305,6.7610881,6.7610193,6.7609046,6.7604458,6.7602393,6.7607668,6.7598648,6.7605301,6.7610233,6.7588669,6.7584425,6.7579378,6.7585572,6.7572995,6.7555013,6.7551298,6.7547957,6.7542730,6.7535130,6.7524773,6.7508904,6.7494378,6.7487430,6.7480832,6.7476155,6.7469306,6.7467636,6.7464546,6.7464379,6.7438893,6.7437045,6.7433866,6.7426892,6.7422924,6.7421023,6.7417800,6.7413779,6.7408366,6.7405822,6.7406079,6.7402574,6.7402174,6.7403871,6.7405497,6.7406120,6.7405666,6.7405472,6.7405999,6.7406003,6.7406570,6.7406055,6.7405159,6.7404306,6.7403279,6.7400851,6.7399599,6.7397458,6.7393719,6.7392589,6.7391144,6.7390062,6.7390578,6.7390212,6.7388923,6.7387078,6.7384700,6.7385915,6.7387858,6.7391669,6.7392006,6.7391633,6.7390513,6.7388477,6.7387061,6.7385418,6.7378701,6.7373342,6.7369077,6.7364251]}}