{
  "id": 1257092,
  "name": "Neuhütten",
  "polygon": {
    "numberOfPoints": 185,
    "box": {
      "min": {
        "x": 49.6283856,
        "y": 7.0014075
      },
      "max": {
        "x": 49.6897843,
        "y": 7.0652015
      },
      "center": {
        "x": 49.65908495,
        "y": 7.0333045
      },
      "area": {
        "x": 0.0613987,
        "y": 0.0637940
      }
    },
    "pointsx": [
      49.6295407,
      49.6295850,
      49.6312832,
      49.6314617,
      49.6312854,
      49.6323179,
      49.6345328,
      49.6352297,
      49.6360319,
      49.6364692,
      49.6370046,
      49.6372070,
      49.6375265,
      49.6380931,
      49.6382587,
      49.6386932,
      49.6388381,
      49.6390067,
      49.6389733,
      49.6402398,
      49.6405365,
      49.6408865,
      49.6410663,
      49.6413873,
      49.6419443,
      49.6422340,
      49.6430806,
      49.6433146,
      49.6435040,
      49.6434873,
      49.6436822,
      49.6439106,
      49.6441111,
      49.6442058,
      49.6442838,
      49.6444151,
      49.6448631,
      49.6451972,
      49.6452078,
      49.6452084,
      49.6459436,
      49.6463335,
      49.6469573,
      49.6474586,
      49.6476034,
      49.6479376,
      49.6522014,
      49.6528835,
      49.6530205,
      49.6538836,
      49.6562652,
      49.6574058,
      49.6581159,
      49.6580449,
      49.6622027,
      49.6624862,
      49.6636078,
      49.6641260,
      49.6645649,
      49.6669271,
      49.6716373,
      49.6770528,
      49.6798563,
      49.6800945,
      49.6814800,
      49.6804247,
      49.6825551,
      49.6842202,
      49.6846681,
      49.6852056,
      49.6857236,
      49.6857695,
      49.6876731,
      49.6892749,
      49.6897843,
      49.6894640,
      49.6890421,
      49.6853208,
      49.6838410,
      49.6818502,
      49.6815413,
      49.6810293,
      49.6809113,
      49.6807324,
      49.6788476,
      49.6785034,
      49.6780197,
      49.6775427,
      49.6768788,
      49.6767878,
      49.6764218,
      49.6762079,
      49.6761239,
      49.6758949,
      49.6758489,
      49.6758759,
      49.6758039,
      49.6758569,
      49.6760249,
      49.6762309,
      49.6764138,
      49.6764518,
      49.6764748,
      49.6765548,
      49.6769098,
      49.6770238,
      49.6771629,
      49.6767293,
      49.6764671,
      49.6762349,
      49.6759259,
      49.6753000,
      49.6749110,
      49.6747010,
      49.6742281,
      49.6740561,
      49.6739001,
      49.6733922,
      49.6733012,
      49.6731602,
      49.6732702,
      49.6733772,
      49.6735601,
      49.6738241,
      49.6739461,
      49.6740721,
      49.6741901,
      49.6739721,
      49.6730452,
      49.6728962,
      49.6728052,
      49.6716954,
      49.6688457,
      49.6655880,
      49.6632073,
      49.6616855,
      49.6595907,
      49.6594307,
      49.6591638,
      49.6569320,
      49.6568100,
      49.6548073,
      49.6546853,
      49.6544643,
      49.6541513,
      49.6536444,
      49.6526295,
      49.6524425,
      49.6517866,
      49.6512786,
      49.6509617,
      49.6505727,
      49.6501498,
      49.6491879,
      49.6490129,
      49.6486389,
      49.6477310,
      49.6477880,
      49.6479140,
      49.6473921,
      49.6440344,
      49.6437565,
      49.6434205,
      49.6427796,
      49.6422606,
      49.6420087,
      49.6414747,
      49.6395409,
      49.6393430,
      49.6394270,
      49.6381253,
      49.6375714,
      49.6368862,
      49.6362137,
      49.6355015,
      49.6341431,
      49.6325618,
      49.6319666,
      49.6308889,
      49.6310989,
      49.6301950,
      49.6295751,
      49.6289595,
      49.6283856,
      49.6291271
    ],
    "pointsy": [
      7.0085198,
      7.0083378,
      7.0040522,
      7.0031526,
      7.0016760,
      7.0014075,
      7.0030871,
      7.0043961,
      7.0051187,
      7.0061783,
      7.0068093,
      7.0068399,
      7.0066071,
      7.0060907,
      7.0058103,
      7.0057071,
      7.0053114,
      7.0053338,
      7.0060563,
      7.0060526,
      7.0066609,
      7.0071678,
      7.0076882,
      7.0083235,
      7.0091793,
      7.0097213,
      7.0102675,
      7.0101901,
      7.0102675,
      7.0105600,
      7.0108696,
      7.0109900,
      7.0107578,
      7.0108180,
      7.0115922,
      7.0118574,
      7.0127620,
      7.0133126,
      7.0139465,
      7.0139835,
      7.0144308,
      7.0147921,
      7.0156179,
      7.0166673,
      7.0173211,
      7.0173555,
      7.0253342,
      7.0282314,
      7.0288133,
      7.0295057,
      7.0314166,
      7.0333074,
      7.0344845,
      7.0353824,
      7.0370125,
      7.0341659,
      7.0330975,
      7.0320083,
      7.0305894,
      7.0289593,
      7.0220606,
      7.0140843,
      7.0204728,
      7.0209730,
      7.0241401,
      7.0304186,
      7.0321803,
      7.0339124,
      7.0344196,
      7.0351885,
      7.0366753,
      7.0369388,
      7.0394716,
      7.0419641,
      7.0426068,
      7.0433049,
      7.0441490,
      7.0521694,
      7.0551750,
      7.0590854,
      7.0598263,
      7.0611621,
      7.0613881,
      7.0615710,
      7.0633158,
      7.0636965,
      7.0641297,
      7.0645986,
      7.0652015,
      7.0650785,
      7.0637317,
      7.0632638,
      7.0625689,
      7.0617320,
      7.0611601,
      7.0605452,
      7.0598903,
      7.0593384,
      7.0589474,
      7.0577796,
      7.0569787,
      7.0563368,
      7.0559549,
      7.0555859,
      7.0547630,
      7.0542291,
      7.0537966,
      7.0535959,
      7.0533062,
      7.0530513,
      7.0525234,
      7.0516705,
      7.0512045,
      7.0510846,
      7.0525014,
      7.0529333,
      7.0530773,
      7.0531663,
      7.0530233,
      7.0512045,
      7.0499747,
      7.0495858,
      7.0493168,
      7.0490479,
      7.0488629,
      7.0480830,
      7.0471611,
      7.0466512,
      7.0438396,
      7.0436146,
      7.0436146,
      7.0443165,
      7.0461173,
      7.0480570,
      7.0497218,
      7.0507216,
      7.0520145,
      7.0520535,
      7.0520145,
      7.0512826,
      7.0512526,
      7.0507547,
      7.0506537,
      7.0503787,
      7.0499898,
      7.0494838,
      7.0485130,
      7.0482690,
      7.0471502,
      7.0467072,
      7.0465063,
      7.0464273,
      7.0461063,
      7.0446015,
      7.0441746,
      7.0434837,
      7.0424909,
      7.0423609,
      7.0420799,
      7.0414310,
      7.0334882,
      7.0329802,
      7.0326153,
      7.0320704,
      7.0315634,
      7.0314434,
      7.0308565,
      7.0282539,
      7.0279880,
      7.0276680,
      7.0260828,
      7.0253312,
      7.0244015,
      7.0236862,
      7.0228816,
      7.0211609,
      7.0191616,
      7.0181392,
      7.0166526,
      7.0161387,
      7.0152162,
      7.0142528,
      7.0132734,
      7.0123594,
      7.0096736
    ]
  }
}