{"id":1257084,"name":"Hermeskeil","polygon":{"numberOfPoints":436,"box":{"min":{"x":49.6251485,"y":6.8984002},"max":{"x":49.6909331,"y":6.9930172},"center":{"x":49.6580408,"y":6.9457087},"area":{"x":0.0657846,"y":0.0946170}},"pointsx":[49.6310668,49.6313022,49.6313808,49.6313723,49.6321935,49.6325046,49.6326202,49.6326652,49.6328092,49.6328760,49.6332644,49.6338444,49.6342395,49.6344028,49.6344444,49.6345014,49.6348104,49.6349324,49.6350164,49.6355452,49.6357927,49.6359292,49.6357459,49.6350907,49.6320696,49.6295262,49.6273802,49.6268683,49.6267083,49.6259874,49.6258694,49.6255605,49.6251865,49.6251485,49.6253655,49.6254645,49.6256824,49.6259414,49.6261054,49.6263764,49.6266813,49.6273873,49.6274792,49.6275932,49.6278752,49.6281012,49.6283141,49.6284971,49.6286581,49.6287341,49.6288031,49.6289671,49.6290051,49.6291341,49.6294050,49.6296460,49.6299810,49.6304889,49.6306489,49.6307179,49.6306259,49.6302939,49.6294890,49.6288831,49.6293140,49.6295310,49.6297720,49.6299930,49.6300200,49.6301190,49.6303209,49.6301110,49.6306149,49.6304429,49.6304579,49.6306719,49.6310608,49.6312898,49.6314768,49.6316678,49.6317778,49.6319538,49.6322287,49.6322927,49.6337845,49.6339215,49.6340435,49.6342275,49.6344525,49.6346545,49.6348944,49.6351884,49.6354024,49.6354974,49.6353984,49.6354024,49.6355284,49.6356923,49.6358443,49.6358443,49.6352604,49.6346425,49.6344565,49.6342465,49.6339905,49.6336546,49.6331976,49.6330256,49.6328007,49.6326557,49.6326057,49.6327777,49.6334106,49.6336246,49.6336286,49.6335136,49.6333686,49.6331706,49.6330676,49.6329607,49.6329906,49.6331396,49.6333006,49.6337006,49.6338186,49.6339565,49.6340635,49.6341855,49.6345705,49.6347994,49.6348224,49.6348524,49.6349864,49.6351044,49.6352494,49.6354254,49.6354934,49.6354650,49.6363575,49.6374967,49.6385434,49.6389697,49.6400269,49.6409391,49.6417508,49.6424055,49.6434884,49.6441019,49.6446390,49.6453977,49.6456279,49.6458798,49.6459944,49.6461921,49.6463557,49.6464488,49.6467280,49.6468426,49.6470019,49.6472634,49.6473466,49.6474434,49.6475618,49.6476272,49.6477738,49.6478568,49.6479771,49.6481383,49.6483514,49.6484453,49.6485037,49.6487649,49.6489821,49.6491220,49.6493177,49.6497025,49.6500103,49.6503785,49.6505591,49.6509064,49.6512930,49.6516823,49.6518828,49.6520942,49.6522679,49.6524693,49.6526846,49.6528261,49.6531222,49.6535320,49.6538793,49.6542336,49.6546225,49.6550254,49.6554143,49.6556366,49.6559178,49.6561241,49.6563053,49.6565465,49.6567855,49.6569771,49.6570188,49.6572341,49.6574475,49.6576742,49.6578924,49.6580839,49.6581757,49.6584635,49.6587759,49.6590468,49.6593315,49.6597274,49.6600386,49.6604150,49.6607692,49.6609983,49.6611439,49.6614775,49.6617692,49.6619428,49.6623179,49.6624524,49.6625119,49.6626234,49.6628502,49.6629359,49.6631099,49.6632074,49.6633147,49.6634776,49.6639012,49.6641790,49.6644012,49.6647415,49.6651373,49.6655887,49.6659151,49.6663926,49.6668874,49.6675076,49.6677026,49.6678093,49.6683004,49.6686925,49.6691796,49.6695586,49.6696434,49.6699138,49.6699803,49.6703840,49.6709684,49.6714383,49.6718109,49.6729806,49.6731312,49.6734807,49.6739988,49.6741591,49.6743834,49.6747599,49.6748116,49.6752167,49.6756906,49.6760952,49.6763222,49.6767337,49.6771795,49.6776969,49.6780909,49.6783120,49.6787728,49.6792226,49.6796111,49.6800677,49.6804992,49.6808204,49.6817763,49.6818292,49.6821058,49.6823211,49.6825061,49.6826570,49.6829337,49.6830651,49.6832276,49.6834888,49.6837933,49.6842811,49.6849211,49.6853741,49.6854104,49.6850854,49.6859671,49.6852353,49.6860433,49.6869017,49.6878725,49.6886679,49.6889403,49.6896564,49.6901761,49.6906973,49.6909187,49.6909331,49.6907375,49.6907167,49.6907878,49.6907675,49.6906837,49.6902569,49.6896931,49.6887358,49.6874071,49.6882674,49.6884803,49.6884036,49.6881737,49.6877904,49.6872793,49.6867087,49.6854035,49.6876200,49.6876030,49.6887404,49.6875775,49.6865594,49.6862572,49.6857377,49.6855247,49.6850648,49.6847155,49.6842385,49.6817965,49.6794541,49.6782461,49.6773465,49.6762055,49.6763588,49.6762566,49.6758988,49.6750809,49.6744297,49.6741321,49.6740990,49.6742022,49.6740990,49.6740494,49.6736112,49.6728339,49.6737104,49.6744793,49.6747439,49.6751904,49.6754030,49.6758120,49.6761800,49.6764859,49.6765051,49.6765686,49.6766404,49.6768508,49.6770826,49.6779975,49.6788267,49.6790911,49.6792740,49.6791789,49.6792327,49.6794554,49.6790973,49.6786706,49.6781678,49.6778872,49.6777225,49.6775203,49.6773995,49.6771140,49.6761525,49.6758692,49.6753886,49.6740924,49.6727795,49.6681013,49.6658505,49.6634011,49.6625382,49.6611240,49.6603596,49.6600581,49.6588112,49.6555963,49.6529760,49.6514021,49.6474043,49.6465805,49.6453459,49.6391084,49.6395917,49.6386263,49.6381056,49.6367334,49.6355165,49.6345394,49.6347443,49.6353851,49.6352826,49.6350370,49.6343653,49.6337800,49.6337676,49.6342352,49.6346530,49.6346530,49.6340324,49.6334904,49.6329826,49.6326460,49.6322635,49.6320353,49.6317954,49.6315379,49.6313097,49.6311224,49.6310815,49.6311049,49.6312219,49.6312336,49.6313740,49.6314399,49.6313144,49.6312910,49.6311447,49.6309340,49.6310394],