{
  "numberOfPolygons": 1,
  "box": {
    "min": {
      "x": 49.9929871,
      "y": 7.0097812
    },
    "max": {
      "x": 50.0255027,
      "y": 7.0471295
    },
    "center": {
      "x": 50.0092449,
      "y": 7.02845535
    }
  },
  "polygons": [
    {
      "numberOfPoints": 146,
      "box": {
        "min": {
          "x": 49.9929871,
          "y": 7.0097812
        },
        "max": {
          "x": 50.0255027,
          "y": 7.0471295
        },
        "center": {
          "x": 50.0092449,
          "y": 7.02845535
        }
      },
      "pointsx": [
        50.0076654,
        50.0079811,
        50.0067047,
        50.0090759,
        50.0094195,
        50.0094686,
        50.0093901,
        50.0095766,
        50.0097877,
        50.0102393,
        50.0105535,
        50.0101707,
        50.0109458,
        50.0119083,
        50.0129333,
        50.0138040,
        50.0143462,
        50.0159293,
        50.0160683,
        50.0165887,
        50.0165070,
        50.0171758,
        50.0172470,
        50.0174240,
        50.0180978,
        50.0187903,
        50.0193754,
        50.0198241,
        50.0205012,
        50.0205603,
        50.0205978,
        50.0198395,
        50.0194583,
        50.0192209,
        50.0196561,
        50.0202220,
        50.0205939,
        50.0229878,
        50.0228928,
        50.0226357,
        50.0226240,
        50.0226713,
        50.0233835,
        50.0233676,
        50.0235615,
        50.0236684,
        50.0236684,
        50.0238108,
        50.0238306,
        50.0241827,
        50.0244162,
        50.0245784,
        50.0247722,
        50.0252551,
        50.0250042,
        50.0255027,
        50.0254632,
        50.0245927,
        50.0241151,
        50.0237064,
        50.0239755,
        50.0244805,
        50.0246086,
        50.0246165,
        50.0247368,
        50.0250438,
        50.0247510,
        50.0245668,
        50.0244740,
        50.0248143,
        50.0249251,
        50.0248064,
        50.0248776,
        50.0243938,
        50.0235787,
        50.0232780,
        50.0219960,
        50.0214974,
        50.0207279,
        50.0201510,
        50.0197705,
        50.0189423,
        50.0176104,
        50.0151624,
        50.0149250,
        50.0144580,
        50.0135953,
        50.0127983,
        50.0115239,
        50.0105396,
        50.0097049,
        50.0085328,
        50.0059705,
        50.0049318,
        50.0051996,
        50.0051641,
        50.0048453,
        50.0044556,
        50.0041190,
        50.0031624,
        50.0018692,
        50.0005582,
        50.0002393,
        49.9991154,
        49.9984953,
        49.9972020,
        49.9968831,
        49.9967768,
        49.9958023,
        49.9959795,
        49.9963693,
        49.9970957,
        49.9971499,
        49.9969151,
        49.9957898,
        49.9952113,
        49.9945443,
        49.9937830,
        49.9933445,
        49.9930382,
        49.9930806,
        49.9929871,
        49.9944213,
        49.9948159,
        49.9950452,
        49.9968270,
        49.9971401,
        49.9980068,
        49.9982720,
        49.9988857,
        50.0001918,
        50.0009098,
        50.0018912,
        50.0031519,
        50.0041584,
        50.0051133,
        50.0064799,
        50.0066014,
        50.0068618,
        50.0068965,
        50.0067299,
        50.0064904,
        50.0056364,
        50.0053656,
        50.0053413,
        50.0068583
      ],
      "pointsy": [
        7.0461259,
        7.0459909,
        7.0410028,
        7.0396736,
        7.0417972,
        7.0429354,
        7.0431493,
        7.0436076,
        7.0434548,
        7.0446618,
        7.0445090,
        7.0436758,
        7.0430746,
        7.0417549,
        7.0409112,
        7.0397164,
        7.0393962,
        7.0392611,
        7.0387344,
        7.0379553,
        7.0376353,
        7.0365637,
        7.0358801,
        7.0354449,
        7.0345683,
        7.0340633,
        7.0344600,
        7.0344876,
        7.0338975,
        7.0340470,
        7.0341544,
        7.0347576,
        7.0348269,
        7.0377214,
        7.0383742,
        7.0386021,
        7.0391871,
        7.0363419,
        7.0352765,
        7.0348146,
        7.0343159,
        7.0341495,
        7.0339709,
        7.0333550,
        7.0331395,
        7.0329424,
        7.0317723,
        7.0314828,
        7.0311133,
        7.0310333,
        7.0307623,
        7.0301033,
        7.0293089,
        7.0293461,
        7.0279180,
        7.0268464,
        7.0263537,
        7.0264892,
        7.0269880,
        7.0265631,
        7.0252452,
        7.0258195,
        7.0253683,
        7.0248141,
        7.0245604,
        7.0235454,
        7.0208850,
        7.0205547,
        7.0200104,
        7.0191483,
        7.0183230,
        7.0175470,
        7.0156625,
        7.0154676,
        7.0143098,
        7.0145685,
        7.0146547,
        7.0134722,
        7.0134287,
        7.0141552,
        7.0142771,
        7.0154790,
        7.0135390,
        7.0121959,
        7.0122451,
        7.0120234,
        7.0123560,
        7.0121434,
        7.0119043,
        7.0116542,
        7.0113460,
        7.0110335,
        7.0103503,
        7.0097812,
        7.0145786,
        7.0153503,
        7.0167008,
        7.0194846,
        7.0206421,
        7.0217722,
        7.0226541,
        7.0230951,
        7.0236739,
        7.0253312,
        7.0255517,
        7.0263234,
        7.0269573,
        7.0284456,
        7.0282803,
        7.0293552,
        7.0309537,
        7.0321664,
        7.0324888,
        7.0325852,
        7.0320576,
        7.0326729,
        7.0331311,
        7.0339884,
        7.0348654,
        7.0359161,
        7.0400638,
        7.0413750,
        7.0409537,
        7.0429012,
        7.0428598,
        7.0404720,
        7.0403596,
        7.0396199,
        7.0391472,
        7.0388520,
        7.0389269,
        7.0400327,
        7.0411230,
        7.0426215,
        7.0427716,
        7.0432861,
        7.0433269,
        7.0441155,
        7.0446503,
        7.0451850,
        7.0453794,
        7.0457792,
        7.0462437,
        7.0465678,
        7.0471295,
        7.0470647
      ]
    }
  ]
}