{"id":1258888,"name":"Dierfeld","polygon":{"numberOfPoints":73,"box":{"min":{"x":50.0773967,"y":6.8803087},"max":{"x":50.0885718,"y":6.9065997},"center":{"x":50.08298425,"y":6.8934542},"area":{"x":0.0111751,"y":0.0262910}},"pointsx":[50.0784971,50.0789025,50.0792195,50.0799134,50.0800474,50.0802644,50.0804554,50.0806313,50.0808183,50.0810203,50.0811803,50.0813523,50.0814663,50.0815922,50.0817942,50.0819812,50.0821112,50.0823552,50.0828621,50.0833280,50.0839040,50.0841370,50.0846859,50.0848199,50.0853378,50.0854638,50.0856088,50.0856858,50.0857538,50.0858688,50.0862387,50.0867807,50.0869351,50.0867824,50.0869381,50.0882593,50.0879834,50.0885718,50.0871124,50.0867058,50.0862558,50.0864229,50.0856750,50.0848620,50.0843103,50.0829600,50.0823290,50.0824536,50.0823072,50.0816501,50.0813253,50.0808134,50.0806677,50.0804354,50.0804354,50.0801740,50.0799126,50.0800561,50.0798404,50.0795119,50.0793373,50.0790190,50.0783927,50.0780744,50.0780378,50.0781874,50.0782490,50.0780949,50.0776432,50.0774994,50.0773967,50.0775507,50.0782592],"pointsy":[6.9053508,6.9051029,6.9050749,6.9051539,6.9053319,6.9057998,6.9063147,6.9065357,6.9065997,6.9065757,6.9064827,6.9062557,6.9059628,6.9053768,6.9048129,6.9046749,6.9046969,6.9048729,6.9050219,6.9049469,6.9049169,6.9050249,6.9054668,6.9054658,6.9051879,6.9052499,6.9052748,6.9051849,6.9050029,6.9048439,6.9044520,6.9030752,6.9027852,6.9025702,6.8991441,6.8955916,6.8951730,6.8912054,6.8864841,6.8868235,6.8853753,6.8851557,6.8817776,6.8803520,6.8806009,6.8808951,6.8807035,6.8803125,6.8803087,6.8815406,6.8828335,6.8841111,6.8863376,6.8869712,6.8876726,6.8890302,6.8899806,6.8902217,6.8910537,6.8920137,6.8925737,6.8931657,6.8933097,6.8936937,6.8941165,6.8955177,6.8985577,6.8988777,6.8993417,6.8996617,6.9003657,6.9014377,6.9046377]}}