{"id":1258367,"name":"Lieser","polygon":{"numberOfPoints":68,"box":{"min":{"x":49.9137270,"y":7.0037090},"max":{"x":49.9433664,"y":7.0482620},"center":{"x":49.9285467,"y":7.0259855},"area":{"x":0.0296394,"y":0.0445530}},"pointsx":[49.9147415,49.9166974,49.9172211,49.9180899,49.9188115,49.9189539,49.9190774,49.9200830,49.9210485,49.9217198,49.9218373,49.9221678,49.9224811,49.9225049,49.9235594,49.9238578,49.9265397,49.9268293,49.9271805,49.9281804,49.9297579,49.9311912,49.9314001,49.9322069,49.9326436,49.9360647,49.9392686,49.9407481,49.9433664,49.9416160,49.9398291,49.9362236,49.9307825,49.9293707,49.9277090,49.9269226,49.9251122,49.9248276,49.9242276,49.9233624,49.9214566,49.9194588,49.9177903,49.9165275,49.9167312,49.9172695,49.9178079,49.9179970,49.9182444,49.9186954,49.9175249,49.9174117,49.9168459,49.9163109,49.9158891,49.9157450,49.9152203,49.9149419,49.9137270,49.9137835,49.9145689,49.9151562,49.9154138,49.9155838,49.9156374,49.9157994,49.9158717,49.9154722],"pointsy":[7.0055142,7.0044293,7.0072113,7.0069679,7.0061643,7.0062970,7.0067615,7.0076488,7.0093839,7.0108333,7.0109271,7.0114361,7.0111338,7.0112887,7.0114749,7.0111191,7.0088629,7.0085458,7.0083541,7.0069807,7.0054417,7.0037090,7.0039891,7.0041514,7.0043283,7.0063969,7.0090030,7.0105121,7.0131372,7.0177119,7.0191133,7.0230698,7.0287620,7.0304738,7.0340105,7.0376001,7.0430646,7.0435891,7.0435439,7.0435368,7.0455931,7.0472622,7.0482620,7.0462289,7.0454606,7.0448957,7.0438563,7.0427039,7.0403990,7.0393370,7.0387773,7.0393365,7.0390489,7.0401833,7.0397679,7.0402313,7.0395922,7.0402291,7.0386470,7.0385423,7.0369599,7.0354732,7.0343072,7.0335380,7.0331842,7.0317985,7.0283619,7.0125242]}}