{
  "numberOfPolygons": 1,
  "box": {
    "min": {
      "x": 50.0850883,
      "y": 7.0676000
    },
    "max": {
      "x": 50.1127099,
      "y": 7.1360571
    },
    "center": {
      "x": 50.0988991,
      "y": 7.10182855
    }
  },
  "polygons": [
    {
      "numberOfPoints": 33,
      "box": {
        "min": {
          "x": 50.0850883,
          "y": 7.0676000
        },
        "max": {
          "x": 50.1127099,
          "y": 7.1360571
        },
        "center": {
          "x": 50.0988991,
          "y": 7.10182855
        }
      },
      "pointsx": [
        50.1024361,
        50.1058754,
        50.1050189,
        50.1056899,
        50.1081647,
        50.1097280,
        50.1083231,
        50.1080759,
        50.1084373,
        50.1123609,
        50.1101926,
        50.1127099,
        50.1098903,
        50.1049694,
        50.1053774,
        50.1042560,
        50.1025882,
        50.1023934,
        50.1021415,
        50.1016832,
        50.1008419,
        50.0977393,
        50.0957498,
        50.0965130,
        50.0998301,
        50.0874508,
        50.0879498,
        50.0850883,
        50.0889942,
        50.0903942,
        50.0925276,
        50.0947302,
        50.0977815
      ],
      "pointsy": [
        7.1262083,
        7.1275425,
        7.1317218,
        7.1320999,
        7.1334942,
        7.1256018,
        7.1143068,
        7.1123190,
        7.1026589,
        7.0992778,
        7.0913886,
        7.0881200,
        7.0826451,
        7.0709248,
        7.0705056,
        7.0676000,
        7.0713918,
        7.0715580,
        7.0716050,
        7.0716348,
        7.0717965,
        7.0782322,
        7.0823588,
        7.0839240,
        7.0907275,
        7.0974033,
        7.1012702,
        7.1254268,
        7.1332200,
        7.1360134,
        7.1358876,
        7.1360571,
        7.1312314
      ]
    }
  ]
}