{
  "id": 1259317,
  "name": "Cochem",
  "polygon": {
    "numberOfPoints": 264,
    "box": {
      "min": {
        "x": 50.1196785,
        "y": 7.1080538
      },
      "max": {
        "x": 50.1793685,
        "y": 7.2125469
      },
      "center": {
        "x": 50.1495235,
        "y": 7.16030035
      },
      "area": {
        "x": 0.0596900,
        "y": 0.1044931
      }
    },
    "pointsx": [
      50.1263432,
      50.1244858,
      50.1257248,
      50.1214065,
      50.1221885,
      50.1254539,
      50.1257172,
      50.1259651,
      50.1285287,
      50.1290577,
      50.1291319,
      50.1289556,
      50.1290285,
      50.1292505,
      50.1302270,
      50.1335957,
      50.1388930,
      50.1395101,
      50.1395087,
      50.1413265,
      50.1409515,
      50.1419870,
      50.1429741,
      50.1435006,
      50.1438133,
      50.1448387,
      50.1451458,
      50.1453484,
      50.1451677,
      50.1451239,
      50.1455966,
      50.1460154,
      50.1459921,
      50.1457362,
      50.1450471,
      50.1447900,
      50.1454337,
      50.1454802,
      50.1458990,
      50.1456431,
      50.1460309,
      50.1462248,
      50.1456276,
      50.1459584,
      50.1461550,
      50.1476944,
      50.1480735,
      50.1509026,
      50.1507067,
      50.1516388,
      50.1544290,
      50.1547463,
      50.1559534,
      50.1560798,
      50.1574583,
      50.1585829,
      50.1598165,
      50.1606491,
      50.1618990,
      50.1606717,
      50.1592126,
      50.1579534,
      50.1575677,
      50.1573662,
      50.1560677,
      50.1560885,
      50.1565367,
      50.1558022,
      50.1557497,
      50.1550448,
      50.1549250,
      50.1540592,
      50.1556071,
      50.1542082,
      50.1607925,
      50.1616412,
      50.1609751,
      50.1602402,
      50.1602478,
      50.1602624,
      50.1602783,
      50.1584549,
      50.1535683,
      50.1535492,
      50.1556608,
      50.1565021,
      50.1565411,
      50.1565771,
      50.1566206,
      50.1566844,
      50.1567029,
      50.1568770,
      50.1570106,
      50.1571304,
      50.1572548,
      50.1574132,
      50.1575695,
      50.1576482,
      50.1577547,
      50.1578773,
      50.1581174,
      50.1586935,
      50.1589919,
      50.1592470,
      50.1594440,
      50.1595553,
      50.1596107,
      50.1594607,
      50.1593330,
      50.1593141,
      50.1592090,
      50.1592786,
      50.1594626,
      50.1598925,
      50.1599595,
      50.1599315,
      50.1598694,
      50.1596597,
      50.1596011,
      50.1595634,
      50.1595439,
      50.1595251,
      50.1594407,
      50.1594955,
      50.1596399,
      50.1598935,
      50.1602354,
      50.1608101,
      50.1615219,
      50.1620271,
      50.1626938,
      50.1632436,
      50.1639412,
      50.1641474,
      50.1641818,
      50.1635941,
      50.1636182,
      50.1637625,
      50.1640340,
      50.1642745,
      50.1645357,
      50.1648896,
      50.1650855,
      50.1651704,
      50.1653445,
      50.1656229,
      50.1674200,
      50.1682093,
      50.1688192,
      50.1698913,
      50.1705407,
      50.1714783,
      50.1742531,
      50.1748285,
      50.1749711,
      50.1751343,
      50.1757149,
      50.1760029,
      50.1761031,
      50.1760877,
      50.1761392,
      50.1769088,
      50.1774275,
      50.1773682,
      50.1773611,
      50.1780459,
      50.1784203,
      50.1788429,
      50.1792517,
      50.1793685,
      50.1788082,
      50.1784317,
      50.1782704,
      50.1775930,
      50.1771113,
      50.1770796,
      50.1765662,
      50.1764394,
      50.1764687,
      50.1756351,
      50.1753751,
      50.1748102,
      50.1743375,
      50.1728625,
      50.1726305,
      50.1720836,
      50.1711692,
      50.1703331,
      50.1696608,
      50.1682801,
      50.1678588,
      50.1674105,
      50.1668188,
      50.1664126,
      50.1659309,
      50.1663682,
      50.1669134,
      50.1674776,
      50.1678643,
      50.1682066,
      50.1684729,
      50.1684539,
      50.1683525,
      50.1684520,
      50.1668817,
      50.1664443,
      50.1653739,
      50.1648606,
      50.1645807,
      50.1644412,
      50.1642701,
      50.1642003,
      50.1635727,
      50.1634078,
      50.1629513,
      50.1623266,
      50.1610951,
      50.1609418,
      50.1611867,
      50.1609125,
      50.1604180,
      50.1601390,
      50.1589482,
      50.1587937,
      50.1586054,
      50.1584709,
      50.1581394,
      50.1545326,
      50.1528458,
      50.1522783,
      50.1523121,
      50.1512853,
      50.1492766,
      50.1469827,
      50.1450120,
      50.1444026,
      50.1439284,
      50.1431464,
      50.1429382,
      50.1422699,
      50.1420546,
      50.1420860,
      50.1422151,
      50.1425921,
      50.1368701,
      50.1359846,
      50.1358020,
      50.1346716,
      50.1330664,
      50.1317846,
      50.1307055,
      50.1300080,
      50.1296749,
      50.1279759,
      50.1274534,
      50.1220818,
      50.1217766,
      50.1196785,
      50.1268616,
      50.1267929,
      50.1267548,
      50.1267434,
      50.1267243,
      50.1264587
    ],