{
  "numberOfPolygons": 1,
  "box": {
    "min": {
      "x": 50.1535492,
      "y": 7.1436757
    },
    "max": {
      "x": 50.1886798,
      "y": 7.2303337
    },
    "center": {
      "x": 50.1711145,
      "y": 7.1870047
    }
  },
  "polygons": [
    {
      "numberOfPoints": 129,
      "box": {
        "min": {
          "x": 50.1535492,
          "y": 7.1436757
        },
        "max": {
          "x": 50.1886798,
          "y": 7.2303337
        },
        "center": {
          "x": 50.1711145,
          "y": 7.1870047
        }
      },
      "pointsx": [
        50.1838038,
        50.1807450,
        50.1835319,
        50.1829745,
        50.1825068,
        50.1823349,
        50.1818865,
        50.1817640,
        50.1811287,
        50.1804651,
        50.1803605,
        50.1804688,
        50.1785564,
        50.1777199,
        50.1770564,
        50.1762321,
        50.1756438,
        50.1763729,
        50.1762007,
        50.1761114,
        50.1757641,
        50.1752201,
        50.1745328,
        50.1741511,
        50.1736465,
        50.1724417,
        50.1713866,
        50.1708484,
        50.1701338,
        50.1695594,
        50.1691058,
        50.1681513,
        50.1674766,
        50.1670209,
        50.1666197,
        50.1662933,
        50.1658045,
        50.1652721,
        50.1650206,
        50.1647685,
        50.1640048,
        50.1636490,
        50.1629521,
        50.1616026,
        50.1601716,
        50.1596107,
        50.1595553,
        50.1594440,
        50.1592470,
        50.1589919,
        50.1586935,
        50.1581174,
        50.1578773,
        50.1577547,
        50.1576482,
        50.1575695,
        50.1574132,
        50.1572548,
        50.1571304,
        50.1570106,
        50.1568770,
        50.1567029,
        50.1566844,
        50.1566206,
        50.1565771,
        50.1565411,
        50.1565021,
        50.1556608,
        50.1535492,
        50.1535683,
        50.1584549,
        50.1602783,
        50.1602624,
        50.1602478,
        50.1602402,
        50.1609751,
        50.1616412,
        50.1607925,
        50.1542082,
        50.1556071,
        50.1540592,
        50.1549250,
        50.1550448,
        50.1557497,
        50.1558022,
        50.1565367,
        50.1560885,
        50.1560677,
        50.1573662,
        50.1575677,
        50.1579534,
        50.1592126,
        50.1606717,
        50.1618990,
        50.1606491,
        50.1607096,
        50.1615490,
        50.1620736,
        50.1627163,
        50.1631622,
        50.1631491,
        50.1623491,
        50.1620081,
        50.1622573,
        50.1626638,
        50.1627819,
        50.1627032,
        50.1625589,
        50.1628737,
        50.1627688,
        50.1624015,
        50.1617982,
        50.1605287,
        50.1601325,
        50.1615228,
        50.1626727,
        50.1640374,
        50.1650997,
        50.1666604,
        50.1683915,
        50.1682079,
        50.1725970,
        50.1718141,
        50.1730527,
        50.1814832,
        50.1877294,
        50.1860943,
        50.1886798,
        50.1882589
      ],
      "pointsy": [
        7.1778553,
        7.1644348,
        7.1611466,
        7.1608477,
        7.1609521,
        7.1617683,
        7.1613135,
        7.1611714,
        7.1600534,
        7.1582048,
        7.1575199,
        7.1571482,
        7.1577480,
        7.1559088,
        7.1564170,
        7.1550566,
        7.1538613,
        7.1528365,
        7.1520647,
        7.1508846,
        7.1500786,
        7.1495637,
        7.1493848,
        7.1494427,
        7.1496877,
        7.1489004,
        7.1494147,
        7.1494770,
        7.1484660,
        7.1480012,
        7.1473411,
        7.1458131,
        7.1452773,
        7.1448210,
        7.1448163,
        7.1451554,
        7.1453564,
        7.1459459,
        7.1455014,
        7.1447275,
        7.1443668,
        7.1436757,
        7.1439873,
        7.1440491,
        7.1437928,
        7.1442907,
        7.1445591,
        7.1447839,
        7.1450208,
        7.1452212,
        7.1453415,
        7.1454331,
        7.1456024,
        7.1457456,
        7.1459437,
        7.1461954,
        7.1468216,
        7.1473386,
        7.1476742,
        7.1479659,
        7.1482188,
        7.1485446,
        7.1485168,
        7.1486449,
        7.1487504,
        7.1488637,
        7.1501328,
        7.1524090,
        7.1552347,
        7.1578962,
        7.1652550,
        7.1739202,
        7.1751000,
        7.1761788,
        7.1767400,
        7.1779738,
        7.1808694,
        7.1873882,
        7.1881822,
        7.1905782,
        7.1925642,
        7.1950006,
        7.1970490,
        7.1972524,
        7.1981738,
        7.1991360,
        7.1998371,
        7.2006416,
        7.2021761,
        7.2033154,
        7.2038245,
        7.2047663,
        7.2076249,
        7.2112070,
        7.2116306,
        7.2123828,
        7.2124851,
        7.2133041,
        7.2134065,
        7.2149420,
        7.2162932,
        7.2167846,
        7.2172350,
        7.2186887,
        7.2191596,
        7.2204085,
        7.2212888,
        7.2215140,
        7.2241756,
        7.2252812,
        7.2263254,
        7.2262639,
        7.2254553,
        7.2267144,
        7.2279018,
        7.2286106,
        7.2282454,
        7.2272422,
        7.2267917,
        7.2268941,
        7.2303337,
        7.2295342,
        7.2266689,
        7.2263972,
        7.2166739,
        7.2156855,
        7.2062661,
        7.2004215,
        7.1974036
      ]
    }
  ]
}