{"id":1259316,"name":"Senheim","polygon":{"numberOfPoints":60,"box":{"min":{"x":50.0460475,"y":7.1754203},"max":{"x":50.1103211,"y":7.2468597},"center":{"x":50.0781843,"y":7.2111400},"area":{"x":0.0642736,"y":0.0714394}},"pointsx":[50.0914660,50.0986557,50.1036911,50.1092606,50.1103211,50.1101288,50.1074359,50.1043499,50.0994061,50.0950761,50.0929489,50.0907621,50.0884713,50.0905017,50.0899832,50.0917216,50.0903797,50.0921180,50.0949844,50.0964428,50.0962024,50.0907666,50.0939141,50.0940561,50.0852509,50.0803988,50.0808731,50.0806178,50.0808622,50.0802637,50.0791022,50.0790032,50.0795567,50.0785791,50.0746572,50.0460475,50.0618000,50.0650298,50.0727234,50.0792484,50.0794620,50.0831838,50.0854393,50.0827299,50.0818275,50.0792974,50.0795786,50.0811665,50.0818433,50.0817795,50.0828389,50.0831020,50.0839309,50.0834566,50.0862942,50.0850915,50.0899012,50.0916500,50.0907444,50.0903852],"pointsy":[7.1828071,7.1824662,7.1829770,7.1926150,7.1950997,7.1955510,7.1922171,7.1907713,7.1922992,7.1949611,7.1971839,7.1997124,7.2034039,7.2106953,7.2146408,7.2184911,7.2212007,7.2257165,7.2204995,7.2312766,7.2317810,7.2311899,7.2419152,7.2429699,7.2430782,7.2468597,7.2463472,7.2424063,7.2411301,7.2384919,7.2359824,7.2332147,7.2320389,7.2219452,7.2145996,7.2179187,7.1811227,7.1776167,7.1791859,7.1842918,7.1848944,7.1754203,7.1765378,7.1855908,7.1867422,7.1936299,7.2003229,7.1990527,7.1983141,7.1980197,7.1974513,7.1977423,7.1970326,7.1959871,7.1945253,7.1910501,7.1898818,7.1910014,7.1869369,7.1845761]}}