{"id":1268940,"name":"Ruhla","polygon":{"numberOfPoints":179,"box":{"min":{"x":50.8623246,"y":10.3245775},"max":{"x":50.9353197,"y":10.4383190},"center":{"x":50.89882215,"y":10.38144825},"area":{"x":0.0729951,"y":0.1137415}},"pointsx":[50.9030281,50.9027501,50.9010130,50.9007411,50.9002682,50.8998211,50.8987211,50.8974083,50.8957823,50.8938522,50.8934773,50.8935194,50.8925390,50.8921404,50.8921653,50.8919038,50.8912188,50.8913682,50.8909760,50.8868209,50.8826703,50.8808601,50.8767000,50.8726454,50.8709754,50.8696013,50.8672078,50.8635380,50.8654963,50.8662358,50.8678851,50.8685416,50.8651267,50.8633316,50.8632767,50.8623246,50.8645033,50.8665277,50.8651998,50.8662067,50.8676272,50.8677070,50.8678520,50.8686493,50.8692301,50.8703949,50.8678120,50.8687898,50.8687945,50.8703365,50.8703457,50.8684966,50.8728289,50.8752270,50.8769527,50.8775578,50.8803366,50.8812105,50.8837427,50.8863195,50.8872605,50.8893442,50.8936166,50.8947825,50.8970957,50.9019341,50.9053160,50.9110840,50.9162226,50.9211704,50.9222309,50.9253755,50.9241832,50.9236709,50.9227113,50.9218570,50.9205981,50.9180461,50.9163780,50.9177404,50.9183669,50.9183477,50.9198840,50.9282465,50.9311884,50.9340946,50.9353197,50.9326114,50.9294090,50.9274525,50.9291239,50.9293712,50.9291751,50.9286634,50.9270090,50.9270005,50.9257298,50.9244053,50.9251149,50.9220364,50.9222042,50.9234517,50.9202415,50.9188804,50.9193014,50.9187439,50.9178580,50.9165459,50.9159232,50.9153301,50.9133784,50.9122678,50.9105397,50.9093501,50.9085106,50.9075221,50.9068461,50.9066107,50.9064902,50.9064708,50.9065034,50.9068299,50.9066339,50.9063179,50.9060820,50.9056611,50.9060519,50.9062515,50.9067490,50.9072194,50.9076360,50.9076863,50.9077378,50.9077545,50.9077803,50.9078309,50.9079683,50.9080415,50.9080584,50.9081106,50.9081269,50.9081506,50.9081178,50.9081301,50.9081589,50.9081889,50.9081756,50.9081447,50.9081000,50.9080425,50.9078442,50.9076976,50.9074869,50.9071981,50.9069386,50.9069207,50.9067195,50.9064604,50.9062865,50.9058666,50.9057417,50.9055266,50.9053317,50.9051713,50.9050279,50.9048392,50.9046464,50.9045984,50.9045908,50.9045338,50.9044674,50.9044013,50.9041814,50.9040821,50.9040735,50.9038154,50.9036262,50.9034215,50.9030600],"pointsy":[10.4359436,10.4361067,10.4362216,10.4362591,10.4362875,10.4356395,10.4349745,10.4343667,10.4360493,10.4360132,10.4363990,10.4383190,10.4367379,10.4349805,10.4327099,10.4305774,10.4293335,10.4285042,10.4254478,10.4197264,10.4160794,10.4156621,10.4138453,10.4099706,10.4076012,10.4075349,10.4072172,10.4016170,10.3982960,10.3941993,10.3904306,10.3871933,10.3866385,10.3810654,10.3747449,10.3707988,10.3654197,10.3621512,10.3590986,10.3516534,10.3491621,10.3485657,10.3474811,10.3440702,10.3422147,10.3392735,10.3370159,10.3336632,10.3317761,10.3289233,10.3270057,10.3245775,10.3276098,10.3281781,10.3315167,10.3332215,10.3357432,10.3417456,10.3426335,10.3419942,10.3393660,10.3390463,10.3405931,10.3413358,10.3420653,10.3389397,10.3380394,10.3343792,10.3348436,10.3345949,10.3417207,10.3431685,10.3438476,10.3442899,10.3453494,10.3457203,10.3459939,10.3556207,10.3560841,10.3576260,10.3590191,10.3608035,10.3628387,10.3712405,10.3765729,10.3755779,10.3792845,10.3811842,10.3846779,10.3866409,10.3877369,10.3881428,10.3885351,10.3882916,10.3895769,10.3903346,10.3905646,10.3936349,10.3970596,10.4024412,10.4055890,10.4090177,10.4107836,10.4096000,10.4080231,10.4080575,10.4096001,10.4085381,10.4054127,10.4068295,10.4058441,10.4085034,10.4082489,10.4088698,10.4089127,10.4093044,10.4107279,10.4109182,10.4113147,10.4119620,10.4125720,10.4132652,10.4138722,10.4145282,10.4146934,10.4149318,10.4152249,10.4153421,10.4157879,10.4164707,10.4171470,10.4172520,10.4174235,10.4176623,10.4177733,10.4179458,10.4182188,10.4184567,10.4185694,10.4187389,10.4188889,10.4190445,10.4196650,10.4198743,10.4206807,10.4210910,10.4213746,10.4216132,10.4218938,10.4220871,10.4227600,10.4231260,10.4233895,10.4236364,10.4240801,10.4240533,10.4243704,10.4247418,10.4250186,10.4256430,10.4258508,10.4262752,10.4269147,10.4288286,10.4293848,10.4299688,10.4308060,10.4314150,10.4315084,10.4317338,10.4321167,10.4326433,10.4331811,10.4335260,10.4335298,10.4340287,10.4343937,10.4349364,10.4357359]}}