{
  "numberOfPolygons": 1,
  "box": {
    "min": {
      "x": 50.0099732,
      "y": 7.2523750
    },
    "max": {
      "x": 50.0409414,
      "y": 7.2767286
    },
    "center": {
      "x": 50.0254573,
      "y": 7.2645518
    }
  },
  "polygons": [
    {
      "numberOfPoints": 37,
      "box": {
        "min": {
          "x": 50.0099732,
          "y": 7.2523750
        },
        "max": {
          "x": 50.0409414,
          "y": 7.2767286
        },
        "center": {
          "x": 50.0254573,
          "y": 7.2645518
        }
      },
      "pointsx": [
        50.0395563,
        50.0393700,
        50.0396517,
        50.0399314,
        50.0371802,
        50.0320750,
        50.0303916,
        50.0227188,
        50.0202069,
        50.0207866,
        50.0192959,
        50.0174740,
        50.0149405,
        50.0132295,
        50.0129128,
        50.0117138,
        50.0105319,
        50.0107287,
        50.0099732,
        50.0122170,
        50.0202827,
        50.0240326,
        50.0253907,
        50.0256843,
        50.0260353,
        50.0335891,
        50.0356557,
        50.0361809,
        50.0368153,
        50.0376353,
        50.0403315,
        50.0401075,
        50.0409414,
        50.0407238,
        50.0398569,
        50.0395176,
        50.0395171
      ],
      "pointsy": [
        7.2637215,
        7.2637940,
        7.2659931,
        7.2683842,
        7.2717880,
        7.2714013,
        7.2766427,
        7.2767286,
        7.2741939,
        7.2730339,
        7.2709288,
        7.2708858,
        7.2686661,
        7.2659038,
        7.2640969,
        7.2638713,
        7.2624178,
        7.2561799,
        7.2536277,
        7.2533828,
        7.2635101,
        7.2635998,
        7.2613559,
        7.2607378,
        7.2604519,
        7.2574242,
        7.2523750,
        7.2538298,
        7.2535267,
        7.2538764,
        7.2557145,
        7.2567292,
        7.2573845,
        7.2590504,
        7.2610253,
        7.2621418,
        7.2633401
      ]
    }
  ]
}