{
  "numberOfPolygons": 1,
  "box": {
    "min": {
      "x": 50.0647422,
      "y": 7.0021678
    },
    "max": {
      "x": 50.1063385,
      "y": 7.0564852
    },
    "center": {
      "x": 50.08554035,
      "y": 7.0293265
    }
  },
  "polygons": [
    {
      "numberOfPoints": 174,
      "box": {
        "min": {
          "x": 50.0647422,
          "y": 7.0021678
        },
        "max": {
          "x": 50.1063385,
          "y": 7.0564852
        },
        "center": {
          "x": 50.08554035,
          "y": 7.0293265
        }
      },
      "pointsx": [
        50.0683968,
        50.0674659,
        50.0673709,
        50.0673669,
        50.0675079,
        50.0679089,
        50.0682179,
        50.0685228,
        50.0683708,
        50.0687178,
        50.0690038,
        50.0691907,
        50.0691867,
        50.0691907,
        50.0692857,
        50.0695487,
        50.0698887,
        50.0700607,
        50.0701556,
        50.0702553,
        50.0747987,
        50.0853958,
        50.0856896,
        50.0938187,
        50.0993004,
        50.1060982,
        50.1063309,
        50.1063385,
        50.1037407,
        50.0967064,
        50.0919724,
        50.0880165,
        50.0859408,
        50.0858148,
        50.0856739,
        50.0855939,
        50.0853919,
        50.0849379,
        50.0843350,
        50.0840600,
        50.0831871,
        50.0829462,
        50.0828012,
        50.0822672,
        50.0824352,
        50.0815233,
        50.0809554,
        50.0806614,
        50.0802765,
        50.0798065,
        50.0796885,
        50.0793686,
        50.0793559,
        50.0793599,
        50.0793646,
        50.0793836,
        50.0797195,
        50.0801315,
        50.0805084,
        50.0808784,
        50.0813673,
        50.0816193,
        50.0819093,
        50.0821952,
        50.0825382,
        50.0827362,
        50.0829582,
        50.0831031,
        50.0830612,
        50.0822632,
        50.0819773,
        50.0815923,
        50.0814543,
        50.0811234,
        50.0809919,
        50.0808158,
        50.0807219,
        50.0806194,
        50.0804099,
        50.0801704,
        50.0799855,
        50.0797053,
        50.0795035,
        50.0792168,
        50.0790601,
        50.0788022,
        50.0787879,
        50.0788115,
        50.0787339,
        50.0785031,
        50.0780870,
        50.0780969,
        50.0781747,
        50.0781207,
        50.0779550,
        50.0777802,
        50.0775816,
        50.0773576,
        50.0771112,
        50.0767601,
        50.0764303,
        50.0761751,
        50.0759690,
        50.0757386,
        50.0754108,
        50.0748564,
        50.0745425,
        50.0742989,
        50.0740218,
        50.0737192,
        50.0735648,
        50.0732206,
        50.0731193,
        50.0727655,
        50.0723874,
        50.0718994,
        50.0715635,
        50.0713576,
        50.0710807,
        50.0709213,
        50.0707845,
        50.0705671,
        50.0699440,
        50.0698537,
        50.0694806,
        50.0693693,
        50.0693996,
        50.0688568,
        50.0686671,
        50.0679199,
        50.0678450,
        50.0677299,
        50.0676229,
        50.0677811,
        50.0682607,
        50.0683220,
        50.0679509,
        50.0677545,
        50.0674056,
        50.0668640,
        50.0664782,
        50.0662880,
        50.0662480,
        50.0659975,
        50.0658099,
        50.0659052,
        50.0647422,
        50.0653642,
        50.0657081,
        50.0661391,
        50.0662341,
        50.0671000,
        50.0668870,
        50.0676768,
        50.0671380,
        50.0669492,
        50.0665656,
        50.0665850,
        50.0663220,
        50.0660854,
        50.0658687,
        50.0659006,
        50.0659865,
        50.0657148,
        50.0655583,
        50.0658838,
        50.0661705,
        50.0665535,
        50.0669002,
        50.0670868,
        50.0675349,
        50.0677647,
        50.0679384,
        50.0681747
      ],
      "pointsy": [
        7.0455136,
        7.0467844,
        7.0471813,
        7.0478112,
        7.0483182,
        7.0489191,
        7.0492480,
        7.0494310,
        7.0498679,
        7.0503239,
        7.0515047,
        7.0525665,
        7.0529165,
        7.0538424,
        7.0543543,
        7.0548532,
        7.0554591,
        7.0559090,
        7.0562230,
        7.0564852,
        7.0493992,
        7.0330439,
        7.0326050,
        7.0280071,
        7.0286141,
        7.0312673,
        7.0308317,
        7.0304533,
        7.0185899,
        7.0068679,
        7.0042421,
        7.0027160,
        7.0030157,
        7.0033286,
        7.0035146,
        7.0035646,
        7.0036526,
        7.0036126,
        7.0029727,
        7.0029017,
        7.0036126,
        7.0037246,
        7.0036426,
        7.0033116,
        7.0029657,
        7.0024028,
        7.0021678,
        7.0022618,
        7.0028847,
        7.0038086,
        7.0042415,
        7.0053774,
        7.0057201,
        7.0060722,
        7.0063782,
        7.0067272,
        7.0070911,
        7.0073031,
        7.0072561,
        7.0068401,
        7.0057283,
        7.0053773,
        7.0051144,
        7.0050394,
        7.0050314,
        7.0052014,
        7.0055003,
        7.0058793,
        7.0065492,
        7.0073111,
        7.0077200,
        7.0083609,
        7.0089078,
        7.0101747,
        7.0104652,
        7.0106677,
        7.0106365,
        7.0104076,
        7.0099472,
        7.0095754,
        7.0089918,
        7.0084336,
        7.0083329,
        7.0085189,
        7.0094231,
        7.0101222,
        7.0106447,
        7.0111287,
        7.0114473,
        7.0120915,
        7.0128576,
        7.0136486,
        7.0141511,
        7.0146550,
        7.0150884,
        7.0153218,
        7.0153786,
        7.0153218,
        7.0152632,
        7.0153075,
        7.0155134,
        7.0160388,
        7.0166847,
        7.0176992,
        7.0180911,
        7.0188173,
        7.0193653,
        7.0198853,
        7.0202840,
        7.0207561,
        7.0208866,
        7.0211527,
        7.0210411,
        7.0202390,
        7.0212621,
        7.0212981,
        7.0211921,
        7.0212754,
        7.0214510,
        7.0218491,
        7.0221087,
        7.0222861,
        7.0221550,
        7.0225253,
        7.0222312,
        7.0224231,
        7.0226471,
        7.0235303,
        7.0236458,
        7.0227399,
        7.0226496,
        7.0225109,
        7.0227139,
        7.0231055,
        7.0243020,
        7.0246131,
        7.0252061,
        7.0249595,
        7.0261453,
        7.0270362,
        7.0284247,
        7.0292469,
        7.0294199,
        7.0300729,
        7.0306925,
        7.0319227,
        7.0323955,
        7.0332753,
        7.0335273,
        7.0336263,
        7.0344512,
        7.0354990,
        7.0364609,
        7.0377621,
        7.0383721,
        7.0385910,
        7.0391316,
        7.0399424,
        7.0404674,
        7.0409877,
        7.0411632,
        7.0415291,
        7.0417551,
        7.0421713,
        7.0423401,
        7.0426783,
        7.0428953,
        7.0434588,
        7.0438048,
        7.0439974,
        7.0442437,
        7.0443244,
        7.0445345,
        7.0449346
      ]
    }
  ]
}