{
  "id": 1270376,
  "name": "Sankt Bernhard",
  "polygon": {
    "numberOfPoints": 72,
    "box": {
      "min": {
        "x": 50.4416507,
        "y": 10.5688815
      },
      "max": {
        "x": 50.4729254,
        "y": 10.6228867
      },
      "center": {
        "x": 50.45728805,
        "y": 10.5958841
      },
      "area": {
        "x": 0.0312747,
        "y": 0.0540052
      }
    },
    "pointsx": [
      50.4655999,
      50.4638929,
      50.4627698,
      50.4620959,
      50.4584569,
      50.4561205,
      50.4523013,
      50.4509083,
      50.4504140,
      50.4469538,
      50.4452910,
      50.4423698,
      50.4416507,
      50.4423249,
      50.4448416,
      50.4442125,
      50.4443922,
      50.4428423,
      50.4445656,
      50.4441526,
      50.4443085,
      50.4445045,
      50.4448698,
      50.4463273,
      50.4463902,
      50.4457003,
      50.4465184,
      50.4475421,
      50.4483355,
      50.4494959,
      50.4508457,
      50.4510506,
      50.4513639,
      50.4518515,
      50.4530589,
      50.4540313,
      50.4550272,
      50.4555841,
      50.4558551,
      50.4569570,
      50.4573429,
      50.4578511,
      50.4597307,
      50.4598859,
      50.4607774,
      50.4610618,
      50.4615383,
      50.4615710,
      50.4617953,
      50.4626491,
      50.4630159,
      50.4638791,
      50.4642827,
      50.4646347,
      50.4650900,
      50.4668479,
      50.4685018,
      50.4688692,
      50.4695298,
      50.4699891,
      50.4705945,
      50.4707406,
      50.4721393,
      50.4729254,
      50.4706780,
      50.4709076,
      50.4677135,
      50.4651738,
      50.4656884,
      50.4656050,
      50.4626587,
      50.4655480
    ],
    "pointsy": [
      10.6176644,
      10.6228867,
      10.6199227,
      10.6192876,
      10.6221104,
      10.6169587,
      10.6151944,
      10.6136419,
      10.6116659,
      10.6149827,
      10.6115953,
      10.6130067,
      10.6113836,
      10.6096899,
      10.6082079,
      10.6024210,
      10.5973399,
      10.5888128,
      10.5868119,
      10.5856090,
      10.5851712,
      10.5853690,
      10.5836134,
      10.5842033,
      10.5826715,
      10.5819496,
      10.5801210,
      10.5792400,
      10.5802522,
      10.5806407,
      10.5824525,
      10.5800226,
      10.5794650,
      10.5775882,
      10.5784196,
      10.5757234,
      10.5739247,
      10.5729188,
      10.5726058,
      10.5713210,
      10.5708731,
      10.5744415,
      10.5732377,
      10.5720504,
      10.5727871,
      10.5740136,
      10.5740146,
      10.5731596,
      10.5729577,
      10.5729519,
      10.5719540,
      10.5718463,
      10.5707299,
      10.5703035,
      10.5700411,
      10.5688815,
      10.5692760,
      10.5695794,
      10.5711012,
      10.5715604,
      10.5707404,
      10.5695268,
      10.5711668,
      10.5726104,
      10.5746763,
      10.5755619,
      10.5788418,
      10.5823571,
      10.5884567,
      10.5885959,
      10.5934238,
      10.5975693
    ]
  }
}