{"id":1270321,"name":"Hellingen","polygon":{"numberOfPoints":659,"box":{"min":{"x":50.2043467,"y":10.5909426},"max":{"x":50.2869040,"y":10.7322621},"center":{"x":50.24562535,"y":10.66160235},"area":{"x":0.0825573,"y":0.1413195}},"pointsx":[50.2826848,50.2827097,50.2828278,50.2816290,50.2816956,50.2826280,50.2815624,50.2826280,50.2832274,50.2824282,50.2840266,50.2852920,50.2869040,50.2864241,50.2852920,50.2825614,50.2808963,50.2829610,50.2820286,50.2782987,50.2775660,50.2739690,50.2727034,50.2724369,50.2699055,50.2691726,50.2691060,50.2699055,50.2722371,50.2695724,50.2689728,50.2684398,50.2670407,50.2644424,50.2631765,50.2624435,50.2595117,50.2582247,50.2557801,50.2537809,50.2533811,50.2519323,50.2517977,50.2512632,50.2510704,50.2510011,50.2509327,50.2508753,50.2508153,50.2507369,50.2506792,50.2505273,50.2504607,50.2503691,50.2500782,50.2496544,50.2495485,50.2491612,50.2490331,50.2488548,50.2488412,50.2484045,50.2479292,50.2475696,50.2473535,50.2472143,50.2469495,50.2464932,50.2461989,50.2458361,50.2456673,50.2454509,50.2452000,50.2448645,50.2446338,50.2444991,50.2439645,50.2436834,50.2436663,50.2436540,50.2432997,50.2429811,50.2429616,50.2424658,50.2424997,50.2424672,50.2423821,50.2419643,50.2418135,50.2417789,50.2417599,50.2416348,50.2415265,50.2409619,50.2409615,50.2410191,50.2404888,50.2404404,50.2404349,50.2400489,50.2398801,50.2396545,50.2395039,50.2393508,50.2390495,50.2387002,50.2385792,50.2383439,50.2378138,50.2375465,50.2374140,50.2371948,50.2368431,50.2366308,50.2363567,50.2362623,50.2359723,50.2359637,50.2355524,50.2352654,50.2352440,50.2347209,50.2341362,50.2336223,50.2329927,50.2328684,50.2319843,50.2306936,50.2306601,50.2305965,50.2305200,50.2304715,50.2304653,50.2303578,50.2302599,50.2302566,50.2300509,50.2296146,50.2291234,50.2286140,50.2281618,50.2275862,50.2270724,50.2267912,50.2264647,50.2254849,50.2245918,50.2241554,50.2235594,50.2232623,50.2232402,50.2231755,50.2230888,50.2224874,50.2222214,50.2218943,50.2214838,50.2210369,50.2207399,50.2203159,50.2197564,50.2188374,50.2183295,50.2174274,50.2167037,50.2160825,50.2156189,50.2152238,50.2146735,50.2141277,50.2139841,50.2138499,50.2134631,50.2133332,50.2131890,50.2129127,50.2122726,50.2119893,50.2117266,50.2113128,50.2110065,50.2107068,50.2105717,50.2103909,50.2101689,50.2098694,50.2094303,50.2091947,50.2086827,50.2082507,50.2078807,50.2077789,50.2076450,50.2076215,50.2074595,50.2070549,50.2065881,50.2060706,50.2056787,50.2053209,50.2052038,50.2050369,50.2048783,50.2047740,50.2047574,50.2047295,50.2043783,50.2046295,50.2046745,50.2046819,50.2044051,50.2043467,50.2043995,50.2048306,50.2056903,50.2059206,50.2060980,50.2063229,50.2068392,50.2074400,50.2077630,50.2078808,50.2080571,50.2084682,50.2085768,50.2087667,50.2092613,50.2095372,50.2096375,50.2097762,50.2098445,50.2098778,50.2101680,50.2102641,50.2103180,50.2104155,50.2106180,50.2107154,50.2108240,50.2109214,50.2108247,50.2107351,50.2105812,50.2109348,50.2113362,50.2116374,50.2118474,50.2122652,50.2123597,50.2124923,50.2124095,50.2122649,50.2121521,50.2120740,50.2118785,50.2117222,50.2120211,50.2124523,50.2128721,50.2133785,50.2139013,50.2143233,50.2145947,50.2147361,50.2147884,50.2152929,50.2156421,50.2159821,50.2162399,50.2165547,50.2165920,50.2168149,50.2170636,50.2176726,50.2177797,50.2179847,50.2182011,50.2183196,50.2184611,50.2186389,50.2187416,50.2187853,50.2189511,50.2189653,50.2190444,50.2191289,50.2197863,50.2208181,50.2215234,50.2216027,50.2223063,50.2223223,50.2230326,50.2233071,50.2238253,50.2242136,50.2247531,50.2252697,50.2258640,50.2257681,50.2256991,50.2255706,50.2254567,50.2251622,50.2249922,50.2248356,50.2246887,50.2246037,50.2243922,50.2240797,50.2239484,50.2237632,50.2237285,50.2236136,50.2235306,50.2235367,50.2235246,50.2234153,50.2233635,50.2234058,50.2233081,50.2232176,50.2232244,50.2232327,50.2232252,50.2231604,50.2230916,50.2228741,50.2225055,50.2223451,50.2222509,50.2221546,50.2218707,50.2215933,50.2215789,50.2215329,50.2214417,50.2213991,50.2212608,50.2211868,50.2211748,50.2210919,50.2210685,50.2211157,50.2211922,50.2213423,50.2214444,50.2214598,50.2214317,50.2214133,50.2213852,50.2213179,50.2214080,50.2215044,50.2215555,50.2235827,50.2328509,50.2390508,50.2429359,50.2427566,50.2422505,50.2429838,50.2437836,50.2451167,50.2459603,50.2465174,50.2475828,50.2475162,50.2487159,50.2481827,50.2491158,50.2468497,50.2483826,50.2488492,50.2504487,50.2506487,50.2512270,50.2512465,50.2512458,50.2512321,50.2512401,50.2512498,50.2512777,50.2512849,50.2512651,50.2512135,50.2511533,50.2511241,50.2511289,50.2512711,50.2514384,50.2516607,50.2518736,50.2521049,50.2523110,50.2525742,50.2528234,50.2529356,50.2530274,50.2530712,50.2530789,50.2530929,50.2531433,50.2532440,50.2534177,50.2536325,50.2538496,50.2540622,50.2542907,50.2544874,50.2546613,50.2548351,50.2550911,50.2555188,50.2555670,50.2556851,50.2556972,50.2558023,50.2558075,50.2558831,50.2559419,50.2560000,50.2560953,50.2562490,50.2564291,50.2567622,50.2568946,50.2570637,50.2572054,50.2574090,50.2576011,50.2578049,50.2579719,50.2581415,50.2582283,50.2582498,50.2582906,50.2582953,50.2583341,50.2583667,50.2583915,50.2584281,50.2585334,50.2587142,50.2588605,50.2589797,50.2590873,50.2592135,50.2593514,50.2595491,50.2596778,50.2597583,50.2598066,50.2598801,50.2599603,50.2599947,50.2602268,50.2605917,50.2609110,50.2609754,50.2611295,50.2612399,50.2612461,50.2613166,50.2613527,50.2614404,50.2614836,50.2615355,50.2615491,50.2615729,50.2615060,50.2614725,50.2614796,50.2615145,50.2615629,50.2616731,50.2616079,50.2619882,50.2621381,50.2623012,50.2623316,50.2623863,50.2625124,50.2626400,50.2626474,50.2627036,50.2628275,50.2631144,50.2637947,50.2640446,50.2644015,50.2645047,50.2648184,50.2651827,50.2653937,50.2655859,50.2657343,50.2659303,50.2661157,50.2662692,50.2664640,50.2665391,50.2666369,50.2667988,50.2669926,50.2671498,50.2672294,50.2673704,50.2674795,50.2675792,50.2676563,50.2676808,50.2684574,50.2685321,50.2693369,50.2697572,50.2701136,50.2702393,50.2703441,50.2704375,50.2705240,50.2705989,50.2706464,50.2707632,50.2708579,50.2709008,50.2709689,50.2711031,50.2712621,50.2713938,50.2715325,50.2716778,50.2717480,50.2717729,50.2720486,50.2720667,50.2720272,50.2720231,50.2720118,50.2719712,50.2718713,50.2717578,50.2716669,50.2714848,50.2713667,50.2712166,50.2711325,50.2710554,50.2710240,50.2709972,50.2709011,50.2708027,50.2707402,50.2707179,50.2706838,50.2706339,50.2705703,50.2705387,50.2704826,50.2703862,50.2703592,50.2703552,50.2703513,50.2703586,50.2703611,50.2703431,50.2702955,50.2702116,50.2701594,50.2701296,50.2701288,50.2701143,50.2701078,50.2700763,50.2700568,50.2700642,50.2701034,50.2701199,50.2700918,50.2699773,50.2699006,50.2698665,50.2698593,50.2698578,50.2698335,50.2697948,50.2697682,50.2697142,50.2696006,50.2694802,50.2693642,50.2692571,50.2691134,50.2695624,50.2697961,50.2698447,50.2701019,50.2703643,50.2706686,50.2707835,50.2711685,50.2717984,50.2722697,50.2723812,50.2727388,50.2732938,50.2734399,50.2735951,50.2737503,50.2739466,50.2741316,50.2743553,50.2746111,50.2748075,50.2749447,50.2751298,50.2753607,50.2756512,50.2758159,50.2759690,50.2761039,50.2762592,50.2763987,50.2765449,50.2767230,50.2769696,50.2771660,50.2774950,50.2776799,50.2778534,50.2779514,50.2780927,50.2782957,50.2784598,50.2785873,50.2788809,50.2791314,50.2793318,50.2793841,50.2794634,50.2796068,50.2797433,50.2798751,50.2799411,50.2800735,50.2801637,50.2803932,50.2805530,50.2806580,50.2808195,50.2809880,50.2812358,50.2813039,50.2816834,50.2820135,50.2821634,50.2823200,50.2824470,50.2825489],