{"id":1273278,"name":"Bechstedt","polygon":{"numberOfPoints":96,"box":{"min":{"x":50.6511828,"y":11.1611029},"max":{"x":50.6751407,"y":11.1949340},"center":{"x":50.66316175,"y":11.17801845},"area":{"x":0.0239579,"y":0.0338311}},"pointsx":[50.6735085,50.6729333,50.6730667,50.6721430,50.6718864,50.6715066,50.6701621,50.6694026,50.6691973,50.6684685,50.6683761,50.6666312,50.6658921,50.6658727,50.6622575,50.6616768,50.6600217,50.6598635,50.6583846,50.6583486,50.6579431,50.6574701,50.6567933,50.6563511,50.6557556,50.6560225,50.6548623,50.6542771,50.6541128,50.6544003,50.6546262,50.6543387,50.6543579,50.6544722,50.6537740,50.6539793,50.6538356,50.6538972,50.6535481,50.6526138,50.6526446,50.6522421,50.6511828,50.6524546,50.6525599,50.6529937,50.6530989,50.6534041,50.6535999,50.6539439,50.6539302,50.6550835,50.6552478,50.6568471,50.6578430,50.6575077,50.6569342,50.6562197,50.6567164,50.6591701,50.6603422,50.6600213,50.6613170,50.6618095,50.6627646,50.6628341,50.6632479,50.6631619,50.6634511,50.6642278,50.6642711,50.6653058,50.6656481,50.6671672,50.6681408,50.6689381,50.6696173,50.6696734,50.6705018,50.6719361,50.6727064,50.6720701,50.6733772,50.6734668,50.6738927,50.6738465,50.6737238,50.6736158,50.6734434,50.6748387,50.6739860,50.6746391,50.6749407,50.6751407,50.6745706,50.6740119],"pointsy":[11.1655736,11.1646819,11.1644552,11.1630462,11.1640503,11.1636454,11.1611029,11.1617345,11.1626414,11.1624146,11.1629005,11.1617021,11.1616697,11.1657396,11.1645073,11.1673243,11.1663166,11.1671519,11.1677162,11.1679753,11.1681373,11.1694927,11.1707041,11.1700919,11.1708854,11.1723915,11.1736871,11.1738976,11.1734765,11.1732174,11.1723267,11.1720514,11.1719352,11.1712417,11.1704805,11.1702700,11.1698813,11.1696708,11.1689259,11.1697842,11.1709988,11.1727442,11.1747572,11.1761891,11.1760070,11.1766304,11.1765414,11.1770414,11.1784928,11.1800718,11.1814303,11.1814726,11.1799827,11.1802054,11.1808816,11.1821750,11.1819002,11.1834261,11.1845569,11.1845111,11.1850950,11.1874541,11.1872021,11.1888302,11.1888024,11.1894580,11.1894237,11.1903388,11.1907520,11.1906719,11.1904235,11.1905232,11.1926408,11.1917268,11.1940117,11.1930602,11.1949340,11.1922381,11.1894803,11.1851664,11.1831516,11.1820021,11.1799297,11.1782021,11.1771252,11.1752061,11.1751314,11.1742167,11.1733085,11.1725735,11.1710905,11.1700771,11.1688001,11.1674060,11.1673485,11.1665571]}}