{
  "numberOfPolygons": 1,
  "box": {
    "min": {
      "x": 50.5646487,
      "y": 11.1244009
    },
    "max": {
      "x": 50.6318046,
      "y": 11.1971963
    },
    "center": {
      "x": 50.59822665,
      "y": 11.1607986
    }
  },
  "polygons": [
    {
      "numberOfPoints": 328,
      "box": {
        "min": {
          "x": 50.5646487,
          "y": 11.1244009
        },
        "max": {
          "x": 50.6318046,
          "y": 11.1971963
        },
        "center": {
          "x": 50.59822665,
          "y": 11.1607986
        }
      },
      "pointsx": [
        50.5664929,
        50.5668921,
        50.5674473,
        50.5677035,
        50.5683294,
        50.5684917,
        50.5685088,
        50.5685429,
        50.5690127,
        50.5693885,
        50.5700206,
        50.5705074,
        50.5710968,
        50.5714982,
        50.5716775,
        50.5717629,
        50.5721473,
        50.5724545,
        50.5730463,
        50.5732312,
        50.5739157,
        50.5754588,
        50.5767721,
        50.5785161,
        50.5788406,
        50.5784142,
        50.5783969,
        50.5785848,
        50.5790031,
        50.5795378,
        50.5800544,
        50.5812200,
        50.5816764,
        50.5824193,
        50.5831622,
        50.5832655,
        50.5835806,
        50.5840926,
        50.5843160,
        50.5851090,
        50.5847418,
        50.5846781,
        50.5850947,
        50.5846962,
        50.5834343,
        50.5837926,
        50.5844046,
        50.5850157,
        50.5853780,
        50.5853997,
        50.5854569,
        50.5861181,
        50.5890517,
        50.5902315,
        50.5907437,
        50.5911620,
        50.5918450,
        50.5927329,
        50.5935524,
        50.5944573,
        50.5948671,
        50.5966595,
        50.5969553,
        50.5973054,
        50.5974865,
        50.5976253,
        50.5976374,
        50.5976221,
        50.5987755,
        50.5989626,
        50.6014945,
        50.6018884,
        50.6024804,
        50.6029446,
        50.6032865,
        50.6032723,
        50.6043255,
        50.6050901,
        50.6054522,
        50.6057078,
        50.6062688,
        50.6068581,
        50.6071581,
        50.6075415,
        50.6087744,
        50.6106499,
        50.6122685,
        50.6134439,
        50.6140343,
        50.6146339,
        50.6185702,
        50.6189894,
        50.6191627,
        50.6199042,
        50.6201484,
        50.6205183,
        50.6213726,
        50.6217151,
        50.6221538,
        50.6219803,
        50.6225587,
        50.6221742,
        50.6230659,
        50.6234522,
        50.6242057,
        50.6248336,
        50.6251552,
        50.6248921,
        50.6263449,
        50.6272027,
        50.6269730,
        50.6277265,
        50.6278689,
        50.6274937,
        50.6276017,
        50.6276288,
        50.6273742,
        50.6272028,
        50.6271677,
        50.6271948,
        50.6269998,
        50.6267087,
        50.6260993,
        50.6258370,
        50.6255951,
        50.6254420,
        50.6252046,
        50.6252276,
        50.6254066,
        50.6260724,
        50.6261307,
        50.6262716,
        50.6264401,
        50.6264975,
        50.6268588,
        50.6271144,
        50.6275940,
        50.6284936,
        50.6288184,
        50.6289868,
        50.6291936,
        50.6296760,
        50.6303881,
        50.6310772,
        50.6312150,
        50.6314793,
        50.6317434,
        50.6318046,
        50.6308552,
        50.6300021,
        50.6276192,
        50.6239508,
        50.6195031,
        50.6194861,
        50.6193483,
        50.6189375,
        50.6192053,
        50.6194435,
        50.6197889,
        50.6206559,
        50.6213953,
        50.6182682,
        50.6158522,
        50.6100888,
        50.6065733,
        50.6044058,
        50.6034260,
        50.6032360,
        50.6032871,
        50.6034547,
        50.6037943,
        50.6044386,
        50.6078514,
        50.6083603,
        50.6083744,
        50.6089173,
        50.6093223,
        50.6028184,
        50.6020421,
        50.6019163,
        50.6020871,
        50.6023524,
        50.6019905,
        50.6019966,
        50.6029055,
        50.6030949,
        50.6033756,
        50.6031132,
        50.6033178,
        50.6033676,
        50.6033107,
        50.6030949,
        50.6035877,
        50.6034498,
        50.6035647,
        50.6037600,
        50.6044949,
        50.6040937,
        50.6048064,
        50.6042464,
        50.6035084,
        50.6034303,
        50.6023973,
        50.6023691,
        50.6019856,
        50.6011974,
        50.6002210,
        50.5993049,
        50.5983884,
        50.5977066,
        50.5973044,
        50.5974367,
        50.5979481,
        50.5983600,
        50.5986298,
        50.5986014,
        50.5981540,
        50.5975575,
        50.5972308,
        50.5967692,
        50.5966555,
        50.5964316,
        50.5967003,
        50.5968183,
        50.5968678,
        50.5967719,
        50.5963707,
        50.5961328,
        50.5958345,
        50.5956498,
        50.5955681,
        50.5960795,
        50.5963588,
        50.5964291,
        50.5964417,
        50.5963409,
        50.5948495,
        50.5925240,
        50.5938876,
        50.5938876,
        50.5935751,
        50.5937456,
        50.5936106,
        50.5941007,
        50.5946121,
        50.5947896,
        50.5954643,
        50.5956348,
        50.5959544,
        50.5955751,
        50.5960766,
        50.5963572,
        50.5962377,
        50.5969595,
        50.5977290,
        50.5976005,
        50.5970582,
        50.5962346,
        50.5960438,
        50.5960839,
        50.5961994,
        50.5962095,
        50.5967518,
        50.5971385,
        50.5989743,
        50.5976810,
        50.5958456,
        50.5955941,
        50.5953242,
        50.5948484,
        50.5939464,
        50.5914677,
        50.5905864,
        50.5904373,
        50.5893576,
        50.5889911,
        50.5885957,
        50.5880061,
        50.5874095,
        50.5871396,
        50.5861380,
        50.5855768,
        50.5850186,
        50.5848737,
        50.5841130,
        50.5836118,
        50.5833039,
        50.5831469,
        50.5828296,
        50.5821721,
        50.5813353,
        50.5805412,
        50.5799861,
        50.5794994,
        50.5793371,
        50.5789528,
        50.5789955,
        50.5789202,
        50.5785527,
        50.5777342,
        50.5768233,
        50.5747993,
        50.5752603,
        50.5757660,
        50.5762068,
        50.5760558,
        50.5756814,
        50.5752708,
        50.5749447,
        50.5740630,
        50.5735618,
        50.5725714,
        50.5724407,
        50.5719758,
        50.5715744,
        50.5702164,
        50.5700712,
        50.5699345,
        50.5694818,
        50.5683654,
        50.5677760,
        50.5671610,
        50.5670414,
        50.5664477,
        50.5658754,
        50.5646487,
        50.5652296,
        50.5662034
      ],