{"id":1277277,"name":"Kauern","polygon":{"numberOfPoints":116,"box":{"min":{"x":50.8187327,"y":12.1256084},"max":{"x":50.8583044,"y":12.1709707},"center":{"x":50.83851855,"y":12.14828955},"area":{"x":0.0395717,"y":0.0453623}},"pointsx":[50.8292814,50.8314112,50.8328724,50.8342435,50.8382021,50.8422297,50.8452671,50.8463738,50.8478829,50.8493623,50.8503611,50.8508506,50.8519435,50.8525775,50.8543951,50.8549048,50.8561496,50.8573837,50.8579872,50.8574172,50.8573334,50.8578195,50.8579704,50.8574842,50.8576519,50.8581380,50.8581213,50.8572429,50.8573990,50.8571442,50.8571409,50.8569146,50.8572424,50.8580114,50.8583044,50.8577682,50.8575118,50.8568098,50.8565974,50.8549396,50.8530097,50.8521403,50.8496150,50.8488823,50.8473038,50.8459450,50.8457470,50.8442072,50.8424613,50.8403065,50.8393500,50.8387060,50.8384545,50.8384226,50.8373140,50.8354623,50.8350623,50.8298968,50.8291169,50.8284207,50.8281896,50.8272214,50.8271883,50.8265406,50.8265451,50.8258138,50.8256585,50.8264582,50.8255243,50.8248701,50.8240201,50.8235799,50.8235448,50.8232596,50.8203529,50.8201080,50.8198260,50.8196120,50.8193761,50.8194371,50.8194641,50.8192271,50.8187604,50.8189800,50.8187327,50.8188261,50.8197767,50.8201445,50.8207734,50.8205704,50.8205218,50.8236741,50.8250059,50.8255486,50.8260896,50.8254370,50.8251376,50.8248884,50.8247375,50.8245110,50.8245026,50.8245445,50.8243516,50.8249220,50.8249839,50.8254234,50.8253833,50.8250898,50.8248801,50.8248130,50.8245949,50.8242090,50.8239417,50.8259956,50.8268207,50.8285856],"pointsy":[12.1709707,12.1650217,12.1659331,12.1618709,12.1621718,12.1615512,12.1609113,12.1603536,12.1592382,12.1595578,12.1596435,12.1577245,12.1582254,12.1591585,12.1577450,12.1596041,12.1593351,12.1592050,12.1567884,12.1561510,12.1538140,12.1533891,12.1520878,12.1499898,12.1456877,12.1447051,12.1435366,12.1429740,12.1423768,12.1412476,12.1403719,12.1383182,12.1373398,12.1372180,12.1365140,12.1347607,12.1333963,12.1323194,12.1314954,12.1309111,12.1295833,12.1282671,12.1285086,12.1256084,12.1272239,12.1280802,12.1282162,12.1298602,12.1298278,12.1305436,12.1306651,12.1339583,12.1367998,12.1373232,12.1377027,12.1372211,12.1371091,12.1348354,12.1360437,12.1359375,12.1347086,12.1348539,12.1345910,12.1350592,12.1361760,12.1359198,12.1343294,12.1329033,12.1312090,12.1305451,12.1306692,12.1309786,12.1320721,12.1331359,12.1341888,12.1344338,12.1347207,12.1349367,12.1358726,12.1360685,12.1361535,12.1367435,12.1383829,12.1387610,12.1414743,12.1431607,12.1427888,12.1441596,12.1441051,12.1464406,12.1469998,12.1494743,12.1504721,12.1490977,12.1495824,12.1507579,12.1510563,12.1514812,12.1519858,12.1521650,12.1525169,12.1529153,12.1534730,12.1535261,12.1544899,12.1563725,12.1568191,12.1573237,12.1578415,12.1593287,12.1593685,12.1602848,12.1605439,12.1638832,12.1655517,12.1691661]}}