{
  "numberOfPolygons": 1,
  "box": {
    "min": {
      "x": 52.6436271,
      "y": 11.9348702
    },
    "max": {
      "x": 52.7431199,
      "y": 12.0418820
    },
    "center": {
      "x": 52.6933735,
      "y": 11.9883761
    }
  },
  "polygons": [
    {
      "numberOfPoints": 176,
      "box": {
        "min": {
          "x": 52.6436271,
          "y": 11.9348702
        },
        "max": {
          "x": 52.7431199,
          "y": 12.0418820
        },
        "center": {
          "x": 52.6933735,
          "y": 11.9883761
        }
      },
      "pointsx": [
        52.6436271,
        52.6442389,
        52.6444118,
        52.6445306,
        52.6447517,
        52.6448191,
        52.6446589,
        52.6445451,
        52.6455742,
        52.6466506,
        52.6469856,
        52.6474830,
        52.6480037,
        52.6499510,
        52.6529624,
        52.6558698,
        52.6565370,
        52.6556288,
        52.6556493,
        52.6550503,
        52.6561968,
        52.6569291,
        52.6577093,
        52.6577504,
        52.6606246,
        52.6647218,
        52.6651970,
        52.6666630,
        52.6666678,
        52.6688695,
        52.6693536,
        52.6730906,
        52.6737164,
        52.6745470,
        52.6753913,
        52.6753419,
        52.6774615,
        52.6776867,
        52.6777696,
        52.6790022,
        52.6791851,
        52.6798253,
        52.6798323,
        52.6799308,
        52.6799308,
        52.6802569,
        52.6801348,
        52.6822592,
        52.6826953,
        52.6828079,
        52.6836309,
        52.6842147,
        52.6843765,
        52.6844257,
        52.6846864,
        52.6859514,
        52.6874764,
        52.6891795,
        52.6920774,
        52.6925283,
        52.6953073,
        52.6949702,
        52.6947196,
        52.6953734,
        52.6940794,
        52.6939393,
        52.6913723,
        52.6914872,
        52.6901284,
        52.6892622,
        52.6891017,
        52.6888136,
        52.6887693,
        52.6888414,
        52.6876244,
        52.6864491,
        52.6863185,
        52.6860939,
        52.6860148,
        52.6871002,
        52.6883856,
        52.6898629,
        52.6916718,
        52.6929409,
        52.6936094,
        52.6941417,
        52.6950384,
        52.6953143,
        52.6955302,
        52.6957148,
        52.6959401,
        52.6965457,
        52.6970431,
        52.6985436,
        52.7004636,
        52.7025104,
        52.7043365,
        52.7073586,
        52.7096068,
        52.7100461,
        52.7129180,
        52.7157897,
        52.7154847,
        52.7208052,
        52.7210119,
        52.7216872,
        52.7222672,
        52.7226349,
        52.7235428,
        52.7245023,
        52.7247052,
        52.7265282,
        52.7267754,
        52.7271175,
        52.7274295,
        52.7292044,
        52.7311858,
        52.7331303,
        52.7351506,
        52.7352102,
        52.7379865,
        52.7418262,
        52.7431199,
        52.7427072,
        52.7394571,
        52.7407985,
        52.7387732,
        52.7388003,
        52.7304031,
        52.7292914,
        52.7297610,
        52.7301068,
        52.7373188,
        52.7373465,
        52.7416346,
        52.7394220,
        52.7379709,
        52.7360606,
        52.7334439,
        52.7310034,
        52.7282988,
        52.7256966,
        52.7239118,
        52.7224659,
        52.7204481,
        52.7196344,
        52.7188394,
        52.7170456,
        52.7161476,
        52.7146843,
        52.7134850,
        52.7121410,
        52.7088992,
        52.7069654,
        52.7009040,
        52.6979403,
        52.6955134,
        52.6931551,
        52.6897191,
        52.6863152,
        52.6834524,
        52.6805737,
        52.6778024,
        52.6743809,
        52.6731415,
        52.6701501,
        52.6682723,
        52.6658208,
        52.6632978,
        52.6610351,
        52.6593313,
        52.6547852,
        52.6532042,
        52.6514283,
        52.6487822,
        52.6459639
      ],
      "pointsy": [
        12.0149495,
        12.0027137,
        12.0009052,
        11.9974245,
        11.9941493,
        11.9918966,
        11.9875499,
        11.9827237,
        11.9831307,
        11.9829315,
        11.9828163,
        11.9828702,
        11.9830265,
        11.9833890,
        11.9839364,
        11.9843469,
        11.9776112,
        11.9690792,
        11.9683120,
        11.9651564,
        11.9653447,
        11.9656493,
        11.9662247,
        11.9660104,
        11.9671047,
        11.9667774,
        11.9599549,
        11.9585588,
        11.9557825,
        11.9558217,
        11.9517501,
        11.9554886,
        11.9559455,
        11.9564981,
        11.9567534,
        11.9562565,
        11.9554471,
        11.9529640,
        11.9476610,
        11.9478353,
        11.9435305,
        11.9436350,
        11.9428808,
        11.9427995,
        11.9406645,
        11.9400483,
        11.9397595,
        11.9367542,
        11.9365570,
        11.9368587,
        11.9365570,
        11.9361741,
        11.9358724,
        11.9352342,
        11.9348702,
        11.9374974,
        11.9403301,
        11.9392785,
        11.9438676,
        11.9440313,
        11.9472500,
        11.9565322,
        11.9584796,
        11.9633835,
        11.9638224,
        11.9632874,
        11.9641377,
        11.9646719,
        11.9663320,
        11.9676534,
        11.9717914,
        11.9722423,
        11.9750208,
        11.9773773,
        11.9769293,
        11.9766794,
        11.9791697,
        11.9791783,
        11.9823500,
        11.9854529,
        11.9912049,
        11.9894378,
        11.9880955,
        11.9868713,
        11.9861906,
        11.9852965,
        11.9864327,
        11.9863590,
        11.9872646,
        11.9882821,
        11.9909266,
        11.9926022,
        11.9943704,
        11.9944095,
        11.9945618,
        11.9948886,
        11.9957828,
        11.9970022,
        11.9982989,
        11.9988058,
        11.9994029,
        12.0004266,
        11.9981679,
        11.9960418,
        11.9944575,
        11.9951364,
        11.9953721,
        11.9952360,
        11.9946754,
        11.9945048,
        11.9946937,
        11.9946267,
        11.9944134,
        11.9942666,
        11.9948112,
        11.9956718,
        11.9962700,
        11.9975617,
        11.9986421,
        11.9979912,
        12.0000068,
        12.0026091,
        12.0028245,
        12.0039187,
        12.0099420,
        12.0139749,
        12.0154298,
        12.0172365,
        12.0153669,
        12.0156682,
        12.0229065,
        12.0294902,
        12.0296208,
        12.0304070,
        12.0315305,
        12.0416458,
        12.0418656,
        12.0418820,
        12.0415722,
        12.0408369,
        12.0395025,
        12.0378118,
        12.0363618,
        12.0347369,
        12.0319774,
        12.0309426,
        12.0296291,
        12.0283388,
        12.0278410,
        12.0272074,
        12.0268069,
        12.0265933,
        12.0262099,
        12.0260635,
        12.0256046,
        12.0250720,
        12.0240218,
        12.0228374,
        12.0207692,
        12.0183733,
        12.0161206,
        12.0143893,
        12.0143322,
        12.0143128,
        12.0139996,
        12.0133658,
        12.0129029,
        12.0115682,
        12.0114313,
        12.0110457,
        12.0114141,
        12.0131952,
        12.0137767,
        12.0141876,
        12.0146587,
        12.0150257
      ]
    }
  ]
}