{
  "numberOfPolygons": 1,
  "box": {
    "min": {
      "x": 52.1846092,
      "y": 11.0752018
    },
    "max": {
      "x": 52.2385206,
      "y": 11.2347548
    },
    "center": {
      "x": 52.2115649,
      "y": 11.1549783
    }
  },
  "polygons": [
    {
      "numberOfPoints": 430,
      "box": {
        "min": {
          "x": 52.1846092,
          "y": 11.0752018
        },
        "max": {
          "x": 52.2385206,
          "y": 11.2347548
        },
        "center": {
          "x": 52.2115649,
          "y": 11.1549783
        }
      },
      "pointsx": [
        52.2006522,
        52.2011367,
        52.2012981,
        52.2013318,
        52.2015431,
        52.2015663,
        52.2016766,
        52.2018041,
        52.2019266,
        52.2020375,
        52.2021971,
        52.2043933,
        52.2045785,
        52.2045445,
        52.2044573,
        52.2043576,
        52.2043359,
        52.2043189,
        52.2043098,
        52.2043098,
        52.2043254,
        52.2043466,
        52.2043466,
        52.2043531,
        52.2043723,
        52.2044149,
        52.2044937,
        52.2045423,
        52.2045929,
        52.2046096,
        52.2046096,
        52.2045714,
        52.2044509,
        52.2044252,
        52.2044146,
        52.2043815,
        52.2041481,
        52.2040820,
        52.2040326,
        52.2040383,
        52.2039875,
        52.2039741,
        52.2039543,
        52.2039420,
        52.2038615,
        52.2037506,
        52.2036114,
        52.2035283,
        52.2034315,
        52.2033371,
        52.2032247,
        52.2022692,
        52.2020508,
        52.2019365,
        52.2018766,
        52.2016518,
        52.2015437,
        52.2014713,
        52.2008315,
        52.2007063,
        52.2004605,
        52.1994410,
        52.1991504,
        52.1982266,
        52.1980020,
        52.1978747,
        52.1977743,
        52.1976324,
        52.1973621,
        52.1972034,
        52.1966421,
        52.1959443,
        52.1955321,
        52.1947014,
        52.1945865,
        52.1944776,
        52.1942776,
        52.1940575,
        52.1940066,
        52.1939566,
        52.1939310,
        52.1939362,
        52.1939501,
        52.1939231,
        52.1940317,
        52.1943331,
        52.1944856,
        52.1946504,
        52.1948368,
        52.1952115,
        52.1955737,
        52.1956649,
        52.1961771,
        52.1966341,
        52.1967310,
        52.1968004,
        52.1968772,
        52.1969240,
        52.1969829,
        52.1970731,
        52.1971944,
        52.1972414,
        52.1973659,
        52.1973020,
        52.1972498,
        52.1973347,
        52.1974266,
        52.1974267,
        52.1974266,
        52.1972256,
        52.1972169,
        52.1973105,
        52.1974058,
        52.1975364,
        52.1972802,
        52.1970259,
        52.1966921,
        52.1960984,
        52.1952027,
        52.1949890,
        52.1946737,
        52.1943888,
        52.1940929,
        52.1938404,
        52.1935038,
        52.1932995,
        52.1931522,
        52.1930137,
        52.1929525,
        52.1928553,
        52.1927910,
        52.1927137,
        52.1926907,
        52.1926616,
        52.1926575,
        52.1926608,
        52.1927098,
        52.1929574,
        52.1930799,
        52.1931874,
        52.1932893,
        52.1932409,
        52.1931710,
        52.1930428,
        52.1928718,
        52.1926347,
        52.1922679,
        52.1919801,
        52.1918254,
        52.1913465,
        52.1899944,
        52.1888450,
        52.1874530,
        52.1860859,
        52.1853297,
        52.1846092,
        52.1870100,
        52.1897364,
        52.1903823,
        52.1917511,
        52.1932188,
        52.1960586,
        52.1962274,
        52.1973476,
        52.1976794,
        52.2014778,
        52.2067615,
        52.2061666,
        52.2053083,
        52.2053917,
        52.2045823,
        52.2039849,
        52.2039504,
        52.2038826,
        52.2038325,
        52.2037220,
        52.2034494,
        52.2034167,
        52.2035829,
        52.2040641,
        52.2042399,
        52.2046394,
        52.2046620,
        52.2046060,
        52.2046375,
        52.2045027,
        52.2047180,
        52.2052045,
        52.2102842,
        52.2107333,
        52.2111627,
        52.2118645,
        52.2124029,
        52.2133734,
        52.2139365,
        52.2145989,
        52.2150084,
        52.2151014,
        52.2152136,
        52.2152009,
        52.2153200,
        52.2154222,
        52.2157345,
        52.2157796,
        52.2158490,
        52.2159615,
        52.2161979,
        52.2163948,
        52.2165793,
        52.2167569,
        52.2170195,
        52.2172548,
        52.2173684,
        52.2173684,
        52.2173161,
        52.2172939,
        52.2187574,
        52.2191617,
        52.2195315,
        52.2196067,
        52.2211912,
        52.2211076,
        52.2219207,
        52.2221255,
        52.2220688,
        52.2224837,
        52.2230126,
        52.2231688,
        52.2231416,
        52.2232185,
        52.2232307,
        52.2231059,
        52.2273554,
        52.2275713,
        52.2276364,
        52.2286365,
        52.2297649,
        52.2299098,
        52.2303092,
        52.2307443,
        52.2315034,
        52.2319257,
        52.2323232,
        52.2330861,
        52.2347540,
        52.2354095,
        52.2355415,
        52.2358089,
        52.2359483,
        52.2350870,
        52.2333884,
        52.2341739,
        52.2345496,
        52.2347754,
        52.2350514,
        52.2352544,
        52.2354077,
        52.2357347,
        52.2362402,
        52.2363536,
        52.2365683,
        52.2368270,
        52.2372424,
        52.2372470,
        52.2372256,
        52.2371458,
        52.2370839,
        52.2370726,
        52.2370053,
        52.2361220,
        52.2350896,
        52.2351489,
        52.2351808,
        52.2352480,
        52.2338040,
        52.2338120,
        52.2338657,
        52.2329701,
        52.2323551,
        52.2316852,
        52.2304881,
        52.2308974,
        52.2310106,
        52.2311113,
        52.2310151,
        52.2293709,
        52.2285877,
        52.2282781,
        52.2277267,
        52.2265731,
        52.2257070,
        52.2257036,
        52.2260085,
        52.2259911,
        52.2259446,
        52.2258976,
        52.2258451,
        52.2273212,
        52.2278216,
        52.2292473,
        52.2293513,
        52.2290894,
        52.2288702,
        52.2279590,
        52.2294260,
        52.2306531,
        52.2323524,
        52.2331928,
        52.2351320,
        52.2354460,
        52.2357692,
        52.2360924,
        52.2364156,
        52.2379245,
        52.2385206,
        52.2369078,
        52.2362877,
        52.2346096,
        52.2333075,
        52.2327996,
        52.2325502,
        52.2319130,
        52.2315990,
        52.2315713,
        52.2313589,
        52.2311557,
        52.2304169,
        52.2247552,
        52.2247459,
        52.2223001,
        52.2222058,
        52.2210973,
        52.2210327,
        52.2198173,
        52.2198041,
        52.2196472,
        52.2234805,
        52.2256511,
        52.2280187,
        52.2296905,
        52.2307942,
        52.2314864,
        52.2323941,
        52.2324137,
        52.2349229,
        52.2347352,
        52.2348005,
        52.2343398,
        52.2340659,
        52.2338024,
        52.2349330,
        52.2352783,
        52.2352666,
        52.2344098,
        52.2339867,
        52.2348913,
        52.2348388,
        52.2345790,
        52.2341545,
        52.2333424,
        52.2323580,
        52.2313798,
        52.2301885,
        52.2297407,
        52.2291279,
        52.2285338,
        52.2284458,
        52.2283846,
        52.2283837,
        52.2284428,
        52.2285685,
