{"id":1286647,"name":"Flechtingen","polygon":{"numberOfPoints":271,"box":{"min":{"x":52.2941423,"y":11.1242944},"max":{"x":52.3787065,"y":11.3021395},"center":{"x":52.3364244,"y":11.21321695},"area":{"x":0.0845642,"y":0.1778451}},"pointsx":[52.3007371,52.3006650,52.3004107,52.3003911,52.2996348,52.2998434,52.2995239,52.2994196,52.2990545,52.2981625,52.2979076,52.2973645,52.2971676,52.2973763,52.2970372,52.2969916,52.2970307,52.2967568,52.2965080,52.2970120,52.2972702,52.2974915,52.2973163,52.2976451,52.2971042,52.2965048,52.2944852,52.2947887,52.2947249,52.2948356,52.2946604,52.2949463,52.2952321,52.2955018,52.2947249,52.2945220,52.2943401,52.2941423,52.2951879,52.2975394,52.2978437,52.2986091,52.2992972,52.3011172,52.3008959,52.3015967,52.3025039,52.3025095,52.3037635,52.3039940,52.3042983,52.3035422,52.3027718,52.3025649,52.3026294,52.3027032,52.3028616,52.3035204,52.3053329,52.3081857,52.3079601,52.3082730,52.3079015,52.3084205,52.3091009,52.3123996,52.3130683,52.3151682,52.3160851,52.3185608,52.3186616,52.3207902,52.3271857,52.3271820,52.3285756,52.3288728,52.3300898,52.3315157,52.3315028,52.3325981,52.3336092,52.3345230,52.3358905,52.3344621,52.3360201,52.3383855,52.3384957,52.3381133,52.3385841,52.3409849,52.3419698,52.3446330,52.3454299,52.3461945,52.3479528,52.3479850,52.3492483,52.3496954,52.3515002,52.3518248,52.3519439,52.3529517,52.3533823,52.3531716,52.3543415,52.3558495,52.3586811,52.3626978,52.3628673,52.3588875,52.3586995,52.3589083,52.3578258,52.3580602,52.3582932,52.3590497,52.3595178,52.3598341,52.3597076,52.3598169,52.3598811,52.3600572,52.3604137,52.3610037,52.3613655,52.3616588,52.3633977,52.3636213,52.3638334,52.3641259,52.3645527,52.3647771,52.3661386,52.3675302,52.3682968,52.3686966,52.3685869,52.3690994,52.3702148,52.3703292,52.3690708,52.3681123,52.3684923,52.3710732,52.3710889,52.3709567,52.3705264,52.3693198,52.3681146,52.3669083,52.3659833,52.3643609,52.3651221,52.3632221,52.3576398,52.3575356,52.3593692,52.3606934,52.3617193,52.3626261,52.3630658,52.3635832,52.3654129,52.3662030,52.3700348,52.3714367,52.3722656,52.3728872,52.3732240,52.3734312,52.3745578,52.3748909,52.3764485,52.3779377,52.3785906,52.3787065,52.3715726,52.3689360,52.3675769,52.3653690,52.3649928,52.3639421,52.3623488,52.3591472,52.3557051,52.3554853,52.3535054,52.3533740,52.3517897,52.3518028,52.3498507,52.3483484,52.3467731,52.3430854,52.3414025,52.3404116,52.3369922,52.3365156,52.3358237,52.3354850,52.3331610,52.3311710,52.3303477,52.3299902,52.3295961,52.3275024,52.3244569,52.3240939,52.3240809,52.3233403,52.3149297,52.3148633,52.3131548,52.3118523,52.3110672,52.3107154,52.3089488,52.3083882,52.3069801,52.3066314,52.3065824,52.3061261,52.3058718,52.3060383,52.3037945,52.3041572,52.3041833,52.3040775,52.3050308,52.3057421,52.3055589,52.3053372,52.3053351,52.3053361,52.3053227,52.3052816,52.3054613,52.3056950,52.3062695,52.3067135,52.3072541,52.3078686,52.3082377,52.3084809,52.3086795,52.3087314,52.3088728,52.3090567,52.3090970,52.3090190,52.3091699,52.3093490,52.3096159,52.3097960,52.3101693,52.3102259,52.3104186,52.3105512,52.3105654,52.3105075,52.3105936,52.3109378,52.3110462,52.3108920,52.3097552,52.3088883,52.3068784,52.3029832,52.3020099,52.3013368,52.3013870],"pointsy":[11.2291625,11.2278711,11.2277432,11.2255254,11.2233397,11.2228279,11.2220176,11.2202903,11.2196079,11.2143006,11.2143899,11.2105466,11.2092547,11.2090734,11.2074208,11.2063226,11.2055122,11.2040728,11.2039442,11.2008812,11.2003685,11.1981067,11.1962822,11.1943548,11.1940355,11.1934323,11.1885619,11.1879572,11.1866771,11.1846867,11.1845510,11.1810678,11.1788664,11.1787936,11.1756395,11.1738150,11.1734881,11.1710675,11.1702693,11.1697415,11.1676155,11.1667711,11.1651164,11.1607396,11.1594881,11.1580104,11.1573561,11.1545574,11.1544518,11.1510440,11.1474704,11.1453443,11.1436563,11.1426000,11.1415897,11.1389811,11.1381004,11.1380889,11.1372359,11.1362118,11.1327685,11.1320008,11.1293459,11.1291558,11.1357646,11.1346564,11.1324085,11.1310285,11.1341484,11.1332485,11.1336534,11.1332974,11.1343795,11.1377096,11.1371157,11.1378898,11.1365610,11.1359565,11.1355004,11.1348322,11.1345246,11.1339837,11.1336761,11.1278916,11.1274290,11.1271532,11.1294866,11.1295396,11.1355225,11.1361088,11.1377315,11.1359285,11.1387179,11.1382088,11.1375398,11.1365507,11.1361477,11.1355431,11.1338723,11.1339549,11.1345849,11.1340899,11.1339849,11.1327699,11.1317598,11.1261366,11.1242944,11.1287487,11.1290493,11.1344353,11.1349741,11.1370741,11.1378279,11.1389602,11.1385572,11.1393759,11.1399794,11.1406542,11.1416800,11.1417748,11.1418889,11.1420974,11.1427808,11.1437012,11.1442034,11.1448757,11.1486918,11.1500325,11.1509929,11.1518419,11.1511165,11.1515938,11.1545761,11.1576084,11.1592431,11.1600979,11.1612771,11.1614172,11.1650167,11.1683390,11.1681699,11.1677313,11.1716516,11.1715009,11.1739557,11.1758133,11.1760995,11.1764609,11.1769342,11.1761243,11.1756143,11.1756924,11.1879601,11.1989970,11.2059031,11.2203514,11.2212903,11.2214934,11.2215984,11.2215084,11.2217034,11.2214726,11.2225900,11.2235021,11.2256599,11.2260937,11.2260300,11.2301241,11.2315877,11.2332423,11.2360424,11.2364005,11.2404546,11.2455032,11.2481527,11.2487484,11.2545970,11.2594129,11.2618809,11.2634851,11.2641853,11.2636536,11.2639017,11.2648719,11.2669800,11.2675499,11.2687487,11.2683097,11.2691795,11.2697111,11.2708185,11.2731044,11.2747101,11.2784133,11.2810542,11.2821048,11.2861680,11.2869930,11.2901426,11.2916562,11.2958277,11.2977661,11.2995681,11.2993731,11.3003931,11.3015090,11.3021395,11.2986182,11.2951817,11.2925481,11.2985296,11.2969475,11.2943620,11.2938259,11.2928752,11.2924741,11.2911734,11.2903950,11.2893395,11.2888346,11.2887637,11.2881453,11.2872710,11.2868650,11.2850600,11.2820678,11.2796049,11.2785739,11.2773658,11.2761274,11.2742631,11.2734208,11.2721847,11.2715996,11.2708816,11.2701008,11.2684227,11.2681602,11.2665413,11.2652299,11.2640962,11.2630862,11.2625178,11.2616628,11.2606649,11.2600018,11.2593000,11.2583361,11.2572511,11.2560922,11.2551591,11.2543803,11.2533917,11.2530057,11.2506172,11.2494297,11.2486195,11.2476870,11.2467616,11.2451370,11.2434574,11.2422005,11.2420154,11.2412290,11.2411984,11.2401711,11.2376272,11.2327593,11.2310323,11.2303236,11.2298902]}}