{
  "numberOfPolygons": 1,
  "box": {
    "min": {
      "x": 53.1894900,
      "y": 12.0556158
    },
    "max": {
      "x": 53.2831871,
      "y": 12.1613643
    },
    "center": {
      "x": 53.23633855,
      "y": 12.10849005
    }
  },
  "polygons": [
    {
      "numberOfPoints": 56,
      "box": {
        "min": {
          "x": 53.1894900,
          "y": 12.0556158
        },
        "max": {
          "x": 53.2831871,
          "y": 12.1613643
        },
        "center": {
          "x": 53.23633855,
          "y": 12.10849005
        }
      },
      "pointsx": [
        53.1894900,
        53.2031098,
        53.2138817,
        53.2202879,
        53.2233514,
        53.2291064,
        53.2334686,
        53.2449752,
        53.2490574,
        53.2497068,
        53.2590758,
        53.2659389,
        53.2696482,
        53.2741917,
        53.2752116,
        53.2812378,
        53.2827050,
        53.2808691,
        53.2819246,
        53.2826679,
        53.2799981,
        53.2811847,
        53.2827421,
        53.2831871,
        53.2816297,
        53.2801464,
        53.2799981,
        53.2771797,
        53.2725809,
        53.2704297,
        53.2701329,
        53.2657560,
        53.2656076,
        53.2608591,
        53.2544776,
        53.2500248,
        53.2463880,
        53.2453488,
        53.2431963,
        53.2398558,
        53.2374060,
        53.2334610,
        53.2290060,
        53.2253674,
        53.2209116,
        53.2138242,
        53.2111285,
        53.2064397,
        53.2036577,
        53.2009274,
        53.1981751,
        53.1952403,
        53.1942727,
        53.1939733,
        53.1924084,
        53.1897616
      ],
      "pointsy": [
        12.0863301,
        12.0886420,
        12.0691054,
        12.0687953,
        12.0556158,
        12.0630583,
        12.0791838,
        12.0788737,
        12.0875566,
        12.1016664,
        12.1047674,
        12.1036821,
        12.1108145,
        12.1117448,
        12.1207378,
        12.1283354,
        12.1291914,
        12.1325452,
        12.1348388,
        12.1389128,
        12.1478438,
        12.1499525,
        12.1500765,
        12.1540459,
        12.1576431,
        12.1588835,
        12.1613643,
        12.1599999,
        12.1545420,
        12.1490842,
        12.1452389,
        12.1446187,
        12.1464793,
        12.1470995,
        12.1437504,
        12.1418898,
        12.1390368,
        12.1451149,
        12.1475957,
        12.1489601,
        12.1542940,
        12.1491918,
        12.1390204,
        12.1418733,
        12.1429897,
        12.1320682,
        12.1273235,
        12.1184952,
        12.1134338,
        12.1073409,
        12.1022665,
        12.0986211,
        12.0961592,
        12.0946830,
        12.0919709,
        12.0885273
      ]
    }
  ]
}