{
  "id": 1289806,
  "name": "Rühstädt",
  "polygon": {
    "numberOfPoints": 89,
    "box": {
      "min": {
        "x": 52.8916775,
        "y": 11.8232884
      },
      "max": {
        "x": 52.9549904,
        "y": 11.9399990
      },
      "center": {
        "x": 52.92333395,
        "y": 11.8816437
      },
      "area": {
        "x": 0.0633129,
        "y": 0.1167106
      }
    },
    "pointsx": [
      52.9086275,
      52.9077535,
      52.9062770,
      52.9044411,
      52.9013836,
      52.8999402,
      52.8991014,
      52.8981268,
      52.8968497,
      52.8956477,
      52.8945675,
      52.8941734,
      52.8935778,
      52.8929528,
      52.8927851,
      52.8925522,
      52.8922069,
      52.8919920,
      52.8918091,
      52.8917281,
      52.8917283,
      52.8916775,
      52.8955689,
      52.8962432,
      52.8947720,
      52.9070307,
      52.9085015,
      52.9106157,
      52.9120558,
      52.9134039,
      52.9149358,
      52.9134652,
      52.9210627,
      52.9231457,
      52.9253817,
      52.9275870,
      52.9292481,
      52.9305272,
      52.9357945,
      52.9359134,
      52.9402958,
      52.9434532,
      52.9446800,
      52.9448806,
      52.9450260,
      52.9531232,
      52.9549904,
      52.9517658,
      52.9513204,
      52.9492566,
      52.9470423,
      52.9459520,
      52.9444042,
      52.9431667,
      52.9419784,
      52.9400069,
      52.9387193,
      52.9377129,
      52.9369350,
      52.9351003,
      52.9335823,
      52.9328194,
      52.9322394,
      52.9294587,
      52.9282792,
      52.9269956,
      52.9245222,
      52.9225915,
      52.9212496,
      52.9196318,
      52.9184299,
      52.9175171,
      52.9162252,
      52.9153062,
      52.9139175,
      52.9123722,
      52.9107698,
      52.9101449,
      52.9096980,
      52.9091386,
      52.9090368,
      52.9091317,
      52.9094198,
      52.9095000,
      52.9098140,
      52.9097219,
      52.9095430,
      52.9093322,
      52.9090350
    ],
    "pointsy": [
      11.8730841,
      11.8754084,
      11.8776425,
      11.8796159,
      11.8825546,
      11.8839485,
      11.8849219,
      11.8861521,
      11.8884312,
      11.8910170,
      11.8937445,
      11.8949539,
      11.8969227,
      11.9000497,
      11.9010204,
      11.9027037,
      11.9056270,
      11.9082773,
      11.9110735,
      11.9144489,
      11.9173531,
      11.9217708,
      11.9257221,
      11.9296851,
      11.9349691,
      11.9399990,
      11.9382716,
      11.9381192,
      11.9364933,
      11.9371538,
      11.9324795,
      11.9300408,
      11.9142396,
      11.9140872,
      11.9129186,
      11.9144428,
      11.9147312,
      11.9097685,
      11.9009280,
      11.8996908,
      11.8924940,
      11.8858504,
      11.8835881,
      11.8832182,
      11.8796712,
      11.8585545,
      11.8559633,
      11.8473991,
      11.8462163,
      11.8483001,
      11.8489799,
      11.8491490,
      11.8490430,
      11.8487035,
      11.8480742,
      11.8467207,
      11.8452200,
      11.8437550,
      11.8422752,
      11.8392749,
      11.8351214,
      11.8338536,
      11.8331097,
      11.8293164,
      11.8282306,
      11.8265712,
      11.8249261,
      11.8237353,
      11.8232884,
      11.8235114,
      11.8240634,
      11.8244824,
      11.8250753,
      11.8259412,
      11.8271910,
      11.8293183,
      11.8324062,
      11.8344899,
      11.8364236,
      11.8408880,
      11.8446935,
      11.8491203,
      11.8563639,
      11.8612623,
      11.8656313,
      11.8681595,
      11.8694201,
      11.8703649,
      11.8715259
    ]
  }
}