{
  "id": 1302381,
  "name": "Vielitzsee",
  "polygon": {
    "numberOfPoints": 155,
    "box": {
      "min": {
        "x": 52.9093197,
        "y": 12.9834619
      },
      "max": {
        "x": 52.9706051,
        "y": 13.0578059
      },
      "center": {
        "x": 52.9399624,
        "y": 13.0206339
      },
      "area": {
        "x": 0.0612854,
        "y": 0.0743440
      }
    },
    "pointsx": [
      52.9555492,
      52.9560004,
      52.9566467,
      52.9579006,
      52.9603338,
      52.9637492,
      52.9648116,
      52.9659864,
      52.9692256,
      52.9697600,
      52.9701276,
      52.9701037,
      52.9704261,
      52.9705941,
      52.9706051,
      52.9703744,
      52.9698427,
      52.9689122,
      52.9679022,
      52.9675642,
      52.9668999,
      52.9662271,
      52.9655644,
      52.9655391,
      52.9655665,
      52.9659602,
      52.9664772,
      52.9666122,
      52.9668066,
      52.9668819,
      52.9670087,
      52.9672070,
      52.9672306,
      52.9672569,
      52.9674328,
      52.9672862,
      52.9670458,
      52.9667998,
      52.9665937,
      52.9665547,
      52.9662445,
      52.9661195,
      52.9660355,
      52.9660097,
      52.9659344,
      52.9658568,
      52.9662445,
      52.9669166,
      52.9675879,
      52.9654575,
      52.9637986,
      52.9628251,
      52.9619269,
      52.9603314,
      52.9608869,
      52.9613833,
      52.9610760,
      52.9599769,
      52.9595751,
      52.9596814,
      52.9584523,
      52.9579440,
      52.9571758,
      52.9569541,
      52.9567603,
      52.9566675,
      52.9565073,
      52.9555923,
      52.9551599,
      52.9550890,
      52.9548762,
      52.9539779,
      52.9533514,
      52.9529377,
      52.9527013,
      52.9523821,
      52.9518952,
      52.9519645,
      52.9520039,
      52.9523436,
      52.9529495,
      52.9531755,
      52.9533987,
      52.9533661,
      52.9532941,
      52.9539672,
      52.9544660,
      52.9544228,
      52.9533964,
      52.9519963,
      52.9503688,
      52.9470195,
      52.9439589,
      52.9409500,
      52.9393345,
      52.9387449,
      52.9378261,
      52.9366086,
      52.9353415,
      52.9335533,
      52.9334001,
      52.9330785,
      52.9319374,
      52.9286609,
      52.9276702,
      52.9248165,
      52.9217899,
      52.9215682,
      52.9205965,
      52.9202496,
      52.9194530,
      52.9191892,
      52.9184470,
      52.9183092,
      52.9141690,
      52.9134419,
      52.9093197,
      52.9100841,
      52.9115391,
      52.9118650,
      52.9125470,
      52.9131839,
      52.9140889,
      52.9157384,
      52.9166907,
      52.9167832,
      52.9170773,
      52.9173165,
      52.9190375,
      52.9209938,
      52.9212518,
      52.9214660,
      52.9292184,
      52.9337228,
      52.9351576,
      52.9368164,
      52.9385182,
      52.9407610,
      52.9419128,
      52.9424618,
      52.9440144,
      52.9446518,
      52.9454593,
      52.9461116,
      52.9469811,
      52.9475901,
      52.9482552,
      52.9489276,
      52.9494493,
      52.9496923,
      52.9504579,
      52.9515663,
      52.9522062,
      52.9529431,
      52.9539127
    ],
    "pointsy": [
      13.0578059,
      13.0566837,
      13.0555249,
      13.0541517,
      13.0540862,
      13.0544306,
      13.0540369,
      13.0532826,
      13.0514630,
      13.0514265,
      13.0508601,
      13.0500886,
      13.0480781,
      13.0450118,
      13.0421289,
      13.0391249,
      13.0371540,
      13.0347410,
      13.0325295,
      13.0329877,
      13.0325608,
      13.0317445,
      13.0307306,
      13.0302488,
      13.0289491,
      13.0272465,
      13.0261736,
      13.0254930,
      13.0237536,
      13.0228007,
      13.0216763,
      13.0213410,
      13.0213011,
      13.0212566,
      13.0206609,
      13.0200184,
      13.0194788,
      13.0188716,
      13.0182997,
      13.0181914,
      13.0177193,
      13.0174167,
      13.0170975,
      13.0169932,
      13.0166893,
      13.0148010,
      13.0127411,
      13.0115824,
      13.0111059,
      13.0017787,
      12.9968081,
      12.9955690,
      12.9940191,
      12.9906052,
      12.9897223,
      12.9867597,
      12.9861907,
      12.9870147,
      12.9887217,
      12.9890356,
      12.9900362,
      12.9903305,
      12.9910565,
      12.9916674,
      12.9924356,
      12.9930455,
      12.9934261,
      12.9931146,
      12.9934261,
      12.9941128,
      12.9948191,
      12.9954273,
      12.9949565,
      12.9951919,
      12.9964476,
      12.9965457,
      12.9958953,
      12.9941722,
      12.9931907,
      12.9925139,
      12.9913071,
      12.9905469,
      12.9897964,
      12.9891827,
      12.9878266,
      12.9870796,
      12.9858236,
      12.9834619,
      12.9836773,
      12.9854821,
      12.9862648,
      12.9885220,
      12.9912054,
      12.9934287,
      12.9942926,
      12.9944451,
      12.9949279,
      12.9953853,
      12.9955497,
      12.9959062,
      12.9957664,
      12.9960078,
      12.9961476,
      12.9974483,
      12.9981154,
      13.0011686,
      13.0039723,
      13.0031191,
      13.0034111,
      13.0024190,
      13.0016615,
      13.0053027,
      13.0102528,
      13.0109361,
      13.0199257,
      13.0237988,
      13.0256067,
      13.0282799,
      13.0313378,
      13.0325504,
      13.0357014,
      13.0374781,
      13.0396238,
      13.0430690,
      13.0447239,
      13.0448793,
      13.0459301,
      13.0464072,
      13.0465300,
      13.0474871,
      13.0474243,
      13.0473734,
      13.0498260,
      13.0514555,
      13.0517374,
      13.0517954,
      13.0517763,
      13.0513813,
      13.0510654,
      13.0509164,
      13.0496799,
      13.0495619,
      13.0493773,
      13.0492711,
      13.0494814,
      13.0498805,
      13.0506362,
      13.0519973,
      13.0543437,
      13.0548630,
      13.0550686,
      13.0555464,
      13.0558565,
      13.0560496,
      13.0566719
    ]
  }
}