{"id":1307609,"name":"Schmölln-Putzkau","polygon":{"numberOfPoints":299,"box":{"min":{"x":51.0600592,"y":14.1696808},"max":{"x":51.1357890,"y":14.2805866},"center":{"x":51.0979241,"y":14.2251337},"area":{"x":0.0757298,"y":0.1109058}},"pointsx":[51.1357890,51.1355268,51.1355212,51.1354002,51.1339785,51.1337145,51.1334567,51.1330649,51.1329343,51.1325343,51.1322976,51.1319548,51.1315755,51.1316901,51.1322637,51.1324270,51.1321016,51.1320526,51.1316118,51.1309915,51.1298636,51.1297098,51.1296138,51.1294071,51.1293609,51.1295110,51.1295802,51.1300540,51.1302500,51.1304936,51.1307677,51.1303395,51.1303150,51.1309436,51.1305109,51.1301109,51.1294824,51.1292610,51.1286243,51.1281345,51.1280692,51.1284400,51.1275304,51.1272456,51.1268211,51.1261598,51.1257832,51.1240522,51.1238949,51.1234643,51.1227850,51.1220313,51.1213272,51.1200411,51.1186587,51.1181525,51.1176182,51.1147484,51.1132536,51.1135882,51.1130630,51.1126406,51.1122094,51.1101947,51.1098924,51.1095322,51.1091813,51.1071633,51.1055344,51.1039513,51.1019754,51.1004369,51.0990183,51.0975896,51.0974370,51.0972371,51.0965423,51.0961849,51.0961600,51.0952684,51.0950518,51.0949331,51.0947082,51.0944355,51.0940484,51.0927422,51.0923950,51.0919765,51.0917055,51.0912088,51.0910083,51.0911439,51.0902246,51.0898931,51.0894564,51.0892412,51.0887862,51.0886572,51.0887055,51.0889617,51.0889978,51.0887896,51.0883442,51.0880667,51.0860500,51.0847815,51.0843331,51.0833261,51.0819138,51.0809334,51.0795906,51.0767945,51.0753029,51.0744785,51.0741797,51.0738923,51.0678557,51.0660679,51.0633140,51.0600592,51.0629819,51.0658046,51.0673834,51.0697951,51.0711490,51.0741936,51.0760053,51.0771492,51.0777251,51.0775771,51.0786639,51.0787859,51.0790338,51.0793551,51.0796057,51.0799607,51.0802397,51.0810066,51.0813645,51.0827004,51.0837142,51.0837112,51.0834547,51.0840563,51.0842649,51.0847396,51.0847685,51.0862278,51.0850804,51.0855801,51.0855124,51.0858657,51.0860597,51.0866751,51.0869409,51.0869409,51.0877005,51.0845201,51.0837929,51.0820805,51.0827757,51.0831224,51.0841740,51.0843962,51.0847802,51.0850989,51.0854525,51.0867004,51.0880084,51.0886287,51.0892009,51.0898017,51.0899866,51.0907960,51.0922628,51.0916966,51.0913154,51.0915318,51.0923454,51.0927018,51.0930432,51.0938417,51.0941289,51.0953857,51.0958394,51.0956635,51.0952877,51.0950153,51.0964095,51.0962958,51.0957008,51.0956453,51.0976763,51.0986773,51.0994451,51.0999910,51.1010231,51.1037500,51.1051931,51.1049043,51.1058630,51.1067755,51.1075556,51.1081844,51.1092890,51.1097131,51.1100279,51.1101376,51.1103477,51.1103396,51.1104367,51.1104245,51.1105102,51.1104835,51.1101101,51.1097140,51.1097671,51.1098773,51.1098610,51.1097752,51.1095629,51.1094405,51.1090969,51.1089410,51.1088573,51.1089699,51.1089352,51.1088082,51.1086205,51.1086666,51.1085626,51.1084154,51.1083288,51.1082392,51.1081440,51.1080949,51.1079014,51.1078408,51.1080198,51.1082970,51.1086112,51.1083167,51.1081897,51.1082878,51.1083514,51.1082416,51.1077392,51.1078605,51.1080106,51.1080684,51.1080049,51.1079182,51.1076926,51.1074610,51.1072457,51.1067837,51.1066740,51.1067375,51.1067375,51.1065758,51.1063274,51.1063254,51.1064646,51.1068158,51.1085145,51.1095022,51.1103760,51.1115520,51.1116368,51.1131785,51.1143406,51.1191092,51.1191382,51.1197343,51.1206896,51.1210304,51.1211320,51.1214096,51.1216545,51.1221444,51.1230179,51.1242442,51.1247655,51.1251831,51.1262118,51.1266778,51.1269497,51.1267047,51.1273578,51.1292884,51.1302302,51.1307081,51.1314020,51.1317122,51.1325856,51.1327733,51.1331407,51.1334345,51.1341887],"pointsy":[14.2192284,14.2203682,14.2219314,14.2227938,14.2247411,14.2247421,14.2249081,14.2254284,14.2258706,14.2265731,14.2276527,14.2285113,14.2317133,14.2375299,14.2397118,14.2411297,14.2413068,14.2416840,14.2426206,14.2444287,14.2458373,14.2466141,14.2479821,14.2487003,14.2521036,14.2532625,14.2546790,14.2553584,14.2559697,14.2559603,14.2576719,14.2587659,14.2590781,14.2590911,14.2601838,14.2622911,14.2642683,14.2655952,14.2679236,14.2710325,14.2722423,14.2729177,14.2731918,14.2729006,14.2727315,14.2728095,14.2735612,14.2748996,14.2754538,14.2759389,14.2763247,14.2762455,14.2767726,14.2770772,14.2778681,14.2778558,14.2781640,14.2776465,14.2780662,14.2799523,14.2800324,14.2799928,14.2805046,14.2805866,14.2785018,14.2761714,14.2709845,14.2719429,14.2720800,14.2710731,14.2708909,14.2699704,14.2698205,14.2685426,14.2681967,14.2674351,14.2667595,14.2665359,14.2666441,14.2667983,14.2667668,14.2667904,14.2668060,14.2667502,14.2666137,14.2663227,14.2663604,14.2664522,14.2663858,14.2665385,14.2673031,14.2685949,14.2692866,14.2695146,14.2696903,14.2699319,14.2697123,14.2693572,14.2690166,14.2680345,14.2678113,14.2662813,14.2662912,14.2663499,14.2662663,14.2662516,14.2661148,14.2656288,14.2673183,14.2695168,14.2716826,14.2740150,14.2753056,14.2766351,14.2774716,14.2784635,14.2737429,14.2708934,14.2641489,14.2519688,14.2516728,14.2530525,14.2502609,14.2501188,14.2479931,14.2463383,14.2346759,14.2363147,14.2354588,14.2342190,14.2310074,14.2281008,14.2221117,14.2217770,14.2214968,14.2211158,14.2207729,14.2207959,14.2208069,14.2187801,14.2158265,14.2146937,14.2130675,14.2111510,14.2114481,14.2089968,14.2074883,14.2044411,14.2029369,14.2016135,14.2007803,14.1997297,14.1996137,14.1955662,14.1945176,14.1928987,14.1862718,14.1834287,14.1823620,14.1814984,14.1779803,14.1767845,14.1775204,14.1768534,14.1748892,14.1749022,14.1746497,14.1758648,14.1776878,14.1780111,14.1781440,14.1784935,14.1761940,14.1729195,14.1738209,14.1755134,14.1785487,14.1790696,14.1791043,14.1761388,14.1751802,14.1733065,14.1696808,14.1709911,14.1718677,14.1729423,14.1738789,14.1760536,14.1764044,14.1774340,14.1789608,14.1806178,14.1802394,14.1801676,14.1802587,14.1800950,14.1790162,14.1780398,14.1778388,14.1794393,14.1805430,14.1785563,14.1793398,14.1803202,14.1825136,14.1841001,14.1857744,14.1899273,14.1912372,14.1918486,14.1926027,14.1930710,14.1932141,14.1934139,14.1934222,14.1939945,14.1944628,14.1946254,14.1947555,14.1948921,14.1948921,14.1947307,14.1954252,14.1952964,14.1954252,14.1957057,14.1959725,14.1962530,14.1969889,14.1971686,14.1972330,14.1969709,14.1970122,14.1972100,14.1976561,14.1980378,14.1981528,14.1983000,14.1988059,14.1992841,14.2001315,14.2003983,14.2008582,14.2010697,14.2013733,14.2019711,14.2029277,14.2032864,14.2043166,14.2048593,14.2051628,14.2053744,14.2056053,14.2053681,14.2055310,14.2056782,14.2057928,14.2062987,14.2066942,14.2073706,14.2085204,14.2095680,14.2099078,14.2100769,14.2111046,14.2118147,14.2126082,14.2138570,14.2141931,14.2156243,14.2168592,14.2214363,14.2203998,14.2198274,14.2197494,14.2200128,14.2206095,14.2213510,14.2215461,14.2213380,14.2195042,14.2184215,14.2176462,14.2174589,14.2160411,14.2150008,14.2131972,14.2114801,14.2105956,14.2116656,14.2118184,14.2120073,14.2127878,14.2132561,14.2160528,14.2176008,14.2192788,14.2200593,14.2206127]}}