{"id":1307666,"name":"Schönteichen","polygon":{"numberOfPoints":127,"box":{"min":{"x":51.2583310,"y":13.9938146},"max":{"x":51.3433251,"y":14.1194418},"center":{"x":51.30082805,"y":14.0566282},"area":{"x":0.0849941,"y":0.1256272}},"pointsx":[51.3397489,51.3415673,51.3433251,51.3373848,51.3411430,51.3407565,51.3401577,51.3402263,51.3404971,51.3411342,51.3413745,51.3400737,51.3403637,51.3415806,51.3430187,51.3425800,51.3410426,51.3392231,51.3370601,51.3359501,51.3353588,51.3340618,51.3326046,51.3315365,51.3300677,51.3284198,51.3271343,51.3252842,51.3234073,51.3213817,51.3192340,51.3176509,51.3166209,51.3148967,51.3137180,51.3125507,51.3108340,51.3091289,51.3075801,51.3069621,51.3072444,51.3077250,51.3097392,51.3110896,51.3121386,51.3124553,51.3132678,51.3109294,51.3073360,51.3059207,51.3050586,51.3038531,51.3024646,51.3005000,51.2991115,51.2983218,51.2959453,51.2951556,51.2949573,51.2922336,51.2895098,51.2873431,51.2853480,51.2833873,51.2817431,51.2809230,51.2807436,51.2788860,51.2786239,51.2782285,51.2780861,51.2779830,51.2777459,51.2775323,51.2767364,51.2767895,51.2764809,51.2762893,51.2764365,51.2763282,51.2758685,51.2736921,51.2734765,51.2736305,51.2738597,51.2740136,51.2740357,51.2720267,51.2719866,51.2699294,51.2683065,51.2665246,51.2646080,51.2632632,51.2588628,51.2584504,51.2583310,51.2584953,51.2588892,51.2584813,51.2585120,51.2590307,51.2591078,51.2593829,51.2599455,51.2600036,51.2602772,51.2606685,51.2612044,51.2605501,51.2624409,51.2687191,51.2762937,51.2773586,51.2872398,51.2898059,51.2934583,51.3034140,51.3067859,51.3112897,51.3134250,51.3167839,51.3211427,51.3255958,51.3264485,51.3299537,51.3377212],"pointsy":[14.0473575,14.0497833,14.0501714,14.0718096,14.0767582,14.0860432,14.0877168,14.0909028,14.0935171,14.0958744,14.0993499,14.1003845,14.1024243,14.1036850,14.1038128,14.1060768,14.1088179,14.1092308,14.1093240,14.1100879,14.1114747,14.1125237,14.1129690,14.1125849,14.1133171,14.1140325,14.1147802,14.1160524,14.1181865,14.1194418,14.1189630,14.1179568,14.1164272,14.1142585,14.1118523,14.1091609,14.1067054,14.1039521,14.1018007,14.0988689,14.0960177,14.0926110,14.0916383,14.0891712,14.0849509,14.0809380,14.0784213,14.0782135,14.0778957,14.0771947,14.0759686,14.0744235,14.0728625,14.0724017,14.0708415,14.0676094,14.0685490,14.0704915,14.0762231,14.0768574,14.0771929,14.0772865,14.0776851,14.0769355,14.0776527,14.0752810,14.0700786,14.0716378,14.0731953,14.0738142,14.0743320,14.0745634,14.0748753,14.0744625,14.0737115,14.0735227,14.0719805,14.0713403,14.0672675,14.0651625,14.0607532,14.0584734,14.0583059,14.0513346,14.0485678,14.0432621,14.0396870,14.0400593,14.0403180,14.0407148,14.0411908,14.0410374,14.0417652,14.0427214,14.0456968,14.0451391,14.0432052,14.0393147,14.0327251,14.0272142,14.0243679,14.0188263,14.0151992,14.0129540,14.0105942,14.0075881,14.0056378,14.0040776,14.0013338,13.9938146,13.9938277,13.9976954,14.0032560,14.0028034,14.0083089,14.0021295,13.9988051,13.9962073,14.0052289,13.9978744,14.0029149,14.0084994,14.0156252,14.0271477,14.0365477,14.0429155,14.0441284]}}