{
  "id": 1307711,
  "name": "Oßling",
  "polygon": {
    "numberOfPoints": 154,
    "box": {
      "min": {
        "x": 51.3042632,
        "y": 14.0860432
      },
      "max": {
        "x": 51.3808224,
        "y": 14.2143555
      },
      "center": {
        "x": 51.3425428,
        "y": 14.15019935
      },
      "area": {
        "x": 0.0765592,
        "y": 0.1283123
      }
    },
    "pointsx": [
      51.3407565,
      51.3418132,
      51.3426448,
      51.3422024,
      51.3422825,
      51.3443080,
      51.3461353,
      51.3488743,
      51.3497401,
      51.3503696,
      51.3513538,
      51.3523838,
      51.3523036,
      51.3520252,
      51.3519031,
      51.3531620,
      51.3547794,
      51.3575108,
      51.3612872,
      51.3642818,
      51.3673183,
      51.3690273,
      51.3707630,
      51.3724834,
      51.3745587,
      51.3770840,
      51.3779499,
      51.3775303,
      51.3770725,
      51.3769619,
      51.3772289,
      51.3781673,
      51.3792584,
      51.3800861,
      51.3806507,
      51.3777249,
      51.3753102,
      51.3729374,
      51.3720181,
      51.3716328,
      51.3713238,
      51.3724987,
      51.3736965,
      51.3754551,
      51.3754017,
      51.3718998,
      51.3700115,
      51.3673717,
      51.3642055,
      51.3619510,
      51.3623668,
      51.3631527,
      51.3639423,
      51.3658878,
      51.3676617,
      51.3696720,
      51.3714992,
      51.3733265,
      51.3752911,
      51.3771107,
      51.3790867,
      51.3803417,
      51.3808224,
      51.3806660,
      51.3796070,
      51.3794354,
      51.3764174,
      51.3748913,
      51.3732288,
      51.3704883,
      51.3688979,
      51.3672099,
      51.3657977,
      51.3682769,
      51.3695027,
      51.3694125,
      51.3723526,
      51.3727253,
      51.3736820,
      51.3748701,
      51.3745134,
      51.3728985,
      51.3724473,
      51.3717642,
      51.3702857,
      51.3694672,
      51.3681396,
      51.3662624,
      51.3650766,
      51.3626619,
      51.3626261,
      51.3612135,
      51.3608504,
      51.3602820,
      51.3600006,
      51.3598782,
      51.3598719,
      51.3566858,
      51.3558430,
      51.3551337,
      51.3545836,
      51.3528957,
      51.3518400,
      51.3507402,
      51.3490382,
      51.3479580,
      51.3476739,
      51.3453033,
      51.3419766,
      51.3385803,
      51.3379605,
      51.3345261,
      51.3354517,
      51.3344203,
      51.3324110,
      51.3219845,
      51.3200759,
      51.3205264,
      51.3229917,
      51.3178692,
      51.3166706,
      51.3156145,
      51.3154911,
      51.3144074,
      51.3122434,
      51.3083066,
      51.3042632,
      51.3108252,
      51.3164178,
      51.3227481,
      51.3359335,
      51.3348261,
      51.3313454,
      51.3314509,
      51.3306598,
      51.3307653,
      51.3318728,
      51.3326046,
      51.3340618,
      51.3353588,
      51.3359501,
      51.3370601,
      51.3392231,
      51.3410426,
      51.3425800,
      51.3430187,
      51.3415806,
      51.3403637,
      51.3400737,
      51.3413745,
      51.3411342,
      51.3404971,
      51.3402263,
      51.3401577
    ],
    "pointsy": [
      14.0860432,
      14.0867135,
      14.0888001,
      14.0910785,
      14.0939625,
      14.0927035,
      14.0920044,
      14.0910825,
      14.0920235,
      14.0946835,
      14.0973612,
      14.0988937,
      14.1011895,
      14.1040417,
      14.1074855,
      14.1075989,
      14.1077429,
      14.1068371,
      14.1071745,
      14.1062323,
      14.1070801,
      14.1046408,
      14.1013266,
      14.0986000,
      14.0961941,
      14.0961329,
      14.0970721,
      14.0987652,
      14.1016013,
      14.1047617,
      14.1073912,
      14.1063231,
      14.1061189,
      14.1082217,
      14.1125943,
      14.1137729,
      14.1155718,
      14.1165111,
      14.1170043,
      14.1227290,
      14.1264456,
      14.1288699,
      14.1307037,
      14.1320141,
      14.1334494,
      14.1357257,
      14.1381471,
      14.1413647,
      14.1442458,
      14.1469217,
      14.1504285,
      14.1510761,
      14.1517237,
      14.1527631,
      14.1534985,
      14.1528174,
      14.1521183,
      14.1514069,
      14.1518713,
      14.1514595,
      14.1516388,
      14.1517533,
      14.1535252,
      14.1578463,
      14.1592108,
      14.1653995,
      14.1701249,
      14.1703757,
      14.1709063,
      14.1725218,
      14.1747846,
      14.1762521,
      14.1782026,
      14.1840750,
      14.1876069,
      14.1877344,
      14.1978279,
      14.1993477,
      14.2057059,
      14.2097644,
      14.2112005,
      14.2118178,
      14.2118741,
      14.2121323,
      14.2125851,
      14.2131416,
      14.2133510,
      14.2125372,
      14.2123234,
      14.2111563,
      14.2107965,
      14.2109366,
      14.2107085,
      14.2107239,
      14.2105041,
      14.2101074,
      14.2085238,
      14.2046194,
      14.2033103,
      14.2023663,
      14.2017609,
      14.2000943,
      14.1985318,
      14.2001845,
      14.2022229,
      14.2025880,
      14.2016942,
      14.2037543,
      14.2058639,
      14.2068028,
      14.2056209,
      14.2065215,
      14.2090560,
      14.2117791,
      14.2127918,
      14.2143555,
      14.2090844,
      14.2061930,
      14.2039527,
      14.1907264,
      14.1897240,
      14.1872936,
      14.1854265,
      14.1842779,
      14.1781137,
      14.1766101,
      14.1608958,
      14.1541147,
      14.1504007,
      14.1400186,
      14.1309870,
      14.1277795,
      14.1280327,
      14.1257537,
      14.1222085,
      14.1154559,
      14.1146118,
      14.1129690,
      14.1125237,
      14.1114747,
      14.1100879,
      14.1093240,
      14.1092308,
      14.1088179,
      14.1060768,
      14.1038128,
      14.1036850,
      14.1024243,
      14.1003845,
      14.0993499,
      14.0958744,
      14.0935171,
      14.0909028,
      14.0877168
    ]
  }
}