{
  "numberOfPolygons": 1,
  "box": {
    "min": {
      "x": 51.0831723,
      "y": 14.7211130
    },
    "max": {
      "x": 51.1870190,
      "y": 14.8473599
    },
    "center": {
      "x": 51.13509565,
      "y": 14.78423645
    }
  },
  "polygons": [
    {
      "numberOfPoints": 209,
      "box": {
        "min": {
          "x": 51.0831723,
          "y": 14.7211130
        },
        "max": {
          "x": 51.1870190,
          "y": 14.8473599
        },
        "center": {
          "x": 51.13509565,
          "y": 14.78423645
        }
      },
      "pointsx": [
        51.1771185,
        51.1767179,
        51.1775895,
        51.1779308,
        51.1765875,
        51.1762149,
        51.1774143,
        51.1761992,
        51.1779007,
        51.1870190,
        51.1844348,
        51.1839653,
        51.1850130,
        51.1850456,
        51.1842016,
        51.1834456,
        51.1825260,
        51.1839780,
        51.1840495,
        51.1847987,
        51.1856096,
        51.1854271,
        51.1836190,
        51.1816172,
        51.1813612,
        51.1841588,
        51.1805564,
        51.1792725,
        51.1786933,
        51.1778478,
        51.1760099,
        51.1744484,
        51.1711264,
        51.1698257,
        51.1689827,
        51.1679238,
        51.1655179,
        51.1636086,
        51.1607635,
        51.1570374,
        51.1568413,
        51.1557990,
        51.1538163,
        51.1525946,
        51.1503574,
        51.1498177,
        51.1476780,
        51.1455081,
        51.1453329,
        51.1432230,
        51.1434535,
        51.1413700,
        51.1371665,
        51.1358686,
        51.1351327,
        51.1332140,
        51.1322911,
        51.1305364,
        51.1257109,
        51.1256645,
        51.1250265,
        51.1229065,
        51.1225025,
        51.1210350,
        51.1181466,
        51.1144056,
        51.1138490,
        51.1130470,
        51.1129287,
        51.1129454,
        51.1126741,
        51.1123994,
        51.1117889,
        51.1115474,
        51.1115749,
        51.1091232,
        51.1086765,
        51.1083090,
        51.1067438,
        51.1048438,
        51.1046077,
        51.1041742,
        51.1019567,
        51.1015929,
        51.1015828,
        51.1013475,
        51.0997834,
        51.0979858,
        51.0937548,
        51.0927510,
        51.0909153,
        51.0901413,
        51.0896762,
        51.0864026,
        51.0865711,
        51.0874883,
        51.0863617,
        51.0861406,
        51.0863083,
        51.0844444,
        51.0838789,
        51.0841802,
        51.0842142,
        51.0841446,
        51.0842070,
        51.0848564,
        51.0850527,
        51.0851345,
        51.0853421,
        51.0853405,
        51.0855391,
        51.0873260,
        51.0906923,
        51.0905984,
        51.0903434,
        51.0879338,
        51.0860414,
        51.0844681,
        51.0831723,
        51.0849681,
        51.0870149,
        51.0893257,
        51.0916145,
        51.0966695,
        51.0976650,
        51.0985112,
        51.0997939,
        51.1002186,
        51.1023621,
        51.1049814,
        51.1108600,
        51.1114267,
        51.1129494,
        51.1146447,
        51.1156311,
        51.1170587,
        51.1175867,
        51.1207498,
        51.1222746,
        51.1226577,
        51.1236265,
        51.1239867,
        51.1243222,
        51.1248688,
        51.1254391,
        51.1263028,
        51.1257849,
        51.1267100,
        51.1279884,
        51.1290131,
        51.1305749,
        51.1315815,
        51.1325829,
        51.1337678,
        51.1345049,
        51.1358941,
        51.1365891,
        51.1373036,
        51.1422479,
        51.1431418,
        51.1432873,
        51.1458211,
        51.1465968,
        51.1496294,
        51.1493095,
        51.1493632,
        51.1501507,
        51.1504511,
        51.1509816,
        51.1512448,
        51.1512931,
        51.1513419,
        51.1525113,
        51.1529286,
        51.1527922,
        51.1524153,
        51.1518923,
        51.1506553,
        51.1504738,
        51.1519623,
        51.1517820,
        51.1521455,
        51.1522942,
        51.1533361,
        51.1527283,
        51.1542626,
        51.1547294,
        51.1544443,
        51.1567650,
        51.1568903,
        51.1576930,
        51.1574930,
        51.1583791,
        51.1576663,
        51.1597631,
        51.1613889,
        51.1632277,
        51.1640928,
        51.1657108,
        51.1690200,
        51.1718829,
        51.1677034,
        51.1690492,
        51.1741446,
        51.1772644,
        51.1798339,
        51.1797726,
        51.1752686,
        51.1751596
      ],