{
  "numberOfPolygons": 1,
  "box": {
    "min": {
      "x": 51.0346887,
      "y": 14.5704923
    },
    "max": {
      "x": 51.0677898,
      "y": 14.6374070
    },
    "center": {
      "x": 51.05123925,
      "y": 14.60394965
    }
  },
  "polygons": [
    {
      "numberOfPoints": 172,
      "box": {
        "min": {
          "x": 51.0346887,
          "y": 14.5704923
        },
        "max": {
          "x": 51.0677898,
          "y": 14.6374070
        },
        "center": {
          "x": 51.05123925,
          "y": 14.60394965
        }
      },
      "pointsx": [
        51.0504920,
        51.0490256,
        51.0452281,
        51.0428889,
        51.0427598,
        51.0424048,
        51.0404686,
        51.0386289,
        51.0381751,
        51.0363418,
        51.0360519,
        51.0361531,
        51.0365195,
        51.0369523,
        51.0373237,
        51.0375343,
        51.0375589,
        51.0375597,
        51.0362724,
        51.0356468,
        51.0354042,
        51.0357421,
        51.0355765,
        51.0348189,
        51.0347992,
        51.0349705,
        51.0346887,
        51.0366092,
        51.0385622,
        51.0422195,
        51.0431418,
        51.0447191,
        51.0451045,
        51.0468354,
        51.0487332,
        51.0497211,
        51.0505575,
        51.0528180,
        51.0543304,
        51.0564921,
        51.0592108,
        51.0627676,
        51.0664972,
        51.0677898,
        51.0676320,
        51.0676150,
        51.0673880,
        51.0673690,
        51.0672000,
        51.0671780,
        51.0669860,
        51.0669660,
        51.0667580,
        51.0665200,
        51.0665020,
        51.0664090,
        51.0663060,
        51.0661700,
        51.0660620,
        51.0659710,
        51.0659440,
        51.0658280,
        51.0657050,
        51.0656840,
        51.0656110,
        51.0655280,
        51.0654420,
        51.0654200,
        51.0653510,
        51.0653010,
        51.0652800,
        51.0652740,
        51.0652180,
        51.0651780,
        51.0651580,
        51.0651310,
        51.0651110,
        51.0651110,
        51.0651170,
        51.0651220,
        51.0651220,
        51.0651070,
        51.0651030,
        51.0651050,
        51.0651060,
        51.0651060,
        51.0651120,
        51.0650900,
        51.0650860,
        51.0651070,
        51.0651330,
        51.0651480,
        51.0651560,
        51.0651710,
        51.0652050,
        51.0652060,
        51.0652020,
        51.0652010,
        51.0652020,
        51.0651940,
        51.0651540,
        51.0651140,
        51.0651110,
        51.0650960,
        51.0650590,
        51.0650780,
        51.0650510,
        51.0650330,
        51.0650600,
        51.0651600,
        51.0652490,
        51.0652130,
        51.0651830,
        51.0650950,
        51.0650850,
        51.0650160,
        51.0648880,
        51.0648510,
        51.0648060,
        51.0647160,
        51.0648650,
        51.0649440,
        51.0650140,
        51.0651190,
        51.0651390,
        51.0651950,
        51.0655150,
        51.0657440,
        51.0646610,
        51.0635900,
        51.0629130,
        51.0625480,
        51.0623560,
        51.0621930,
        51.0619730,
        51.0618080,
        51.0611940,
        51.0599380,
        51.0590090,
        51.0595660,
        51.0599240,
        51.0598040,
        51.0593910,
        51.0593290,
        51.0590600,
        51.0588430,
        51.0588840,
        51.0589510,
        51.0594130,
        51.0596410,
        51.0601400,
        51.0604750,
        51.0606440,
        51.0610250,
        51.0609870,
        51.0610380,
        51.0611070,
        51.0602360,
        51.0594540,
        51.0589280,
        51.0582350,
        51.0577810,
        51.0572240,
        51.0564320,
        51.0558460,
        51.0552450,
        51.0548920,
        51.0537910,
        51.0535060,
        51.0516320,
        51.0514634,
        51.0507530
      ],
      "pointsy": [
        14.6374070,
        14.6361818,
        14.6342696,
        14.6331977,
        14.6327709,
        14.6325074,
        14.6286899,
        14.6247298,
        14.6241782,
        14.6192241,
        14.6180296,
        14.6161961,
        14.6122875,
        14.6070476,
        14.6051765,
        14.6047022,
        14.6039003,
        14.6008494,
        14.5988400,
        14.5968107,
        14.5958524,
        14.5957348,
        14.5932528,
        14.5887853,
        14.5883979,
        14.5865140,
        14.5843019,
        14.5800300,
        14.5785925,
        14.5781149,
        14.5765592,
        14.5730236,
        14.5704923,
        14.5731136,
        14.5752054,
        14.5761377,
        14.5782621,
        14.5807784,
        14.5814821,
        14.5844829,
        14.5877618,
        14.5903790,
        14.5918769,
        14.5936830,
        14.5939010,
        14.5939250,
        14.5941780,
        14.5942000,
        14.5943970,
        14.5944170,
        14.5947170,
        14.5947480,
        14.5950190,
        14.5953260,
        14.5953450,
        14.5954420,
        14.5955230,
        14.5957020,
        14.5958760,
        14.5960080,
        14.5960490,
        14.5962140,
        14.5964060,
        14.5964610,
        14.5966590,
        14.5968830,
        14.5971410,
        14.5972100,
        14.5974160,
        14.5977100,
        14.5978090,
        14.5978370,
        14.5981600,
        14.5983520,
        14.5985630,
        14.5988370,
        14.5990320,
        14.5991000,
        14.5992090,
        14.5994430,
        14.5994880,
        14.5997390,
        14.5998210,
        14.6000210,
        14.6002560,
        14.6003260,
        14.6005080,
        14.6007340,
        14.6010170,
        14.6012290,
        14.6014950,
        14.6016310,
        14.6017760,
        14.6021020,
        14.6024090,
        14.6027180,
        14.6030240,
        14.6032340,
        14.6035640,
        14.6036370,
        14.6040410,
        14.6043560,
        14.6043890,
        14.6045890,
        14.6047460,
        14.6048230,
        14.6051600,
        14.6053820,
        14.6054860,
        14.6056000,
        14.6056550,
        14.6058410,
        14.6061100,
        14.6064710,
        14.6066690,
        14.6069580,
        14.6072770,
        14.6074060,
        14.6075430,
        14.6078080,
        14.6080610,
        14.6081950,
        14.6083180,
        14.6085220,
        14.6085680,
        14.6086650,
        14.6092240,
        14.6096300,
        14.6104210,
        14.6110730,
        14.6117600,
        14.6122710,
        14.6126980,
        14.6136460,
        14.6144050,
        14.6146920,
        14.6154500,
        14.6174210,
        14.6191860,
        14.6198380,
        14.6210190,
        14.6218520,
        14.6228110,
        14.6230530,
        14.6233510,
        14.6237190,
        14.6239650,
        14.6240780,
        14.6244540,
        14.6248920,
        14.6253710,
        14.6258960,
        14.6260430,
        14.6266060,
        14.6271010,
        14.6280010,
        14.6282860,
        14.6290380,
        14.6294400,
        14.6295170,
        14.6294270,
        14.6295110,
        14.6296740,
        14.6300320,
        14.6303960,
        14.6306320,
        14.6308450,
        14.6316930,
        14.6320530,
        14.6351240,
        14.6354788,
        14.6369740
      ]
    }
  ]
}