{
  "numberOfPolygons": 1,
  "box": {
    "min": {
      "x": 51.4563049,
      "y": 13.6304967
    },
    "max": {
      "x": 51.5541428,
      "y": 13.8721903
    },
    "center": {
      "x": 51.50522385,
      "y": 13.7513435
    }
  },
  "polygons": [
    {
      "numberOfPoints": 274,
      "box": {
        "min": {
          "x": 51.4563049,
          "y": 13.6304967
        },
        "max": {
          "x": 51.5541428,
          "y": 13.8721903
        },
        "center": {
          "x": 51.50522385,
          "y": 13.7513435
        }
      },
      "pointsx": [
        51.5541428,
        51.5528807,
        51.5498941,
        51.5493981,
        51.5488522,
        51.5481772,
        51.5470943,
        51.5461484,
        51.5444776,
        51.5425848,
        51.5413679,
        51.5393841,
        51.5384802,
        51.5375803,
        51.5371763,
        51.5367673,
        51.5364054,
        51.5361764,
        51.5361390,
        51.5361685,
        51.5358194,
        51.5352154,
        51.5348524,
        51.5338605,
        51.5334106,
        51.5331396,
        51.5332130,
        51.5331018,
        51.5327852,
        51.5327662,
        51.5328095,
        51.5330555,
        51.5338377,
        51.5342439,
        51.5347312,
        51.5350761,
        51.5355515,
        51.5375047,
        51.5380989,
        51.5385949,
        51.5393578,
        51.5400327,
        51.5405706,
        51.5408079,
        51.5409209,
        51.5410056,
        51.5410389,
        51.5411317,
        51.5412845,
        51.5417765,
        51.5419135,
        51.5419555,
        51.5418185,
        51.5414105,
        51.5405976,
        51.5399186,
        51.5398006,
        51.5396017,
        51.5389727,
        51.5377558,
        51.5373519,
        51.5367179,
        51.5363600,
        51.5362680,
        51.5362723,
        51.5363591,
        51.5365654,
        51.5364591,
        51.5363958,
        51.5365269,
        51.5366199,
        51.5361234,
        51.5359019,
        51.5356795,
        51.5341051,
        51.5329342,
        51.5321363,
        51.5315432,
        51.5305115,
        51.5295236,
        51.5284477,
        51.5280437,
        51.5276778,
        51.5262389,
        51.5254760,
        51.5249271,
        51.5236832,
        51.5235502,
        51.5234082,
        51.5233632,
        51.5234962,
        51.5235421,
        51.5234471,
        51.5233551,
        51.5230422,
        51.5225422,
        51.5225882,
        51.5227682,
        51.5227522,
        51.5227182,
        51.5210093,
        51.5208754,
        51.5204564,
        51.5200634,
        51.5197045,
        51.5190295,
        51.5189875,
        51.5191175,
        51.5189535,
        51.5189035,
        51.5186665,
        51.5196664,
        51.5202763,
        51.5208562,
        51.5209292,
        51.5209902,
        51.5212152,
        51.5212232,
        51.5212422,
        51.5212572,
        51.5217031,
        51.5215201,
        51.5211541,
        51.5208871,
        51.5211181,
        51.5213911,
        51.5222300,
        51.5232518,
        51.5232518,
        51.5248236,
        51.5285675,
        51.5290046,
        51.5293663,
        51.5295619,
        51.5292841,
        51.5286922,
        51.5285675,
        51.5287730,
        51.5290917,
        51.5293239,
        51.5287551,
        51.5289092,
        51.5278180,
        51.5277380,
        51.5202999,
        51.5184341,
        51.5145585,
        51.5095461,
        51.5059985,
        51.5058707,
        51.5055928,
        51.5047600,
        51.5046918,
        51.5058018,
        51.5063811,
        51.5073113,
        51.5071241,
        51.5055593,
        51.5032786,
        51.4995971,
        51.4981234,
        51.4980333,
        51.4976743,
        51.4973204,
        51.4969694,
        51.4962485,
        51.4953436,
        51.4950726,
        51.4947107,
        51.4943027,
        51.4937148,
        51.4934478,
        51.4932268,
        51.4930059,
        51.4930129,
        51.4931959,
        51.4931999,
        51.4933719,
        51.4935239,
        51.4935089,
        51.4934520,
        51.4932310,
        51.4922921,
        51.4919792,
        51.4918912,
        51.4915792,
        51.4907773,
        51.4904264,
        51.4899385,
        51.4895875,
        51.4890076,
        51.4886037,
        51.4881607,
        51.4876688,
        51.4868139,
        51.4857420,
        51.4849371,
        51.4844032,
        51.4843002,
        51.4831944,
        51.4830184,
        51.4827094,
        51.4826675,
        51.4828694,
        51.4806117,
        51.4798828,
        51.4795698,
        51.4777010,
        51.4757282,
        51.4754733,
        51.4738864,
        51.4696099,
        51.4694959,
        51.4628697,
        51.4622398,
        51.4619308,
        51.4617978,
        51.4615309,
        51.4614849,
        51.4617558,
        51.4616679,
        51.4603630,
        51.4596842,
        51.4580978,
        51.4586738,
        51.4587348,
        51.4587692,
        51.4587883,
        51.4587958,
        51.4589180,
        51.4567054,
        51.4563049,
        51.4578918,
        51.4578117,
        51.4606522,
        51.4573637,
        51.4664443,
        51.4675811,
        51.4724906,
        51.4733222,
        51.4737456,
        51.4739554,
        51.4741653,
        51.4758361,
        51.4791778,
        51.4876922,
        51.4921436,
        51.4932360,
        51.4940804,
        51.4949733,
        51.4955020,
        51.4957504,
        51.4967865,
        51.4974552,
        51.4962485,
        51.5032599,
        51.5111640,
        51.5125220,
        51.5144141,
        51.5216887,
        51.5207694,
        51.5203917,
        51.5230391,
        51.5238058,
        51.5243170,
        51.5264533,
        51.5270790,
        51.5272391,
        51.5320212,
        51.5322974,
        51.5437910,
        51.5440429,
        51.5475257,
        51.5507415
      ],