{"id":1318357,"name":"Niederfinow","polygon":{"numberOfPoints":336,"box":{"min":{"x":52.8240999,"y":13.8740034},"max":{"x":52.8639621,"y":13.9775597},"center":{"x":52.8440310,"y":13.92578155},"area":{"x":0.0398622,"y":0.1035563}},"pointsx":[52.8327521,52.8319884,52.8316666,52.8303276,52.8302039,52.8301314,52.8298464,52.8297203,52.8292899,52.8290134,52.8285424,52.8280399,52.8278490,52.8275736,52.8275553,52.8275180,52.8273972,52.8258337,52.8256223,52.8253920,52.8251806,52.8249201,52.8248943,52.8248914,52.8249126,52.8252448,52.8252787,52.8252750,52.8251391,52.8249277,52.8248220,52.8248182,52.8246953,52.8243213,52.8241754,52.8240999,52.8241111,52.8241346,52.8243174,52.8248380,52.8252717,52.8256175,52.8257747,52.8257790,52.8257083,52.8258059,52.8260924,52.8263206,52.8270029,52.8273627,52.8274171,52.8272541,52.8272896,52.8274505,52.8274755,52.8275299,52.8276226,52.8279636,52.8279399,52.8277895,52.8276881,52.8276784,52.8279442,52.8280903,52.8281876,52.8281020,52.8279785,52.8279565,52.8280365,52.8281706,52.8282362,52.8282300,52.8282054,52.8280401,52.8278336,52.8276653,52.8275967,52.8276106,52.8276233,52.8277394,52.8278394,52.8284376,52.8287379,52.8288178,52.8291501,52.8292677,52.8294148,52.8294967,52.8297876,52.8298696,52.8299146,52.8299414,52.8299704,52.8301365,52.8301920,52.8302599,52.8304166,52.8304746,52.8306106,52.8309418,52.8310634,52.8311508,52.8312219,52.8314627,52.8315672,52.8316422,52.8316970,52.8315295,52.8313700,52.8314073,52.8316452,52.8320116,52.8320944,52.8320428,52.8319923,52.8320292,52.8318482,52.8317742,52.8318018,52.8318932,52.8321645,52.8321909,52.8320078,52.8319890,52.8319744,52.8319977,52.8321486,52.8323618,52.8324129,52.8324253,52.8323309,52.8322370,52.8324923,52.8326019,52.8326200,52.8329571,52.8332167,52.8333988,52.8331862,52.8330605,52.8332170,52.8332640,52.8331826,52.8332530,52.8337939,52.8341565,52.8345217,52.8346073,52.8347133,52.8352350,52.8355934,52.8360497,52.8362228,52.8362332,52.8372669,52.8374322,52.8378320,52.8376726,52.8379228,52.8378538,52.8378214,52.8378706,52.8376321,52.8373719,52.8376127,52.8379056,52.8377821,52.8376872,52.8377177,52.8378126,52.8381098,52.8383800,52.8376470,52.8375099,52.8377727,52.8381561,52.8387831,52.8394905,52.8396467,52.8399058,52.8399164,52.8398948,52.8394910,52.8394742,52.8401456,52.8402024,52.8402272,52.8392694,52.8392422,52.8390020,52.8389081,52.8388533,52.8383044,52.8376336,52.8376226,52.8382875,52.8384606,52.8382357,52.8382584,52.8386991,52.8389965,52.8392765,52.8395729,52.8398792,52.8403497,52.8405986,52.8407081,52.8409932,52.8412900,52.8415677,52.8418318,52.8420515,52.8425570,52.8433229,52.8449870,52.8451759,52.8452656,52.8453230,52.8453975,52.8452906,52.8454228,52.8457992,52.8460621,52.8463510,52.8457442,52.8460776,52.8463899,52.8468645,52.8472867,52.8476414,52.8480240,52.8482855,52.8480777,52.8477379,52.8471414,52.8452898,52.8494726,52.8493868,52.8496503,52.8496463,52.8501797,52.8499842,52.8491546,52.8484218,52.8478860,52.8476111,52.8465954,52.8461133,52.8474517,52.8476448,52.8481395,52.8486274,52.8494590,52.8498708,52.8507409,52.8517876,52.8521747,52.8541151,52.8553237,52.8547366,52.8542359,52.8542661,52.8541883,52.8538563,52.8541935,52.8540092,52.8538919,52.8539101,52.8537507,52.8543681,52.8542878,52.8566825,52.8581993,52.8595849,52.8588170,52.8594677,52.8602803,52.8607678,52.8609679,52.8611321,52.8613517,52.8619308,52.8626919,52.8635145,52.8637522,52.8638403,52.8639621,52.8639614,52.8638970,52.8637830,52.8629409,52.8623609,52.8600186,52.8571707,52.8561607,52.8559652,52.8556997,52.8553146,52.8550438,52.8549690,52.8549359,52.8545485,52.8546690,52.8548504,52.8551905,52.8556016,52.8562799,52.8564418,52.8568289,52.8573041,52.8564114,52.8560716,52.8562238,52.8559287,52.8555682,52.8546227,52.8555818,52.8548916,52.8539946,52.8527300,52.8508634,52.8494264,52.8487846,52.8481447,52.8444188,52.8416441,52.8391581,52.8375314,52.8374426,52.8366176,52.8359636,52.8354860,52.8349830,52.8345125,52.8337535,52.8334086],"pointsy":[13.9746619,13.9770506,13.9775597,13.9772068,13.9771500,13.9770245,13.9755492,13.9754664,13.9755580,13.9756514,13.9755715,13.9752716,13.9750237,13.9746358,13.9746266,13.9746078,13.9746038,13.9756609,13.9757421,13.9755735,13.9751736,13.9737617,13.9733588,13.9733128,13.9729495,13.9713002,13.9705692,13.9701069,13.9694634,13.9688199,13.9684888,13.9679265,13.9677455,13.9671543,13.9665291,13.9662638,13.9661460,13.9658974,13.9655160,13.9650944,13.9648514,13.9646577,13.9643026,13.9638794,13.9630157,13.9627104,13.9624744,13.9621048,13.9607401,13.9603249,13.9600406,13.9591951,13.9588470,13.9582177,13.9576277,13.9572854,13.9569652,13.9557351,13.9553574,13.9548796,13.9545576,13.9543366,13.9524655,13.9512885,13.9506775,13.9504243,13.9499464,13.9496787,13.9494298,13.9491109,13.9484395,13.9477480,13.9476530,13.9470136,13.9467803,13.9464810,13.9463302,13.9458968,13.9458477,13.9453983,13.9450145,13.9427191,13.9428798,13.9428568,13.9425422,13.9423537,13.9420747,13.9419195,13.9420300,13.9419388,13.9416974,13.9413864,13.9413011,13.9412168,13.9411509,13.9410703,13.9405563,13.9404050,13.9402276,13.9400976,13.9399433,13.9398790,13.9399151,13.9402393,13.9403258,13.9402791,13.9400157,13.9396418,13.9392417,13.9388002,13.9385188,13.9381542,13.9376801,13.9371356,13.9366061,13.9361228,13.9355387,13.9352505,13.9351184,13.9350055,13.9349238,13.9347538,13.9339080,13.9338287,13.9337206,13.9336702,13.9335957,13.9336102,13.9335371,13.9328655,13.9317610,13.9311231,13.9301983,13.9295015,13.9285997,13.9284619,13.9270998,13.9256552,13.9253891,13.9246398,13.9240680,13.9235288,13.9231673,13.9225906,13.9204481,13.9189669,13.9175046,13.9168829,13.9164445,13.9156999,13.9151495,13.9132473,13.9125424,13.9121733,13.9120500,13.9121057,13.9106557,13.9105431,13.9095217,13.9088699,13.9084408,13.9081913,13.9077370,13.9072311,13.9061813,13.9058208,13.9052699,13.9047629,13.9030715,13.9026295,13.9017068,13.9006704,13.9002745,13.9000000,13.8985779,13.8969605,13.8973993,13.8976021,13.8962663,13.8946591,13.8944846,13.8940819,13.8937750,13.8906615,13.8888773,13.8884599,13.8882776,13.8878699,13.8870593,13.8867203,13.8863083,13.8850718,13.8840182,13.8831996,13.8825945,13.8822962,13.8818842,13.8814250,13.8810109,13.8803822,13.8802309,13.8798629,13.8798044,13.8800206,13.8806998,13.8804476,13.8801086,13.8800603,13.8805657,13.8806016,13.8807507,13.8810672,13.8812394,13.8812781,13.8815130,13.8812067,13.8809374,13.8801961,13.8795593,13.8788834,13.8780937,13.8768342,13.8760707,13.8752313,13.8747866,13.8741058,13.8740034,13.8743703,13.8744620,13.8746538,13.8743563,13.8740783,13.8747151,13.8752436,13.8761032,13.8824193,13.8808703,13.8821480,13.8832787,13.8841339,13.8843744,13.8860029,13.8871236,13.8881761,13.8888917,13.8883059,13.8897328,13.8921039,13.8925464,13.8932288,13.8942250,13.8953005,13.8975327,13.8982515,13.8970606,13.8991098,13.8990132,13.8986485,13.8984875,13.9025230,13.9059762,13.9070062,13.9085297,13.9114372,13.9116303,13.9133791,13.9143807,13.9149348,13.9187865,13.9188144,13.9210503,13.9203422,13.9196770,13.9191400,13.9176235,13.9174454,13.9177742,13.9181165,13.9186068,13.9194517,13.9197306,13.9201083,13.9206318,13.9211576,13.9217906,13.9227883,13.9251819,13.9257506,13.9273266,13.9283571,13.9279248,13.9288373,13.9318113,13.9369973,13.9390522,13.9397680,13.9400317,13.9412634,13.9424575,13.9429049,13.9438008,13.9440958,13.9446312,13.9452803,13.9458221,13.9467458,13.9487092,13.9494495,13.9500643,13.9513914,13.9507091,13.9502649,13.9515717,13.9516704,13.9512879,13.9506753,13.9493711,13.9478831,13.9489785,13.9507219,13.9535479,13.9517823,13.9526600,13.9535694,13.9587085,13.9624879,13.9655596,13.9678599,13.9687707,13.9690765,13.9700067,13.9709498,13.9714991,13.9723681,13.9730215,13.9730097]}}