{"id":1318363,"name":"Liepe","polygon":{"numberOfPoints":224,"box":{"min":{"x":52.8316666,"y":13.9443007},"max":{"x":52.8810493,"y":14.0013483},"center":{"x":52.85635795,"y":13.9728245},"area":{"x":0.0493827,"y":0.0570476}},"pointsx":[52.8516407,52.8526131,52.8541805,52.8553616,52.8566002,52.8576931,52.8581284,52.8583797,52.8623292,52.8621255,52.8623590,52.8622292,52.8625896,52.8630967,52.8631749,52.8640817,52.8642837,52.8644784,52.8645820,52.8652877,52.8652589,52.8645619,52.8644764,52.8651497,52.8645419,52.8639356,52.8635761,52.8632911,52.8639447,52.8641561,52.8642737,52.8640865,52.8637950,52.8634420,52.8633954,52.8634822,52.8636668,52.8639975,52.8641425,52.8646759,52.8658606,52.8661527,52.8670944,52.8670137,52.8665892,52.8664979,52.8666404,52.8669170,52.8671242,52.8675918,52.8682343,52.8690471,52.8694998,52.8693495,52.8707244,52.8719341,52.8744655,52.8774519,52.8776267,52.8780884,52.8779634,52.8775876,52.8775393,52.8768212,52.8772784,52.8779576,52.8788304,52.8795446,52.8800341,52.8806608,52.8810493,52.8807884,52.8810066,52.8809841,52.8809418,52.8807249,52.8791212,52.8789114,52.8787126,52.8787255,52.8786679,52.8788298,52.8790422,52.8780612,52.8779511,52.8780793,52.8779226,52.8779356,52.8783629,52.8788557,52.8789418,52.8791639,52.8788842,52.8784290,52.8778980,52.8773690,52.8770077,52.8767720,52.8763065,52.8758033,52.8754190,52.8751046,52.8749926,52.8750748,52.8742719,52.8736217,52.8725233,52.8718900,52.8712624,52.8703445,52.8699021,52.8693261,52.8690278,52.8687756,52.8686318,52.8685395,52.8686522,52.8690544,52.8687021,52.8690852,52.8685207,52.8681354,52.8682701,52.8678533,52.8674223,52.8672513,52.8669019,52.8665234,52.8666364,52.8660836,52.8657588,52.8653673,52.8649097,52.8643011,52.8641327,52.8639420,52.8638766,52.8637707,52.8636515,52.8633918,52.8631877,52.8630096,52.8622718,52.8618511,52.8613203,52.8607344,52.8603185,52.8599681,52.8605001,52.8601988,52.8596152,52.8592972,52.8589413,52.8586911,52.8584825,52.8583633,52.8578926,52.8574683,52.8573041,52.8564114,52.8560716,52.8562238,52.8559287,52.8555682,52.8546227,52.8555818,52.8548916,52.8539946,52.8527300,52.8508634,52.8494264,52.8487846,52.8481447,52.8444188,52.8416441,52.8391581,52.8375314,52.8374426,52.8366176,52.8359636,52.8354860,52.8349830,52.8345125,52.8337535,52.8334086,52.8327521,52.8319884,52.8316666,52.8324753,52.8329672,52.8334080,52.8336672,52.8340186,52.8345688,52.8349843,52.8358703,52.8362533,52.8367329,52.8372417,52.8375476,52.8386146,52.8389955,52.8401704,52.8412384,52.8416512,52.8421132,52.8423176,52.8424787,52.8427737,52.8429266,52.8434528,52.8438370,52.8444403,52.8449036,52.8457940,52.8460610,52.8473310,52.8483126,52.8493830,52.8510417,52.8510984,52.8512237,52.8513741,52.8515775],"pointsy":[13.9885722,13.9899627,13.9919663,13.9932763,13.9943803,13.9950981,13.9951174,13.9948116,13.9978014,13.9989697,13.9990775,13.9998811,14.0000598,14.0004423,14.0005013,14.0012716,14.0013483,14.0011734,14.0008398,14.0009706,14.0000667,13.9988125,13.9983442,13.9978587,13.9971624,13.9961722,13.9954018,13.9942700,13.9941847,13.9930758,13.9916822,13.9917310,13.9919718,13.9923887,13.9915545,13.9905910,13.9899564,13.9896566,13.9887848,13.9891185,13.9905642,13.9911141,13.9923323,13.9929921,13.9932733,13.9940437,13.9953858,13.9955811,13.9952431,13.9953966,13.9943269,13.9937336,13.9937422,13.9953064,13.9977075,13.9984135,13.9991055,13.9968385,13.9966154,13.9963536,13.9953129,13.9927934,13.9924697,13.9881417,13.9876836,13.9872459,13.9877083,13.9875613,13.9875806,13.9876761,13.9874540,13.9856505,13.9789375,13.9777083,13.9754023,13.9711247,13.9711655,13.9715131,13.9712009,13.9706151,13.9700776,13.9684747,13.9674050,13.9669941,13.9658172,13.9652582,13.9647046,13.9642679,13.9638602,13.9633495,13.9628742,13.9621683,13.9616426,13.9615342,13.9616576,13.9620610,13.9629944,13.9633184,13.9630609,13.9623829,13.9618586,13.9619677,13.9622884,13.9627101,13.9632927,13.9641392,13.9649591,13.9653389,13.9665706,13.9653126,13.9644441,13.9628284,13.9617877,13.9609299,13.9604648,13.9598994,13.9589982,13.9571179,13.9567558,13.9559297,13.9552001,13.9562387,13.9564667,13.9572858,13.9579038,13.9585583,13.9584188,13.9581506,13.9575042,13.9571383,13.9566598,13.9559270,13.9556289,13.9555327,13.9531949,13.9515963,13.9506831,13.9492027,13.9478402,13.9469524,13.9463703,13.9459948,13.9454798,13.9452186,13.9448527,13.9443007,13.9452722,13.9464883,13.9468402,13.9473648,13.9481927,13.9486466,13.9493786,13.9499580,13.9506665,13.9512545,13.9514880,13.9516419,13.9513914,13.9507091,13.9502649,13.9515717,13.9516704,13.9512879,13.9506753,13.9493711,13.9478831,13.9489785,13.9507219,13.9535479,13.9517823,13.9526600,13.9535694,13.9587085,13.9624879,13.9655596,13.9678599,13.9687707,13.9690765,13.9700067,13.9709498,13.9714991,13.9723681,13.9730215,13.9730097,13.9746619,13.9770506,13.9775597,13.9777561,13.9782100,13.9786541,13.9787153,13.9786745,13.9783065,13.9779621,13.9777937,13.9778082,13.9779236,13.9781955,13.9784996,13.9794980,13.9796433,13.9796916,13.9793258,13.9784374,13.9780031,13.9779916,13.9780655,13.9783745,13.9786059,13.9795661,13.9804748,13.9810048,13.9812451,13.9811990,13.9809651,13.9817322,13.9827416,13.9840344,13.9863674,13.9867478,13.9871458,13.9874827,13.9879526]}}