{
  "id": 1322839,
  "name": "Guhrow",
  "polygon": {
    "numberOfPoints": 74,
    "box": {
      "min": {
        "x": 51.8032222,
        "y": 14.1986080
      },
      "max": {
        "x": 51.8422622,
        "y": 14.2436983
      },
      "center": {
        "x": 51.8227422,
        "y": 14.22115315
      },
      "area": {
        "x": 0.0390400,
        "y": 0.0450903
      }
    },
    "pointsx": [
      51.8032222,
      51.8037523,
      51.8037345,
      51.8038369,
      51.8041754,
      51.8048747,
      51.8049193,
      51.8053335,
      51.8061263,
      51.8086831,
      51.8088944,
      51.8101421,
      51.8133117,
      51.8136204,
      51.8136344,
      51.8142095,
      51.8170289,
      51.8201027,
      51.8238177,
      51.8278465,
      51.8335738,
      51.8353199,
      51.8371168,
      51.8378276,
      51.8378000,
      51.8378723,
      51.8392425,
      51.8398390,
      51.8400153,
      51.8413597,
      51.8416541,
      51.8420439,
      51.8422622,
      51.8400167,
      51.8399908,
      51.8397384,
      51.8360397,
      51.8304143,
      51.8254609,
      51.8224907,
      51.8188330,
      51.8185926,
      51.8184189,
      51.8174507,
      51.8159865,
      51.8152173,
      51.8129990,
      51.8129864,
      51.8126180,
      51.8119787,
      51.8117205,
      51.8103538,
      51.8103648,
      51.8100294,
      51.8099696,
      51.8098043,
      51.8097933,
      51.8097019,
      51.8096925,
      51.8095665,
      51.8095586,
      51.8085682,
      51.8085556,
      51.8077667,
      51.8077604,
      51.8066775,
      51.8065952,
      51.8065070,
      51.8060506,
      51.8057177,
      51.8051394,
      51.8061106,
      51.8046966,
      51.8039126
    ],
    "pointsy": [
      14.2342510,
      14.2304117,
      14.2292375,
      14.2283371,
      14.2270549,
      14.2210618,
      14.2198732,
      14.2184038,
      14.2172656,
      14.2178098,
      14.2142975,
      14.2087944,
      14.2087878,
      14.2103736,
      14.2110694,
      14.2118379,
      14.2123562,
      14.2116489,
      14.2097042,
      14.2052035,
      14.1986080,
      14.1987207,
      14.1987256,
      14.1987356,
      14.1993197,
      14.1998247,
      14.2046171,
      14.2066211,
      14.2070542,
      14.2084566,
      14.2089262,
      14.2097886,
      14.2204839,
      14.2209702,
      14.2211287,
      14.2239489,
      14.2263711,
      14.2271051,
      14.2277513,
      14.2279439,
      14.2291825,
      14.2345274,
      14.2345373,
      14.2345093,
      14.2344711,
      14.2344265,
      14.2343899,
      14.2343262,
      14.2343797,
      14.2344255,
      14.2405938,
      14.2411490,
      14.2414240,
      14.2413654,
      14.2423485,
      14.2423485,
      14.2426515,
      14.2426923,
      14.2429444,
      14.2429750,
      14.2431813,
      14.2433519,
      14.2434589,
      14.2435149,
      14.2436983,
      14.2433059,
      14.2432959,
      14.2431456,
      14.2429094,
      14.2425008,
      14.2415560,
      14.2400913,
      14.2377086,
      14.2368658
    ]
  }
}