{
  "id": 1322840,
  "name": "Briesen",
  "polygon": {
    "numberOfPoints": 148,
    "box": {
      "min": {
        "x": 51.7934177,
        "y": 14.2204839
      },
      "max": {
        "x": 51.8505740,
        "y": 14.2745200
      },
      "center": {
        "x": 51.82199585,
        "y": 14.24750195
      },
      "area": {
        "x": 0.0571563,
        "y": 0.0540361
      }
    },
    "pointsx": [
      51.7962552,
      51.7987588,
      51.8010396,
      51.8010886,
      51.8032222,
      51.8039126,
      51.8046966,
      51.8061106,
      51.8051394,
      51.8057177,
      51.8060506,
      51.8065070,
      51.8065952,
      51.8066775,
      51.8077604,
      51.8077667,
      51.8085556,
      51.8085682,
      51.8095586,
      51.8095665,
      51.8096925,
      51.8097019,
      51.8097933,
      51.8098043,
      51.8099696,
      51.8100294,
      51.8103648,
      51.8103538,
      51.8117205,
      51.8119787,
      51.8126180,
      51.8129864,
      51.8129990,
      51.8152173,
      51.8159865,
      51.8174507,
      51.8184189,
      51.8185926,
      51.8188330,
      51.8224907,
      51.8254609,
      51.8304143,
      51.8360397,
      51.8397384,
      51.8399908,
      51.8400167,
      51.8422622,
      51.8459940,
      51.8477720,
      51.8488878,
      51.8496767,
      51.8498022,
      51.8500487,
      51.8501875,
      51.8504069,
      51.8505253,
      51.8505740,
      51.8505584,
      51.8504382,
      51.8496225,
      51.8493368,
      51.8492580,
      51.8492236,
      51.8492408,
      51.8492692,
      51.8493876,
      51.8495896,
      51.8497149,
      51.8497323,
      51.8496099,
      51.8493696,
      51.8491676,
      51.8489134,
      51.8485860,
      51.8484084,
      51.8482876,
      51.8483320,
      51.8484452,
      51.8485905,
      51.8486915,
      51.8489574,
      51.8489090,
      51.8486791,
      51.8485816,
      51.8480767,
      51.8479548,
      51.8478747,
      51.8476975,
      51.8474288,
      51.8471990,
      51.8468228,
      51.8467636,
      51.8467706,
      51.8466891,
      51.8462711,
      51.8462915,
      51.8463925,
      51.8463383,
      51.8462718,
      51.8460576,
      51.8459837,
      51.8459394,
      51.8455429,
      51.8453909,
      51.8452516,
      51.8451122,
      51.8449660,
      51.8448719,
      51.8447361,
      51.8444645,
      51.8442331,
      51.8439917,
      51.8439178,
      51.8437701,
      51.8436519,
      51.8434918,
      51.8432156,
      51.8427110,
      51.8425682,
      51.8423785,
      51.8422258,
      51.8420853,
      51.8364795,
      51.8328655,
      51.8298834,
      51.8233725,
      51.8222066,
      51.8210637,
      51.8209715,
      51.8203371,
      51.8201111,
      51.8145269,
      51.8080968,
      51.8063571,
      51.8040599,
      51.8036814,
      51.8031656,
      51.8021642,
      51.8010207,
      51.7950017,
      51.7938099,
      51.7934177,
      51.7936140,
      51.7941349,
      51.7945088,
      51.7947621,
      51.7951614,
      51.7956846
    ],
    "pointsy": [
      14.2378743,
      14.2358862,
      14.2351082,
      14.2346832,
      14.2342510,
      14.2368658,
      14.2377086,
      14.2400913,
      14.2415560,
      14.2425008,
      14.2429094,
      14.2431456,
      14.2432959,
      14.2433059,
      14.2436983,
      14.2435149,
      14.2434589,
      14.2433519,
      14.2431813,
      14.2429750,
      14.2429444,
      14.2426923,
      14.2426515,
      14.2423485,
      14.2423485,
      14.2413654,
      14.2414240,
      14.2411490,
      14.2405938,
      14.2344255,
      14.2343797,
      14.2343262,
      14.2343899,
      14.2344265,
      14.2344711,
      14.2345093,
      14.2345373,
      14.2345274,
      14.2291825,
      14.2279439,
      14.2277513,
      14.2271051,
      14.2263711,
      14.2239489,
      14.2211287,
      14.2209702,
      14.2204839,
      14.2245050,
      14.2265447,
      14.2274168,
      14.2278158,
      14.2286178,
      14.2290216,
      14.2290991,
      14.2291198,
      14.2293171,
      14.2295511,
      14.2298611,
      14.2301994,
      14.2312345,
      14.2315773,
      14.2317248,
      14.2319998,
      14.2323466,
      14.2329587,
      14.2333251,
      14.2337648,
      14.2339847,
      14.2342609,
      14.2345989,
      14.2350668,
      14.2350949,
      14.2349596,
      14.2348469,
      14.2350893,
      14.2355868,
      14.2358300,
      14.2361409,
      14.2364199,
      14.2363163,
      14.2365913,
      14.2369205,
      14.2369713,
      14.2371178,
      14.2367514,
      14.2367740,
      14.2368754,
      14.2373875,
      14.2386029,
      14.2391271,
      14.2393977,
      14.2401193,
      14.2409875,
      14.2413740,
      14.2421237,
      14.2423537,
      14.2425212,
      14.2426487,
      14.2431231,
      14.2431709,
      14.2430194,
      14.2427085,
      14.2422461,
      14.2417959,
      14.2415366,
      14.2414690,
      14.2416776,
      14.2419200,
      14.2420665,
      14.2420440,
      14.2418338,
      14.2415507,
      14.2415507,
      14.2418138,
      14.2422204,
      14.2424835,
      14.2425443,
      14.2419185,
      14.2417551,
      14.2417551,
      14.2418548,
      14.2420858,
      14.2435161,
      14.2441154,
      14.2450624,
      14.2466462,
      14.2472324,
      14.2475987,
      14.2486219,
      14.2479346,
      14.2541719,
      14.2538534,
      14.2558023,
      14.2624650,
      14.2697837,
      14.2717545,
      14.2745200,
      14.2739625,
      14.2737166,
      14.2733096,
      14.2740278,
      14.2671298,
      14.2621882,
      14.2570528,
      14.2542638,
      14.2520674,
      14.2494743,
      14.2470534
    ]
  }
}