{
  "id": 1332944,
  "name": "Neuhardenberg",
  "polygon": {
    "numberOfPoints": 341,
    "box": {
      "min": {
        "x": 52.5445602,
        "y": 14.1303515
      },
      "max": {
        "x": 52.6638652,
        "y": 14.3074800
      },
      "center": {
        "x": 52.6042127,
        "y": 14.21891575
      },
      "area": {
        "x": 0.1193050,
        "y": 0.1771285
      }
    },
    "pointsx": [
      52.5445602,
      52.5447057,
      52.5465241,
      52.5482791,
      52.5488598,
      52.5488504,
      52.5474007,
      52.5464180,
      52.5473853,
      52.5502494,
      52.5505234,
      52.5521543,
      52.5522521,
      52.5556964,
      52.5593948,
      52.5603000,
      52.5607645,
      52.5620233,
      52.5621215,
      52.5626690,
      52.5635299,
      52.5645212,
      52.5664711,
      52.5664643,
      52.5664320,
      52.5680232,
      52.5683623,
      52.5688579,
      52.5692883,
      52.5701826,
      52.5728627,
      52.5730703,
      52.5732825,
      52.5745374,
      52.5756719,
      52.5761479,
      52.5764804,
      52.5768650,
      52.5772106,
      52.5773475,
      52.5773733,
      52.5774081,
      52.5796524,
      52.5805877,
      52.5805812,
      52.5806399,
      52.5827912,
      52.5890686,
      52.5894271,
      52.5904438,
      52.5908899,
      52.5918061,
      52.5919169,
      52.5919169,
      52.5913573,
      52.6011778,
      52.6012426,
      52.6013599,
      52.6016401,
      52.6020246,
      52.6022591,
      52.6023113,
      52.6048981,
      52.6052630,
      52.6055627,
      52.6058494,
      52.6061035,
      52.6062859,
      52.6065791,
      52.6073414,
      52.6074717,
      52.6074456,
      52.6072306,
      52.6072176,
      52.6073544,
      52.6075369,
      52.6078170,
      52.6078704,
      52.6077975,
      52.6078170,
      52.6079877,
      52.6125534,
      52.6142667,
      52.6160059,
      52.6168853,
      52.6182532,
      52.6195299,
      52.6208586,
      52.6216533,
      52.6216084,
      52.6216012,
      52.6227605,
      52.6248381,
      52.6248837,
      52.6264793,
      52.6276906,
      52.6289540,
      52.6301392,
      52.6311355,
      52.6328025,
      52.6329197,
      52.6335316,
      52.6348403,
      52.6351464,
      52.6359149,
      52.6373799,
      52.6377184,
      52.6379268,
      52.6380359,
      52.6381263,
      52.6378072,
      52.6375868,
      52.6373732,
      52.6373037,
      52.6421614,
      52.6430700,
      52.6435127,
      52.6439163,
      52.6445217,
      52.6450164,
      52.6452768,
      52.6454135,
      52.6458171,
      52.6462077,
      52.6465722,
      52.6466285,
      52.6470015,
      52.6470230,
      52.6472176,
      52.6477364,
      52.6473647,
      52.6468980,
      52.6483870,
      52.6500393,
      52.6500165,
      52.6509154,
      52.6520349,
      52.6522666,
      52.6522966,
      52.6525530,
      52.6524189,
      52.6525218,
      52.6522706,
      52.6524020,
      52.6526644,
      52.6530945,
      52.6493904,
      52.6390578,
      52.6387510,
      52.6410833,
      52.6411143,
      52.6434143,
      52.6439681,
      52.6445487,
      52.6446109,
      52.6447948,
      52.6464974,
      52.6468587,
      52.6471386,
      52.6474901,
      52.6480369,
      52.6532632,
      52.6536127,
      52.6539462,
      52.6547406,
      52.6579956,
      52.6583646,
      52.6584538,
      52.6593027,
      52.6638471,
      52.6638652,
      52.6618731,
      52.6612289,
      52.6610597,
      52.6608189,
      52.6606367,
      52.6598752,
      52.6597803,
      52.6585478,
      52.6570596,
      52.6558795,
      52.6558600,
      52.6558860,
      52.6559755,
      52.6568708,
      52.6558601,
      52.6539271,
      52.6533608,
      52.6531786,
      52.6530224,
      52.6529247,
      52.6527946,
      52.6526318,
      52.6524431,
      52.6523975,
      52.6525472,
      52.6527360,
      52.6531395,
      52.6535430,
      52.6537839,
      52.6539401,
      52.6540182,
      52.6540113,
      52.6539173,
      52.6537711,
      52.6536992,
      52.6536472,
      52.6536862,
      52.6539270,
      52.6546430,
      52.6434824,
      52.6442222,
      52.6450230,
      52.6453940,
      52.6461036,
      52.6460905,
      52.6461621,
      52.6469238,
      52.6423268,
      52.6437747,
      52.6437350,
      52.6411745,
      52.6410372,
      52.6407463,
      52.6398822,
      52.6353474,
      52.6330239,
      52.6326983,
      52.6323987,
      52.6315333,
      52.6208300,
      52.6202464,
      52.6111061,
      52.6108658,
      52.6106769,
      52.6101948,
      52.6094782,
      52.6090547,
      52.6089309,
      52.6088853,
      52.6088658,
      52.6087289,
      52.6084944,
      52.6083901,
      52.6078677,
      52.6074305,
      52.5988908,
      52.5993398,
      52.6003824,
      52.6006235,
      52.6014315,
      52.6015618,
      52.6015944,
      52.6015683,
      52.6007082,
      52.5998328,
      52.5997112,
      52.5994641,
      52.5991508,
      52.5983881,
      52.5977924,
      52.5975803,
      52.5965115,
      52.5959966,
      52.5952870,
      52.5944913,
      52.5938135,
      52.5933051,
      52.5921700,
      52.5909848,
      52.5899019,
      52.5894594,
      52.5891683,
      52.5887625,
      52.5868373,
      52.5858913,
      52.5855344,
      52.5852052,
      52.5845439,
      52.5803646,
      52.5791847,
      52.5771131,
      52.5735000,
      52.5681129,
      52.5652632,
      52.5642668,
      52.5629391,
      52.5626103,
      52.5624407,
      52.5622124,
      52.5618276,
      52.5615081,
      52.5610776,
      52.5602471,
      52.5607060,
      52.5615608,
      52.5627994,
      52.5642342,
      52.5656168,
      52.5669146,
      52.5676319,
      52.5676319,
      52.5675732,
      52.5673841,
      52.5641690,
      52.5636407,
      52.5628190,
      52.5624016,
      52.5613320,
      52.5612668,
      52.5596852,
      52.5590592,
      52.5582729,
      52.5581229,
      52.5581360,
      52.5581294,
      52.5580793,
      52.5577968,
      52.5572032,
      52.5567466,
      52.5555921,
      52.5552268,
      52.5546788,
      52.5542026,
      52.5535046,
      52.5527893,
      52.5525979,
      52.5519586,
      52.5512932,
      52.5499427,
      52.5493752,
      52.5488989,
      52.5480769,
      52.5476658,
      52.5474832,
      52.5473788,
      52.5468438,
      52.5461913,
      52.5458651,
      52.5455258,
      52.5451996
    ],