{
  "numberOfPolygons": 1,
  "box": {
    "min": {
      "x": 52.5242045,
      "y": 14.5180462
    },
    "max": {
      "x": 52.6098551,
      "y": 14.6397196
    },
    "center": {
      "x": 52.5670298,
      "y": 14.5788829
    }
  },
  "polygons": [
    {
      "numberOfPoints": 173,
      "box": {
        "min": {
          "x": 52.5242045,
          "y": 14.5180462
        },
        "max": {
          "x": 52.6098551,
          "y": 14.6397196
        },
        "center": {
          "x": 52.5670298,
          "y": 14.5788829
        }
      },
      "pointsx": [
        52.5255629,
        52.5265094,
        52.5296013,
        52.5315450,
        52.5312604,
        52.5324964,
        52.5324613,
        52.5325657,
        52.5329051,
        52.5305294,
        52.5311560,
        52.5315737,
        52.5321075,
        52.5326179,
        52.5320175,
        52.5315079,
        52.5311299,
        52.5306642,
        52.5295895,
        52.5242045,
        52.5276001,
        52.5314131,
        52.5311142,
        52.5304446,
        52.5305425,
        52.5357153,
        52.5361342,
        52.5363039,
        52.5364618,
        52.5404059,
        52.5472347,
        52.5536711,
        52.5537899,
        52.5567970,
        52.5566091,
        52.5573363,
        52.5618929,
        52.5621488,
        52.5625976,
        52.5657472,
        52.5679026,
        52.5704229,
        52.5794077,
        52.5813018,
        52.5828018,
        52.5841147,
        52.5900842,
        52.5901440,
        52.5912846,
        52.5924969,
        52.5934420,
        52.5945108,
        52.5954006,
        52.5957192,
        52.5964478,
        52.5971316,
        52.5984394,
        52.5991464,
        52.5993400,
        52.5996137,
        52.5995791,
        52.6010466,
        52.6007430,
        52.6026418,
        52.6037840,
        52.6047451,
        52.6051621,
        52.6048598,
        52.6043561,
        52.6062372,
        52.6071103,
        52.6072093,
        52.6090896,
        52.6098551,
        52.6094153,
        52.6083905,
        52.6077175,
        52.6072386,
        52.6071813,
        52.6077800,
        52.6077931,
        52.6076243,
        52.6052318,
        52.6041215,
        52.6026392,
        52.5985052,
        52.5977962,
        52.5971781,
        52.5963240,
        52.5959591,
        52.5962738,
        52.5959519,
        52.5951764,
        52.5917091,
        52.5911329,
        52.5902433,
        52.5889488,
        52.5880343,
        52.5869985,
        52.5860723,
        52.5851134,
        52.5844120,
        52.5841910,
        52.5812574,
        52.5802926,
        52.5805755,
        52.5803904,
        52.5805312,
        52.5794490,
        52.5797084,
        52.5795207,
        52.5802196,
        52.5800083,
        52.5804308,
        52.5823722,
        52.5834407,
        52.5843311,
        52.5844250,
        52.5854067,
        52.5871152,
        52.5884984,
        52.5862639,
        52.5844577,
        52.5831139,
        52.5813098,
        52.5796478,
        52.5796152,
        52.5796044,
        52.5791041,
        52.5790106,
        52.5784157,
        52.5777635,
        52.5766305,
        52.5756915,
        52.5753274,
        52.5743923,
        52.5733174,
        52.5719246,
        52.5709827,
        52.5701738,
        52.5691859,
        52.5684650,
        52.5677891,
        52.5670221,
        52.5665272,
        52.5659432,
        52.5648143,
        52.5602368,
        52.5594958,
        52.5583599,
        52.5571810,
        52.5558222,
        52.5540644,
        52.5523135,
        52.5481590,
        52.5481510,
        52.5474611,
        52.5460682,
        52.5447224,
        52.5436385,
        52.5417467,
        52.5394459,
        52.5385420,
        52.5374131,
        52.5350744,
        52.5331406,
        52.5310308,
        52.5290630,
        52.5266023,
        52.5258481,
        52.5256826,
        52.5253732,
        52.5254456
      ],
      "pointsy": [
        14.6023187,
        14.6021561,
        14.5963438,
        14.5936990,
        14.5958073,
        14.5922078,
        14.5897133,
        14.5866664,
        14.5845635,
        14.5840485,
        14.5804436,
        14.5792420,
        14.5782335,
        14.5762830,
        14.5761113,
        14.5766303,
        14.5773457,
        14.5779596,
        14.5789416,
        14.5698328,
        14.5691912,
        14.5553854,
        14.5539348,
        14.5527074,
        14.5463066,
        14.5463710,
        14.5366249,
        14.5365412,
        14.5324600,
        14.5308893,
        14.5280869,
        14.5256965,
        14.5252180,
        14.5240507,
        14.5185254,
        14.5181374,
        14.5180462,
        14.5180882,
        14.5181619,
        14.5186792,
        14.5189512,
        14.5192693,
        14.5201705,
        14.5207248,
        14.5214264,
        14.5215820,
        14.5233641,
        14.5230781,
        14.5232068,
        14.5234750,
        14.5237754,
        14.5241939,
        14.5246290,
        14.5251708,
        14.5256858,
        14.5254663,
        14.5306490,
        14.5306189,
        14.5314268,
        14.5318935,
        14.5326070,
        14.5329363,
        14.5366410,
        14.5368717,
        14.5370562,
        14.5371056,
        14.5380873,
        14.5392556,
        14.5415934,
        14.5435182,
        14.5457498,
        14.5468892,
        14.5510209,
        14.5515777,
        14.5528984,
        14.5545946,
        14.5559604,
        14.5579603,
        14.5594505,
        14.5649244,
        14.5656829,
        14.5661753,
        14.5681977,
        14.5694369,
        14.5709239,
        14.5744301,
        14.5752573,
        14.5748996,
        14.5724421,
        14.5727199,
        14.5737842,
        14.5751275,
        14.5753528,
        14.5747713,
        14.5753549,
        14.5756264,
        14.5755427,
        14.5756360,
        14.5763141,
        14.5773172,
        14.5791594,
        14.5809028,
        14.5823212,
        14.5847309,
        14.5850742,
        14.5865183,
        14.5884817,
        14.5892627,
        14.5940499,
        14.5971892,
        14.5996997,
        14.6006160,
        14.6016095,
        14.6030965,
        14.6083665,
        14.6079234,
        14.6079888,
        14.6094362,
        14.6096196,
        14.6099361,
        14.6123104,
        14.6142877,
        14.6167149,
        14.6192474,
        14.6226483,
        14.6268515,
        14.6269340,
        14.6269652,
        14.6284949,
        14.6287559,
        14.6304862,
        14.6321898,
        14.6345665,
        14.6365413,
        14.6369993,
        14.6381867,
        14.6390136,
        14.6395476,
        14.6397066,
        14.6397196,
        14.6395116,
        14.6392247,
        14.6387908,
        14.6380639,
        14.6374790,
        14.6366032,
        14.6345525,
        14.6245211,
        14.6228974,
        14.6207758,
        14.6186521,
        14.6169024,
        14.6153787,
        14.6149598,
        14.6145770,
        14.6145763,
        14.6145120,
        14.6142371,
        14.6136653,
        14.6129444,
        14.6114237,
        14.6088771,
        14.6074874,
        14.6063256,
        14.6048849,
        14.6041780,
        14.6038381,
        14.6042351,
        14.6054480,
        14.6063785,
        14.6046276,
        14.6026186,
        14.6025575
      ]
    }
  ]
}