{
  "id": 1332921,
  "name": "Alt Tucheband",
  "polygon": {
    "numberOfPoints": 214,
    "box": {
      "min": {
        "x": 52.4980999,
        "y": 14.4416376
      },
      "max": {
        "x": 52.5579207,
        "y": 14.6023187
      },
      "center": {
        "x": 52.5280103,
        "y": 14.52197815
      },
      "area": {
        "x": 0.0598208,
        "y": 0.1606811
      }
    },
    "pointsx": [
      52.5255629,
      52.5254587,
      52.5255612,
      52.5241822,
      52.5234622,
      52.5242129,
      52.5243627,
      52.5244159,
      52.5244107,
      52.5242739,
      52.5238118,
      52.5241460,
      52.5246767,
      52.5246127,
      52.5225519,
      52.5213103,
      52.5206333,
      52.5213468,
      52.5212698,
      52.5209035,
      52.5208539,
      52.5200301,
      52.5190404,
      52.5181003,
      52.5177360,
      52.5169786,
      52.5159856,
      52.5154123,
      52.5151610,
      52.5140771,
      52.5139322,
      52.5065516,
      52.5064575,
      52.5020480,
      52.5017483,
      52.5008862,
      52.5011500,
      52.5011190,
      52.5007529,
      52.5000162,
      52.5000613,
      52.4980999,
      52.4992684,
      52.4997857,
      52.5010330,
      52.5014947,
      52.5019747,
      52.5020775,
      52.5023221,
      52.5024132,
      52.5024500,
      52.5027308,
      52.5028093,
      52.5027829,
      52.5028033,
      52.5027891,
      52.5027384,
      52.5026707,
      52.5024702,
      52.5023685,
      52.5035309,
      52.5056994,
      52.5077829,
      52.5078821,
      52.5080012,
      52.5080960,
      52.5104605,
      52.5113207,
      52.5157441,
      52.5166346,
      52.5201470,
      52.5209343,
      52.5237479,
      52.5221263,
      52.5260275,
      52.5290664,
      52.5268876,
      52.5277388,
      52.5269425,
      52.5257662,
      52.5278236,
      52.5266996,
      52.5258511,
      52.5253080,
      52.5246239,
      52.5238118,
      52.5232230,
      52.5227193,
      52.5219671,
      52.5178516,
      52.5166594,
      52.5151460,
      52.5136117,
      52.5180579,
      52.5173619,
      52.5182185,
      52.5202358,
      52.5225454,
      52.5232544,
      52.5256043,
      52.5321118,
      52.5325203,
      52.5328559,
      52.5332056,
      52.5364282,
      52.5373932,
      52.5385934,
      52.5395201,
      52.5403723,
      52.5415716,
      52.5438635,
      52.5453205,
      52.5462744,
      52.5473750,
      52.5483152,
      52.5486146,
      52.5507479,
      52.5503356,
      52.5547977,
      52.5567468,
      52.5557461,
      52.5554565,
      52.5552336,
      52.5548354,
      52.5540004,
      52.5539743,
      52.5531732,
      52.5535046,
      52.5533285,
      52.5536481,
      52.5538461,
      52.5539580,
      52.5539352,
      52.5536220,
      52.5535519,
      52.5536351,
      52.5555399,
      52.5561791,
      52.5568510,
      52.5572293,
      52.5572945,
      52.5571054,
      52.5567727,
      52.5561922,
      52.5558916,
      52.5554420,
      52.5546462,
      52.5538243,
      52.5533611,
      52.5530415,
      52.5529306,
      52.5530480,
      52.5529482,
      52.5527936,
      52.5529110,
      52.5532698,
      52.5540004,
      52.5541374,
      52.5542548,
      52.5544570,
      52.5546527,
      52.5551615,
      52.5556196,
      52.5558856,
      52.5561269,
      52.5563132,
      52.5567016,
      52.5568712,
      52.5571630,
      52.5571575,
      52.5568249,
      52.5565509,
      52.5568705,
      52.5572554,
      52.5575228,
      52.5577055,
      52.5579207,
      52.5579011,
      52.5576794,
      52.5573363,
      52.5566091,
      52.5567970,
      52.5537899,
      52.5536711,
      52.5472347,
      52.5404059,
      52.5364618,
      52.5363039,
      52.5361342,
      52.5357153,
      52.5305425,
      52.5304446,
      52.5311142,
      52.5314131,
      52.5276001,
      52.5242045,
      52.5295895,
      52.5306642,
      52.5311299,
      52.5315079,
      52.5320175,
      52.5326179,
      52.5321075,
      52.5315737,
      52.5311560,
      52.5305294,
      52.5329051,
      52.5325657,
      52.5324613,
      52.5324964,
      52.5312604,
      52.5315450,
      52.5296013,
      52.5265094
    ],