{"id":1332912,"name":"Höhenland","polygon":{"numberOfPoints":284,"box":{"min":{"x":52.6658230,"y":13.8483868},"max":{"x":52.7573532,"y":14.0002727},"center":{"x":52.7115881,"y":13.92432975},"area":{"x":0.0915302,"y":0.1518859}},"pointsx":[52.6715653,52.6712361,52.6712732,52.6704899,52.6687717,52.6680612,52.6676773,52.6677222,52.6674661,52.6675029,52.6673474,52.6666486,52.6662420,52.6660123,52.6662303,52.6659811,52.6662144,52.6668718,52.6674873,52.6676715,52.6675316,52.6665602,52.6659980,52.6659811,52.6662583,52.6661938,52.6660806,52.6658230,52.6666097,52.6690853,52.6701171,52.6709928,52.6721522,52.6730343,52.6740748,52.6781838,52.6792337,52.6804656,52.6813034,52.6821971,52.6830218,52.6832638,52.6840950,52.6847063,52.6845945,52.6844046,52.6843343,52.6840332,52.6835747,52.6839864,52.6849496,52.6854068,52.6855427,52.6860578,52.6863973,52.6868441,52.6871160,52.6873533,52.6873663,52.6874112,52.6874346,52.6873351,52.6869807,52.6869130,52.6872291,52.6876226,52.6884983,52.6884862,52.6893739,52.6906830,52.6915602,52.6931755,52.6933315,52.6937496,52.6946691,52.6958668,52.6952978,52.6951626,52.6950104,52.6953161,52.6950358,52.6950241,52.6949740,52.6955963,52.6961815,52.6997092,52.7050118,52.7074259,52.7093383,52.7105187,52.7128066,52.7152699,52.7151739,52.7153583,52.7156365,52.7154532,52.7158925,52.7163631,52.7162422,52.7169051,52.7179709,52.7185792,52.7231900,52.7255849,52.7271073,52.7299200,52.7310817,52.7321952,52.7325961,52.7330924,52.7340923,52.7353129,52.7357839,52.7355806,52.7355975,52.7360541,52.7367414,52.7374878,52.7387156,52.7393573,52.7404440,52.7417984,52.7423187,52.7431410,52.7436281,52.7443659,52.7451641,52.7454902,52.7458532,52.7467300,52.7475899,52.7490823,52.7497518,52.7507844,52.7513078,52.7520442,52.7522929,52.7535813,52.7537040,52.7547949,52.7544485,52.7549566,52.7551072,52.7564447,52.7566520,52.7566695,52.7570519,52.7571604,52.7571467,52.7572591,52.7573532,52.7568175,52.7568422,52.7567799,52.7565896,52.7560462,52.7555592,52.7551854,52.7549637,52.7543839,52.7534371,52.7527722,52.7523280,52.7517812,52.7514766,52.7509584,52.7502480,52.7499233,52.7490858,52.7485374,52.7472866,52.7466462,52.7461897,52.7454135,52.7447965,52.7441672,52.7429545,52.7420322,52.7412944,52.7405360,52.7397177,52.7392580,52.7386403,52.7381914,52.7371228,52.7359460,52.7352697,52.7337528,52.7328550,52.7316537,52.7311704,52.7302640,52.7291056,52.7281791,52.7276976,52.7270576,52.7269673,52.7262435,52.7256236,52.7250128,52.7249264,52.7252175,52.7252493,52.7249290,52.7242792,52.7233929,52.7228399,52.7228236,52.7224565,52.7221153,52.7205193,52.7187381,52.7183800,52.7178159,52.7174396,52.7172407,52.7155269,52.7144578,52.7142283,52.7139118,52.7135147,52.7131325,52.7132924,52.7130870,52.7123597,52.7113406,52.7109311,52.7104767,52.7103121,52.7100568,52.7098326,52.7084357,52.7084292,52.7085676,52.7085371,52.7085709,52.7083492,52.7079156,52.7071343,52.7070262,52.7066494,52.7058433,52.7044378,52.7019141,52.7009974,52.6999936,52.6988701,52.6969624,52.6961347,52.6946912,52.6940338,52.6934948,52.6930786,52.6922365,52.6912253,52.6906251,52.6901244,52.6890631,52.6882404,52.6870860,52.6857762,52.6851395,52.6844377,52.6837392,52.6836898,52.6830849,52.6824800,52.6824794,52.6818309,52.6813424,52.6801865,52.6794405,52.6790314,52.6780797,52.6776875,52.6771248,52.6765010,52.6746158,52.6741123,52.6734194,52.6731215,52.6726193,52.6718926,52.6718256],"pointsy":[13.8507721,13.8520435,13.8545519,13.8563801,13.8609066,13.8637883,13.8658279,13.8665682,13.8676328,13.8687665,13.8692794,13.8703211,13.8720184,13.8746620,13.8769913,13.8790920,13.8811585,13.8831314,13.8843598,13.8854209,13.8860389,13.8879658,13.8904913,13.8923732,13.8935415,13.8944546,13.8952635,13.8961937,13.8966554,13.8980981,13.8982934,13.8987526,13.9004327,13.9015463,13.9024487,13.9062241,13.9068121,13.9077540,13.9089449,13.9102946,13.9109191,13.9115842,13.9119597,13.9128524,13.9151355,13.9155818,13.9170538,13.9185279,13.9199077,13.9203808,13.9223796,13.9238151,13.9252056,13.9264179,13.9280605,13.9296291,13.9317963,13.9344377,13.9358561,13.9372272,13.9376339,13.9379997,13.9380770,13.9408750,13.9434907,13.9464927,13.9502898,13.9514354,13.9506576,13.9499377,13.9497574,13.9498561,13.9513442,13.9537400,13.9566529,13.9594348,13.9604573,13.9614626,13.9637865,13.9646759,13.9655621,13.9688537,13.9705124,13.9711443,13.9705231,13.9719971,13.9753071,13.9769503,13.9788386,13.9790232,13.9799523,13.9811196,13.9868857,13.9882671,13.9893078,13.9904064,13.9935071,13.9946508,13.9961292,14.0002727,13.9983157,13.9976291,13.9965156,13.9950388,13.9942663,13.9919843,13.9924832,13.9923705,13.9914167,13.9907848,13.9898385,13.9879362,13.9867036,13.9844355,13.9833991,13.9807652,13.9798854,13.9785100,13.9766936,13.9749544,13.9714096,13.9678305,13.9663263,13.9631538,13.9610852,13.9581273,13.9551994,13.9530526,13.9522318,13.9534839,13.9537092,13.9529453,13.9528487,13.9526470,13.9531309,13.9539860,13.9545171,13.9517093,13.9519293,13.9512673,13.9478008,13.9438526,13.9417873,13.9311257,13.9293944,13.9276059,13.9259623,13.9247714,13.9231631,13.9214808,13.9197267,13.9175444,13.9161250,13.9144105,13.9131037,13.9120319,13.9108325,13.9093288,13.9086931,13.9078531,13.9068102,13.9053082,13.9036978,13.9025991,13.9018900,13.9012784,13.9004319,13.8996176,13.8995937,13.8997796,13.9013170,13.9027858,13.9040915,13.9055818,13.9058789,13.9065356,13.9073831,13.9075891,13.9071750,13.9060940,13.9052090,13.9043437,13.9041452,13.9035583,13.9029328,13.9026350,13.9034633,13.9040630,13.9041800,13.9048301,13.9051027,13.9051509,13.9048741,13.9035963,13.9021866,13.9023121,13.9017209,13.9005676,13.8982813,13.8984358,13.8980946,13.8969487,13.8956999,13.8942880,13.8940852,13.8924319,13.8923053,13.8912550,13.8909674,13.8894021,13.8901638,13.8906445,13.8909653,13.8903366,13.8893946,13.8884504,13.8863454,13.8864753,13.8847565,13.8845044,13.8846782,13.8846921,13.8837297,13.8830388,13.8819091,13.8801334,13.8789028,13.8773032,13.8766158,13.8761992,13.8762872,13.8744643,13.8738088,13.8718980,13.8703788,13.8695097,13.8686858,13.8679455,13.8665904,13.8666703,13.8669488,13.8668039,13.8661205,13.8644779,13.8640337,13.8610029,13.8585835,13.8568444,13.8554442,13.8534637,13.8523758,13.8507096,13.8503480,13.8500541,13.8504564,13.8510175,13.8493739,13.8483868,13.8496091,13.8526110,13.8555819,13.8572995,13.8587715,13.8579626,13.8575570,13.8567406,13.8558662,13.8545594,13.8541603,13.8525091,13.8509375,13.8502775,13.8503076,13.8530316,13.8522827,13.8517538,13.8516637,13.8507356,13.8508268,13.8506294,13.8508966,13.8511122,13.8510940,13.8507217]}}