{"id":1334080,"name":"Mittenwalde","polygon":{"numberOfPoints":302,"box":{"min":{"x":53.1619537,"y":13.6232437},"max":{"x":53.2150774,"y":13.7363673},"center":{"x":53.18851555,"y":13.6798055},"area":{"x":0.0531237,"y":0.1131236}},"pointsx":[53.2010579,53.2010856,53.2010123,53.2003156,53.1997597,53.1990842,53.1989120,53.1983779,53.1978355,53.1961181,53.1961258,53.1962846,53.1964345,53.1966214,53.1966568,53.1965937,53.1966625,53.1968180,53.1940548,53.1924890,53.1912928,53.1904037,53.1902250,53.1895353,53.1889104,53.1881763,53.1876086,53.1872011,53.1868738,53.1860053,53.1851380,53.1846166,53.1843215,53.1837063,53.1833109,53.1829849,53.1821709,53.1816649,53.1808876,53.1799250,53.1792377,53.1792403,53.1797084,53.1801578,53.1802562,53.1801417,53.1799778,53.1794479,53.1791599,53.1789528,53.1786886,53.1784359,53.1775639,53.1770360,53.1767016,53.1763483,53.1756162,53.1752188,53.1747828,53.1747404,53.1743950,53.1744285,53.1739921,53.1735458,53.1728722,53.1732008,53.1723307,53.1724092,53.1722182,53.1718638,53.1714908,53.1710329,53.1696666,53.1690929,53.1679661,53.1677616,53.1678915,53.1684524,53.1687206,53.1686106,53.1682517,53.1682002,53.1683858,53.1682131,53.1681124,53.1681895,53.1676011,53.1675908,53.1675420,53.1673046,53.1672482,53.1672150,53.1673934,53.1680436,53.1669415,53.1658948,53.1660376,53.1642450,53.1633856,53.1626934,53.1623616,53.1621698,53.1619537,53.1621981,53.1666299,53.1696618,53.1709763,53.1727852,53.1729892,53.1731976,53.1737037,53.1745660,53.1755209,53.1759877,53.1774623,53.1776054,53.1799726,53.1818655,53.1830524,53.1835268,53.1842469,53.1851251,53.1865343,53.1870962,53.1876067,53.1876574,53.1878677,53.1905651,53.1913886,53.1920539,53.1921516,53.1925489,53.1928806,53.1930098,53.1935176,53.1938896,53.1948089,53.1952068,53.1959948,53.1967795,53.1975174,53.1982302,53.1987006,53.1991904,53.1995381,53.1997206,53.2004912,53.2012392,53.2021100,53.2029815,53.2035026,53.2040302,53.2042429,53.2048329,53.2053861,53.2058321,53.2061161,53.2063417,53.2066019,53.2071333,53.2079282,53.2103512,53.2110664,53.2115065,53.2120166,53.2128435,53.2129817,53.2150774,53.2131346,53.2123141,53.2119672,53.2115155,53.2112193,53.2108511,53.2105408,53.2104367,53.2103249,53.2098861,53.2094094,53.2090149,53.2075408,53.2068486,53.2062479,53.2056855,53.2055539,53.2058501,53.2060943,53.2061919,53.2060764,53.2050804,53.2043103,53.2037908,53.2023858,53.2020475,53.2043250,53.2065392,53.2081743,53.2084659,53.2083118,53.2070362,53.2061740,53.2054703,53.2050250,53.2042307,53.2038471,53.2025211,53.2012244,53.1994027,53.1991301,53.1989358,53.1984232,53.1971584,53.1965809,53.1966146,53.1975838,53.1997240,53.2019009,53.2042034,53.2051868,53.2037797,53.2018742,53.1985972,53.1979982,53.1974013,53.1954782,53.1955412,53.1961197,53.1956582,53.1947146,53.1938546,53.1919905,53.1927539,53.1933018,53.1958909,53.1978479,53.1987503,53.2007549,53.2027903,53.2046544,53.2072647,53.2076346,53.2089557,53.2101347,53.2108890,53.2121220,53.2121927,53.2124086,53.2126591,53.2127897,53.2130838,53.2133806,53.2137384,53.2139741,53.2132971,53.2131571,53.2133389,53.2137994,53.2137687,53.2141270,53.2145005,53.2145564,53.2134498,53.2130055,53.2126919,53.2113851,53.2102574,53.2093720,53.2090101,53.2059687,53.2044556,53.2038474,53.2038112,53.2021884,53.2015920,53.1994615,53.1980707,53.1970076,53.1954532,53.1936139,53.1944778,53.1947844,53.1954779,53.1965205,53.1977243,53.1986742,53.1994898,53.2003613,53.2002244,53.2000245,53.1998947,53.1998323,53.1998298,53.2001055,53.2003388,53.2001787,53.2002739,53.2003156,53.2004551,53.2007077,53.2005290,53.2005386,53.2008356],"pointsy":[13.7078662,13.7084917,13.7089820,13.7095238,13.7097662,13.7106707,13.7112243,13.7116502,13.7125547,13.7135439,13.7150609,13.7151210,13.7173587,13.7191078,13.7249480,13.7271019,13.7285996,13.7299397,13.7330371,13.7347108,13.7358137,13.7363673,13.7352558,13.7358126,13.7362547,13.7361324,13.7354511,13.7344018,13.7335371,13.7324964,13.7317582,13.7313226,13.7308141,13.7300899,13.7299579,13.7299129,13.7269957,13.7250666,13.7245291,13.7232824,13.7225260,13.7218362,13.7202515,13.7192291,13.7186841,13.7180339,13.7175339,13.7172721,13.7162368,13.7144633,13.7133304,13.7128368,13.7126072,13.7121566,13.7120901,13.7123289,13.7121770,13.7117833,13.7109110,13.7099722,13.7092201,13.7084086,13.7073056,13.7056877,13.7042999,13.7029663,13.7013656,13.7005362,13.7000521,13.6996586,13.6996103,13.6999064,13.7009906,13.7010378,13.6977655,13.6955726,13.6934418,13.6921179,13.6904569,13.6887190,13.6870946,13.6857964,13.6840193,13.6806981,13.6786376,13.6768717,13.6763116,13.6751100,13.6741143,13.6723376,13.6711362,13.6704293,13.6700921,13.6682639,13.6668739,13.6655538,13.6649744,13.6620337,13.6605037,13.6597882,13.6590961,13.6582862,13.6568099,13.6561662,13.6504069,13.6466411,13.6455103,13.6446747,13.6438495,13.6381846,13.6366698,13.6345519,13.6332588,13.6323826,13.6296145,13.6289001,13.6260568,13.6232437,13.6238338,13.6236771,13.6239260,13.6241578,13.6253837,13.6270095,13.6280073,13.6290630,13.6296938,13.6315542,13.6315770,13.6319160,13.6317905,13.6318087,13.6316285,13.6313828,13.6304247,13.6299918,13.6295599,13.6303764,13.6319589,13.6330339,13.6331949,13.6332206,13.6328076,13.6322894,13.6322175,13.6316553,13.6307079,13.6302992,13.6306124,13.6313098,13.6322271,13.6328891,13.6322121,13.6318345,13.6313871,13.6307616,13.6300792,13.6295535,13.6290932,13.6289924,13.6288132,13.6293572,13.6293851,13.6291136,13.6277317,13.6266975,13.6261653,13.6289420,13.6285654,13.6294741,13.6302820,13.6310276,13.6319975,13.6331348,13.6340575,13.6346658,13.6354801,13.6371817,13.6367376,13.6351565,13.6350228,13.6354216,13.6357215,13.6361329,13.6364365,13.6372697,13.6375175,13.6381516,13.6387475,13.6406152,13.6409663,13.6416184,13.6428740,13.6440410,13.6442857,13.6435629,13.6440771,13.6445183,13.6447659,13.6456030,13.6466010,13.6473655,13.6483290,13.6484588,13.6488311,13.6486716,13.6483139,13.6467821,13.6465403,13.6463679,13.6459131,13.6463637,13.6474036,13.6482198,13.6480352,13.6485781,13.6501209,13.6508013,13.6510905,13.6517796,13.6518434,13.6532258,13.6524905,13.6532684,13.6526937,13.6521143,13.6516337,13.6511895,13.6510200,13.6515135,13.6517989,13.6535260,13.6539618,13.6544126,13.6549638,13.6548562,13.6544123,13.6530199,13.6537902,13.6528140,13.6511376,13.6503729,13.6490321,13.6488347,13.6473831,13.6469099,13.6467200,13.6473466,13.6479763,13.6485354,13.6486921,13.6489056,13.6492128,13.6508270,13.6510856,13.6515480,13.6514317,13.6530865,13.6539239,13.6546293,13.6554919,13.6582194,13.6596332,13.6599305,13.6569704,13.6569854,13.6580540,13.6584009,13.6608039,13.6619271,13.6626782,13.6627528,13.6651300,13.6668820,13.6715533,13.6748492,13.6767579,13.6788654,13.6804765,13.6839087,13.6848689,13.6863441,13.6885092,13.6900359,13.6912000,13.6921795,13.6932127,13.6944262,13.6956600,13.6969421,13.6981029,13.6992391,13.7003828,13.7009697,13.7019063,13.7027249,13.7034899,13.7039373,13.7044040,13.7062354,13.7068276,13.7071795]}}