{
  "numberOfPolygons": 1,
  "box": {
    "min": {
      "x": 53.2185797,
      "y": 13.9058393
    },
    "max": {
      "x": 53.2863132,
      "y": 14.0440375
    },
    "center": {
      "x": 53.25244645,
      "y": 13.9749384
    }
  },
  "polygons": [
    {
      "numberOfPoints": 208,
      "box": {
        "min": {
          "x": 53.2185797,
          "y": 13.9058393
        },
        "max": {
          "x": 53.2863132,
          "y": 14.0440375
        },
        "center": {
          "x": 53.25244645,
          "y": 13.9749384
        }
      },
      "pointsx": [
        53.2858540,
        53.2830144,
        53.2826777,
        53.2820599,
        53.2815577,
        53.2814531,
        53.2813794,
        53.2807328,
        53.2802606,
        53.2794229,
        53.2787570,
        53.2775433,
        53.2773380,
        53.2770454,
        53.2766079,
        53.2765489,
        53.2748193,
        53.2710942,
        53.2703551,
        53.2696884,
        53.2669864,
        53.2655041,
        53.2631682,
        53.2600506,
        53.2583652,
        53.2575334,
        53.2565258,
        53.2558082,
        53.2558342,
        53.2549879,
        53.2539622,
        53.2535835,
        53.2517541,
        53.2502854,
        53.2495382,
        53.2488706,
        53.2464580,
        53.2459002,
        53.2437398,
        53.2434637,
        53.2429841,
        53.2421687,
        53.2421096,
        53.2415704,
        53.2411511,
        53.2408416,
        53.2400294,
        53.2399459,
        53.2396627,
        53.2392903,
        53.2383503,
        53.2378340,
        53.2372047,
        53.2366474,
        53.2362891,
        53.2354736,
        53.2356045,
        53.2360810,
        53.2365267,
        53.2383111,
        53.2337076,
        53.2310959,
        53.2278190,
        53.2283971,
        53.2288723,
        53.2291736,
        53.2292746,
        53.2289905,
        53.2289289,
        53.2290702,
        53.2293097,
        53.2296595,
        53.2299006,
        53.2301157,
        53.2310765,
        53.2315511,
        53.2318536,
        53.2314072,
        53.2313289,
        53.2318889,
        53.2324707,
        53.2327387,
        53.2327344,
        53.2330612,
        53.2332500,
        53.2335207,
        53.2311638,
        53.2310454,
        53.2306132,
        53.2304137,
        53.2301016,
        53.2297753,
        53.2289032,
        53.2276020,
        53.2261864,
        53.2256064,
        53.2251458,
        53.2254972,
        53.2274632,
        53.2245967,
        53.2226344,
        53.2214653,
        53.2212173,
        53.2209816,
        53.2206212,
        53.2197591,
        53.2188799,
        53.2186170,
        53.2185797,
        53.2191238,
        53.2196339,
        53.2204658,
        53.2205561,
        53.2212026,
        53.2220434,
        53.2231482,
        53.2246476,
        53.2253886,
        53.2260746,
        53.2265936,
        53.2269032,
        53.2274427,
        53.2273194,
        53.2273155,
        53.2343465,
        53.2344493,
        53.2393256,
        53.2425578,
        53.2479455,
        53.2503759,
        53.2507944,
        53.2516995,
        53.2523388,
        53.2527959,
        53.2528947,
        53.2541669,
        53.2550463,
        53.2549340,
        53.2568832,
        53.2568627,
        53.2570642,
        53.2574365,
        53.2578440,
        53.2578793,
        53.2577895,
        53.2579551,
        53.2587342,
        53.2592740,
        53.2599485,
        53.2623051,
        53.2627902,
        53.2635192,
        53.2643111,
        53.2646731,
        53.2649362,
        53.2643471,
        53.2641558,
        53.2669360,
        53.2684288,
        53.2696943,
        53.2708622,
        53.2724108,
        53.2743631,
        53.2754056,
        53.2762480,
        53.2780564,
        53.2797750,
        53.2817058,
        53.2843146,
        53.2840394,
        53.2838098,
        53.2838970,
        53.2841093,
        53.2841170,
        53.2838835,
        53.2834993,
        53.2833030,
        53.2831029,
        53.2827206,
        53.2822870,
        53.2813548,
        53.2808429,
        53.2801386,
        53.2795933,
        53.2795266,
        53.2797357,
        53.2802014,
        53.2803913,
        53.2804260,
        53.2803778,
        53.2805585,
        53.2805395,
        53.2805876,
        53.2815222,
        53.2819650,
        53.2825646,
        53.2784976,
        53.2792341,
        53.2803622,
        53.2829227,
        53.2851484,
        53.2856320,
        53.2861054,
        53.2861015,
        53.2861400,
        53.2863132,
        53.2862484,
        53.2859630
      ],