{"id":1384806,"name":"Steinhöfel","polygon":{"numberOfPoints":627,"box":{"min":{"x":52.3621341,"y":13.9772591},"max":{"x":52.4989026,"y":14.2848990},"center":{"x":52.43051835,"y":14.13107905},"area":{"x":0.1367685,"y":0.3076399}},"pointsx":[52.4117260,52.4127185,52.4142145,52.4174510,52.4223000,52.4275178,52.4288504,52.4356000,52.4421676,52.4485619,52.4520391,52.4518979,52.4520110,52.4553337,52.4567492,52.4590000,52.4604467,52.4617628,52.4620740,52.4625065,52.4626814,52.4625701,52.4621246,52.4617880,52.4616814,52.4627118,52.4632924,52.4636822,52.4638497,52.4639775,52.4638961,52.4639288,52.4644301,52.4646233,52.4647199,52.4648486,52.4652565,52.4656935,52.4658234,52.4658495,52.4656985,52.4656292,52.4657067,52.4659397,52.4660675,52.4664175,52.4664491,52.4682854,52.4681223,52.4676092,52.4670743,52.4665510,52.4661631,52.4661324,52.4661883,52.4660700,52.4655979,52.4653919,52.4651094,52.4650820,52.4649800,52.4647123,52.4644653,52.4642126,52.4638779,52.4635629,52.4636041,52.4639495,52.4638943,52.4640747,52.4643143,52.4647921,52.4645820,52.4641077,52.4619160,52.4617708,52.4615302,52.4587098,52.4556784,52.4537078,52.4524905,52.4486967,52.4470966,52.4465329,52.4497553,52.4530618,52.4549585,52.4578110,52.4590480,52.4599939,52.4603437,52.4614993,52.4628753,52.4643186,52.4652357,52.4661202,52.4673831,52.4681950,52.4688953,52.4689359,52.4692725,52.4697708,52.4703437,52.4707667,52.4713606,52.4717782,52.4720050,52.4726978,52.4731297,52.4734970,52.4737944,52.4740349,52.4744205,52.4748594,52.4753778,52.4758810,52.4760999,52.4764554,52.4770115,52.4775703,52.4778610,52.4783034,52.4786700,52.4791562,52.4794907,52.4800867,52.4805055,52.4805121,52.4800171,52.4795522,52.4756294,52.4745427,52.4736800,52.4719641,52.4715101,52.4685545,52.4676196,52.4659978,52.4657348,52.4653459,52.4645866,52.4635899,52.4635031,52.4627041,52.4614777,52.4607604,52.4604312,52.4597317,52.4581529,52.4584000,52.4568794,52.4552240,52.4550190,52.4547578,52.4540576,52.4534665,52.4530193,52.4526401,52.4504412,52.4499155,52.4520183,52.4525178,52.4545159,52.4540203,52.4582428,52.4602710,52.4618824,52.4627335,52.4618647,52.4615098,52.4613862,52.4609979,52.4601180,52.4598036,52.4595512,52.4597696,52.4601834,52.4604468,52.4618856,52.4621226,52.4622066,52.4633815,52.4652084,52.4654374,52.4660323,52.4660488,52.4661462,52.4661364,52.4659560,52.4658135,52.4656442,52.4658063,52.4659635,52.4662528,52.4668352,52.4671544,52.4674443,52.4672143,52.4672345,52.4672750,52.4672143,52.4670469,52.4667616,52.4668566,52.4676805,52.4679095,52.4680465,52.4685924,52.4688704,52.4694164,52.4701665,52.4709155,52.4715861,52.4724911,52.4736852,52.4745139,52.4748576,52.4755373,52.4760764,52.4768985,52.4777160,52.4788844,52.4797600,52.4806480,52.4822044,52.4831479,52.4842808,52.4850087,52.4857796,52.4872751,52.4887137,52.4894584,52.4902704,52.4910119,52.4921205,52.4924295,52.4936399,52.4958360,52.4976103,52.4989026,52.4980699,52.4975074,52.4972904,52.4973586,52.4976224,52.4972545,52.4972215,52.4970535,52.4969316,52.4965306,52.4964966,52.4960957,52.4957907,52.4952076,52.4947870,52.4944832,52.4939776,52.4937398,52.4931010,52.4923204,52.4919879,52.4914914,52.4910413,52.4902169,52.4896146,52.4894856,52.4885765,52.4868869,52.4862310,52.4851822,52.4849612,52.4833934,52.4832864,52.4821195,52.4817836,52.4809827,52.4796428,52.4790669,52.4786210,52.4780453,52.4774611,52.4765682,52.4754514,52.4745381,52.4734330,52.4723435,52.4716724,52.4693607,52.4679574,52.4664920,52.4649717,52.4638309,52.4632210,52.4630727,52.4629740,52.4628361,52.4622521,52.4609893,52.4597053,52.4589718,52.4572982,52.4560939,52.4528857,52.4517993,52.4511870,52.4502219,52.4495862,52.4491566,52.4485929,52.4483777,52.4470579,52.4467489,52.4456810,52.4437123,52.4391958,52.4369571,52.4342714,52.4334665,52.4318066,52.4300139,52.4280871,52.4264674,52.4262371,52.4249240,52.4241775,52.4222667,52.4209048,52.4196380,52.4181161,52.4150065,52.4127141,52.4103242,52.4101848,52.4097450,52.4094380,52.4094033,52.4093412,52.4091330,52.4084249,52.4080571,52.4068914,52.4064522,52.4059921,52.4054030,52.4033301,52.4027000,52.4025380,52.4030126,52.4035448,52.4037882,52.4037136,52.4030000,52.4024143,52.4020340,52.4017244,52.4007523,52.3997141,52.3995059,52.3995760,52.4001258,52.4014000,52.4015660,52.4020360,52.4039185,52.4054528,52.4069542,52.4078000,52.4080166,52.4080290,52.4088110,52.4106527,52.4114368,52.4121802,52.4134904,52.4147000,52.4158567,52.4167872,52.4173591,52.4175776,52.4174612,52.4173506,52.4165000,52.4161007,52.4163867,52.4149045,52.4133961,52.4126534,52.4120382,52.4141683,52.4135859,52.4119525,52.4118896,52.4102044,52.4096357,52.4094177,52.4080741,52.4079347,52.4065229,52.4063920,52.4068691,52.4082279,52.4091848,52.4097319,52.4095794,52.4095290,52.4089197,52.4082168,52.4081939,52.4066525,52.4057813,52.4055810,52.4054266,52.4051765,52.4047334,52.4042078,52.4037784,52.4026000,52.4016000,52.4012590,52.4009794,52.4006116,52.4004000,52.4003065,52.4000296,52.3994738,52.3989914,52.3987780,52.3991275,52.3985783,52.3984513,52.3981004,52.3973299,52.3964389,52.3956448,52.3950883,52.3938516,52.3929992,52.3925369,52.3925055,52.3927792,52.3934000,52.3935242,52.3934000,52.3941370,52.3942758,52.3941881,52.3938765,52.3933985,52.3927000,52.3904509,52.3889816,52.3889777,52.3885000,52.3889109,52.3886000,52.3879156,52.3856460,52.3837994,52.3822762,52.3809481,52.3799683,52.3791497,52.3779721,52.3761291,52.3746030,52.3735445,52.3729542,52.3718113,52.3695226,52.3668668,52.3640131,52.3640000,52.3628377,52.3627067,52.3629334,52.3625966,52.3624735,52.3621904,52.3621341,52.3625442,52.3640000,52.3669808,52.3681050,52.3694000,52.3709611,52.3722266,52.3732130,52.3733480,52.3742886,52.3743685,52.3746161,52.3776263,52.3797000,52.3831765,52.3837298,52.3837822,52.3835773,52.3837109,52.3839171,52.3840245,52.3832570,52.3765082,52.3747011,52.3746445,52.3747089,52.3749624,52.3756966,52.3758532,52.3754799,52.3761781,52.3769000,52.3777395,52.3780827,52.3779130,52.3770000,52.3765419,52.3764000,52.3759606,52.3757287,52.3759069,52.3759508,52.3763071,52.3774578,52.3789020,52.3789164,52.3788041,52.3793998,52.3799607,52.3803991,52.3805062,52.3826339,52.3835332,52.3844473,52.3858850,52.3872466,52.3919372,52.3935356,52.3953632,52.3953949,52.3954427,52.3954905,52.3958824,52.3967889,52.3975955,52.3979460,52.3980543,52.3980441,52.3980257,52.3997785,52.4006641,52.4055172,52.4089117,52.4110260,52.4110476,52.4112635,52.4114239,52.4115000,52.4119052,52.4124229,52.4137752,52.4138315,52.4138456,52.4139843,52.4143626,52.4147295,52.4150633,52.4156425,52.4159663,52.4166403,52.4170395,52.4173601,52.4179098,52.4196438,52.4205795,52.4217637,52.4222675,52.4227321,52.4233013,52.4242304,52.4248650,52.4249898,52.4252772,52.4260034,52.4265009,52.4268320,52.4268707,52.4268702,52.4268669,52.4267900,52.4267846,52.4266910,52.4229938,52.4229349,52.4228790,52.4226214,52.4224638,52.4204585,52.4198532,52.4182159,52.4155205,52.4153643,52.4153441,52.4153607,52.4155731,52.4155937,52.4156260,52.4156064,52.4156261,52.4155924,52.4154952,52.4154886,52.4155214,52.4157244,52.4157702,52.4156916,52.4156458,52.4154430,52.4152347,52.4151738,52.4151327,52.4150961,52.4148174,52.4147804,52.4134076,52.4127990,52.4121184,52.4118174],