{
  "id": 1384849,
  "name": "Beeskow",
  "polygon": {
    "numberOfPoints": 395,
    "box": {
      "min": {
        "x": 52.1309459,
        "y": 14.1767723
      },
      "max": {
        "x": 52.2437052,
        "y": 14.3775566
      },
      "center": {
        "x": 52.18732555,
        "y": 14.27716445
      },
      "area": {
        "x": 0.1127593,
        "y": 0.2007843
      }
    },
    "pointsx": [
      52.1811227,
      52.1805470,
      52.1802602,
      52.1795000,
      52.1786840,
      52.1778076,
      52.1754485,
      52.1737000,
      52.1727000,
      52.1718834,
      52.1707569,
      52.1701831,
      52.1701733,
      52.1697903,
      52.1694000,
      52.1690316,
      52.1689006,
      52.1675516,
      52.1666389,
      52.1661019,
      52.1657788,
      52.1654767,
      52.1650000,
      52.1639309,
      52.1634267,
      52.1631688,
      52.1628825,
      52.1621592,
      52.1616656,
      52.1611588,
      52.1606000,
      52.1598320,
      52.1588374,
      52.1584807,
      52.1577435,
      52.1574980,
      52.1573420,
      52.1564679,
      52.1558670,
      52.1550962,
      52.1539929,
      52.1534202,
      52.1529924,
      52.1523611,
      52.1519325,
      52.1515626,
      52.1508700,
      52.1505356,
      52.1505113,
      52.1505000,
      52.1504593,
      52.1503269,
      52.1503177,
      52.1504230,
      52.1495547,
      52.1501373,
      52.1504230,
      52.1502637,
      52.1502104,
      52.1501479,
      52.1493164,
      52.1487687,
      52.1480998,
      52.1471860,
      52.1451000,
      52.1449018,
      52.1429348,
      52.1419819,
      52.1414658,
      52.1410971,
      52.1406303,
      52.1399922,
      52.1400732,
      52.1401568,
      52.1400264,
      52.1403544,
      52.1402148,
      52.1402490,
      52.1402626,
      52.1403392,
      52.1404248,
      52.1402682,
      52.1402306,
      52.1403445,
      52.1407646,
      52.1413743,
      52.1412393,
      52.1409000,
      52.1408820,
      52.1414897,
      52.1421560,
      52.1426240,
      52.1471268,
      52.1487753,
      52.1497707,
      52.1503488,
      52.1506773,
      52.1512290,
      52.1490682,
      52.1514079,
      52.1513000,
      52.1497000,
      52.1491090,
      52.1488655,
      52.1484652,
      52.1476640,
      52.1473835,
      52.1479471,
      52.1489464,
      52.1488477,
      52.1482565,
      52.1478878,
      52.1473000,
      52.1490000,
      52.1501643,
      52.1499319,
      52.1507371,
      52.1505527,
      52.1506015,
      52.1510234,
      52.1513124,
      52.1510182,
      52.1510484,
      52.1506000,
      52.1509000,
      52.1514875,
      52.1513756,
      52.1508700,
      52.1506600,
      52.1506462,
      52.1510932,
      52.1506153,
      52.1502276,
      52.1497384,
      52.1478608,
      52.1461662,
      52.1439211,
      52.1423014,
      52.1414527,
      52.1392890,
      52.1377277,
      52.1356441,
      52.1341706,
      52.1339764,
      52.1332348,
      52.1325492,
      52.1321844,
      52.1319526,
      52.1318070,
      52.1311991,
      52.1309459,
      52.1310825,
      52.1312686,
      52.1319565,
      52.1325502,
      52.1329148,
      52.1334436,
      52.1341532,
      52.1344680,
      52.1351838,
      52.1355542,
      52.1356379,
      52.1370277,
      52.1378801,
      52.1384793,
      52.1396521,
      52.1405591,
      52.1411968,
      52.1413386,
      52.1416544,
      52.1418846,
      52.1423033,
      52.1425242,
      52.1430055,
      52.1433084,
      52.1432702,
      52.1433000,
      52.1432162,
      52.1434213,
      52.1441271,
      52.1443000,
      52.1452974,
      52.1456171,
      52.1476840,
      52.1532369,
      52.1553282,
      52.1556349,
      52.1568411,
      52.1576000,
      52.1590359,
      52.1599010,
      52.1599195,
      52.1607389,
      52.1620048,
      52.1621572,
      52.1624188,
      52.1633000,
      52.1642053,
      52.1646182,
      52.1647364,
      52.1660963,
      52.1672881,
      52.1683304,
      52.1691474,
      52.1699000,
      52.1704960,
      52.1710086,
      52.1716140,
      52.1741534,
      52.1744762,
      52.1752016,
      52.1758690,
      52.1786842,
      52.1799105,
      52.1813374,
      52.1813695,
      52.1816730,
      52.1816736,
      52.1813388,
      52.1811118,
      52.1804164,
      52.1801703,
      52.1801303,
      52.1831874,
      52.1847036,
      52.1859468,
      52.1886463,
      52.1919835,
      52.1936560,
      52.1950989,
      52.1954278,
      52.1961025,
      52.1964944,
      52.1968737,
      52.1972737,
      52.1974881,
      52.1994737,
      52.1999094,
      52.1999929,
      52.2012443,
      52.2020655,
      52.2034424,
      52.2031873,
      52.2048607,
      52.2046516,
      52.2044997,
      52.2047206,
      52.2043715,
      52.2027395,
      52.2021648,
      52.2038862,
      52.2034628,
      52.2029925,
      52.2034679,
      52.2086447,
      52.2093103,
      52.2112909,
      52.2138599,
      52.2172532,
      52.2189737,
      52.2219271,
      52.2252757,
      52.2266309,
      52.2282475,
      52.2289710,
      52.2305737,
      52.2321548,
      52.2334815,
      52.2373737,
      52.2397737,
      52.2409663,
      52.2423256,
      52.2437052,
      52.2433787,
      52.2424852,
      52.2416253,
      52.2416279,
      52.2421528,
      52.2412922,
      52.2409683,
      52.2401057,
      52.2400374,
      52.2402358,
      52.2397930,
      52.2370315,
      52.2355112,
      52.2336398,
      52.2334256,
      52.2337318,
      52.2339717,
      52.2337371,
      52.2331812,
      52.2321745,
      52.2315877,
      52.2310088,
      52.2297267,
      52.2290762,
      52.2288889,
      52.2273643,
      52.2259553,
      52.2244904,
      52.2236320,
      52.2232456,
      52.2225496,
      52.2220139,
      52.2211588,
      52.2199000,
      52.2192520,
      52.2191554,
      52.2193276,
      52.2190969,
      52.2185645,
      52.2179000,
      52.2173827,
      52.2168838,
      52.2162922,
      52.2152000,
      52.2145535,
      52.2139796,
      52.2129981,
      52.2124847,
      52.2120370,
      52.2113875,
      52.2106124,
      52.2095217,
      52.2089465,
      52.2084383,
      52.2082568,
      52.2077137,
      52.2067000,
      52.2052000,
      52.2037735,
      52.2025184,
      52.2006470,
      52.2000289,
      52.1997915,
      52.1993878,
      52.1986506,
      52.1976464,
      52.1965890,
      52.1946522,
      52.1875319,
      52.1867000,
      52.1872000,
      52.1875326,
      52.1883409,
      52.1885205,
      52.1885000,
      52.1886632,
      52.1884000,
      52.1879904,
      52.1878000,
      52.1874582,
      52.1869886,
      52.1869557,
      52.1873142,
      52.1875924,
      52.1882000,
      52.1883054,
      52.1881650,
      52.1883745,
      52.1887770,
      52.1890089,
      52.1899425,
      52.1900083,
      52.1906385,
      52.1886764,
      52.1888672,
      52.1889064,
      52.1890000,
      52.1887000,
      52.1885863,
      52.1886265,
      52.1887817,
      52.1887105,
      52.1891000,
      52.1891000,
      52.1892783,
      52.1891494,
      52.1899715,
      52.1907654,
      52.1917980,
      52.1920269,
      52.1924767,
      52.1929608,
      52.1934534,
      52.1937520,
      52.1918282,
      52.1916888,
      52.1892789,
      52.1878174,
      52.1870478,
      52.1854889,
      52.1833000,
      52.1824568
    ],