{"id":1384800,"name":"Wendisch Rietz","polygon":{"numberOfPoints":251,"box":{"min":{"x":52.1758368,"y":13.9338911},"max":{"x":52.2299719,"y":14.0558852},"center":{"x":52.20290435,"y":13.99488815},"area":{"x":0.0541351,"y":0.1219941}},"pointsx":[52.2201112,52.2203255,52.2205516,52.2207750,52.2208220,52.2208762,52.2210087,52.2220117,52.2228434,52.2234744,52.2238996,52.2247264,52.2269510,52.2283409,52.2288791,52.2292642,52.2297426,52.2293825,52.2298000,52.2299719,52.2294607,52.2292359,52.2290026,52.2287989,52.2278585,52.2270160,52.2262024,52.2256708,52.2244779,52.2237366,52.2221605,52.2215920,52.2210044,52.2214047,52.2222315,52.2230189,52.2246337,52.2256432,52.2266868,52.2267512,52.2262070,52.2251680,52.2246127,52.2249544,52.2246666,52.2243702,52.2242111,52.2239173,52.2221513,52.2214211,52.2204898,52.2205792,52.2200264,52.2196563,52.2179585,52.2119244,52.2117357,52.2114641,52.2108633,52.2102219,52.2093216,52.2087740,52.2066385,52.2065143,52.2063808,52.2053525,52.2045878,52.2035838,52.2019899,52.2012844,52.2015882,52.2016039,52.2011000,52.2004230,52.1999370,52.1968680,52.1963158,52.1958443,52.1935501,52.1922946,52.1908575,52.1903077,52.1899394,52.1884516,52.1875011,52.1864211,52.1852147,52.1842306,52.1835103,52.1829090,52.1810776,52.1808934,52.1804339,52.1800790,52.1798079,52.1792678,52.1786586,52.1785171,52.1788375,52.1784487,52.1782152,52.1779744,52.1777967,52.1774605,52.1773165,52.1771000,52.1767000,52.1763579,52.1760513,52.1758368,52.1763467,52.1768263,52.1772849,52.1781185,52.1788277,52.1794000,52.1801961,52.1810842,52.1825985,52.1831123,52.1831794,52.1830728,52.1828888,52.1827735,52.1819736,52.1818032,52.1810243,52.1805855,52.1800599,52.1799000,52.1798204,52.1794770,52.1797079,52.1802270,52.1803395,52.1806191,52.1802921,52.1838267,52.1844424,52.1861448,52.1911101,52.1913127,52.1937692,52.1953798,52.1967325,52.1978103,52.1991742,52.1994977,52.2004657,52.2027428,52.2027349,52.2029378,52.2031866,52.2035509,52.2036916,52.2060514,52.2067273,52.2074781,52.2081185,52.2087931,52.2097595,52.2106411,52.2108180,52.2108705,52.2107542,52.2105990,52.2133000,52.2152533,52.2162269,52.2173200,52.2187523,52.2187930,52.2185610,52.2202634,52.2213643,52.2223443,52.2244546,52.2245775,52.2247116,52.2249587,52.2251549,52.2253314,52.2255588,52.2257799,52.2253000,52.2248289,52.2247044,52.2234954,52.2225516,52.2221731,52.2215789,52.2212572,52.2194122,52.2193942,52.2190533,52.2189528,52.2190540,52.2189784,52.2183960,52.2160625,52.2152376,52.2151000,52.2152750,52.2151028,52.2132359,52.2125759,52.2113097,52.2102447,52.2100810,52.2094000,52.2098101,52.2095031,52.2091980,52.2088000,52.2077359,52.2071547,52.2067792,52.2066425,52.2066537,52.2071757,52.2074913,52.2074571,52.2071829,52.2067000,52.2062000,52.2053081,52.2052000,52.2043240,52.2040000,52.2033343,52.2033363,52.2033859,52.2036469,52.2045425,52.2050579,52.2058614,52.2067490,52.2078779,52.2089653,52.2111670,52.2119198,52.2121000,52.2120371,52.2120808,52.2125594,52.2133121,52.2157716,52.2170311,52.2177715,52.2185997,52.2192840],"pointsy":[14.0193484,14.0183641,14.0170777,14.0162642,14.0151339,14.0141774,14.0134044,14.0147090,14.0158645,14.0158779,14.0157481,14.0133534,14.0147847,14.0159734,14.0145701,14.0137043,14.0123599,14.0107850,14.0084000,14.0074998,14.0066586,14.0052285,14.0033992,14.0014434,14.0012728,14.0011987,14.0007310,13.9997364,13.9992418,13.9992354,13.9996870,13.9992515,13.9981088,13.9979825,13.9979490,13.9974039,13.9967152,13.9958654,13.9946284,13.9942379,13.9942186,13.9948505,13.9942583,13.9939965,13.9929214,13.9929912,13.9924590,13.9928764,13.9937615,13.9941907,13.9948891,13.9962924,13.9948387,13.9938237,13.9937561,13.9941110,13.9936979,13.9913208,13.9884805,13.9865958,13.9828618,13.9812117,13.9754761,13.9745448,13.9737788,13.9697565,13.9679895,13.9651582,13.9618826,13.9597133,13.9589880,13.9562833,13.9541000,13.9518952,13.9491894,13.9422778,13.9402871,13.9392928,13.9402984,13.9404089,13.9404958,13.9406868,13.9399744,13.9384552,13.9376956,13.9376323,13.9372793,13.9367857,13.9360315,13.9348310,13.9338911,13.9350691,13.9351560,13.9354221,13.9361495,13.9364338,13.9366270,13.9395495,13.9398016,13.9451371,13.9497923,13.9540173,13.9572242,13.9628096,13.9649522,13.9685000,13.9749000,13.9818233,13.9861953,13.9886296,13.9887702,13.9891371,13.9899139,13.9913633,13.9931046,13.9940000,13.9946989,13.9952922,13.9955680,13.9961098,13.9969928,13.9975539,13.9984439,14.0050405,14.0076765,14.0089114,14.0123876,14.0147887,14.0169023,14.0182000,14.0196746,14.0222849,14.0249339,14.0273135,14.0294432,14.0310901,14.0328174,14.0370961,14.0363633,14.0382580,14.0441599,14.0438778,14.0478120,14.0455643,14.0436085,14.0416333,14.0390090,14.0366229,14.0345662,14.0318325,14.0304195,14.0290717,14.0289561,14.0289872,14.0286149,14.0304893,14.0325149,14.0338924,14.0351692,14.0363021,14.0377964,14.0392952,14.0399540,14.0408112,14.0425975,14.0447905,14.0464000,14.0475875,14.0481958,14.0488192,14.0496035,14.0515282,14.0526998,14.0535742,14.0547748,14.0551750,14.0558852,14.0548198,14.0518501,14.0494340,14.0476524,14.0473542,14.0464079,14.0453865,14.0445000,14.0437686,14.0433958,14.0430240,14.0422397,14.0416502,14.0410939,14.0402898,14.0370228,14.0369480,14.0355340,14.0346317,14.0337605,14.0332680,14.0331103,14.0319462,14.0308658,14.0294000,14.0289454,14.0286482,14.0285227,14.0286332,14.0280173,14.0271794,14.0271322,14.0258000,14.0237483,14.0211895,14.0201145,14.0194000,14.0179161,14.0176468,14.0176704,14.0181371,14.0186328,14.0189901,14.0194943,14.0201113,14.0204986,14.0203000,14.0202000,14.0178325,14.0175000,14.0177425,14.0174076,14.0168532,14.0163848,14.0155772,14.0146202,14.0126257,14.0118779,14.0112632,14.0106999,14.0097815,14.0085745,14.0077838,14.0081947,14.0088000,14.0090833,14.0096807,14.0133757,14.0138585,14.0157363,14.0158463,14.0158769,14.0165109,14.0176348]}}