{
  "id": 1384799,
  "name": "Groß Lindow",
  "polygon": {
    "numberOfPoints": 209,
    "box": {
      "min": {
        "x": 52.2203960,
        "y": 14.4531901
      },
      "max": {
        "x": 52.2622085,
        "y": 14.5596010
      },
      "center": {
        "x": 52.24130225,
        "y": 14.50639555
      },
      "area": {
        "x": 0.0418125,
        "y": 0.1064109
      }
    },
    "pointsx": [
      52.2611285,
      52.2622085,
      52.2529983,
      52.2528709,
      52.2528876,
      52.2531878,
      52.2535213,
      52.2536983,
      52.2539841,
      52.2542317,
      52.2545825,
      52.2546419,
      52.2547788,
      52.2547714,
      52.2547223,
      52.2546026,
      52.2534272,
      52.2532570,
      52.2532226,
      52.2532975,
      52.2535813,
      52.2540227,
      52.2540339,
      52.2542553,
      52.2545237,
      52.2543702,
      52.2543465,
      52.2539659,
      52.2537488,
      52.2536431,
      52.2531574,
      52.2526846,
      52.2520749,
      52.2545118,
      52.2544015,
      52.2532939,
      52.2532520,
      52.2485979,
      52.2484452,
      52.2468576,
      52.2471458,
      52.2455138,
      52.2461870,
      52.2457563,
      52.2456019,
      52.2437530,
      52.2427050,
      52.2423702,
      52.2422649,
      52.2416357,
      52.2417045,
      52.2414342,
      52.2415947,
      52.2411224,
      52.2401868,
      52.2398856,
      52.2397699,
      52.2397038,
      52.2398653,
      52.2400649,
      52.2401112,
      52.2402045,
      52.2396133,
      52.2394495,
      52.2393404,
      52.2393534,
      52.2394766,
      52.2394939,
      52.2385520,
      52.2373657,
      52.2370686,
      52.2366040,
      52.2355632,
      52.2323620,
      52.2317870,
      52.2302830,
      52.2289036,
      52.2277480,
      52.2269268,
      52.2258720,
      52.2252130,
      52.2241741,
      52.2240130,
      52.2237641,
      52.2235473,
      52.2233561,
      52.2224072,
      52.2218687,
      52.2212105,
      52.2207864,
      52.2204618,
      52.2203960,
      52.2235727,
      52.2241393,
      52.2247560,
      52.2251620,
      52.2261760,
      52.2267626,
      52.2273250,
      52.2282540,
      52.2283259,
      52.2283393,
      52.2282393,
      52.2287823,
      52.2291023,
      52.2328833,
      52.2326870,
      52.2340668,
      52.2341361,
      52.2404070,
      52.2409827,
      52.2408903,
      52.2407864,
      52.2408499,
      52.2410461,
      52.2411542,
      52.2412100,
      52.2409769,
      52.2416740,
      52.2416618,
      52.2419321,
      52.2420624,
      52.2421632,
      52.2423354,
      52.2435825,
      52.2431047,
      52.2437190,
      52.2437093,
      52.2440819,
      52.2441137,
      52.2440570,
      52.2441459,
      52.2439672,
      52.2446498,
      52.2449558,
      52.2448121,
      52.2447187,
      52.2451042,
      52.2452570,
      52.2451681,
      52.2453438,
      52.2453599,
      52.2455445,
      52.2455679,
      52.2455490,
      52.2451730,
      52.2451560,
      52.2451434,
      52.2449870,
      52.2449041,
      52.2448313,
      52.2447004,
      52.2447270,
      52.2446660,
      52.2446260,
      52.2448076,
      52.2446963,
      52.2448361,
      52.2448701,
      52.2458037,
      52.2459330,
      52.2460928,
      52.2466832,
      52.2470470,
      52.2467993,
      52.2472013,
      52.2472956,
      52.2474053,
      52.2475056,
      52.2483425,
      52.2485870,
      52.2502430,
      52.2506694,
      52.2510880,
      52.2521700,
      52.2531160,
      52.2535176,
      52.2534760,
      52.2534643,
      52.2533379,
      52.2533473,
      52.2535697,
      52.2536856,
      52.2537517,
      52.2536974,
      52.2534961,
      52.2535057,
      52.2536094,
      52.2534131,
      52.2534139,
      52.2534990,
      52.2535560,
      52.2535908,
      52.2536095,
      52.2534393,
      52.2533710,
      52.2547436,
      52.2553187,
      52.2556036,
      52.2556030,
      52.2556510,
      52.2555802,
      52.2561556,
      52.2564676,
      52.2567785,
      52.2570820,
      52.2580818,
      52.2606115,
      52.2610960
    ],
    "pointsy": [
      14.4761881,
      14.4791465,
      14.4915888,
      14.4920149,
      14.4925087,
      14.4940532,
      14.4962547,
      14.4974854,
      14.5001376,
      14.5015631,
      14.5032970,
      14.5044866,
      14.5055591,
      14.5073606,
      14.5085214,
      14.5097011,
      14.5177522,
      14.5190122,
      14.5194542,
      14.5199950,
      14.5208996,
      14.5222034,
      14.5230304,
      14.5250203,
      14.5263474,
      14.5280794,
      14.5296107,
      14.5322438,
      14.5342404,
      14.5347952,
      14.5356382,
      14.5364268,
      14.5377566,
      14.5361932,
      14.5477672,
      14.5467118,
      14.5437504,
      14.5415895,
      14.5416319,
      14.5458253,
      14.5463490,
      14.5493545,
      14.5506080,
      14.5516262,
      14.5546016,
      14.5560160,
      14.5567837,
      14.5570335,
      14.5571100,
      14.5575786,
      14.5578336,
      14.5580275,
      14.5585117,
      14.5587746,
      14.5595504,
      14.5596010,
      14.5594555,
      14.5583712,
      14.5573981,
      14.5570421,
      14.5568580,
      14.5559062,
      14.5546591,
      14.5541511,
      14.5536424,
      14.5530939,
      14.5522651,
      14.5514150,
      14.5513475,
      14.5512592,
      14.5512426,
      14.5483350,
      14.5497912,
      14.5523570,
      14.5529480,
      14.5540810,
      14.5550460,
      14.5562610,
      14.5569920,
      14.5575460,
      14.5577310,
      14.5551354,
      14.5544700,
      14.5531391,
      14.5512955,
      14.5481472,
      14.5448248,
      14.5438021,
      14.5413491,
      14.5392828,
      14.5354076,
      14.5293040,
      14.5298411,
      14.5263027,
      14.5257210,
      14.5257210,
      14.5258560,
      14.5259910,
      14.5261940,
      14.5227670,
      14.5223159,
      14.5219032,
      14.5212336,
      14.5196950,
      14.5196728,
      14.5060568,
      14.5060286,
      14.5011926,
      14.5015603,
      14.4788290,
      14.4766784,
      14.4764899,
      14.4761223,
      14.4759054,
      14.4757735,
      14.4754438,
      14.4749912,
      14.4727726,
      14.4686698,
      14.4682990,
      14.4665789,
      14.4661387,
      14.4650551,
      14.4642119,
      14.4644196,
      14.4677229,
      14.4676240,
      14.4674429,
      14.4671849,
      14.4662570,
      14.4658830,
      14.4655864,
      14.4644103,
      14.4645287,
      14.4641669,
      14.4638071,
      14.4635178,
      14.4634970,
      14.4624520,
      14.4618939,
      14.4613378,
      14.4611193,
      14.4602979,
      14.4601265,
      14.4596939,
      14.4587510,
      14.4583280,
      14.4579352,
      14.4576020,
      14.4572060,
      14.4570220,
      14.4565970,
      14.4563705,
      14.4561820,
      14.4558713,
      14.4556045,
      14.4549500,
      14.4547838,
      14.4544001,
      14.4547437,
      14.4539510,
      14.4531901,
      14.4535692,
      14.4535957,
      14.4613111,
      14.4623123,
      14.4629073,
      14.4632498,
      14.4633293,
      14.4644945,
      14.4646830,
      14.4657990,
      14.4660637,
      14.4662380,
      14.4666100,
      14.4668630,
      14.4669693,
      14.4672303,
      14.4688050,
      14.4688909,
      14.4691570,
      14.4691806,
      14.4696434,
      14.4707292,
      14.4710704,
      14.4710946,
      14.4716629,
      14.4719720,
      14.4724152,
      14.4726971,
      14.4727103,
      14.4738940,
      14.4741204,
      14.4747685,
      14.4751450,
      14.4756618,
      14.4750436,
      14.4778487,
      14.4778003,
      14.4780193,
      14.4782550,
      14.4785751,
      14.4785045,
      14.4783692,
      14.4780822,
      14.4779336,
      14.4774449,
      14.4764351,
      14.4760895
    ]
  }
}