{
  "numberOfPolygons": 1,
  "box": {
    "min": {
      "x": 51.9042344,
      "y": 14.0949797
    },
    "max": {
      "x": 52.0871672,
      "y": 14.3442982
    },
    "center": {
      "x": 51.9957008,
      "y": 14.21963895
    }
  },
  "polygons": [
    {
      "numberOfPoints": 396,
      "box": {
        "min": {
          "x": 51.9042344,
          "y": 14.0949797
        },
        "max": {
          "x": 52.0871672,
          "y": 14.3442982
        },
        "center": {
          "x": 51.9957008,
          "y": 14.21963895
        }
      },
      "pointsx": [
        52.0217250,
        52.0258582,
        52.0295764,
        52.0318656,
        52.0360132,
        52.0378564,
        52.0492704,
        52.0507708,
        52.0512419,
        52.0519690,
        52.0509259,
        52.0501381,
        52.0493404,
        52.0487360,
        52.0512927,
        52.0526894,
        52.0540129,
        52.0550500,
        52.0550941,
        52.0556899,
        52.0562929,
        52.0571247,
        52.0573594,
        52.0575195,
        52.0578379,
        52.0578682,
        52.0578953,
        52.0579790,
        52.0580120,
        52.0583049,
        52.0582627,
        52.0582330,
        52.0580885,
        52.0580978,
        52.0581149,
        52.0583353,
        52.0582132,
        52.0576727,
        52.0579356,
        52.0580846,
        52.0581136,
        52.0575577,
        52.0575277,
        52.0580998,
        52.0578530,
        52.0577987,
        52.0577827,
        52.0591981,
        52.0602773,
        52.0612598,
        52.0618940,
        52.0624930,
        52.0634125,
        52.0645872,
        52.0651190,
        52.0677346,
        52.0702194,
        52.0728648,
        52.0868102,
        52.0866140,
        52.0858667,
        52.0844369,
        52.0820294,
        52.0802855,
        52.0787452,
        52.0783298,
        52.0784156,
        52.0790136,
        52.0787584,
        52.0789872,
        52.0798200,
        52.0801134,
        52.0804259,
        52.0804807,
        52.0819820,
        52.0828760,
        52.0838966,
        52.0853609,
        52.0854083,
        52.0849508,
        52.0848743,
        52.0850016,
        52.0850405,
        52.0843687,
        52.0841010,
        52.0844913,
        52.0856173,
        52.0860749,
        52.0861981,
        52.0863597,
        52.0866464,
        52.0869477,
        52.0871448,
        52.0870024,
        52.0871672,
        52.0869213,
        52.0865265,
        52.0861566,
        52.0856813,
        52.0851723,
        52.0849330,
        52.0846726,
        52.0843344,
        52.0834700,
        52.0831061,
        52.0830745,
        52.0834984,
        52.0839276,
        52.0841524,
        52.0839482,
        52.0836691,
        52.0833652,
        52.0825523,
        52.0822239,
        52.0819840,
        52.0816681,
        52.0814176,
        52.0822549,
        52.0822371,
        52.0820472,
        52.0818125,
        52.0816141,
        52.0812066,
        52.0800561,
        52.0795879,
        52.0788327,
        52.0778678,
        52.0770704,
        52.0766517,
        52.0763022,
        52.0759831,
        52.0753619,
        52.0751726,
        52.0756820,
        52.0743202,
        52.0722876,
        52.0709983,
        52.0703428,
        52.0693232,
        52.0691735,
        52.0700829,
        52.0699695,
        52.0697266,
        52.0690217,
        52.0676717,
        52.0661719,
        52.0649154,
        52.0640652,
        52.0633305,
        52.0621491,
        52.0610281,
        52.0610020,
        52.0602210,
        52.0586734,
        52.0568897,
        52.0557220,
        52.0544303,
        52.0535334,
        52.0525685,
        52.0500732,
        52.0469802,
        52.0435426,
        52.0415716,
        52.0416878,
        52.0415320,
        52.0403006,
        52.0399719,
        52.0411829,
        52.0418607,
        52.0420844,
        52.0398922,
        52.0395641,
        52.0391338,
        52.0385451,
        52.0370021,
        52.0357072,
        52.0351997,
        52.0351983,
        52.0358887,
        52.0358227,
        52.0354544,
        52.0356504,
        52.0354207,
        52.0356847,
        52.0352689,
        52.0353785,
        52.0349369,
        52.0336638,
        52.0329720,
        52.0320994,
        52.0320097,
        52.0319074,
        52.0316770,
        52.0316942,
        52.0318453,
        52.0325278,
        52.0309059,
        52.0282963,
        52.0270678,
        52.0252176,
        52.0223412,
        52.0228791,
        52.0182822,
        52.0176986,
        52.0165196,
        52.0110224,
        52.0064865,
        52.0040946,
        52.0017675,
        52.0003751,
        52.0000394,
        51.9996378,
        51.9967356,
        51.9969913,
        51.9948091,
        51.9930505,
        51.9930801,
        51.9931068,
        51.9935706,
        51.9929560,
        51.9909121,
        51.9921968,
        51.9926727,
        51.9929681,
        51.9934457,
        51.9940344,
        51.9946409,
        51.9956200,
        51.9961875,
        51.9968884,
        51.9979497,
        51.9984166,
        51.9973895,
        51.9959255,
        51.9953661,
        51.9941480,
        51.9925335,
        51.9915694,
        51.9869504,
        51.9846498,
        51.9782943,
        51.9769069,
        51.9747445,
        51.9699411,
        51.9670122,
        51.9642656,
        51.9635262,
        51.9591933,
        51.9632944,
        51.9632979,
        51.9633134,
        51.9608948,
        51.9580716,
        51.9556277,
        51.9445828,
        51.9442990,
        51.9435368,
        51.9336353,
        51.9344426,
        51.9354159,
        51.9358913,
        51.9357386,
        51.9357273,
        51.9351196,
        51.9348594,
        51.9351308,
        51.9352738,
        51.9352627,
        51.9348888,
        51.9344308,
        51.9333359,
        51.9323452,
        51.9320366,
        51.9306659,
        51.9292328,
        51.9286329,
        51.9279479,
        51.9272110,
        51.9262335,
        51.9257756,
        51.9254926,
        51.9240778,
        51.9226848,
        51.9224421,
        51.9200854,
        51.9194961,
        51.9186579,
        51.9181355,
        51.9174704,
        51.9165082,
        51.9156774,
        51.9149513,
        51.9121568,
        51.9118777,
        51.9118279,
        51.9102499,
        51.9083806,
        51.9078225,
        51.9077056,
        51.9075721,
        51.9072401,
        51.9067702,
        51.9063552,
        51.9056468,
        51.9053633,
        51.9050613,
        51.9049024,
        51.9042983,
        51.9042344,
        51.9092861,
        51.9127321,
        51.9155086,
        51.9173925,
        51.9179609,
        51.9202431,
        51.9214328,
        51.9223747,
        51.9239361,
        51.9258445,
        51.9273314,
        51.9294379,
        51.9314872,
        51.9294131,
        51.9299583,
        51.9277280,
        51.9288158,
        51.9347518,
        51.9413043,
        51.9444925,
        51.9480196,
        51.9509711,
        51.9572142,
        51.9562746,
        51.9568532,
        51.9563558,
        51.9555031,
        51.9539069,
        51.9531907,
        51.9583072,
        51.9570827,
        51.9527222,
        51.9524148,
        51.9520446,
        51.9556890,
        51.9595622,
        51.9651881,
        51.9692908,
        51.9724462,
        51.9723494,
        51.9759993,
        51.9758620,
        51.9735504,
        51.9736293,
        51.9813470,
        51.9814556,
        51.9853967,
        51.9866489,
        51.9895030,
        51.9903984,
        51.9914712,
        51.9915861,
        51.9919997,
        51.9877042,
        51.9884225,
        51.9872056,
        51.9850357,
        51.9823610,
        51.9788787,
        51.9761333,
        51.9740332,
