{
  "numberOfPolygons": 1,
  "box": {
    "min": {
      "x": 51.9876861,
      "y": 13.6335763
    },
    "max": {
      "x": 52.0568636,
      "y": 13.7347041
    },
    "center": {
      "x": 52.02227485,
      "y": 13.6841402
    }
  },
  "polygons": [
    {
      "numberOfPoints": 152,
      "box": {
        "min": {
          "x": 51.9876861,
          "y": 13.6335763
        },
        "max": {
          "x": 52.0568636,
          "y": 13.7347041
        },
        "center": {
          "x": 52.02227485,
          "y": 13.6841402
        }
      },
      "pointsx": [
        52.0191132,
        52.0142937,
        52.0137890,
        52.0142550,
        52.0129111,
        52.0113047,
        52.0075143,
        52.0070239,
        52.0070279,
        52.0028922,
        51.9974429,
        51.9939418,
        51.9918082,
        51.9929026,
        51.9928252,
        51.9915264,
        51.9896521,
        51.9881442,
        51.9876861,
        51.9889175,
        51.9890983,
        51.9910631,
        51.9923761,
        51.9933608,
        51.9948105,
        51.9957400,
        51.9951986,
        51.9936649,
        51.9941323,
        51.9959291,
        51.9965487,
        52.0004705,
        52.0021228,
        52.0029714,
        52.0038106,
        52.0073076,
        52.0088371,
        52.0103363,
        52.0102366,
        52.0104135,
        52.0101078,
        52.0101568,
        52.0102404,
        52.0109347,
        52.0112517,
        52.0116596,
        52.0126025,
        52.0134565,
        52.0137584,
        52.0138574,
        52.0146623,
        52.0151692,
        52.0152422,
        52.0164891,
        52.0177059,
        52.0179280,
        52.0190472,
        52.0218484,
        52.0217654,
        52.0254663,
        52.0242186,
        52.0235149,
        52.0240312,
        52.0350139,
        52.0350607,
        52.0394740,
        52.0473007,
        52.0478806,
        52.0481356,
        52.0496776,
        52.0507082,
        52.0517639,
        52.0526862,
        52.0535498,
        52.0546457,
        52.0554545,
        52.0568636,
        52.0563293,
        52.0553714,
        52.0543894,
        52.0535966,
        52.0527698,
        52.0520491,
        52.0514900,
        52.0506704,
        52.0519154,
        52.0515209,
        52.0518884,
        52.0525310,
        52.0528364,
        52.0533814,
        52.0537733,
        52.0543030,
        52.0544706,
        52.0538676,
        52.0535377,
        52.0538399,
        52.0529987,
        52.0525488,
        52.0520830,
        52.0517307,
        52.0509922,
        52.0523383,
        52.0532435,
        52.0537845,
        52.0542476,
        52.0545630,
        52.0535245,
        52.0531927,
        52.0525844,
        52.0526893,
        52.0523344,
        52.0520295,
        52.0512662,
        52.0504104,
        52.0494377,
        52.0480777,
        52.0469154,
        52.0451279,
        52.0449358,
        52.0444706,
        52.0436392,
        52.0425992,
        52.0425431,
        52.0405000,
        52.0386138,
        52.0386231,
        52.0369785,
        52.0347021,
        52.0333684,
        52.0318208,
        52.0295312,
        52.0293965,
        52.0292150,
        52.0289318,
        52.0287245,
        52.0283278,
        52.0285225,
        52.0294797,
        52.0285537,
        52.0289142,
        52.0272302,
        52.0266154,
        52.0260133,
        52.0269916,
        52.0285850,
        52.0301162,
        52.0303106,
        52.0313025,
        52.0305832,
        52.0254476,
        52.0242453
      ],
      "pointsy": [
        13.7347041,
        13.7069262,
        13.7037533,
        13.6995758,
        13.6977482,
        13.6990471,
        13.6978342,
        13.6961834,
        13.6916735,
        13.6857507,
        13.6820387,
        13.6774187,
        13.6736872,
        13.6720010,
        13.6699906,
        13.6695698,
        13.6695698,
        13.6665981,
        13.6617650,
        13.6601535,
        13.6585924,
        13.6590179,
        13.6572409,
        13.6578184,
        13.6559082,
        13.6532253,
        13.6509271,
        13.6491684,
        13.6484124,
        13.6492672,
        13.6495686,
        13.6510536,
        13.6493764,
        13.6428333,
        13.6341528,
        13.6339668,
        13.6335763,
        13.6338170,
        13.6362900,
        13.6385902,
        13.6413710,
        13.6426078,
        13.6441552,
        13.6457364,
        13.6463892,
        13.6466762,
        13.6469541,
        13.6470901,
        13.6469231,
        13.6468661,
        13.6459092,
        13.6450734,
        13.6449524,
        13.6422367,
        13.6399511,
        13.6392919,
        13.6347686,
        13.6353107,
        13.6367694,
        13.6376622,
        13.6390966,
        13.6411372,
        13.6410447,
        13.6371471,
        13.6376547,
        13.6427616,
        13.6520465,
        13.6526204,
        13.6528744,
        13.6524980,
        13.6520807,
        13.6515753,
        13.6510990,
        13.6503866,
        13.6492944,
        13.6485230,
        13.6478969,
        13.6510754,
        13.6561995,
        13.6611720,
        13.6652372,
        13.6699789,
        13.6741613,
        13.6766871,
        13.6819909,
        13.6815177,
        13.6805800,
        13.6800449,
        13.6796305,
        13.6800007,
        13.6785212,
        13.6780652,
        13.6782336,
        13.6794396,
        13.6794836,
        13.6809159,
        13.6812892,
        13.6832118,
        13.6830037,
        13.6833921,
        13.6831957,
        13.6835252,
        13.6852803,
        13.6856011,
        13.6853651,
        13.6875473,
        13.6890108,
        13.6886245,
        13.6874905,
        13.6879196,
        13.6894828,
        13.6892436,
        13.6889829,
        13.6895912,
        13.6910538,
        13.6933139,
        13.6940158,
        13.6962656,
        13.7000808,
        13.7017577,
        13.7034089,
        13.7044410,
        13.7047789,
        13.7053765,
        13.7058497,
        13.7054237,
        13.7048476,
        13.7046362,
        13.7034893,
        13.7030884,
        13.7012470,
        13.6990304,
        13.7005915,
        13.7024197,
        13.7056641,
        13.7080223,
        13.7122441,
        13.7141817,
        13.7192521,
        13.7197444,
        13.7216709,
        13.7229428,
        13.7214693,
        13.7220360,
        13.7242286,
        13.7232273,
        13.7224329,
        13.7233968,
        13.7287145,
        13.7300328,
        13.7339871,
        13.7268713
      ]
    }
  ]
}