{"id":1392136,"name":"Mechtersen","polygon":{"numberOfPoints":41,"box":{"min":{"x":53.2597730,"y":10.2654787},"max":{"x":53.3013387,"y":10.3343190},"center":{"x":53.28055585,"y":10.29989885},"area":{"x":0.0415657,"y":0.0688403}},"pointsx":[53.2629517,53.2631446,53.2643590,53.2599189,53.2598402,53.2597730,53.2608081,53.2633997,53.2663802,53.2723178,53.2735590,53.2730736,53.2733224,53.2751208,53.2787033,53.2850977,53.2879488,53.2892828,53.2928414,53.2958265,53.2942039,53.2976695,53.2958175,53.2948491,53.2942570,53.2953099,53.2963047,53.2982167,53.2988547,53.2989990,53.2970701,53.3013387,53.3005200,53.2983671,53.2850849,53.2851092,53.2817646,53.2796937,53.2796222,53.2749142,53.2724938],"pointsy":[10.3202340,10.3172240,10.2825334,10.2783693,10.2734131,10.2680226,10.2672518,10.2678556,10.2685508,10.2698919,10.2698573,10.2759278,10.2775159,10.2769883,10.2826391,10.2736008,10.2696008,10.2684664,10.2654787,10.2674515,10.2698233,10.2720538,10.2736169,10.2757416,10.2785200,10.2812427,10.2839585,10.2870222,10.2927388,10.2931602,10.2976723,10.3017756,10.3058751,10.3170793,10.3277343,10.3323700,10.3335423,10.3336228,10.3343190,10.3328549,10.3320841]}}