{"id":1405509,"name":"Elisabeth-Sophien-Koog","polygon":{"numberOfPoints":45,"box":{"min":{"x":54.4953195,"y":8.8544487},"max":{"x":54.5240566,"y":8.8980949},"center":{"x":54.50968805,"y":8.8762718},"area":{"x":0.0287371,"y":0.0436462}},"pointsx":[54.5240566,54.5231950,54.5229003,54.5188949,54.5172294,54.5165685,54.5150996,54.5125856,54.5124717,54.5117595,54.5110538,54.5095919,54.5072448,54.5060256,54.5054045,54.5046712,54.5033522,54.5033094,54.5027893,54.5022904,54.5012750,54.5006472,54.5001448,54.4996241,54.4986046,54.4974993,54.4974307,54.4967120,54.4963167,54.4953195,54.4989935,54.5011562,54.5037504,54.5082887,54.5097643,54.5112348,54.5120090,54.5134323,54.5140582,54.5141196,54.5160250,54.5163727,54.5171913,54.5191197,54.5209858],"pointsy":[8.8660123,8.8643974,8.8643485,8.8583162,8.8558507,8.8544487,8.8572186,8.8620998,8.8622841,8.8637020,8.8650957,8.8679261,8.8725125,8.8735642,8.8741009,8.8746299,8.8757329,8.8757728,8.8761680,8.8765855,8.8774509,8.8779644,8.8780355,8.8781119,8.8782827,8.8784979,8.8786324,8.8787464,8.8789213,8.8945121,8.8961177,8.8970555,8.8980949,8.8971876,8.8968836,8.8965915,8.8964089,8.8948317,8.8941282,8.8940959,8.8920130,8.8916178,8.8907064,8.8869496,8.8841066]}}