{
  "numberOfPolygons": 1,
  "box": {
    "min": {
      "x": 53.6883935,
      "y": 14.1091331
    },
    "max": {
      "x": 53.7522063,
      "y": 14.2328435
    },
    "center": {
      "x": 53.7202999,
      "y": 14.1709883
    }
  },
  "polygons": [
    {
      "numberOfPoints": 466,
      "box": {
        "min": {
          "x": 53.6883935,
          "y": 14.1091331
        },
        "max": {
          "x": 53.7522063,
          "y": 14.2328435
        },
        "center": {
          "x": 53.7202999,
          "y": 14.1709883
        }
      },
      "pointsx": [
        53.7522063,
        53.7520838,
        53.7518316,
        53.7515568,
        53.7513950,
        53.7507024,
        53.7507100,
        53.7504288,
        53.7502285,
        53.7500160,
        53.7498235,
        53.7496069,
        53.7496559,
        53.7495864,
        53.7494599,
        53.7494572,
        53.7494410,
        53.7494186,
        53.7494271,
        53.7494537,
        53.7493293,
        53.7493784,
        53.7495599,
        53.7496243,
        53.7495242,
        53.7493886,
        53.7492937,
        53.7492157,
        53.7491182,
        53.7489950,
        53.7487941,
        53.7485953,
        53.7485212,
        53.7484475,
        53.7482581,
        53.7482428,
        53.7481613,
        53.7481579,
        53.7480174,
        53.7478933,
        53.7479074,
        53.7478671,
        53.7478289,
        53.7477391,
        53.7472658,
        53.7470550,
        53.7468856,
        53.7469647,
        53.7469045,
        53.7467200,
        53.7466259,
        53.7462834,
        53.7459220,
        53.7456924,
        53.7456020,
        53.7451992,
        53.7450867,
        53.7450408,
        53.7450427,
        53.7449732,
        53.7450541,
        53.7450342,
        53.7448871,
        53.7447393,
        53.7447278,
        53.7440490,
        53.7440500,
        53.7436824,
        53.7434296,
        53.7433607,
        53.7431884,
        53.7430160,
        53.7429011,
        53.7425909,
        53.7421429,
        53.7411337,
        53.7409168,
        53.7408944,
        53.7404980,
        53.7403036,
        53.7401839,
        53.7400269,
        53.7399153,
        53.7398848,
        53.7395109,
        53.7392499,
        53.7389052,
        53.7387107,
        53.7385184,
        53.7383368,
        53.7382723,
        53.7382587,
        53.7382696,
        53.7383996,
        53.7386117,
        53.7386354,
        53.7385591,
        53.7384318,
        53.7382604,
        53.7381026,
        53.7378970,
        53.7377628,
        53.7375294,
        53.7373980,
        53.7372990,
        53.7372624,
        53.7373566,
        53.7374424,
        53.7375067,
        53.7374124,
        53.7373536,
        53.7373380,
        53.7372266,
        53.7370168,
        53.7368635,
        53.7365045,
        53.7363753,
        53.7363869,
        53.7363175,
        53.7362203,
        53.7359810,
        53.7357063,
        53.7357685,
        53.7357700,
        53.7357284,
        53.7356491,
        53.7355234,
        53.7355373,
        53.7355189,
        53.7355786,
        53.7356577,
        53.7356773,
        53.7355727,
        53.7355229,
        53.7353381,
        53.7350787,
        53.7352940,
        53.7352680,
        53.7350844,
        53.7350386,
        53.7350386,
        53.7348876,
        53.7348583,
        53.7344669,
        53.7342402,
        53.7340276,
        53.7339435,
        53.7334818,
        53.7334644,
        53.7339172,
        53.7340395,
        53.7342263,
        53.7343956,
        53.7345388,
        53.7346931,
        53.7347392,
        53.7347632,
        53.7348733,
        53.7351030,
        53.7350312,
        53.7351700,
        53.7353423,
        53.7355003,
        53.7355194,
        53.7354339,
        53.7354534,
        53.7354567,
        53.7355880,
        53.7357796,
        53.7358687,
        53.7363354,
        53.7364211,
        53.7366265,
        53.7366225,
        53.7366156,
        53.7364962,
        53.7363342,
        53.7350790,
        53.7349519,
        53.7349707,
        53.7349914,
        53.7363600,
        53.7364445,
        53.7366565,
        53.7367852,
        53.7368824,
        53.7370674,
        53.7372609,
        53.7373550,
        53.7376286,
        53.7376975,
        53.7381723,
        53.7383408,
        53.7387313,
        53.7391449,
        53.7393468,
        53.7394257,
        53.7396082,
        53.7396465,
        53.7397269,
        53.7398379,
        53.7399987,
        53.7400447,
        53.7402170,
        53.7403510,
        53.7405577,
        53.7406841,
        53.7409368,
        53.7411052,
        53.7413733,
        53.7414843,
        53.7416374,
        53.7416489,
        53.7416413,
        53.7416259,
        53.7415723,
        53.7414919,
        53.7414001,
        53.7413886,
        53.7413541,
        53.7414958,
        53.7415264,
        53.7415133,
        53.7414357,
        53.7413859,
        53.7413827,
        53.7411588,
        53.7411474,
        53.7410210,
        53.7409904,
        53.7410140,
        53.7409961,
        53.7412079,
        53.7411059,
        53.7409958,
        53.7408207,
        53.7407712,
        53.7406044,
        53.7405552,
        53.7406581,
        53.7407267,
        53.7407967,
        53.7409073,
        53.7408170,
        53.7408842,
        53.7411383,
        53.7411208,
        53.7412512,
        53.7411389,
        53.7412491,
        53.7411099,
        53.7412191,
        53.7411469,
        53.7411190,
        53.7411263,
        53.7410604,
        53.7408590,
        53.7406022,
        53.7403280,
        53.7400983,
        53.7400906,
        53.7402284,
        53.7405998,
        53.7407721,
        53.7410353,
        53.7412149,
        53.7412889,
        53.7415379,
        53.7415643,
        53.7416250,
        53.7418101,
        53.7418661,
        53.7418225,
        53.7416841,
        53.7416872,
        53.7418505,
        53.7419594,
        53.7420046,
        53.7420139,
        53.7419937,
        53.7419501,
        53.7419843,
        53.7417619,
        53.7416230,
        53.7416177,
        53.7416023,
        53.7415781,
        53.7415572,
        53.7415571,
        53.7415687,
        53.7415649,
        53.7415044,
        53.7414428,
        53.7414280,
        53.7414109,
        53.7413895,
        53.7413686,
        53.7413549,
        53.7412724,
        53.7411318,
        53.7408360,
        53.7407851,
        53.7407532,
        53.7407422,
        53.7406394,
        53.7405398,
        53.7403711,
        53.7401696,
        53.7399660,
        53.7398139,
        53.7396593,
        53.7396705,
        53.7395640,
        53.7395864,
        53.7395752,
        53.7395518,
        53.7394582,
        53.7392548,
        53.7391997,
        53.7390240,
        53.7390190,
        53.7389684,
        53.7389533,
        53.7389566,
        53.7389870,
        53.7390678,
        53.7390577,
        53.7391912,
        53.7392333,
        53.7393765,
        53.7393310,
        53.7393065,
        53.7385219,
        53.7372155,
        53.7347966,
        53.7329333,
        53.7324552,
        53.7318269,
        53.7302713,
        53.7307230,
        53.7285601,
        53.7263977,
        53.7257339,
        53.7266684,
        53.7297556,
        53.7291259,
        53.7292740,
        53.7290959,
        53.7285290,
        53.7287917,
        53.7294607,
        53.7301881,
        53.7309498,
        53.7318066,
        53.7309129,
        53.7292297,
        53.7262477,
        53.7238899,
        53.7210994,
        53.7198278,
        53.7188063,
        53.7156077,
        53.7122461,
        53.7104789,
        53.7080666,
        53.7059366,
        53.7053810,
        53.7045132,
        53.7030324,
        53.6999151,
        53.6974792,
