{
  "numberOfPolygons": 1,
  "box": {
    "min": {
      "x": 53.4108468,
      "y": 14.0201103
    },
    "max": {
      "x": 53.4776179,
      "y": 14.1219294
    },
    "center": {
      "x": 53.44423235,
      "y": 14.07101985
    }
  },
  "polygons": [
    {
      "numberOfPoints": 135,
      "box": {
        "min": {
          "x": 53.4108468,
          "y": 14.0201103
        },
        "max": {
          "x": 53.4776179,
          "y": 14.1219294
        },
        "center": {
          "x": 53.44423235,
          "y": 14.07101985
        }
      },
      "pointsx": [
        53.4293777,
        53.4418717,
        53.4462272,
        53.4476368,
        53.4480445,
        53.4491217,
        53.4496853,
        53.4500674,
        53.4511420,
        53.4525898,
        53.4532989,
        53.4547530,
        53.4581222,
        53.4592656,
        53.4601817,
        53.4610670,
        53.4617722,
        53.4629980,
        53.4640844,
        53.4676623,
        53.4669687,
        53.4665702,
        53.4683048,
        53.4697034,
        53.4717853,
        53.4718338,
        53.4731161,
        53.4740484,
        53.4750714,
        53.4762578,
        53.4774774,
        53.4769308,
        53.4776179,
        53.4768504,
        53.4759552,
        53.4747521,
        53.4737851,
        53.4730318,
        53.4726525,
        53.4723166,
        53.4718223,
        53.4716193,
        53.4707725,
        53.4698273,
        53.4690162,
        53.4687672,
        53.4683150,
        53.4679229,
        53.4667184,
        53.4663990,
        53.4661844,
        53.4654793,
        53.4645110,
        53.4633460,
        53.4625642,
        53.4614145,
        53.4588504,
        53.4565647,
        53.4554672,
        53.4547044,
        53.4544859,
        53.4534989,
        53.4530121,
        53.4528900,
        53.4535800,
        53.4543901,
        53.4551740,
        53.4584539,
        53.4603881,
        53.4617908,
        53.4600176,
        53.4579109,
        53.4565821,
        53.4556903,
        53.4545506,
        53.4534128,
        53.4528832,
        53.4518009,
        53.4504477,
        53.4484606,
        53.4462855,
        53.4445551,
        53.4435544,
        53.4426176,
        53.4417040,
        53.4407703,
        53.4394960,
        53.4372086,
        53.4352216,
        53.4338659,
        53.4314677,
        53.4305248,
        53.4288066,
        53.4265564,
        53.4252938,
        53.4239971,
        53.4226764,
        53.4225242,
        53.4224878,
        53.4226470,
        53.4224840,
        53.4222327,
        53.4219021,
        53.4216566,
        53.4216330,
        53.4220522,
        53.4193796,
        53.4159728,
        53.4149484,
        53.4141875,
        53.4134201,
        53.4122959,
        53.4119774,
        53.4114031,
        53.4108468,
        53.4113763,
        53.4117932,
        53.4125453,
        53.4131694,
        53.4138880,
        53.4150252,
        53.4151236,
        53.4146965,
        53.4134661,
        53.4131643,
        53.4124813,
        53.4126604,
        53.4136848,
        53.4150316,
        53.4153705,
        53.4166020,
        53.4203040,
        53.4214221,
        53.4241955,
        53.4288254
      ],
      "pointsy": [
        14.0452866,
        14.0450334,
        14.0451493,
        14.0442781,
        14.0426816,
        14.0405316,
        14.0388321,
        14.0374588,
        14.0365190,
        14.0336930,
        14.0328347,
        14.0315408,
        14.0309099,
        14.0293092,
        14.0274767,
        14.0245864,
        14.0229835,
        14.0225097,
        14.0223355,
        14.0201103,
        14.0223419,
        14.0236830,
        14.0260541,
        14.0281355,
        14.0302555,
        14.0309363,
        14.0340240,
        14.0357578,
        14.0365925,
        14.0378199,
        14.0423668,
        14.0437658,
        14.0472377,
        14.0485445,
        14.0495487,
        14.0497439,
        14.0505171,
        14.0533488,
        14.0531922,
        14.0552586,
        14.0560589,
        14.0591059,
        14.0594621,
        14.0605350,
        14.0614040,
        14.0625456,
        14.0638567,
        14.0637579,
        14.0648072,
        14.0668371,
        14.0695708,
        14.0712274,
        14.0729397,
        14.0752721,
        14.0760618,
        14.0790895,
        14.0806644,
        14.0811236,
        14.0819133,
        14.0830076,
        14.0841299,
        14.0861050,
        14.0870878,
        14.0882648,
        14.0913225,
        14.0936699,
        14.0951999,
        14.0989923,
        14.1021959,
        14.1023804,
        14.1131157,
        14.1144117,
        14.1138603,
        14.1151649,
        14.1134247,
        14.1116158,
        14.1117993,
        14.1114034,
        14.1112682,
        14.1125964,
        14.1126844,
        14.1147669,
        14.1156992,
        14.1188878,
        14.1219294,
        14.1210722,
        14.1197836,
        14.1175638,
        14.1156530,
        14.1143806,
        14.1119999,
        14.1107746,
        14.1090816,
        14.1076354,
        14.1068629,
        14.1062229,
        14.1055239,
        14.1048727,
        14.1031571,
        14.1024598,
        14.1015113,
        14.1002228,
        14.0975674,
        14.0963132,
        14.0954077,
        14.0938854,
        14.0889308,
        14.0829635,
        14.0817661,
        14.0820773,
        14.0832124,
        14.0836308,
        14.0832896,
        14.0826630,
        14.0819120,
        14.0814400,
        14.0806804,
        14.0792448,
        14.0771377,
        14.0757039,
        14.0707369,
        14.0684431,
        14.0675783,
        14.0624134,
        14.0602097,
        14.0565855,
        14.0538518,
        14.0509722,
        14.0501375,
        14.0497963,
        14.0493371,
        14.0480160,
        14.0476758,
        14.0468321,
        14.0455205
      ]
    }
  ]
}