{"id":1415664,"name":"Lütjenholm","polygon":{"numberOfPoints":175,"box":{"min":{"x":54.6634550,"y":9.0121950},"max":{"x":54.7006838,"y":9.0741608},"center":{"x":54.6820694,"y":9.0431779},"area":{"x":0.0372288,"y":0.0619658}},"pointsx":[54.6788750,54.6785364,54.6782252,54.6781061,54.6780147,54.6779214,54.6768781,54.6766451,54.6759661,54.6758862,54.6757065,54.6756199,54.6752072,54.6750141,54.6748943,54.6747460,54.6741312,54.6726527,54.6706202,54.6703560,54.6701172,54.6691314,54.6687300,54.6679627,54.6677543,54.6670988,54.6670226,54.6667634,54.6665928,54.6659729,54.6658966,54.6658763,54.6658763,54.6658785,54.6658814,54.6658712,54.6658712,54.6658458,54.6656934,54.6656934,54.6657289,54.6663133,54.6672179,54.6673127,54.6676810,54.6677921,54.6681580,54.6682727,54.6687453,54.6647538,54.6634550,54.6645907,54.6671048,54.6694188,54.6705204,54.6721737,54.6738859,54.6739257,54.6739338,54.6739549,54.6797371,54.6808908,54.6825678,54.6866733,54.6965987,54.6967322,54.6969134,54.6987850,54.6997323,54.7001132,54.7006838,54.7004544,54.6996469,54.6993480,54.6991038,54.6980952,54.6978512,54.6975747,54.6973242,54.6961712,54.6952325,54.6949430,54.6946237,54.6945460,54.6943542,54.6942130,54.6941405,54.6941159,54.6941419,54.6942422,54.6944249,54.6948563,54.6950346,54.6952263,54.6952902,54.6953022,54.6953541,54.6955158,54.6958753,54.6959114,54.6958436,54.6958097,54.6958640,54.6971438,54.6972507,54.6968887,54.6966358,54.6962222,54.6960946,54.6957100,54.6950512,54.6944424,54.6940859,54.6936464,54.6928829,54.6923947,54.6918354,54.6911145,54.6895814,54.6871114,54.6870540,54.6867695,54.6865948,54.6863126,54.6861791,54.6855208,54.6851604,54.6849156,54.6846549,54.6841351,54.6838391,54.6837117,54.6831328,54.6827559,54.6820835,54.6819548,54.6815792,54.6814868,54.6813683,54.6812072,54.6811029,54.6809844,54.6809181,54.6808343,54.6806915,54.6805554,54.6805098,54.6804301,54.6803932,54.6804167,54.6804502,54.6804468,54.6804234,54.6803312,54.6803145,54.6803245,54.6803564,54.6803513,54.6803212,54.6802877,54.6801955,54.6799760,54.6797682,54.6796962,54.6796107,54.6795353,54.6794525,54.6792047,54.6791560,54.6792873,54.6792940,54.6792722,54.6792153,54.6791868,54.6791967],"pointsy":[9.0138335,9.0145289,9.0147546,9.0145898,9.0145231,9.0145006,9.0147538,9.0149841,9.0162621,9.0165384,9.0182769,9.0186799,9.0198542,9.0208789,9.0212128,9.0214677,9.0220916,9.0235063,9.0251845,9.0254218,9.0257557,9.0275482,9.0281369,9.0290859,9.0294813,9.0311156,9.0312562,9.0314583,9.0314586,9.0322142,9.0324515,9.0327063,9.0330665,9.0331703,9.0333126,9.0346306,9.0348415,9.0350611,9.0360541,9.0363265,9.0365285,9.0380750,9.0394018,9.0396068,9.0421878,9.0425124,9.0431890,9.0435592,9.0483394,9.0476514,9.0507355,9.0524307,9.0550490,9.0729949,9.0732437,9.0736171,9.0741289,9.0741608,9.0740529,9.0740194,9.0721920,9.0717531,9.0712655,9.0699585,9.0664905,9.0665014,9.0666939,9.0673477,9.0655461,9.0642175,9.0621791,9.0615235,9.0597778,9.0590431,9.0581914,9.0539179,9.0532683,9.0529402,9.0527417,9.0520560,9.0514573,9.0511507,9.0504772,9.0500681,9.0472062,9.0449098,9.0440469,9.0433689,9.0430086,9.0426883,9.0423596,9.0416412,9.0411086,9.0399477,9.0396851,9.0393880,9.0387246,9.0373734,9.0355348,9.0346598,9.0337265,9.0327395,9.0318769,9.0285206,9.0282128,9.0281144,9.0279416,9.0273653,9.0270587,9.0256046,9.0241976,9.0230662,9.0225387,9.0220895,9.0215072,9.0212370,9.0211333,9.0211046,9.0212018,9.0193967,9.0193603,9.0191801,9.0189515,9.0184511,9.0183173,9.0181405,9.0178489,9.0177276,9.0178860,9.0184078,9.0184045,9.0183827,9.0180014,9.0177142,9.0128765,9.0126996,9.0125270,9.0125229,9.0125311,9.0123303,9.0122319,9.0121950,9.0122729,9.0126197,9.0130372,9.0132599,9.0135546,9.0139211,9.0141559,9.0143153,9.0144979,9.0146892,9.0147877,9.0150775,9.0152746,9.0154224,9.0157296,9.0159151,9.0162513,9.0164252,9.0166629,9.0170628,9.0174193,9.0176918,9.0177961,9.0177700,9.0176720,9.0170336,9.0163559,9.0158050,9.0155471,9.0152224,9.0149587,9.0146950,9.0143436]}}