{"id":1417211,"name":"Lexgaard","polygon":{"numberOfPoints":60,"box":{"min":{"x":54.8205284,"y":8.9189411},"max":{"x":54.8463129,"y":8.9694030},"center":{"x":54.83342065,"y":8.94417205},"area":{"x":0.0257845,"y":0.0504619}},"pointsx":[54.8455133,54.8446077,54.8463129,54.8448299,54.8436360,54.8414329,54.8407607,54.8397424,54.8363650,54.8359139,54.8341472,54.8336969,54.8325536,54.8322072,54.8320224,54.8318723,54.8316396,54.8316195,54.8315201,54.8314854,54.8315085,54.8316858,54.8317736,54.8318059,54.8317690,54.8316304,54.8314087,54.8308359,54.8303508,54.8298473,54.8298011,54.8298242,54.8285400,54.8280872,54.8276946,54.8276666,54.8261825,54.8246579,54.8227752,54.8220071,54.8213149,54.8205284,54.8212014,54.8234270,54.8238893,54.8245873,54.8258145,54.8260686,54.8261674,54.8263389,54.8264079,54.8268523,54.8272327,54.8280870,54.8305653,54.8302548,54.8304706,54.8334692,54.8434668,54.8447715],"pointsy":[8.9446289,8.9497129,8.9510719,8.9562379,8.9551914,8.9658372,8.9689540,8.9690476,8.9694030,8.9667035,8.9669241,8.9662424,8.9668238,8.9661321,8.9656910,8.9651296,8.9635885,8.9634463,8.9627136,8.9622826,8.9619016,8.9605466,8.9595120,8.9586779,8.9578118,8.9570900,8.9561998,8.9542109,8.9534971,8.9517728,8.9512916,8.9509869,8.9516766,8.9522621,8.9525828,8.9557545,8.9569775,8.9572682,8.9551229,8.9539400,8.9527122,8.9509796,8.9472846,8.9356661,8.9330322,8.9290560,8.9220651,8.9215259,8.9208396,8.9189411,8.9191308,8.9202962,8.9222661,8.9267128,8.9255530,8.9288251,8.9297260,8.9301739,8.9316173,8.9324413]}}