{"id":1418654,"name":"Aventoft","polygon":{"numberOfPoints":126,"box":{"min":{"x":54.8691690,"y":8.7350452},"max":{"x":54.9068209,"y":8.8493896},"center":{"x":54.88799495,"y":8.7922174},"area":{"x":0.0376519,"y":0.1143444}},"pointsx":[54.8930312,54.8930490,54.8932154,54.8947726,54.8956901,54.8955810,54.8956764,54.8963085,54.8967630,54.8969247,54.8971767,54.8968418,54.8945071,54.8926454,54.8932333,54.8942472,54.8954871,54.8954381,54.8954151,54.8954531,54.8955141,54.8960440,54.8962850,54.8969369,54.8972229,54.8976998,54.8977988,54.8978758,54.8979788,54.8983678,54.8984398,54.8993287,54.8997946,54.8999966,54.9010875,54.9013045,54.9015224,54.9015224,54.9020334,54.9025063,54.9046581,54.9045591,54.9046541,54.9048831,54.9049861,54.9059090,54.9058100,54.9046431,54.9047001,54.9046731,54.9041852,54.9040172,54.9039982,54.9039712,54.9046122,54.9051921,54.9056151,54.9057300,54.9067329,54.9068169,54.9068209,54.9063020,54.9058671,54.9056801,54.9060770,54.9061380,54.9061990,54.9060924,54.9060549,54.9066669,54.9067099,54.9067060,54.9064700,54.9059661,54.9055891,54.9054741,54.9038373,54.9018995,54.9006867,54.8999968,54.8989249,54.8981080,54.8978272,54.8977190,54.8973579,54.8965491,54.8964317,54.8955684,54.8941162,54.8940128,54.8930745,54.8911803,54.8896736,54.8887311,54.8881864,54.8846039,54.8849922,54.8811211,54.8791649,54.8751532,54.8691690,54.8711252,54.8804283,54.8821063,54.8854304,54.8874601,54.8826652,54.8815473,54.8815767,54.8841493,54.8847169,54.8849391,54.8838328,54.8832906,54.8821881,54.8844166,54.8838977,54.8839668,54.8836260,54.8856425,54.8856332,54.8853217,54.8860343,54.8882641,54.8902151,54.8919617],"pointsy":[8.7350452,8.7354200,8.7382378,8.7453565,8.7497403,8.7499061,8.7500492,8.7502356,8.7503267,8.7503926,8.7504952,8.7551269,8.7595632,8.7769914,8.7768764,8.7766794,8.7764385,8.7766984,8.7770684,8.7773293,8.7775673,8.7789091,8.7793560,8.7805498,8.7810737,8.7811167,8.7811797,8.7813756,8.7823315,8.7865668,8.7869907,8.7894803,8.7905222,8.7908671,8.7927308,8.7928528,8.7933257,8.7935746,8.7953923,8.7988558,8.7987608,8.7991847,8.7999996,8.8019543,8.8021022,8.8110008,8.8111498,8.8116367,8.8119616,8.8122116,8.8136124,8.8142133,8.8178077,8.8185316,8.8199484,8.8211402,8.8221590,8.8228559,8.8238207,8.8239937,8.8242946,8.8292638,8.8290189,8.8294458,8.8308886,8.8315375,8.8318314,8.8323436,8.8326827,8.8328842,8.8329257,8.8329882,8.8334641,8.8349209,8.8366286,8.8368786,8.8388083,8.8408630,8.8425417,8.8435326,8.8450743,8.8471870,8.8477926,8.8480259,8.8487889,8.8493896,8.8493424,8.8489953,8.8484114,8.8484243,8.8485417,8.8487785,8.8489669,8.8490847,8.8490870,8.8483963,8.8448628,8.8400986,8.8434062,8.8232409,8.8158914,8.7981331,8.7963225,8.7803813,8.7750884,8.7680823,8.7669061,8.7646304,8.7621245,8.7592297,8.7587104,8.7585173,8.7552087,8.7537215,8.7512393,8.7495712,8.7483248,8.7482790,8.7467585,8.7461673,8.7453277,8.7439153,8.7429702,8.7392692,8.7365083,8.7352461]}}