{
  "id": 1418942,
  "name": "Humptrup",
  "polygon": {
    "numberOfPoints": 72,
    "box": {
      "min": {
        "x": 54.8820536,
        "y": 8.8484114
      },
      "max": {
        "x": 54.9021786,
        "y": 8.8812315
      },
      "center": {
        "x": 54.8921161,
        "y": 8.86482145
      },
      "area": {
        "x": 0.0201250,
        "y": 0.0328201
      }
    },
    "pointsx": [
      54.8973579,
      54.8972566,
      54.8969681,
      54.8967999,
      54.8967604,
      54.8969840,
      54.8972921,
      54.8975091,
      54.8976651,
      54.8978521,
      54.8981960,
      54.8984130,
      54.8987990,
      54.8989439,
      54.8995079,
      54.8997369,
      54.8998548,
      54.8998818,
      54.8998518,
      54.8997489,
      54.8997179,
      54.8996299,
      54.8992529,
      54.8992529,
      54.8992979,
      54.8994406,
      54.8994819,
      54.8996569,
      54.8998739,
      54.8999969,
      54.9001448,
      54.9007818,
      54.9010687,
      54.9010943,
      54.9013427,
      54.9015297,
      54.9017167,
      54.9020336,
      54.9021056,
      54.9021636,
      54.9021786,
      54.9021016,
      54.9019876,
      54.9020026,
      54.9021176,
      54.9014180,
      54.8964007,
      54.8943968,
      54.8945908,
      54.8944890,
      54.8936791,
      54.8934996,
      54.8928973,
      54.8919359,
      54.8912567,
      54.8857095,
      54.8820536,
      54.8841233,
      54.8860935,
      54.8869763,
      54.8875551,
      54.8881630,
      54.8881864,
      54.8887311,
      54.8896736,
      54.8911803,
      54.8930745,
      54.8940128,
      54.8941162,
      54.8955684,
      54.8964317,
      54.8965491
    ],
    "pointsy": [
      8.8487889,
      8.8499996,
      8.8547673,
      8.8594747,
      8.8598336,
      8.8602378,
      8.8605449,
      8.8615827,
      8.8621006,
      8.8623596,
      8.8625745,
      8.8629335,
      8.8643932,
      8.8646442,
      8.8650991,
      8.8653501,
      8.8656010,
      8.8661789,
      8.8670088,
      8.8682126,
      8.8692174,
      8.8703223,
      8.8720560,
      8.8723059,
      8.8725319,
      8.8728645,
      8.8729608,
      8.8731618,
      8.8732878,
      8.8734487,
      8.8736397,
      8.8746465,
      8.8750245,
      8.8750856,
      8.8756774,
      8.8763063,
      8.8766842,
      8.8770861,
      8.8772891,
      8.8779670,
      8.8789198,
      8.8795487,
      8.8802766,
      8.8807525,
      8.8812315,
      8.8811371,
      8.8802359,
      8.8802596,
      8.8788860,
      8.8784545,
      8.8756436,
      8.8729051,
      8.8732108,
      8.8729636,
      8.8724587,
      8.8691920,
      8.8670394,
      8.8596470,
      8.8527357,
      8.8524511,
      8.8508250,
      8.8507335,
      8.8490870,
      8.8490847,
      8.8489669,
      8.8487785,
      8.8485417,
      8.8484243,
      8.8484114,
      8.8489953,
      8.8493424,
      8.8493896
    ]
  }
}