{
  "id": 1419912,
  "name": "Kublank",
  "polygon": {
    "numberOfPoints": 56,
    "box": {
      "min": {
        "x": 53.5410349,
        "y": 13.4593042
      },
      "max": {
        "x": 53.5778921,
        "y": 13.5509093
      },
      "center": {
        "x": 53.5594635,
        "y": 13.50510675
      },
      "area": {
        "x": 0.0368572,
        "y": 0.0916051
      }
    },
    "pointsx": [
      53.5437467,
      53.5468254,
      53.5463875,
      53.5465422,
      53.5469844,
      53.5469416,
      53.5439812,
      53.5413666,
      53.5410349,
      53.5429509,
      53.5428499,
      53.5467741,
      53.5494654,
      53.5502847,
      53.5511907,
      53.5521492,
      53.5531487,
      53.5535659,
      53.5536895,
      53.5540455,
      53.5545042,
      53.5556950,
      53.5565307,
      53.5568191,
      53.5570968,
      53.5575420,
      53.5581793,
      53.5583456,
      53.5603785,
      53.5608818,
      53.5617143,
      53.5628758,
      53.5638244,
      53.5644433,
      53.5659235,
      53.5670600,
      53.5687361,
      53.5687770,
      53.5687101,
      53.5686447,
      53.5677890,
      53.5718631,
      53.5745640,
      53.5718048,
      53.5714243,
      53.5776068,
      53.5778053,
      53.5778921,
      53.5767880,
      53.5713298,
      53.5637776,
      53.5497335,
      53.5469666,
      53.5463281,
      53.5427096,
      53.5424747
    ],
    "pointsy": [
      13.5273710,
      13.5202650,
      13.5183255,
      13.5159815,
      13.5141212,
      13.5132816,
      13.5076064,
      13.5015630,
      13.5010095,
      13.4865287,
      13.4703853,
      13.4593042,
      13.4616094,
      13.4620601,
      13.4631075,
      13.4639257,
      13.4644673,
      13.4647980,
      13.4648418,
      13.4647266,
      13.4649456,
      13.4652635,
      13.4652090,
      13.4658460,
      13.4674031,
      13.4691359,
      13.4697157,
      13.4708337,
      13.4755924,
      13.4758531,
      13.4765376,
      13.4782977,
      13.4822415,
      13.4839658,
      13.4889202,
      13.4922705,
      13.4950144,
      13.4973630,
      13.5013043,
      13.5035355,
      13.5102348,
      13.5142012,
      13.5204677,
      13.5231324,
      13.5348260,
      13.5394714,
      13.5460484,
      13.5489223,
      13.5509093,
      13.5455790,
      13.5418177,
      13.5334892,
      13.5379669,
      13.5453103,
      13.5429819,
      13.5300256
    ]
  }
}