{
  "numberOfPolygons": 1,
  "box": {
    "min": {
      "x": 53.5900720,
      "y": 13.2515198
    },
    "max": {
      "x": 53.6315001,
      "y": 13.3196366
    },
    "center": {
      "x": 53.61078605,
      "y": 13.2855782
    }
  },
  "polygons": [
    {
      "numberOfPoints": 101,
      "box": {
        "min": {
          "x": 53.5900720,
          "y": 13.2515198
        },
        "max": {
          "x": 53.6315001,
          "y": 13.3196366
        },
        "center": {
          "x": 53.61078605,
          "y": 13.2855782
        }
      },
      "pointsx": [
        53.6261887,
        53.6312088,
        53.6312693,
        53.6265516,
        53.6290920,
        53.6315001,
        53.6309511,
        53.6307222,
        53.6304592,
        53.6303522,
        53.6302642,
        53.6295393,
        53.6291274,
        53.6289904,
        53.6289484,
        53.6285854,
        53.6284564,
        53.6277845,
        53.6277085,
        53.6276737,
        53.6271056,
        53.6267657,
        53.6266327,
        53.6263537,
        53.6262587,
        53.6261977,
        53.6260987,
        53.6258927,
        53.6257477,
        53.6250268,
        53.6245918,
        53.6238819,
        53.6231840,
        53.6229210,
        53.6220741,
        53.6219061,
        53.6215362,
        53.6211662,
        53.6205253,
        53.6199224,
        53.6197124,
        53.6192015,
        53.6189995,
        53.6188965,
        53.6171107,
        53.6148220,
        53.6134831,
        53.6122593,
        53.6097486,
        53.6074394,
        53.6067619,
        53.6062660,
        53.6060140,
        53.6033093,
        53.6012916,
        53.6010586,
        53.5997997,
        53.5995828,
        53.5989298,
        53.5960882,
        53.5947073,
        53.5915447,
        53.5911828,
        53.5909268,
        53.5905799,
        53.5905609,
        53.5905269,
        53.5904309,
        53.5903555,
        53.5902979,
        53.5904689,
        53.5902480,
        53.5900990,
        53.5900720,
        53.5901070,
        53.5902780,
        53.5902820,
        53.5903620,
        53.5904500,
        53.5905150,
        53.5903931,
        53.5900951,
        53.5901601,
        53.5903281,
        53.5903321,
        53.5903621,
        53.5905261,
        53.5906261,
        53.5910341,
        53.5911331,
        53.5911441,
        53.5913771,
        53.5914881,
        53.5917321,
        53.5958978,
        53.5983034,
        53.6032774,
        53.6096535,
        53.6161562,
        53.6239326,
        53.6243150
      ],
      "pointsy": [
        13.3049663,
        13.2971128,
        13.2907382,
        13.2724813,
        13.2600381,
        13.2534443,
        13.2533443,
        13.2533743,
        13.2534053,
        13.2534203,
        13.2534323,
        13.2537153,
        13.2542392,
        13.2544102,
        13.2545302,
        13.2555330,
        13.2558830,
        13.2578067,
        13.2580317,
        13.2580035,
        13.2582177,
        13.2581067,
        13.2580327,
        13.2566009,
        13.2559520,
        13.2555141,
        13.2548342,
        13.2539474,
        13.2532985,
        13.2522636,
        13.2519777,
        13.2515198,
        13.2517208,
        13.2517958,
        13.2522797,
        13.2523867,
        13.2526227,
        13.2528626,
        13.2532906,
        13.2536935,
        13.2535876,
        13.2533296,
        13.2526547,
        13.2527607,
        13.2543285,
        13.2558703,
        13.2567512,
        13.2574112,
        13.2586330,
        13.2596689,
        13.2599729,
        13.2602529,
        13.2603958,
        13.2619297,
        13.2629099,
        13.2630206,
        13.2637465,
        13.2638365,
        13.2641034,
        13.2649204,
        13.2655323,
        13.2669412,
        13.2698437,
        13.2711875,
        13.2730223,
        13.2731173,
        13.2732962,
        13.2743281,
        13.2751573,
        13.2757908,
        13.2771866,
        13.2801352,
        13.2843585,
        13.2865822,
        13.2870661,
        13.2894227,
        13.2895627,
        13.2906965,
        13.2919373,
        13.2928312,
        13.2944219,
        13.2958377,
        13.2969166,
        13.2997371,
        13.2998131,
        13.3002900,
        13.3012429,
        13.3019678,
        13.3049943,
        13.3069230,
        13.3072489,
        13.3086507,
        13.3102994,
        13.3109003,
        13.3153711,
        13.3123291,
        13.3123291,
        13.3196366,
        13.3192067,
        13.3144783,
        13.3069559
      ]
    }
  ]
}