{
  "id": 1419831,
  "name": "Zirzow",
  "polygon": {
    "numberOfPoints": 126,
    "box": {
      "min": {
        "x": 53.5692405,
        "y": 13.1653458
      },
      "max": {
        "x": 53.6047364,
        "y": 13.2331434
      },
      "center": {
        "x": 53.58698845,
        "y": 13.1992446
      },
      "area": {
        "x": 0.0354959,
        "y": 0.0677976
      }
    },
    "pointsx": [
      53.6008990,
      53.6008450,
      53.6030427,
      53.6033246,
      53.6034126,
      53.6042975,
      53.6047364,
      53.6045154,
      53.6035495,
      53.6016577,
      53.6012957,
      53.5985870,
      53.5964118,
      53.5926428,
      53.5878513,
      53.5829315,
      53.5762217,
      53.5708531,
      53.5692405,
      53.5695954,
      53.5697594,
      53.5699384,
      53.5701254,
      53.5704683,
      53.5715712,
      53.5719332,
      53.5722651,
      53.5728571,
      53.5733260,
      53.5736200,
      53.5740770,
      53.5744359,
      53.5756648,
      53.5765797,
      53.5766867,
      53.5769037,
      53.5769997,
      53.5769617,
      53.5766148,
      53.5767138,
      53.5763168,
      53.5763208,
      53.5759619,
      53.5759809,
      53.5761599,
      53.5764848,
      53.5770338,
      53.5773548,
      53.5782127,
      53.5794295,
      53.5801545,
      53.5803904,
      53.5806424,
      53.5812414,
      53.5816493,
      53.5819703,
      53.5821343,
      53.5823023,
      53.5824282,
      53.5827402,
      53.5831532,
      53.5831492,
      53.5832782,
      53.5830082,
      53.5829582,
      53.5829432,
      53.5828092,
      53.5829852,
      53.5831072,
      53.5831942,
      53.5829432,
      53.5830002,
      53.5832362,
      53.5833852,
      53.5834772,
      53.5843311,
      53.5859909,
      53.5863079,
      53.5865398,
      53.5868458,
      53.5877947,
      53.5882566,
      53.5886726,
      53.5890536,
      53.5890806,
      53.5890276,
      53.5890346,
      53.5888256,
      53.5875927,
      53.5872798,
      53.5871008,
      53.5872038,
      53.5874478,
      53.5875248,
      53.5875278,
      53.5873068,
      53.5876388,
      53.5884737,
      53.5893626,
      53.5897296,
      53.5900495,
      53.5904045,
      53.5908464,
      53.5911104,
      53.5915144,
      53.5917853,
      53.5918803,
      53.5918843,
      53.5920063,
      53.5923803,
      53.5928572,
      53.5930862,
      53.5932352,
      53.5932542,
      53.5935862,
      53.5938111,
      53.5938641,
      53.5941351,
      53.5947530,
      53.5947150,
      53.5949170,
      53.5950580,
      53.5953449,
      53.5955716,
      53.5972673,
      53.5974030
    ],
    "pointsy": [
      13.1937174,
      13.1931864,
      13.1832129,
      13.1826290,
      13.1824551,
      13.1767089,
      13.1738484,
      13.1734834,
      13.1719497,
      13.1689362,
      13.1684903,
      13.1653458,
      13.1718026,
      13.1722332,
      13.1674973,
      13.1711568,
      13.1726637,
      13.1793370,
      13.1829568,
      13.1834967,
      13.1848165,
      13.1847535,
      13.1843766,
      13.1851745,
      13.1866782,
      13.1865712,
      13.1867622,
      13.1874400,
      13.1881779,
      13.1890088,
      13.1898296,
      13.1901806,
      13.1915363,
      13.1935600,
      13.1939919,
      13.1949138,
      13.1958196,
      13.1965015,
      13.1984012,
      13.1993081,
      13.2002250,
      13.2008279,
      13.2012148,
      13.2014108,
      13.2034055,
      13.2047593,
      13.2060350,
      13.2065590,
      13.2072208,
      13.2083406,
      13.2086276,
      13.2088775,
      13.2115211,
      13.2129529,
      13.2129558,
      13.2132388,
      13.2132328,
      13.2135217,
      13.2139777,
      13.2143896,
      13.2150015,
      13.2157434,
      13.2166052,
      13.2171622,
      13.2176241,
      13.2180490,
      13.2187159,
      13.2187089,
      13.2188149,
      13.2191049,
      13.2197788,
      13.2199427,
      13.2200137,
      13.2206006,
      13.2214635,
      13.2216144,
      13.2220713,
      13.2210635,
      13.2206865,
      13.2204715,
      13.2200846,
      13.2201466,
      13.2204345,
      13.2211604,
      13.2214513,
      13.2222012,
      13.2230751,
      13.2233880,
      13.2232821,
      13.2235521,
      13.2239830,
      13.2244239,
      13.2245779,
      13.2247229,
      13.2250348,
      13.2256697,
      13.2267266,
      13.2312028,
      13.2304239,
      13.2311698,
      13.2316167,
      13.2315327,
      13.2307678,
      13.2304569,
      13.2303729,
      13.2308168,
      13.2311948,
      13.2316497,
      13.2322066,
      13.2323966,
      13.2318256,
      13.2318356,
      13.2322975,
      13.2329354,
      13.2331434,
      13.2328394,
      13.2317156,
      13.2315016,
      13.2319546,
      13.2306318,
      13.2295579,
      13.2292570,
      13.2292840,
      13.2246993,
      13.2166986,
      13.1973828
    ]
  }
}