{"id":1419840,"name":"Blankenhof","polygon":{"numberOfPoints":141,"box":{"min":{"x":53.5554965,"y":13.0882638},"max":{"x":53.5985870,"y":13.1829568},"center":{"x":53.57704175,"y":13.1356103},"area":{"x":0.0430905,"y":0.0946930}},"pointsx":[53.5985870,53.5979771,53.5975721,53.5966112,53.5963862,53.5951003,53.5949973,53.5941314,53.5943773,53.5951843,53.5950353,53.5954280,53.5962791,53.5962031,53.5960501,53.5955732,53.5953402,53.5952492,53.5951542,53.5952832,53.5956761,53.5958061,53.5956571,53.5952072,53.5944212,53.5937503,53.5922245,53.5918385,53.5911866,53.5906146,53.5868571,53.5867611,53.5841373,53.5836673,53.5832214,53.5829624,53.5835383,53.5838433,53.5839232,53.5839192,53.5839152,53.5837323,53.5834043,53.5833513,53.5834383,53.5834313,53.5828283,53.5825383,53.5822644,53.5812725,53.5800516,53.5794597,53.5792727,53.5793117,53.5796626,53.5792346,53.5788267,53.5785327,53.5784107,53.5783467,53.5776977,53.5776407,53.5772128,53.5745541,53.5744920,53.5743481,53.5740581,53.5735782,53.5730402,53.5721973,53.5711745,53.5695147,53.5690117,53.5654561,53.5643772,53.5632473,53.5627934,53.5623434,53.5618325,53.5610505,53.5603866,53.5596737,53.5590058,53.5575980,53.5576090,53.5585249,53.5574220,53.5570291,53.5567321,53.5563812,53.5561182,53.5557783,53.5557513,53.5556373,53.5555304,53.5565223,53.5568043,53.5573082,53.5573152,53.5570522,53.5561334,53.5556414,53.5554965,53.5556605,53.5559465,53.5567324,53.5586663,53.5598981,53.5604481,53.5620379,53.5629008,53.5639457,53.5656776,53.5651396,53.5647357,53.5636288,53.5642618,53.5641328,53.5636478,53.5588794,53.5587924,53.5585460,53.5582505,53.5587615,53.5625068,53.5638621,53.5650519,53.5655629,53.5660748,53.5662634,53.5664787,53.5671467,53.5679856,53.5683405,53.5692405,53.5708531,53.5762217,53.5829315,53.5878513,53.5926428,53.5964118],"pointsy":[13.1653458,13.1641041,13.1632912,13.1608206,13.1606736,13.1561514,13.1557914,13.1525869,13.1524148,13.1518500,13.1504143,13.1503059,13.1490194,13.1486425,13.1478846,13.1454800,13.1445672,13.1442022,13.1435973,13.1431394,13.1421465,13.1415366,13.1398749,13.1395100,13.1370334,13.1371274,13.1367925,13.1365985,13.1360626,13.1361786,13.1369306,13.1366296,13.1283220,13.1256664,13.1228848,13.1212641,13.1204932,13.1197293,13.1186665,13.1182905,13.1178346,13.1173097,13.1161819,13.1152750,13.1149721,13.1143642,13.1119606,13.1107487,13.1101538,13.1098019,13.1088501,13.1080352,13.1072094,13.1061495,13.1053847,13.1027511,13.1023082,13.1003345,13.0995106,13.0990677,13.0956892,13.0953843,13.0931296,13.0905901,13.0905314,13.0903951,13.0919259,13.0930727,13.0930877,13.0943196,13.0955574,13.0973672,13.0947806,13.0937408,13.0933159,13.0927410,13.0922251,13.0914812,13.0901325,13.0882638,13.0886597,13.0892067,13.0898296,13.0931181,13.0940250,13.0961146,13.0984123,13.0994061,13.1016028,13.1022927,13.1029796,13.1050313,13.1072989,13.1095686,13.1125931,13.1130210,13.1142218,13.1155696,13.1164005,13.1170124,13.1188181,13.1213388,13.1233235,13.1275488,13.1293565,13.1325130,13.1382161,13.1407566,13.1420284,13.1441101,13.1454518,13.1469406,13.1497751,13.1498631,13.1501750,13.1522418,13.1533626,13.1538945,13.1548114,13.1609405,13.1610495,13.1609522,13.1608355,13.1652567,13.1715448,13.1825140,13.1815981,13.1814322,13.1805993,13.1806410,13.1812112,13.1812391,13.1818860,13.1820730,13.1829568,13.1793370,13.1726637,13.1711568,13.1674973,13.1722332,13.1718026]}}