{"id":1424142,"name":"Bollewick","polygon":{"numberOfPoints":103,"box":{"min":{"x":53.2912441,"y":12.5097181},"max":{"x":53.3661902,"y":12.6207581},"center":{"x":53.32871715,"y":12.5652381},"area":{"x":0.0749461,"y":0.1110400}},"pointsx":[53.3609628,53.3616773,53.3623547,53.3644898,53.3659750,53.3661902,53.3606656,53.3596252,53.3378782,53.3344778,53.3315823,53.3285041,53.3276362,53.3229071,53.3221634,53.3212403,53.3238381,53.3259173,53.3278552,53.3284847,53.3278934,53.3316777,53.3356680,53.3412911,53.3438891,53.3395888,53.3380908,53.3345045,53.3340315,53.3337988,53.3270007,53.3232774,53.3231820,53.3184745,53.3159223,53.3151975,53.3149878,53.3134695,53.3119206,53.3103756,53.3075487,53.3062021,53.3036996,53.3025246,53.3006210,53.2988890,53.2978323,53.2975271,53.2970312,53.2961576,53.2943418,53.2912441,53.2943761,53.2944906,53.2945592,53.2951047,53.3008384,53.3029480,53.3059770,53.3050920,53.3067324,53.3093532,53.3130727,53.3145796,53.3153807,53.3167311,53.3179214,53.3185317,53.3196227,53.3235941,53.3321965,53.3390861,53.3395783,53.3411996,53.3409097,53.3388153,53.3364615,53.3344397,53.3348974,53.3359237,53.3385101,53.3419893,53.3451670,53.3477453,53.3517337,53.3521151,53.3523420,53.3522411,53.3522330,53.3525563,53.3527454,53.3542820,53.3544347,53.3540187,53.3541393,53.3552578,53.3559901,53.3564768,53.3572332,53.3574601,53.3582668,53.3590247,53.3600178],"pointsy":[12.5645093,12.5758582,12.5776258,12.5820622,12.5853689,12.5978732,12.6018409,12.6113995,12.6128423,12.6186279,12.6193572,12.6197057,12.6207581,12.6154366,12.6055588,12.5982936,12.6029531,12.6066831,12.6086008,12.6044323,12.5983861,12.5980092,12.5964436,12.5943700,12.5906166,12.5756716,12.5751227,12.5750193,12.5716860,12.5700189,12.5724766,12.5766612,12.5727484,12.5736736,12.5753271,12.5839962,12.5835464,12.5802893,12.5768941,12.5735008,12.5709325,12.5747579,12.5740102,12.5784457,12.5834544,12.5884584,12.5871955,12.5847742,12.5826426,12.5813905,12.5821851,12.5750812,12.5719625,12.5665657,12.5632660,12.5629971,12.5645325,12.5583487,12.5597279,12.5503503,12.5498430,12.5448905,12.5390981,12.5361655,12.5323071,12.5278791,12.5225385,12.5189709,12.5184319,12.5178624,12.5114281,12.5097181,12.5121510,12.5119429,12.5173523,12.5142127,12.5143780,12.5166798,12.5206150,12.5230774,12.5289375,12.5351489,12.5467704,12.5500622,12.5459474,12.5471624,12.5487042,12.5493589,12.5498882,12.5500559,12.5507740,12.5529701,12.5537943,12.5542801,12.5545962,12.5573405,12.5590546,12.5601939,12.5617146,12.5627284,12.5632142,12.5627947,12.5628667]}}