{"id":1424299,"name":"Klink","polygon":{"numberOfPoints":57,"box":{"min":{"x":53.4409503,"y":12.5614264},"max":{"x":53.5093902,"y":12.6534778},"center":{"x":53.47517025,"y":12.6074521},"area":{"x":0.0684399,"y":0.0920514}},"pointsx":[53.5093902,53.5093881,53.5086396,53.5082264,53.5069865,53.5081611,53.5073071,53.5057618,53.5035203,53.5035029,53.5037465,53.5044949,53.5053650,53.5026265,53.4901766,53.4895710,53.4806009,53.4744866,53.4632887,53.4616991,53.4504284,53.4478259,53.4409503,53.4423230,53.4516800,53.4525246,53.4539018,53.4555498,53.4566638,53.4586541,53.4582577,53.4595270,53.4600533,53.4606757,53.4609288,53.4623517,53.4634046,53.4637899,53.4636679,53.4638968,53.4667770,53.4678871,53.4712365,53.4739985,53.4763293,53.4771495,53.4794689,53.4807698,53.4817349,53.4832114,53.4880697,53.4915087,53.4952281,53.5013676,53.5051712,53.5082045,53.5090208],"pointsy":[12.6155459,12.6181970,12.6192730,12.6209189,12.6239546,12.6280145,12.6331233,12.6345040,12.6375269,12.6405700,12.6422963,12.6444909,12.6505478,12.6534778,12.6451063,12.6402062,12.6384066,12.6306505,12.6323153,12.6369878,12.6204433,12.6152196,12.6014601,12.5985127,12.5935883,12.5921938,12.5952876,12.5938800,12.5921365,12.5873954,12.5854964,12.5834391,12.5788784,12.5782826,12.5776206,12.5783075,12.5795747,12.5783914,12.5756716,12.5732578,12.5731260,12.5716831,12.5664541,12.5633005,12.5637361,12.5674031,12.5684453,12.5664102,12.5631508,12.5614264,12.5653519,12.5758942,12.5862772,12.5998837,12.6086659,12.6155581,12.6155462]}}