{
  "id": 1424397,
  "name": "Walow",
  "polygon": {
    "numberOfPoints": 60,
    "box": {
      "min": {
        "x": 53.4016944,
        "y": 12.4265970
      },
      "max": {
        "x": 53.4503207,
        "y": 12.5256568
      },
      "center": {
        "x": 53.42600755,
        "y": 12.4761269
      },
      "area": {
        "x": 0.0486263,
        "y": 0.0990598
      }
    },
    "pointsx": [
      53.4207793,
      53.4266332,
      53.4283880,
      53.4309516,
      53.4327485,
      53.4349000,
      53.4376416,
      53.4385044,
      53.4394246,
      53.4405562,
      53.4428641,
      53.4503207,
      53.4458392,
      53.4445652,
      53.4433997,
      53.4428852,
      53.4419747,
      53.4411342,
      53.4407596,
      53.4382048,
      53.4384772,
      53.4389743,
      53.4380734,
      53.4366061,
      53.4362466,
      53.4360526,
      53.4363248,
      53.4362165,
      53.4350802,
      53.4333932,
      53.4303909,
      53.4284567,
      53.4279761,
      53.4249356,
      53.4218761,
      53.4206515,
      53.4186755,
      53.4150399,
      53.4145630,
      53.4148186,
      53.4156045,
      53.4193468,
      53.4221622,
      53.4220554,
      53.4205867,
      53.4191256,
      53.4159211,
      53.4130867,
      53.4107825,
      53.4084402,
      53.4078488,
      53.4086827,
      53.4062849,
      53.4016944,
      53.4038184,
      53.4084087,
      53.4093786,
      53.4123504,
      53.4166803,
      53.4189310
    ],
    "pointsy": [
      12.5208168,
      12.5225651,
      12.5247748,
      12.5225118,
      12.5226155,
      12.5230410,
      12.5250473,
      12.5224343,
      12.5200547,
      12.5180004,
      12.5124827,
      12.4955872,
      12.4895251,
      12.4873015,
      12.4853276,
      12.4838526,
      12.4825855,
      12.4811034,
      12.4791933,
      12.4771300,
      12.4743729,
      12.4713545,
      12.4680028,
      12.4671288,
      12.4655393,
      12.4622207,
      12.4588770,
      12.4573931,
      12.4531867,
      12.4464028,
      12.4344724,
      12.4322569,
      12.4292196,
      12.4284489,
      12.4285795,
      12.4267057,
      12.4265970,
      12.4285021,
      12.4344961,
      12.4396308,
      12.4454081,
      12.4471239,
      12.4502908,
      12.4557070,
      12.4571286,
      12.4582522,
      12.4565659,
      12.4543001,
      12.4526657,
      12.4528363,
      12.4555122,
      12.4670100,
      12.4751697,
      12.4885010,
      12.5027518,
      12.5134398,
      12.5215715,
      12.5256568,
      12.5250037,
      12.5209170
    ]
  }
}