{"id":1424393,"name":"Göhren-Lebbin","polygon":{"numberOfPoints":82,"box":{"min":{"x":53.4376416,"y":12.4704186},"max":{"x":53.5109528,"y":12.5795747},"center":{"x":53.4742972,"y":12.52499665},"area":{"x":0.0733112,"y":0.1091561}},"pointsx":[53.4503207,53.4520016,53.4527778,53.4564043,53.4575431,53.4704574,53.4700525,53.4701271,53.4706621,53.4709819,53.4717164,53.4756089,53.4764033,53.4819068,53.4819074,53.4926798,53.4984729,53.5043954,53.5105158,53.5109528,53.5103521,53.5093507,53.5085547,53.5065807,53.5064429,53.5059215,53.5035123,53.5026601,53.5019039,53.5020788,53.4999566,53.4987649,53.4975514,53.4967496,53.4976124,53.4944904,53.4909936,53.4889740,53.4880697,53.4832114,53.4817349,53.4807698,53.4794689,53.4771495,53.4763293,53.4739985,53.4712365,53.4678871,53.4667770,53.4638968,53.4636679,53.4637899,53.4634046,53.4623517,53.4609288,53.4606757,53.4600533,53.4567095,53.4567554,53.4551502,53.4533108,53.4507403,53.4497395,53.4512163,53.4528674,53.4530248,53.4540210,53.4545261,53.4522323,53.4509169,53.4467022,53.4456928,53.4448988,53.4436856,53.4421368,53.4409008,53.4394893,53.4376416,53.4385044,53.4394246,53.4405562,53.4428641],"pointsy":[12.4955872,12.4976022,12.5017598,12.5052881,12.5032853,12.5040423,12.4959303,12.4902944,12.4889684,12.4826679,12.4811346,12.4821308,12.4835928,12.4835097,12.4830207,12.4772025,12.4749047,12.4704186,12.4708798,12.4783079,12.4916323,12.4974357,12.5007632,12.5010842,12.5093546,12.5121319,12.5097671,12.5150189,12.5206824,12.5271520,12.5303576,12.5343379,12.5378172,12.5412724,12.5435535,12.5521806,12.5591670,12.5640916,12.5653519,12.5614264,12.5631508,12.5664102,12.5684453,12.5674031,12.5637361,12.5633005,12.5664541,12.5716831,12.5731260,12.5732578,12.5756716,12.5783914,12.5795747,12.5783075,12.5776206,12.5782826,12.5788784,12.5728344,12.5715189,12.5633776,12.5591140,12.5615890,12.5597596,12.5467236,12.5465215,12.5398375,12.5405206,12.5373015,12.5359673,12.5354235,12.5334771,12.5369483,12.5353674,12.5331880,12.5297853,12.5285094,12.5272221,12.5250473,12.5224343,12.5200547,12.5180004,12.5124827]}}