{
  "id": 1427222,
  "name": "Meesiger",
  "polygon": {
    "numberOfPoints": 23,
    "box": {
      "min": {
        "x": 53.8002438,
        "y": 12.8911504
      },
      "max": {
        "x": 53.8326279,
        "y": 12.9513601
      },
      "center": {
        "x": 53.81643585,
        "y": 12.92125525
      },
      "area": {
        "x": 0.0323841,
        "y": 0.0602097
      }
    },
    "pointsx": [
      53.8263098,
      53.8220284,
      53.8166165,
      53.8064748,
      53.8024293,
      53.8007039,
      53.8002438,
      53.8018459,
      53.8022572,
      53.8024228,
      53.8049060,
      53.8055469,
      53.8076298,
      53.8117154,
      53.8170331,
      53.8197988,
      53.8240142,
      53.8272643,
      53.8326279,
      53.8300947,
      53.8297780,
      53.8296750,
      53.8262573
    ],
    "pointsy": [
      12.9506549,
      12.9513601,
      12.9421926,
      12.9385156,
      12.9450638,
      12.9440563,
      12.9096829,
      12.9039229,
      12.9024439,
      12.8920711,
      12.8911504,
      12.8945509,
      12.8974244,
      12.8992172,
      12.9016998,
      12.9061393,
      12.9100684,
      12.9090708,
      12.9097346,
      12.9151883,
      12.9284506,
      12.9327631,
      12.9431252
    ]
  }
}