{
  "numberOfPolygons": 1,
  "box": {
    "min": {
      "x": 53.8262573,
      "y": 12.8816384
    },
    "max": {
      "x": 53.8745707,
      "y": 12.9516623
    },
    "center": {
      "x": 53.8504140,
      "y": 12.91665035
    }
  },
  "polygons": [
    {
      "numberOfPoints": 51,
      "box": {
        "min": {
          "x": 53.8262573,
          "y": 12.8816384
        },
        "max": {
          "x": 53.8745707,
          "y": 12.9516623
        },
        "center": {
          "x": 53.8504140,
          "y": 12.91665035
        }
      },
      "pointsx": [
        53.8723595,
        53.8726484,
        53.8725680,
        53.8724878,
        53.8725889,
        53.8737273,
        53.8741021,
        53.8745519,
        53.8745707,
        53.8742520,
        53.8734085,
        53.8725767,
        53.8720934,
        53.8634851,
        53.8589829,
        53.8550100,
        53.8510367,
        53.8485642,
        53.8407044,
        53.8364648,
        53.8355815,
        53.8342768,
        53.8263098,
        53.8262573,
        53.8296750,
        53.8297780,
        53.8300947,
        53.8326279,
        53.8351266,
        53.8390214,
        53.8424547,
        53.8461664,
        53.8479098,
        53.8483676,
        53.8470253,
        53.8489356,
        53.8522530,
        53.8567524,
        53.8582021,
        53.8609982,
        53.8632528,
        53.8645879,
        53.8642073,
        53.8653335,
        53.8664367,
        53.8681594,
        53.8690499,
        53.8702318,
        53.8709895,
        53.8714965,
        53.8721452
      ],
      "pointsy": [
        12.8972061,
        12.8998588,
        12.9002357,
        12.9007722,
        12.9023330,
        12.9086519,
        12.9118118,
        12.9138785,
        12.9147051,
        12.9155318,
        12.9161359,
        12.9180995,
        12.9258843,
        12.9263652,
        12.9362447,
        12.9295087,
        12.9320534,
        12.9320534,
        12.9360950,
        12.9438788,
        12.9489682,
        12.9516623,
        12.9506549,
        12.9431252,
        12.9327631,
        12.9284506,
        12.9151883,
        12.9097346,
        12.9105108,
        12.9122921,
        12.9113042,
        12.9060792,
        12.9007091,
        12.8964802,
        12.8889498,
        12.8875902,
        12.8883362,
        12.8912609,
        12.8904437,
        12.8857630,
        12.8816384,
        12.8818796,
        12.8841432,
        12.8863349,
        12.8885496,
        12.8898096,
        12.8903024,
        12.8908039,
        12.8916615,
        12.8932218,
        12.8962417
      ]
    }
  ]
}