{
  "numberOfPolygons": 1,
  "box": {
    "min": {
      "x": 53.9572232,
      "y": 13.2242575
    },
    "max": {
      "x": 54.0314691,
      "y": 13.3425269
    },
    "center": {
      "x": 53.99434615,
      "y": 13.2833922
    }
  },
  "polygons": [
    {
      "numberOfPoints": 167,
      "box": {
        "min": {
          "x": 53.9572232,
          "y": 13.2242575
        },
        "max": {
          "x": 54.0314691,
          "y": 13.3425269
        },
        "center": {
          "x": 53.99434615,
          "y": 13.2833922
        }
      },
      "pointsx": [
        53.9572232,
        53.9606781,
        53.9627263,
        53.9658878,
        53.9681245,
        53.9706407,
        53.9727042,
        53.9731415,
        53.9743544,
        53.9743462,
        53.9734659,
        53.9702867,
        53.9693247,
        53.9673557,
        53.9664191,
        53.9652742,
        53.9633819,
        53.9633731,
        53.9629919,
        53.9632103,
        53.9639256,
        53.9657566,
        53.9704293,
        53.9740635,
        53.9791612,
        53.9851313,
        53.9890065,
        53.9971485,
        53.9975149,
        53.9977848,
        53.9979462,
        53.9997997,
        53.9999549,
        54.0009430,
        54.0015780,
        54.0014056,
        54.0015181,
        54.0041136,
        54.0069996,
        54.0129941,
        54.0180139,
        54.0186897,
        54.0195753,
        54.0212255,
        54.0217272,
        54.0229367,
        54.0234157,
        54.0239212,
        54.0239634,
        54.0244222,
        54.0254123,
        54.0259474,
        54.0266848,
        54.0272476,
        54.0275929,
        54.0277814,
        54.0281034,
        54.0287128,
        54.0290480,
        54.0295276,
        54.0295900,
        54.0300254,
        54.0299416,
        54.0299776,
        54.0304010,
        54.0304325,
        54.0307772,
        54.0304691,
        54.0306134,
        54.0308459,
        54.0310312,
        54.0314691,
        54.0307980,
        54.0291709,
        54.0273572,
        54.0248111,
        54.0235827,
        54.0231510,
        54.0222585,
        54.0211202,
        54.0210811,
        54.0210855,
        54.0194196,
        54.0181457,
        54.0158789,
        54.0139650,
        54.0120592,
        54.0105448,
        54.0088993,
        54.0075469,
        54.0068553,
        54.0061799,
        54.0057039,
        54.0055325,
        54.0052412,
        54.0042701,
        53.9998181,
        53.9995020,
        53.9992455,
        53.9979211,
        53.9969296,
        53.9960677,
        53.9950829,
        53.9940420,
        53.9932925,
        53.9922675,
        53.9915939,
        53.9901526,
        53.9894600,
        53.9881788,
        53.9854247,
        53.9850544,
        53.9848222,
        53.9837763,
        53.9830804,
        53.9824722,
        53.9818893,
        53.9813044,
        53.9807013,
        53.9802583,
        53.9792716,
        53.9785731,
        53.9777149,
        53.9773390,
        53.9772071,
        53.9770714,
        53.9766178,
        53.9754826,
        53.9747544,
        53.9740666,
        53.9731573,
        53.9722650,
        53.9714895,
        53.9712610,
        53.9708022,
        53.9702614,
        53.9696840,
        53.9692416,
        53.9686736,
        53.9679516,
        53.9671785,
        53.9655540,
        53.9648875,
        53.9644015,
        53.9635525,
        53.9633708,
        53.9631151,
        53.9628380,
        53.9618111,
        53.9614128,
        53.9613276,
        53.9614595,
        53.9621355,
        53.9621999,
        53.9624637,
        53.9623615,
        53.9624385,
        53.9626222,
        53.9626032,
        53.9627434,
        53.9624379,
        53.9621324,
        53.9617379,
        53.9608655,
        53.9600961,
        53.9590255,
        53.9582080
      ],
      "pointsy": [
        13.3116149,
        13.3073631,
        13.3043247,
        13.3010374,
        13.2979389,
        13.2929693,
        13.2866897,
        13.2823477,
        13.2743440,
        13.2724708,
        13.2697993,
        13.2645904,
        13.2636534,
        13.2619818,
        13.2583941,
        13.2549544,
        13.2430797,
        13.2381938,
        13.2354902,
        13.2322393,
        13.2318771,
        13.2311712,
        13.2289782,
        13.2276704,
        13.2268550,
        13.2259087,
        13.2254946,
        13.2242575,
        13.2292679,
        13.2305189,
        13.2329908,
        13.2400643,
        13.2427008,
        13.2463353,
        13.2480477,
        13.2502360,
        13.2517759,
        13.2521064,
        13.2529872,
        13.2526654,
        13.2581060,
        13.2587314,
        13.2591070,
        13.2594149,
        13.2599363,
        13.2607731,
        13.2595930,
        13.2588838,
        13.2580308,
        13.2570899,
        13.2558400,
        13.2571674,
        13.2570417,
        13.2564966,
        13.2549409,
        13.2540290,
        13.2536363,
        13.2537500,
        13.2542275,
        13.2554345,
        13.2563765,
        13.2570706,
        13.2587100,
        13.2599513,
        13.2626754,
        13.2655507,
        13.2667566,
        13.2684196,
        13.2696867,
        13.2726178,
        13.2744578,
        13.2750425,
        13.2759877,
        13.2771293,
        13.2785283,
        13.2814029,
        13.2827254,
        13.2825602,
        13.2826782,
        13.2829808,
        13.2847199,
        13.2862112,
        13.2868238,
        13.2875427,
        13.2889685,
        13.2897839,
        13.2903761,
        13.2907066,
        13.2909437,
        13.2911561,
        13.2967269,
        13.3022766,
        13.3066368,
        13.3080941,
        13.3111840,
        13.3195728,
        13.3167812,
        13.3183192,
        13.3212379,
        13.3232346,
        13.3246578,
        13.3259626,
        13.3267495,
        13.3278424,
        13.3300535,
        13.3324922,
        13.3326016,
        13.3327572,
        13.3324117,
        13.3314118,
        13.3398575,
        13.3411954,
        13.3423659,
        13.3424343,
        13.3425269,
        13.3420022,
        13.3411257,
        13.3405753,
        13.3407791,
        13.3405324,
        13.3389820,
        13.3387342,
        13.3396459,
        13.3393168,
        13.3377278,
        13.3365906,
        13.3358578,
        13.3361314,
        13.3366914,
        13.3366410,
        13.3378426,
        13.3384907,
        13.3386098,
        13.3379574,
        13.3376603,
        13.3378276,
        13.3377568,
        13.3371045,
        13.3374403,
        13.3379531,
        13.3373985,
        13.3389445,
        13.3398747,
        13.3404487,
        13.3407888,
        13.3401740,
        13.3395292,
        13.3377439,
        13.3359565,
        13.3359554,
        13.3343279,
        13.3325952,
        13.3306114,
        13.3296329,
        13.3285622,
        13.3272050,
        13.3257641,
        13.3243007,
        13.3233330,
        13.3225562,
        13.3216936,
        13.3203289,
        13.3195532,
        13.3187614,
        13.3170523,
        13.3162391,
        13.3144463
      ]
    }
  ]
}