{
  "id": 1432556,
  "name": "Postlow",
  "polygon": {
    "numberOfPoints": 204,
    "box": {
      "min": {
        "x": 53.8214938,
        "y": 13.5513841
      },
      "max": {
        "x": 53.8675772,
        "y": 13.6434281
      },
      "center": {
        "x": 53.8445355,
        "y": 13.5974061
      },
      "area": {
        "x": 0.0460834,
        "y": 0.0920440
      }
    },
    "pointsx": [
      53.8519819,
      53.8522008,
      53.8545411,
      53.8545638,
      53.8554302,
      53.8568623,
      53.8576286,
      53.8573647,
      53.8571451,
      53.8569350,
      53.8567699,
      53.8565060,
      53.8563623,
      53.8562560,
      53.8568217,
      53.8569638,
      53.8570002,
      53.8572084,
      53.8572400,
      53.8571723,
      53.8568217,
      53.8567814,
      53.8564800,
      53.8563572,
      53.8564487,
      53.8568996,
      53.8570881,
      53.8576021,
      53.8576532,
      53.8577930,
      53.8582664,
      53.8588007,
      53.8592123,
      53.8594091,
      53.8594230,
      53.8610112,
      53.8642646,
      53.8667661,
      53.8675772,
      53.8673868,
      53.8668756,
      53.8662467,
      53.8641127,
      53.8637806,
      53.8636711,
      53.8630119,
      53.8626911,
      53.8623127,
      53.8614364,
      53.8610764,
      53.8605955,
      53.8599014,
      53.8592851,
      53.8583891,
      53.8580841,
      53.8575545,
      53.8568761,
      53.8564135,
      53.8563769,
      53.8563184,
      53.8563151,
      53.8562473,
      53.8561311,
      53.8559593,
      53.8557422,
      53.8554672,
      53.8551847,
      53.8547206,
      53.8545682,
      53.8538437,
      53.8533956,
      53.8531121,
      53.8526546,
      53.8524002,
      53.8521932,
      53.8515521,
      53.8513730,
      53.8512300,
      53.8506636,
      53.8503680,
      53.8501598,
      53.8498345,
      53.8494199,
      53.8490320,
      53.8485881,
      53.8483585,
      53.8480250,
      53.8476016,
      53.8474332,
      53.8470621,
      53.8468741,
      53.8467496,
      53.8467284,
      53.8466855,
      53.8465812,
      53.8464762,
      53.8463076,
      53.8460570,
      53.8459337,
      53.8453368,
      53.8451547,
      53.8445046,
      53.8440970,
      53.8439109,
      53.8430753,
      53.8430431,
      53.8430298,
      53.8432665,
      53.8432735,
      53.8434064,
      53.8432545,
      53.8428734,
      53.8425367,
      53.8424379,
      53.8424708,
      53.8422936,
      53.8423126,
      53.8421056,
      53.8416947,
      53.8414700,
      53.8413080,
      53.8404629,
      53.8397532,
      53.8395329,
      53.8395272,
      53.8399210,
      53.8397507,
      53.8397442,
      53.8397032,
      53.8397328,
      53.8397418,
      53.8397064,
      53.8394804,
      53.8390746,
      53.8388967,
      53.8388568,
      53.8390455,
      53.8388340,
      53.8388669,
      53.8388967,
      53.8389299,
      53.8390347,
      53.8390100,
      53.8389979,
      53.8389555,
      53.8388916,
      53.8386457,
      53.8383263,
      53.8381250,
      53.8378787,
      53.8376280,
      53.8377774,
      53.8381965,
      53.8376945,
      53.8375508,
      53.8373482,
      53.8371583,
      53.8369810,
      53.8367531,
      53.8365505,
      53.8363986,
      53.8360187,
      53.8358034,
      53.8355882,
      53.8354489,
      53.8352843,
      53.8345752,
      53.8343599,
      53.8340434,
      53.8337015,
      53.8333849,
      53.8326781,
      53.8314439,
      53.8291414,
      53.8277138,
      53.8280113,
      53.8278456,
      53.8273833,
      53.8266245,
      53.8258820,
      53.8254440,
      53.8251356,
      53.8246825,
      53.8241623,
      53.8235229,
      53.8232864,
      53.8227190,
      53.8222651,
      53.8220449,
      53.8221189,
      53.8214938,
      53.8248989,
      53.8264414,
      53.8266362,
      53.8273867,
      53.8281811,
      53.8339561,
      53.8359763,
      53.8359475,
      53.8363175,
      53.8366857,
      53.8393624,
      53.8441318,
      53.8471995
    ],
    "pointsy": [
      13.5513841,
      13.5519541,
      13.5527305,
      13.5528165,
      13.5561005,
      13.5612997,
      13.5652886,
      13.5663862,
      13.5671512,
      13.5688410,
      13.5696993,
      13.5721015,
      13.5781568,
      13.5847432,
      13.5969670,
      13.6006934,
      13.6016491,
      13.6051649,
      13.6075746,
      13.6087881,
      13.6120475,
      13.6122362,
      13.6136482,
      13.6142587,
      13.6146567,
      13.6153522,
      13.6159935,
      13.6164679,
      13.6165150,
      13.6167527,
      13.6175578,
      13.6185810,
      13.6187144,
      13.6191789,
      13.6202915,
      13.6204310,
      13.6212593,
      13.6220589,
      13.6223182,
      13.6234458,
      13.6252756,
      13.6263211,
      13.6289926,
      13.6305236,
      13.6324580,
      13.6325245,
      13.6328035,
      13.6328346,
      13.6324505,
      13.6337959,
      13.6343817,
      13.6348173,
      13.6341060,
      13.6337026,
      13.6339504,
      13.6340512,
      13.6343795,
      13.6339530,
      13.6338547,
      13.6336977,
      13.6335624,
      13.6333656,
      13.6332999,
      13.6333891,
      13.6333501,
      13.6331484,
      13.6331565,
      13.6331659,
      13.6330761,
      13.6333120,
      13.6334494,
      13.6338968,
      13.6344783,
      13.6346285,
      13.6348795,
      13.6352239,
      13.6358934,
      13.6364845,
      13.6367302,
      13.6371894,
      13.6380842,
      13.6388599,
      13.6394575,
      13.6398191,
      13.6403949,
      13.6409520,
      13.6410604,
      13.6415378,
      13.6421612,
      13.6424097,
      13.6427122,
      13.6430059,
      13.6433710,
      13.6434281,
      13.6434050,
      13.6433447,
      13.6433817,
      13.6430818,
      13.6428882,
      13.6421404,
      13.6412805,
      13.6397538,
      13.6395253,
      13.6390264,
      13.6381884,
      13.6373570,
      13.6364858,
      13.6354032,
      13.6345696,
      13.6339141,
      13.6331727,
      13.6325740,
      13.6316127,
      13.6305205,
      13.6295088,
      13.6277471,
      13.6268288,
      13.6263599,
      13.6258428,
      13.6253686,
      13.6240790,
      13.6223248,
      13.6210556,
      13.6204472,
      13.6197821,
      13.6178605,
      13.6174829,
      13.6174088,
      13.6169378,
      13.6167773,
      13.6167286,
      13.6162609,
      13.6159025,
      13.6145829,
      13.6133083,
      13.6122493,
      13.6114908,
      13.6102945,
      13.6098492,
      13.6094459,
      13.6091000,
      13.6080082,
      13.6064772,
      13.6064011,
      13.6061349,
      13.6057337,
      13.6052614,
      13.6046480,
      13.6034023,
      13.6012834,
      13.5988533,
      13.5978051,
      13.5965343,
      13.5961733,
      13.5961829,
      13.5962902,
      13.5960112,
      13.5957323,
      13.5955606,
      13.5951100,
      13.5951315,
      13.5951315,
      13.5948740,
      13.5942088,
      13.5932003,
      13.5926424,
      13.5921918,
      13.5921489,
      13.5923849,
      13.5925351,
      13.5922562,
      13.5916386,
      13.5902449,
      13.5883323,
      13.5848998,
      13.5834917,
      13.5830631,
      13.5829154,
      13.5829745,
      13.5835593,
      13.5834787,
      13.5830189,
      13.5827772,
      13.5813454,
      13.5811593,
      13.5810110,
      13.5779597,
      13.5747419,
      13.5737662,
      13.5730556,
      13.5605332,
      13.5576236,
      13.5559142,
      13.5574734,
      13.5599981,
      13.5620159,
      13.5619007,
      13.5621336,
      13.5615750,
      13.5616899,
      13.5593141,
      13.5601482,
      13.5558633,
      13.5555887
    ]
  }
}