{
  "numberOfPolygons": 1,
  "box": {
    "min": {
      "x": 54.0747368,
      "y": 13.8359870
    },
    "max": {
      "x": 54.1128586,
      "y": 13.8967371
    },
    "center": {
      "x": 54.0937977,
      "y": 13.86636205
    }
  },
  "polygons": [
    {
      "numberOfPoints": 114,
      "box": {
        "min": {
          "x": 54.0747368,
          "y": 13.8359870
        },
        "max": {
          "x": 54.1128586,
          "y": 13.8967371
        },
        "center": {
          "x": 54.0937977,
          "y": 13.86636205
        }
      },
      "pointsx": [
        54.0891118,
        54.0896768,
        54.0901987,
        54.0908169,
        54.0908994,
        54.0913895,
        54.0921821,
        54.0929082,
        54.0929849,
        54.0943859,
        54.0945605,
        54.0949317,
        54.0950937,
        54.0953564,
        54.0955703,
        54.0957528,
        54.0958440,
        54.0962026,
        54.0965943,
        54.0968711,
        54.0971228,
        54.0973335,
        54.0976717,
        54.0978887,
        54.0981498,
        54.0984518,
        54.0988796,
        54.0992414,
        54.1000671,
        54.1002369,
        54.1005090,
        54.1008771,
        54.1010438,
        54.1012435,
        54.1014527,
        54.1016540,
        54.1018396,
        54.1020503,
        54.1032518,
        54.1035978,
        54.1038027,
        54.1053764,
        54.1056541,
        54.1058089,
        54.1061423,
        54.1063058,
        54.1064662,
        54.1066691,
        54.1068782,
        54.1070669,
        54.1075300,
        54.1078555,
        54.1081011,
        54.1083312,
        54.1087683,
        54.1091017,
        54.1095341,
        54.1098769,
        54.1103203,
        54.1104665,
        54.1106788,
        54.1110530,
        54.1113769,
        54.1115624,
        54.1116710,
        54.1118062,
        54.1123297,
        54.1128586,
        54.1120415,
        54.1087626,
        54.1025317,
        54.1059009,
        54.1060004,
        54.1061985,
        54.1067415,
        54.1043807,
        54.1027736,
        54.1014803,
        54.1010738,
        54.1008835,
        54.1029676,
        54.1034259,
        54.1035034,
        54.1032800,
        54.1019288,
        54.1008040,
        54.0973608,
        54.0963219,
        54.0948447,
        54.0934076,
        54.0924851,
        54.0897543,
        54.0892031,
        54.0864027,
        54.0855619,
        54.0845474,
        54.0829136,
        54.0798510,
        54.0773811,
        54.0768939,
        54.0766849,
        54.0747368,
        54.0778313,
        54.0799654,
        54.0802319,
        54.0804099,
        54.0810820,
        54.0823047,
        54.0832828,
        54.0854462,
        54.0840736,
        54.0814981,
        54.0849180,
        54.0857920
      ],
      "pointsy": [
        13.8963727,
        13.8967371,
        13.8955407,
        13.8940856,
        13.8939045,
        13.8927407,
        13.8908584,
        13.8891340,
        13.8889518,
        13.8858658,
        13.8855842,
        13.8849431,
        13.8846186,
        13.8841546,
        13.8838112,
        13.8834947,
        13.8832024,
        13.8823709,
        13.8816172,
        13.8811612,
        13.8808769,
        13.8804236,
        13.8796753,
        13.8792568,
        13.8789296,
        13.8783422,
        13.8774893,
        13.8767222,
        13.8751262,
        13.8748151,
        13.8742974,
        13.8736242,
        13.8733989,
        13.8730663,
        13.8727149,
        13.8722992,
        13.8719290,
        13.8715830,
        13.8697457,
        13.8691744,
        13.8688158,
        13.8662374,
        13.8658069,
        13.8655668,
        13.8650304,
        13.8646790,
        13.8643679,
        13.8640729,
        13.8637751,
        13.8634855,
        13.8626097,
        13.8621269,
        13.8617842,
        13.8614631,
        13.8608730,
        13.8605002,
        13.8598591,
        13.8594112,
        13.8588211,
        13.8585690,
        13.8583034,
        13.8577750,
        13.8573727,
        13.8571930,
        13.8570425,
        13.8568550,
        13.8561308,
        13.8553891,
        13.8549836,
        13.8524700,
        13.8484390,
        13.8446388,
        13.8445293,
        13.8443172,
        13.8437129,
        13.8387743,
        13.8366585,
        13.8359870,
        13.8370692,
        13.8393050,
        13.8404906,
        13.8411497,
        13.8423039,
        13.8429422,
        13.8449700,
        13.8466587,
        13.8512977,
        13.8499216,
        13.8521733,
        13.8528857,
        13.8511271,
        13.8560636,
        13.8548898,
        13.8590483,
        13.8579390,
        13.8557846,
        13.8540959,
        13.8590762,
        13.8630030,
        13.8633764,
        13.8643956,
        13.8736715,
        13.8745913,
        13.8747828,
        13.8750603,
        13.8752316,
        13.8750018,
        13.8766648,
        13.8778921,
        13.8808552,
        13.8837037,
        13.8892329,
        13.8935097,
        13.8941736
      ]
    }
  ]
}