{
  "id": 1432366,
  "name": "Buggenhagen",
  "polygon": {
    "numberOfPoints": 313,
    "box": {
      "min": {
        "x": 53.8775561,
        "y": 13.8077963
      },
      "max": {
        "x": 53.9445828,
        "y": 13.9142406
      },
      "center": {
        "x": 53.91106945,
        "y": 13.86101845
      },
      "area": {
        "x": 0.0670267,
        "y": 0.1064443
      }
    },
    "pointsx": [
      53.9445300,
      53.9417493,
      53.9390106,
      53.9375253,
      53.9377993,
      53.9375719,
      53.9373749,
      53.9370553,
      53.9361989,
      53.9346865,
      53.9337267,
      53.9336775,
      53.9339529,
      53.9330635,
      53.9319142,
      53.9309589,
      53.9278699,
      53.9278585,
      53.9277018,
      53.9276058,
      53.9274226,
      53.9280202,
      53.9280733,
      53.9277877,
      53.9271409,
      53.9271118,
      53.9273904,
      53.9269191,
      53.9265918,
      53.9271389,
      53.9275319,
      53.9270766,
      53.9269595,
      53.9260094,
      53.9254189,
      53.9248659,
      53.9220583,
      53.9204383,
      53.9193503,
      53.9183292,
      53.9159937,
      53.9053348,
      53.9031289,
      53.9018293,
      53.9012111,
      53.8998773,
      53.8991882,
      53.8987192,
      53.8976356,
      53.8963207,
      53.8949083,
      53.8936755,
      53.8925084,
      53.8909720,
      53.8907406,
      53.8894406,
      53.8886856,
      53.8871061,
      53.8856959,
      53.8828515,
      53.8794040,
      53.8778728,
      53.8778998,
      53.8780186,
      53.8781340,
      53.8786659,
      53.8788733,
      53.8789752,
      53.8791393,
      53.8792909,
      53.8790375,
      53.8789453,
      53.8789895,
      53.8787342,
      53.8786048,
      53.8787514,
      53.8786157,
      53.8785094,
      53.8784754,
      53.8782541,
      53.8785061,
      53.8787342,
      53.8787356,
      53.8785026,
      53.8783392,
      53.8780941,
      53.8779890,
      53.8776969,
      53.8775849,
      53.8775561,
      53.8777298,
      53.8779483,
      53.8781564,
      53.8786933,
      53.8791734,
      53.8792959,
      53.8796147,
      53.8800081,
      53.8808213,
      53.8809536,
      53.8811855,
      53.8813251,
      53.8813387,
      53.8816200,
      53.8817642,
      53.8822306,
      53.8823702,
      53.8825677,
      53.8828605,
      53.8829762,
      53.8832111,
      53.8835481,
      53.8838823,
      53.8840145,
      53.8843413,
      53.8846818,
      53.8847679,
      53.8852741,
      53.8854543,
      53.8858698,
      53.8859651,
      53.8861796,
      53.8863940,
      53.8867515,
      53.8869727,
      53.8875489,
      53.8880354,
      53.8886319,
      53.8887960,
      53.8892767,
      53.8894699,
      53.8896234,
      53.8898885,
      53.8904088,
      53.8912269,
      53.8913952,
      53.8917564,
      53.8923337,
      53.8930416,
      53.8938837,
      53.8945914,
      53.8947500,
      53.8950102,
      53.8951885,
      53.8952941,
      53.8957036,
      53.8959164,
      53.8960083,
      53.8960500,
      53.8967963,
      53.8974969,
      53.8979401,
      53.8982437,
      53.8986720,
      53.8990087,
      53.8991700,
      53.8994794,
      53.8997310,
      53.9002650,
      53.9008217,
      53.9012500,
      53.9014403,
      53.9013770,
      53.9012197,
      53.9011066,
      53.9010484,
      53.9013672,
      53.9014803,
      53.9019008,
      53.9019696,
      53.9010722,
      53.9010746,
      53.9011951,
      53.9012098,
      53.9011189,
      53.9011361,
      53.9012516,
      53.9013893,
      53.9014459,
      53.9016082,
      53.9018098,
      53.9020114,
      53.9019621,
      53.9023481,
      53.9024088,
      53.9028468,
      53.9033955,
      53.9039891,
      53.9041208,
      53.9040642,
      53.9040036,
      53.9041582,
      53.9046690,
      53.9049839,
      53.9056855,
      53.9063079,
      53.9066579,
      53.9069438,
      53.9073510,
      53.9076564,
      53.9081918,
      53.9086525,
      53.9089453,
      53.9093357,
      53.9092834,
      53.9095677,
      53.9098137,
      53.9102750,
      53.9103674,
      53.9102334,
      53.9103137,
      53.9106725,
      53.9107645,
      53.9108473,
      53.9108078,
      53.9106430,
      53.9104369,
      53.9104043,
      53.9105853,
      53.9106953,
      53.9109015,
      53.9109617,
      53.9108726,
      53.9106867,
      53.9107070,
      53.9108696,
      53.9108650,
      53.9109231,
      53.9108543,
      53.9108242,
      53.9106716,
      53.9105100,
      53.9106351,
      53.9104053,
      53.9102633,
      53.9101756,
      53.9100836,
      53.9104137,
      53.9111301,
      53.9116617,
      53.9120817,
      53.9128435,
      53.9135848,
      53.9141102,
      53.9144962,
      53.9147682,
      53.9152171,
      53.9159141,
      53.9168273,
      53.9178315,
      53.9183666,
      53.9188737,
      53.9192029,
      53.9193533,
      53.9200570,
      53.9208400,
      53.9216227,
      53.9224813,
      53.9239600,
      53.9246038,
      53.9249438,
      53.9252172,
      53.9255893,
      53.9255772,
      53.9256683,
      53.9258536,
      53.9260207,
      53.9262881,
      53.9266875,
      53.9270582,
      53.9273065,
      53.9273999,
      53.9275017,
      53.9277280,
      53.9279953,
      53.9282064,
      53.9285524,
      53.9293061,
      53.9295704,
      53.9298134,
      53.9299197,
      53.9301140,
      53.9302037,
      53.9303495,
      53.9304543,
      53.9305405,
      53.9307466,
      53.9311934,
      53.9318936,
      53.9333500,
      53.9336547,
      53.9340112,
      53.9348600,
      53.9356200,
      53.9366300,
      53.9374129,
      53.9377309,
      53.9376107,
      53.9377911,
      53.9386800,
      53.9394790,
      53.9394357,
      53.9398698,
      53.9414245,
      53.9414566,
      53.9419613,
      53.9426356,
      53.9423092,
      53.9423450,
      53.9432065,
      53.9440207,
      53.9445828,
      53.9443466
    ],