{
  "id": 1433747,
  "name": "Groß Polzin",
  "polygon": {
    "numberOfPoints": 135,
    "box": {
      "min": {
        "x": 53.8677366,
        "y": 13.4845250
      },
      "max": {
        "x": 53.9137815,
        "y": 13.6370348
      },
      "center": {
        "x": 53.89075905,
        "y": 13.5607799
      },
      "area": {
        "x": 0.0460449,
        "y": 0.1525098
      }
    },
    "pointsx": [
      53.9137815,
      53.9130497,
      53.9125188,
      53.9114483,
      53.9114167,
      53.9110552,
      53.9109883,
      53.9108543,
      53.9107493,
      53.9104144,
      53.9105471,
      53.9111083,
      53.9107266,
      53.9103494,
      53.9101793,
      53.9090303,
      53.9079407,
      53.9043533,
      53.9037035,
      53.9035629,
      53.9034456,
      53.9031763,
      53.9033584,
      53.9037262,
      53.9038135,
      53.9040966,
      53.9057438,
      53.9070837,
      53.9073289,
      53.9087194,
      53.9086562,
      53.9083591,
      53.9080570,
      53.9077519,
      53.9074743,
      53.9070648,
      53.9068138,
      53.9066931,
      53.9066181,
      53.9063125,
      53.9061572,
      53.9064416,
      53.9060939,
      53.9061558,
      53.9064813,
      53.9083281,
      53.9084198,
      53.9085638,
      53.9085323,
      53.9087914,
      53.9090923,
      53.9101900,
      53.9103444,
      53.9104665,
      53.9063816,
      53.9052619,
      53.9050745,
      53.9048572,
      53.9029001,
      53.9013698,
      53.8956985,
      53.8950181,
      53.8909039,
      53.8875190,
      53.8824620,
      53.8788257,
      53.8759954,
      53.8756166,
      53.8753694,
      53.8739707,
      53.8714411,
      53.8702411,
      53.8702405,
      53.8695528,
      53.8688721,
      53.8681541,
      53.8677366,
      53.8679112,
      53.8684736,
      53.8695092,
      53.8702677,
      53.8712671,
      53.8720680,
      53.8722641,
      53.8721091,
      53.8722337,
      53.8725329,
      53.8742035,
      53.8744103,
      53.8743300,
      53.8747582,
      53.8755539,
      53.8762946,
      53.8766273,
      53.8768600,
      53.8770827,
      53.8777392,
      53.8786335,
      53.8793292,
      53.8804366,
      53.8810912,
      53.8817565,
      53.8818842,
      53.8814232,
      53.8811329,
      53.8811038,
      53.8817419,
      53.8819607,
      53.8823446,
      53.8829852,
      53.8838807,
      53.8856105,
      53.8867746,
      53.8886615,
      53.8893988,
      53.8937873,
      53.8940105,
      53.8989865,
      53.9031288,
      53.9044974,
      53.9045732,
      53.9052748,
      53.9066337,
      53.9067323,
      53.9072582,
      53.9078598,
      53.9079344,
      53.9082378,
      53.9086609,
      53.9087624,
      53.9098052,
      53.9104195,
      53.9115191,
      53.9120752,
      53.9133100
    ],
    "pointsy": [
      13.5226213,
      13.5253035,
      13.5259129,
      13.5274042,
      13.5293847,
      13.5315241,
      13.5321146,
      13.5332986,
      13.5395171,
      13.5435790,
      13.5455853,
      13.5474070,
      13.5491494,
      13.5502334,
      13.5507223,
      13.5515741,
      13.5525934,
      13.5550460,
      13.5549945,
      13.5554120,
      13.5557605,
      13.5591401,
      13.5610842,
      13.5623437,
      13.5630347,
      13.5635368,
      13.5629617,
      13.5632321,
      13.5623716,
      13.5629767,
      13.5669593,
      13.5710212,
      13.5746776,
      13.5786036,
      13.5821749,
      13.5823187,
      13.5833213,
      13.5838036,
      13.5846667,
      13.5881843,
      13.5899726,
      13.5936011,
      13.5974957,
      13.6004365,
      13.6019106,
      13.6048594,
      13.6050059,
      13.6059277,
      13.6070165,
      13.6071485,
      13.6073018,
      13.6160917,
      13.6173276,
      13.6301716,
      13.6360928,
      13.6368997,
      13.6370348,
      13.6365559,
      13.6322432,
      13.6302181,
      13.6227138,
      13.6123104,
      13.6094570,
      13.6152560,
      13.6123484,
      13.6102579,
      13.6102461,
      13.6102479,
      13.6102491,
      13.6102558,
      13.6103062,
      13.6102987,
      13.6096034,
      13.6075070,
      13.6057561,
      13.6044257,
      13.6026715,
      13.6006105,
      13.5968608,
      13.5922807,
      13.5899783,
      13.5861524,
      13.5823979,
      13.5806899,
      13.5765657,
      13.5742837,
      13.5717410,
      13.5666469,
      13.5658101,
      13.5634733,
      13.5604918,
      13.5576529,
      13.5560522,
      13.5551166,
      13.5540169,
      13.5497576,
      13.5451259,
      13.5401853,
      13.5367875,
      13.5333725,
      13.5317460,
      13.5292955,
      13.5272152,
      13.5233893,
      13.5203144,
      13.5182888,
      13.5124609,
      13.5114256,
      13.5082552,
      13.5053112,
      13.5025797,
      13.4987643,
      13.4948408,
      13.4878724,
      13.4845250,
      13.4885698,
      13.4889464,
      13.4935952,
      13.4972344,
      13.4999168,
      13.5010263,
      13.5014404,
      13.5035819,
      13.5050560,
      13.5059294,
      13.5078348,
      13.5087360,
      13.5100728,
      13.5118595,
      13.5130040,
      13.5140640,
      13.5152506,
      13.5179478,
      13.5182632,
      13.5207716
    ]
  }
}