{
  "numberOfPolygons": 1,
  "box": {
    "min": {
      "x": 54.4243843,
      "y": 13.4241129
    },
    "max": {
      "x": 54.4548618,
      "y": 13.5139095
    },
    "center": {
      "x": 54.43962305,
      "y": 13.4690112
    }
  },
  "polygons": [
    {
      "numberOfPoints": 323,
      "box": {
        "min": {
          "x": 54.4243843,
          "y": 13.4241129
        },
        "max": {
          "x": 54.4548618,
          "y": 13.5139095
        },
        "center": {
          "x": 54.43962305,
          "y": 13.4690112
        }
      },
      "pointsx": [
        54.4512885,
        54.4498526,
        54.4492307,
        54.4473525,
        54.4477054,
        54.4474493,
        54.4407540,
        54.4416798,
        54.4470209,
        54.4481908,
        54.4512520,
        54.4510942,
        54.4525848,
        54.4485491,
        54.4493597,
        54.4500564,
        54.4505505,
        54.4520661,
        54.4522567,
        54.4544464,
        54.4540855,
        54.4538491,
        54.4548618,
        54.4536353,
        54.4536042,
        54.4523983,
        54.4522601,
        54.4522744,
        54.4524057,
        54.4525760,
        54.4526056,
        54.4525702,
        54.4524348,
        54.4521554,
        54.4518264,
        54.4506952,
        54.4503743,
        54.4500109,
        54.4483103,
        54.4476659,
        54.4452367,
        54.4433092,
        54.4370368,
        54.4328426,
        54.4328426,
        54.4243843,
        54.4267226,
        54.4278988,
        54.4279124,
        54.4279969,
        54.4281995,
        54.4284551,
        54.4286834,
        54.4288129,
        54.4289795,
        54.4292697,
        54.4294917,
        54.4296264,
        54.4297229,
        54.4299071,
        54.4300400,
        54.4300794,
        54.4303630,
        54.4307211,
        54.4309794,
        54.4312678,
        54.4312973,
        54.4314105,
        54.4314849,
        54.4316169,
        54.4318935,
        54.4321902,
        54.4321001,
        54.4321805,
        54.4324114,
        54.4326838,
        54.4328503,
        54.4334315,
        54.4339022,
        54.4341265,
        54.4345707,
        54.4347517,
        54.4349461,
        54.4350201,
        54.4351939,
        54.4358055,
        54.4358640,
        54.4361194,
        54.4362907,
        54.4366986,
        54.4367568,
        54.4368775,
        54.4370224,
        54.4373283,
        54.4376275,
        54.4380674,
        54.4383290,
        54.4384712,
        54.4386693,
        54.4386968,
        54.4386384,
        54.4388614,
        54.4386806,
        54.4387809,
        54.4385039,
        54.4382095,
        54.4382675,
        54.4381069,
        54.4378682,
        54.4377352,
        54.4376593,
        54.4374866,
        54.4374190,
        54.4371365,
        54.4368759,
        54.4365504,
        54.4363012,
        54.4362205,
        54.4360926,
        54.4360001,
        54.4362139,
        54.4362703,
        54.4364613,
        54.4365463,
        54.4367332,
        54.4369947,
        54.4372822,
        54.4374860,
        54.4377112,
        54.4378134,
        54.4377907,
        54.4379787,
        54.4381831,
        54.4382860,
        54.4386650,
        54.4387086,
        54.4394044,
        54.4400556,
        54.4403712,
        54.4406612,
        54.4408749,
        54.4411368,
        54.4414032,
        54.4414998,
        54.4416184,
        54.4419258,
        54.4420828,
        54.4423341,
        54.4424427,
        54.4424909,
        54.4428645,
        54.4432634,
        54.4434509,
        54.4434275,
        54.4436604,
        54.4440815,
        54.4442084,
        54.4445031,
        54.4449824,
        54.4452229,
        54.4454462,
        54.4456474,
        54.4458139,
        54.4458724,
        54.4461061,
        54.4463607,
        54.4464485,
        54.4466769,
        54.4468452,
        54.4469476,
        54.4468636,
        54.4468771,
        54.4466921,
        54.4466850,
        54.4466320,
        54.4465007,
        54.4463748,
        54.4459963,
        54.4457067,
        54.4455096,
        54.4451617,
        54.4439809,
        54.4437362,
        54.4436210,
        54.4432304,
        54.4425676,
        54.4420036,
        54.4412025,
        54.4408850,
        54.4402608,
        54.4399933,
        54.4397935,
        54.4397049,
        54.4397631,
        54.4397359,
        54.4395987,
        54.4395758,
        54.4397208,
        54.4396988,
        54.4389953,
        54.4383241,
        54.4380539,
        54.4375304,
        54.4369944,
        54.4363960,
        54.4357600,
        54.4352542,
        54.4349004,
        54.4344540,
        54.4347536,
        54.4349234,
        54.4349694,
        54.4355570,
        54.4358069,
        54.4360311,
        54.4362063,
        54.4366797,
        54.4366921,
        54.4362666,
        54.4362016,
        54.4361599,
        54.4358036,
        54.4354158,
        54.4351358,
        54.4349858,
        54.4349019,
        54.4349426,
        54.4357402,
        54.4368396,
        54.4371506,
        54.4374177,
        54.4375566,
        54.4377289,
        54.4381267,
        54.4390265,
        54.4390786,
        54.4393792,
        54.4396876,
        54.4402115,
        54.4404902,
        54.4409219,
        54.4413226,
        54.4415098,
        54.4416936,
        54.4419505,
        54.4419864,
        54.4423829,
        54.4426943,
        54.4430801,
        54.4437241,
        54.4439438,
        54.4443950,
        54.4450890,
        54.4451244,
        54.4450307,
        54.4449215,
        54.4446158,
        54.4443875,
        54.4441359,
        54.4442049,
        54.4446677,
        54.4453822,
        54.4459533,
        54.4463837,
        54.4465713,
        54.4466746,
        54.4469484,
        54.4471139,
        54.4473593,
        54.4474369,
        54.4475991,
        54.4476905,
        54.4478404,
        54.4479273,
        54.4486639,
        54.4490780,
        54.4492306,
        54.4494822,
        54.4496457,
        54.4498805,
        54.4505813,
        54.4508977,
        54.4511043,
        54.4513462,
        54.4516637,
        54.4518296,
        54.4518963,
        54.4521177,
        54.4523556,
        54.4519196,
        54.4527371,
        54.4527453,
        54.4529087,
        54.4530236,
        54.4527631,
        54.4529996,
        54.4528491,
        54.4528611,
        54.4524472,
        54.4527894,
        54.4528761,
        54.4530267,
        54.4529120,
        54.4525912,
        54.4523851,
        54.4527540,
        54.4529279,
        54.4529768,
        54.4530210,
        54.4527817,
        54.4525422,
        54.4526138,
        54.4524036,
        54.4526850,
        54.4527619,
        54.4523475,
        54.4523076,
        54.4521275,
        54.4520802,
        54.4519904,
        54.4515725,
        54.4513178,
        54.4511940
      ],