{
  "numberOfPolygons": 1,
  "box": {
    "min": {
      "x": 54.4236069,
      "y": 13.2646636
    },
    "max": {
      "x": 54.5030328,
      "y": 13.3707362
    },
    "center": {
      "x": 54.46331985,
      "y": 13.3176999
    }
  },
  "polygons": [
    {
      "numberOfPoints": 78,
      "box": {
        "min": {
          "x": 54.4236069,
          "y": 13.2646636
        },
        "max": {
          "x": 54.5030328,
          "y": 13.3707362
        },
        "center": {
          "x": 54.46331985,
          "y": 13.3176999
        }
      },
      "pointsx": [
        54.4914055,
        54.4864870,
        54.4857867,
        54.4892181,
        54.4893581,
        54.4856652,
        54.4875801,
        54.4971533,
        54.4986574,
        54.5030328,
        54.5011186,
        54.5006335,
        54.4978370,
        54.4930507,
        54.4907258,
        54.4874433,
        54.4868962,
        54.4790991,
        54.4765159,
        54.4752503,
        54.4712424,
        54.4642118,
        54.4566904,
        54.4529808,
        54.4462047,
        54.4414118,
        54.4380615,
        54.4343502,
        54.4364121,
        54.4360513,
        54.4329584,
        54.4302777,
        54.4271050,
        54.4269295,
        54.4265709,
        54.4258537,
        54.4236069,
        54.4313774,
        54.4310761,
        54.4371872,
        54.4389305,
        54.4428367,
        54.4431572,
        54.4458466,
        54.4458122,
        54.4470710,
        54.4501266,
        54.4517021,
        54.4535942,
        54.4571114,
        54.4588737,
        54.4606323,
        54.4609566,
        54.4624176,
        54.4635773,
        54.4646034,
        54.4636345,
        54.4686622,
        54.4720497,
        54.4733963,
        54.4747467,
        54.4783363,
        54.4776421,
        54.4747047,
        54.4767837,
        54.4791222,
        54.4786339,
        54.4807930,
        54.4814186,
        54.4830818,
        54.4848519,
        54.4860725,
        54.4898834,
        54.4899749,
        54.4929008,
        54.4915275,
        54.4929542,
        54.4929886
      ],
      "pointsy": [
        13.3301506,
        13.3256183,
        13.3090417,
        13.3021700,
        13.2992766,
        13.2936255,
        13.2905645,
        13.2905645,
        13.2827942,
        13.2794977,
        13.2700792,
        13.2692786,
        13.2646636,
        13.2674891,
        13.2674891,
        13.2733757,
        13.2846779,
        13.2849134,
        13.2824350,
        13.2910929,
        13.2962841,
        13.2936252,
        13.2964613,
        13.2903460,
        13.2907892,
        13.2992974,
        13.2989429,
        13.2938911,
        13.2908778,
        13.2851170,
        13.2852057,
        13.2907005,
        13.2928495,
        13.2936840,
        13.2953530,
        13.2986887,
        13.3022156,
        13.3074562,
        13.3120566,
        13.3125296,
        13.3145150,
        13.3163604,
        13.3179275,
        13.3181363,
        13.3193675,
        13.3194636,
        13.3197023,
        13.3213673,
        13.3246001,
        13.3241015,
        13.3238506,
        13.3236025,
        13.3316662,
        13.3308562,
        13.3349573,
        13.3436786,
        13.3460701,
        13.3464643,
        13.3476552,
        13.3476059,
        13.3475569,
        13.3481484,
        13.3539743,
        13.3626956,
        13.3656368,
        13.3658219,
        13.3707362,
        13.3705987,
        13.3673915,
        13.3656548,
        13.3667194,
        13.3680658,
        13.3668079,
        13.3637256,
        13.3617953,
        13.3527326,
        13.3463448,
        13.3383179
      ]
    }
  ]
}