{
  "numberOfPolygons": 2,
  "box": {
    "min": {
      "x": 54.5022163,
      "y": 13.1396325
    },
    "max": {
      "x": 54.5501509,
      "y": 13.2322815
    },
    "center": {
      "x": 54.5261836,
      "y": 13.1859570
    }
  },
  "polygons": [
    {
      "numberOfPoints": 352,
      "box": {
        "min": {
          "x": 54.5035203,
          "y": 13.1396325
        },
        "max": {
          "x": 54.5501509,
          "y": 13.2322815
        },
        "center": {
          "x": 54.5268356,
          "y": 13.1859570
        }
      },
      "pointsx": [
        54.5112227,
        54.5136452,
        54.5166480,
        54.5178786,
        54.5195179,
        54.5223479,
        54.5246987,
        54.5252964,
        54.5257619,
        54.5270336,
        54.5273262,
        54.5347010,
        54.5391707,
        54.5443483,
        54.5450232,
        54.5448185,
        54.5440798,
        54.5437222,
        54.5455008,
        54.5466537,
        54.5473366,
        54.5484060,
        54.5492377,
        54.5497200,
        54.5500450,
        54.5501323,
        54.5501509,
        54.5500078,
        54.5500700,
        54.5500265,
        54.5501260,
        54.5500545,
        54.5498367,
        54.5495473,
        54.5496096,
        54.5494198,
        54.5494633,
        54.5496469,
        54.5497060,
        54.5494260,
        54.5490371,
        54.5489779,
        54.5493377,
        54.5489700,
        54.5484461,
        54.5486070,
        54.5484492,
        54.5482032,
        54.5480925,
        54.5479801,
        54.5479096,
        54.5477707,
        54.5474372,
        54.5473306,
        54.5472497,
        54.5472375,
        54.5472220,
        54.5471347,
        54.5471711,
        54.5471057,
        54.5470048,
        54.5470010,
        54.5469180,
        54.5464213,
        54.5460471,
        54.5456830,
        54.5456476,
        54.5456801,
        54.5457310,
        54.5458396,
        54.5458793,
        54.5459094,
        54.5458893,
        54.5457078,
        54.5455517,
        54.5454945,
        54.5454607,
        54.5454867,
        54.5453937,
        54.5453180,
        54.5452724,
        54.5451862,
        54.5450718,
        54.5451571,
        54.5452095,
        54.5451861,
        54.5452754,
        54.5453596,
        54.5453820,
        54.5453646,
        54.5453133,
        54.5453073,
        54.5454131,
        54.5453573,
        54.5453975,
        54.5453937,
        54.5452017,
        54.5453374,
        54.5453394,
        54.5452859,
        54.5452784,
        54.5453316,
        54.5455063,
        54.5455759,
        54.5455430,
        54.5456632,
        54.5456708,
        54.5458299,
        54.5458570,
        54.5459521,
        54.5460025,
        54.5459831,
        54.5460450,
        54.5463477,
        54.5464116,
        54.5464310,
        54.5463460,
        54.5463310,
        54.5463854,
        54.5466714,
        54.5467865,
        54.5468013,
        54.5467315,
        54.5467243,
        54.5467577,
        54.5467366,
        54.5466520,
        54.5463686,
        54.5462506,
        54.5460761,
        54.5458713,
        54.5458648,
        54.5457272,
        54.5455753,
        54.5450000,
        54.5441982,
        54.5434949,
        54.5424797,
        54.5417097,
        54.5412426,
        54.5409237,
        54.5408221,
        54.5405432,
        54.5405210,
        54.5405989,
        54.5407021,
        54.5411276,
        54.5413175,
        54.5414330,
        54.5414719,
        54.5414381,
        54.5416439,
        54.5417294,
        54.5419036,
        54.5420560,
        54.5421832,
        54.5424530,
        54.5425433,
        54.5424971,
        54.5425793,
        54.5425189,
        54.5422737,
        54.5420811,
        54.5419200,
        54.5419908,
        54.5417181,
        54.5410726,
        54.5403300,
        54.5398764,
        54.5393162,
        54.5383939,
        54.5379767,
        54.5373088,
        54.5360748,
        54.5351681,
        54.5345461,
        54.5339913,
        54.5304736,
        54.5268182,
        54.5267756,
        54.5255769,
        54.5227900,
        54.5204033,
        54.5189386,
        54.5185036,
        54.5180817,
        54.5176235,
        54.5171569,
        54.5169828,
        54.5166040,
        54.5165330,
        54.5164726,
        54.5163163,
        54.5149371,
        54.5143867,
        54.5140586,
        54.5139626,
        54.5137402,
        54.5135298,
        54.5134500,
        54.5133812,
        54.5133781,
        54.5133566,
        54.5133387,
        54.5133386,
        54.5133385,
        54.5132234,
        54.5128526,
        54.5127205,
        54.5128706,
        54.5128391,
        54.5127410,
        54.5126826,
        54.5125884,
        54.5123453,
        54.5122568,
        54.5122454,
        54.5121097,
        54.5118788,
        54.5119507,
        54.5119382,
        54.5119271,
        54.5118980,
        54.5118845,
        54.5118414,
        54.5112685,
        54.5108185,
        54.5107457,
        54.5107215,
        54.5107060,
        54.5107532,
        54.5100398,
        54.5099880,
        54.5098742,
        54.5097087,
        54.5095648,
        54.5094505,
        54.5093691,
        54.5092974,
        54.5092133,
        54.5091589,
        54.5084713,
        54.5080625,
        54.5078768,
        54.5078215,
        54.5075167,
        54.5075262,
        54.5076023,
        54.5074290,
        54.5074104,
        54.5075788,
        54.5064587,
        54.5064998,
        54.5063471,
        54.5062046,
        54.5060654,
        54.5061109,
        54.5059822,
        54.5056731,
        54.5057581,
        54.5057479,
        54.5057227,
        54.5057735,
        54.5056541,
        54.5058668,
        54.5057125,
        54.5056526,
        54.5053838,
        54.5053218,
        54.5055100,
        54.5054689,
        54.5055639,
        54.5054518,
        54.5054338,
        54.5055103,
        54.5053724,
        54.5054997,
        54.5053967,
        54.5052585,
        54.5052211,
        54.5050038,
        54.5049242,
        54.5049329,
        54.5048689,
        54.5047569,
        54.5047420,
        54.5046095,
        54.5045755,
        54.5044448,
        54.5044126,
        54.5041975,
        54.5038747,
        54.5037483,
        54.5036730,
        54.5037058,
        54.5036304,
        54.5036606,
        54.5036274,
        54.5035203,
        54.5035759,
        54.5037938,
        54.5040192,
        54.5042662,
        54.5045077,
        54.5046435,
        54.5048385,
        54.5049017,
        54.5049318,
        54.5051199,
        54.5052874,
        54.5054187,
        54.5056799,
        54.5060458,
        54.5061005,
        54.5062374,
        54.5062235,
        54.5064804,
        54.5065406,
        54.5068458,
        54.5070112,
        54.5074356,
        54.5077190,
        54.5078624,
        54.5081110,
        54.5081931,
        54.5084923,
        54.5085334,
        54.5087082,
        54.5087048,
        54.5089670,
        54.5088381,
        54.5088288,
        54.5089538,
        54.5089399,
        54.5090692,
        54.5092887,
        54.5091718,
        54.5090014,
        54.5090211,
        54.5092984,
        54.5096361,
        54.5096178,
        54.5098010,
        54.5100194,
        54.5098611,
        54.5099034,
        54.5100676,
        54.5106619,
        54.5111956,
        54.5111136,
        54.5109473,
        54.5109301
      ],