{"id":1444898,"name":"Carlow","polygon":{"numberOfPoints":68,"box":{"min":{"x":53.7199019,"y":10.8713804},"max":{"x":53.7920951,"y":10.9645766},"center":{"x":53.7559985,"y":10.9179785},"area":{"x":0.0721932,"y":0.0931962}},"pointsx":[53.7280956,53.7312628,53.7340498,53.7373855,53.7427262,53.7546297,53.7557145,53.7614017,53.7627204,53.7682418,53.7707551,53.7740509,53.7770170,53.7815481,53.7813009,53.7836568,53.7831075,53.7840840,53.7850568,53.7862203,53.7883598,53.7884615,53.7889972,53.7892304,53.7895417,53.7896163,53.7899949,53.7911439,53.7916601,53.7917974,53.7916715,53.7916334,53.7920951,53.7917248,53.7914678,53.7920609,53.7883003,53.7743710,53.7636653,53.7629057,53.7597620,53.7582006,53.7524186,53.7486198,53.7424988,53.7419499,53.7319010,53.7310939,53.7308828,53.7283912,53.7285601,53.7264063,53.7279266,53.7274199,53.7264485,53.7247169,53.7223095,53.7209578,53.7199019,53.7204087,53.7230697,53.7247592,53.7260262,53.7277155,53.7289402,53.7296581,53.7291513,53.7301226],"pointsy":[10.9011471,10.8974352,10.9025034,10.8983632,10.8713804,10.8805174,10.8970515,10.8998399,10.8930083,10.8963544,10.8856191,10.8874315,10.8849220,10.8875710,10.8977486,10.9076529,10.9088545,10.9108475,10.9123851,10.9136389,10.9146411,10.9149120,10.9163397,10.9193773,10.9222279,10.9258392,10.9258817,10.9308748,10.9321185,10.9375847,10.9424523,10.9474602,10.9506985,10.9529325,10.9580619,10.9616318,10.9604364,10.9588020,10.9539048,10.9636129,10.9640412,10.9592585,10.9579023,10.9645766,10.9615071,10.9572955,10.9570100,10.9542918,10.9470821,10.9456544,10.9432988,10.9357322,10.9343759,10.9325200,10.9317347,10.9335193,10.9304498,10.9303785,10.9288080,10.9259527,10.9245964,10.9260241,10.9265238,10.9255958,10.9268093,10.9256672,10.9214556,10.9205276]}}