{"id":1444884,"name":"Cramonshagen","polygon":{"numberOfPoints":56,"box":{"min":{"x":53.6857575,"y":11.2637368},"max":{"x":53.7193047,"y":11.3327301},"center":{"x":53.7025311,"y":11.29823345},"area":{"x":0.0335472,"y":0.0689933}},"pointsx":[53.7169052,53.7168368,53.7173647,53.7193047,53.7186460,53.7141828,53.7123754,53.7115922,53.7079203,53.7053415,53.7032095,53.7025416,53.7013907,53.7006301,53.6995080,53.6990568,53.6981253,53.6970317,53.6939608,53.6926905,53.6896044,53.6888224,53.6880404,53.6885766,53.6878457,53.6857575,53.6883678,53.6881590,53.6898295,53.6896006,53.6905962,53.6913630,53.6917444,53.6921336,53.6937549,53.6946552,53.6961886,53.6970813,53.6976001,53.6978480,53.6986454,53.6998050,53.7018764,53.7035892,53.7054737,53.7079876,53.7099598,53.7117413,53.7120453,53.7130814,53.7136329,53.7157487,53.7157031,53.7165020,53.7166628,53.7163302],"pointsy":[11.2797549,11.2815727,11.2826797,11.2871082,11.3070887,11.3079438,11.3089186,11.3092943,11.3096036,11.3111164,11.3118807,11.3128516,11.3185856,11.3178907,11.3278072,11.3279315,11.3285952,11.3275050,11.3286235,11.3297975,11.3327301,11.3302839,11.3278359,11.3161839,11.3005803,11.2982000,11.2928225,11.2823320,11.2724585,11.2662705,11.2656937,11.2652625,11.2650450,11.2648315,11.2644222,11.2641475,11.2637368,11.2642174,11.2663536,11.2684801,11.2697153,11.2703543,11.2701109,11.2695551,11.2699144,11.2701397,11.2704990,11.2722187,11.2740348,11.2751067,11.2755391,11.2757898,11.2765165,11.2771169,11.2782895,11.2795213]}}