{
  "numberOfPolygons": 1,
  "box": {
    "min": {
      "x": 53.5966615,
      "y": 11.0005847
    },
    "max": {
      "x": 53.6356375,
      "y": 11.0661865
    },
    "center": {
      "x": 53.6161495,
      "y": 11.0333856
    }
  },
  "polygons": [
    {
      "numberOfPoints": 86,
      "box": {
        "min": {
          "x": 53.5966615,
          "y": 11.0005847
        },
        "max": {
          "x": 53.6356375,
          "y": 11.0661865
        },
        "center": {
          "x": 53.6161495,
          "y": 11.0333856
        }
      },
      "pointsx": [
        53.6045618,
        53.6076485,
        53.6098039,
        53.6114252,
        53.6126840,
        53.6150263,
        53.6164683,
        53.6176394,
        53.6190851,
        53.6202868,
        53.6210991,
        53.6199951,
        53.6214908,
        53.6210991,
        53.6217757,
        53.6215620,
        53.6243753,
        53.6259064,
        53.6282387,
        53.6322720,
        53.6347196,
        53.6356375,
        53.6343294,
        53.6328092,
        53.6316494,
        53.6314784,
        53.6307605,
        53.6299716,
        53.6296436,
        53.6286517,
        53.6270799,
        53.6262250,
        53.6254621,
        53.6254471,
        53.6254361,
        53.6225594,
        53.6198467,
        53.6189928,
        53.6181799,
        53.6172380,
        53.6159862,
        53.6154182,
        53.6144603,
        53.6134305,
        53.6108517,
        53.6078921,
        53.6078121,
        53.6075451,
        53.6065982,
        53.6054733,
        53.6041725,
        53.6031496,
        53.6030316,
        53.6027377,
        53.6028907,
        53.6027917,
        53.6010749,
        53.6001860,
        53.5999491,
        53.5989922,
        53.5986492,
        53.5979393,
        53.5977214,
        53.5977714,
        53.5979123,
        53.5966615,
        53.5973824,
        53.5983393,
        53.5985343,
        53.5988093,
        53.5989773,
        53.5987293,
        53.5983054,
        53.5983134,
        53.5983894,
        53.5987254,
        53.5990224,
        53.5986714,
        53.5992509,
        53.5994723,
        53.6000103,
        53.6021660,
        53.6032459,
        53.6037869,
        53.6039249,
        53.6041568
      ],
      "pointsy": [
        11.0661865,
        11.0646237,
        11.0646751,
        11.0644120,
        11.0644282,
        11.0637301,
        11.0633104,
        11.0628863,
        11.0623168,
        11.0614841,
        11.0585389,
        11.0560171,
        11.0519943,
        11.0434083,
        11.0393255,
        11.0363834,
        11.0369838,
        11.0398058,
        11.0387250,
        11.0225512,
        11.0221760,
        11.0183765,
        11.0005847,
        11.0006172,
        11.0017741,
        11.0026099,
        11.0028549,
        11.0030299,
        11.0031039,
        11.0026730,
        11.0018771,
        11.0018971,
        11.0020641,
        11.0035789,
        11.0045587,
        11.0083722,
        11.0119327,
        11.0114978,
        11.0111388,
        11.0110089,
        11.0111869,
        11.0111989,
        11.0112209,
        11.0110939,
        11.0099581,
        11.0086504,
        11.0096342,
        11.0100182,
        11.0094353,
        11.0088564,
        11.0082825,
        11.0098153,
        11.0117790,
        11.0144296,
        11.0170672,
        11.0183450,
        11.0204617,
        11.0240131,
        11.0250580,
        11.0289294,
        11.0305231,
        11.0320499,
        11.0327338,
        11.0334117,
        11.0343156,
        11.0346455,
        11.0353084,
        11.0374001,
        11.0395867,
        11.0404116,
        11.0427732,
        11.0475855,
        11.0509919,
        11.0511049,
        11.0525967,
        11.0589867,
        11.0624551,
        11.0634440,
        11.0632132,
        11.0631250,
        11.0628111,
        11.0636709,
        11.0639488,
        11.0642398,
        11.0650686,
        11.0658945
      ]
    }
  ]
}