{
  "id": 1444889,
  "name": "Dragun",
  "polygon": {
    "numberOfPoints": 103,
    "box": {
      "min": {
        "x": 53.6804948,
        "y": 11.1698404
      },
      "max": {
        "x": 53.7232208,
        "y": 11.2703543
      },
      "center": {
        "x": 53.7018578,
        "y": 11.22009735
      },
      "area": {
        "x": 0.0427260,
        "y": 0.1005139
      }
    },
    "pointsx": [
      53.7083016,
      53.7173224,
      53.7208973,
      53.7176799,
      53.7212548,
      53.7217016,
      53.7223272,
      53.7232208,
      53.7220144,
      53.7180455,
      53.7156518,
      53.7142931,
      53.7070980,
      53.7019338,
      53.7018764,
      53.6998050,
      53.6986454,
      53.6978480,
      53.6976001,
      53.6970813,
      53.6961886,
      53.6946552,
      53.6937549,
      53.6921336,
      53.6917444,
      53.6913630,
      53.6905962,
      53.6896006,
      53.6884257,
      53.6874262,
      53.6866022,
      53.6859804,
      53.6851640,
      53.6839052,
      53.6828333,
      53.6827569,
      53.6830431,
      53.6830545,
      53.6830773,
      53.6829401,
      53.6826921,
      53.6823564,
      53.6812883,
      53.6807542,
      53.6804948,
      53.6805215,
      53.6806360,
      53.6810098,
      53.6818299,
      53.6829210,
      53.6837412,
      53.6846453,
      53.6857325,
      53.6861979,
      53.6871897,
      53.6880862,
      53.6891657,
      53.6900774,
      53.6908099,
      53.6913707,
      53.6914774,
      53.6912295,
      53.6914317,
      53.6914508,
      53.6918245,
      53.6924578,
      53.6931827,
      53.6931902,
      53.6920306,
      53.6915156,
      53.6909854,
      53.6899172,
      53.6886583,
      53.6874071,
      53.6864267,
      53.6857210,
      53.6856447,
      53.6853929,
      53.6854997,
      53.6860529,
      53.6869570,
      53.6875903,
      53.6882349,
      53.6885134,
      53.6894098,
      53.6899515,
      53.6904932,
      53.6908632,
      53.6914164,
      53.6919619,
      53.6927783,
      53.6942241,
      53.6959369,
      53.6961429,
      53.6961696,
      53.6967380,
      53.6969516,
      53.6974170,
      53.6979777,
      53.6984546,
      53.6987445,
      53.6993052,
      53.7024899
    ],
    "pointsy": [
      11.1700509,
      11.1698404,
      11.1759572,
      11.1978947,
      11.2099773,
      11.2148103,
      11.2200964,
      11.2254581,
      11.2339159,
      11.2391837,
      11.2460711,
      11.2520839,
      11.2629179,
      11.2643829,
      11.2701109,
      11.2703543,
      11.2697153,
      11.2684801,
      11.2663536,
      11.2642174,
      11.2637368,
      11.2641475,
      11.2644222,
      11.2648315,
      11.2650450,
      11.2652625,
      11.2656937,
      11.2662705,
      11.2671449,
      11.2680255,
      11.2686061,
      11.2688923,
      11.2687167,
      11.2686796,
      11.2680435,
      11.2668285,
      11.2650202,
      11.2639924,
      11.2618731,
      11.2585362,
      11.2565469,
      11.2541140,
      11.2531776,
      11.2527064,
      11.2505799,
      11.2487640,
      11.2466476,
      11.2449923,
      11.2439573,
      11.2427776,
      11.2415885,
      11.2408570,
      11.2401305,
      11.2383280,
      11.2382038,
      11.2383813,
      11.2381105,
      11.2369233,
      11.2355812,
      11.2336131,
      11.2319527,
      11.2296732,
      11.2274063,
      11.2254389,
      11.2239352,
      11.2236519,
      11.2230661,
      11.2221575,
      11.2212150,
      11.2190799,
      11.2181586,
      11.2172194,
      11.2171841,
      11.2163925,
      11.2156077,
      11.2140730,
      11.2127093,
      11.2108848,
      11.2081632,
      11.2069684,
      11.2063866,
      11.2061015,
      11.2052105,
      11.2041435,
      11.2043209,
      11.2043350,
      11.2040463,
      11.2028453,
      11.2016505,
      11.2009078,
      11.2000218,
      11.1993036,
      11.1987456,
      11.1958732,
      11.1931483,
      11.1901369,
      11.1868084,
      11.1848536,
      11.1827335,
      11.1798694,
      11.1779088,
      11.1758032,
      11.1709384
    ]
  }
}