{"id":1451607,"name":"Balow","polygon":{"numberOfPoints":48,"box":{"min":{"x":53.2319483,"y":11.6915852},"max":{"x":53.2830457,"y":11.7560542},"center":{"x":53.2574970,"y":11.7238197},"area":{"x":0.0510974,"y":0.0644690}},"pointsx":[53.2443423,53.2457698,53.2558295,53.2572820,53.2663837,53.2724955,53.2769328,53.2791711,53.2803868,53.2805345,53.2804195,53.2830457,53.2822884,53.2781487,53.2736852,53.2747370,53.2705067,53.2692363,53.2673037,53.2632252,53.2622252,53.2602089,53.2564752,53.2521045,53.2498567,53.2491285,53.2476995,53.2471917,53.2448887,53.2418278,53.2410164,53.2397384,53.2383003,53.2370452,53.2356261,53.2347563,53.2335317,53.2319483,53.2332397,53.2333257,53.2334327,53.2339706,53.2374499,53.2399457,53.2430996,53.2438205,53.2439804,53.2440914],"pointsy":[11.6956307,11.6951345,11.6915852,11.6924204,11.7002800,11.7026907,11.7010179,11.6981043,11.6978163,11.6984657,11.7000066,11.7104559,11.7132134,11.7230242,11.7339542,11.7371297,11.7554164,11.7560542,11.7524116,11.7494377,11.7461534,11.7417563,11.7398213,11.7367549,11.7355250,11.7332773,11.7321005,11.7278692,11.7244532,11.7213245,11.7213465,11.7227970,11.7227397,11.7223909,11.7211366,11.7190033,11.7165589,11.7147959,11.7106962,11.7104229,11.7100789,11.7070834,11.7084438,11.7026261,11.7009542,11.7005802,11.6999983,11.6996074]}}