{
  "numberOfPolygons": 1,
  "box": {
    "min": {
      "x": 53.3564500,
      "y": 10.8147491
    },
    "max": {
      "x": 53.4103181,
      "y": 10.8808923
    },
    "center": {
      "x": 53.38338405,
      "y": 10.8478207
    }
  },
  "polygons": [
    {
      "numberOfPoints": 75,
      "box": {
        "min": {
          "x": 53.3564500,
          "y": 10.8147491
        },
        "max": {
          "x": 53.4103181,
          "y": 10.8808923
        },
        "center": {
          "x": 53.38338405,
          "y": 10.8478207
        }
      },
      "pointsx": [
        53.3985958,
        53.3953823,
        53.3896494,
        53.3854737,
        53.3778620,
        53.3775976,
        53.3766846,
        53.3764585,
        53.3720160,
        53.3692073,
        53.3684775,
        53.3675429,
        53.3668771,
        53.3656352,
        53.3636145,
        53.3633048,
        53.3630103,
        53.3599538,
        53.3564500,
        53.3611920,
        53.3659937,
        53.3710743,
        53.3716278,
        53.3778980,
        53.3812795,
        53.3822650,
        53.3818799,
        53.3815603,
        53.3814291,
        53.3817531,
        53.3818811,
        53.3818982,
        53.3826106,
        53.3826551,
        53.3826758,
        53.3837095,
        53.3837369,
        53.3836985,
        53.3854134,
        53.3856912,
        53.3857142,
        53.3858998,
        53.3864629,
        53.3868212,
        53.3868724,
        53.3871250,
        53.3871475,
        53.3871616,
        53.3871667,
        53.3872327,
        53.3873203,
        53.3876786,
        53.3877470,
        53.3878130,
        53.3879922,
        53.3882289,
        53.3883441,
        53.3883057,
        53.3882481,
        53.3883313,
        53.3889583,
        53.3891631,
        53.3895534,
        53.3897228,
        53.3906562,
        53.3942576,
        53.3999046,
        53.4008982,
        53.4069385,
        53.4103181,
        53.4091305,
        53.4062199,
        53.4054683,
        53.4036601,
        53.4022257
      ],
      "pointsy": [
        10.8763300,
        10.8679891,
        10.8628787,
        10.8582207,
        10.8550466,
        10.8564653,
        10.8565116,
        10.8703096,
        10.8781545,
        10.8751444,
        10.8759813,
        10.8781700,
        10.8773331,
        10.8769898,
        10.8777332,
        10.8772902,
        10.8761744,
        10.8732910,
        10.8556886,
        10.8522706,
        10.8473567,
        10.8476934,
        10.8498753,
        10.8533234,
        10.8282031,
        10.8236326,
        10.8190170,
        10.8184264,
        10.8178698,
        10.8176030,
        10.8171524,
        10.8171479,
        10.8169593,
        10.8169356,
        10.8169257,
        10.8163731,
        10.8163585,
        10.8156504,
        10.8147491,
        10.8154095,
        10.8158113,
        10.8160151,
        10.8165623,
        10.8177532,
        10.8186759,
        10.8192964,
        10.8193518,
        10.8198550,
        10.8200384,
        10.8201860,
        10.8203818,
        10.8207144,
        10.8209220,
        10.8211221,
        10.8214117,
        10.8216478,
        10.8220769,
        10.8226563,
        10.8232356,
        10.8235039,
        10.8241154,
        10.8239974,
        10.8243407,
        10.8245750,
        10.8291034,
        10.8377685,
        10.8456224,
        10.8470044,
        10.8501097,
        10.8546196,
        10.8697570,
        10.8750779,
        10.8794239,
        10.8808923,
        10.8802619
      ]
    }
  ]
}