{
  "numberOfPolygons": 1,
  "box": {
    "min": {
      "x": 53.5171093,
      "y": 11.2459328
    },
    "max": {
      "x": 53.5604618,
      "y": 11.3289483
    },
    "center": {
      "x": 53.53878555,
      "y": 11.28744055
    }
  },
  "polygons": [
    {
      "numberOfPoints": 138,
      "box": {
        "min": {
          "x": 53.5171093,
          "y": 11.2459328
        },
        "max": {
          "x": 53.5604618,
          "y": 11.3289483
        },
        "center": {
          "x": 53.53878555,
          "y": 11.28744055
        }
      },
      "pointsx": [
        53.5483629,
        53.5476495,
        53.5456260,
        53.5443220,
        53.5436475,
        53.5430404,
        53.5417138,
        53.5415339,
        53.5435126,
        53.5434599,
        53.5427924,
        53.5402979,
        53.5396655,
        53.5277180,
        53.5268042,
        53.5260661,
        53.5241331,
        53.5228326,
        53.5210120,
        53.5207220,
        53.5171093,
        53.5199399,
        53.5205313,
        53.5215117,
        53.5201879,
        53.5202070,
        53.5228392,
        53.5234954,
        53.5267961,
        53.5275887,
        53.5289274,
        53.5290934,
        53.5293605,
        53.5293818,
        53.5306687,
        53.5307578,
        53.5309666,
        53.5314300,
        53.5320229,
        53.5324655,
        53.5328060,
        53.5331228,
        53.5333058,
        53.5335520,
        53.5337752,
        53.5341354,
        53.5343332,
        53.5343899,
        53.5344749,
        53.5346172,
        53.5348367,
        53.5351462,
        53.5354093,
        53.5357725,
        53.5360814,
        53.5362192,
        53.5361777,
        53.5360146,
        53.5353884,
        53.5349959,
        53.5347788,
        53.5348122,
        53.5352936,
        53.5355971,
        53.5365824,
        53.5364071,
        53.5358226,
        53.5350794,
        53.5349375,
        53.5341391,
        53.5351797,
        53.5362070,
        53.5377591,
        53.5391354,
        53.5414851,
        53.5437171,
        53.5459243,
        53.5462234,
        53.5471875,
        53.5484976,
        53.5493256,
        53.5506227,
        53.5521912,
        53.5524707,
        53.5546058,
        53.5572441,
        53.5573289,
        53.5573465,
        53.5572617,
        53.5571417,
        53.5569537,
        53.5568112,
        53.5557927,
        53.5557611,
        53.5558083,
        53.5570500,
        53.5571662,
        53.5573524,
        53.5585814,
        53.5587088,
        53.5584464,
        53.5587908,
        53.5594724,
        53.5604618,
        53.5597753,
        53.5596220,
        53.5567882,
        53.5564928,
        53.5562311,
        53.5558788,
        53.5558099,
        53.5550596,
        53.5548342,
        53.5540764,
        53.5517596,
        53.5527527,
        53.5539357,
        53.5544975,
        53.5544675,
        53.5544934,
        53.5526799,
        53.5523906,
        53.5524023,
        53.5527665,
        53.5527466,
        53.5508563,
        53.5507104,
        53.5506006,
        53.5505238,
        53.5503770,
        53.5502131,
        53.5500296,
        53.5499197,
        53.5495411,
        53.5491811,
        53.5489121,
        53.5488397,
        53.5487590
      ],
      "pointsy": [
        11.3136139,
        11.3142551,
        11.3162227,
        11.3151821,
        11.3157119,
        11.3152578,
        11.3154848,
        11.3161281,
        11.3201390,
        11.3250462,
        11.3249280,
        11.3289483,
        11.3219127,
        11.3216762,
        11.3225630,
        11.3212623,
        11.3215580,
        11.3248097,
        11.3256259,
        11.3234288,
        11.3166683,
        11.3125301,
        11.3075711,
        11.3000428,
        11.2974400,
        11.2956292,
        11.2934444,
        11.2905997,
        11.2855186,
        11.2846804,
        11.2838097,
        11.2800354,
        11.2784415,
        11.2775610,
        11.2757457,
        11.2744553,
        11.2736826,
        11.2726921,
        11.2724111,
        11.2718421,
        11.2710647,
        11.2698509,
        11.2685595,
        11.2679482,
        11.2673027,
        11.2666570,
        11.2663441,
        11.2660377,
        11.2652463,
        11.2641981,
        11.2636432,
        11.2633109,
        11.2630931,
        11.2629456,
        11.2627489,
        11.2623695,
        11.2619452,
        11.2616811,
        11.2615125,
        11.2611472,
        11.2605150,
        11.2601357,
        11.2593928,
        11.2580704,
        11.2567357,
        11.2544597,
        11.2538415,
        11.2536307,
        11.2528440,
        11.2513759,
        11.2496595,
        11.2464010,
        11.2459328,
        11.2472355,
        11.2471361,
        11.2463146,
        11.2476527,
        11.2484071,
        11.2492422,
        11.2501047,
        11.2471174,
        11.2477855,
        11.2506804,
        11.2510121,
        11.2520480,
        11.2559919,
        11.2562825,
        11.2565534,
        11.2568883,
        11.2572232,
        11.2576152,
        11.2578735,
        11.2602078,
        11.2603895,
        11.2609078,
        11.2656693,
        11.2657336,
        11.2656666,
        11.2650004,
        11.2654956,
        11.2704765,
        11.2733855,
        11.2753784,
        11.2820240,
        11.2845928,
        11.2846756,
        11.2879904,
        11.2890641,
        11.2930806,
        11.2939710,
        11.2953744,
        11.2976156,
        11.2979649,
        11.2983119,
        11.3006380,
        11.3027065,
        11.3042058,
        11.3051886,
        11.3057380,
        11.3059617,
        11.3084516,
        11.3096021,
        11.3102502,
        11.3134206,
        11.3135417,
        11.3151289,
        11.3151799,
        11.3151282,
        11.3150324,
        11.3146881,
        11.3143926,
        11.3139610,
        11.3138473,
        11.3135617,
        11.3132274,
        11.3129906,
        11.3129871,
        11.3130568
      ]
    }
  ]
}