{
  "id": 1451596,
  "name": "Lübesse",
  "polygon": {
    "numberOfPoints": 164,
    "box": {
      "min": {
        "x": 53.4759591,
        "y": 11.4159679
      },
      "max": {
        "x": 53.5502203,
        "y": 11.4892310
      },
      "center": {
        "x": 53.5130897,
        "y": 11.45259945
      },
      "area": {
        "x": 0.0742612,
        "y": 0.0732631
      }
    },
    "pointsx": [
      53.4759591,
      53.4772941,
      53.4810806,
      53.4963993,
      53.4993751,
      53.4998473,
      53.5041975,
      53.5069985,
      53.5191489,
      53.5194438,
      53.5200170,
      53.5201759,
      53.5209709,
      53.5266382,
      53.5289311,
      53.5381863,
      53.5393422,
      53.5453811,
      53.5460922,
      53.5466006,
      53.5471253,
      53.5476386,
      53.5478272,
      53.5480473,
      53.5484058,
      53.5489311,
      53.5490995,
      53.5502203,
      53.5334860,
      53.5335000,
      53.5335030,
      53.5328940,
      53.5307740,
      53.5293070,
      53.5285140,
      53.5272190,
      53.5260220,
      53.5259130,
      53.5228340,
      53.5206810,
      53.5205260,
      53.5204280,
      53.5202960,
      53.5202950,
      53.5173510,
      53.5172540,
      53.5167880,
      53.5164990,
      53.5164680,
      53.5164400,
      53.5101850,
      53.5098870,
      53.5097290,
      53.5094310,
      53.5051760,
      53.5022940,
      53.5014280,
      53.5013990,
      53.5013650,
      53.4984050,
      53.4983790,
      53.4970950,
      53.4970920,
      53.4970230,
      53.4967910,
      53.4959130,
      53.4954780,
      53.4953190,
      53.4951570,
      53.4951320,
      53.4951150,
      53.4950780,
      53.4950500,
      53.4948930,
      53.4947760,
      53.4947120,
      53.4946310,
      53.4945940,
      53.4945870,
      53.4945810,
      53.4944680,
      53.4943490,
      53.4942320,
      53.4941140,
      53.4940040,
      53.4938910,
      53.4938570,
      53.4937770,
      53.4936630,
      53.4935490,
      53.4934410,
      53.4933320,
      53.4932260,
      53.4931220,
      53.4930170,
      53.4929150,
      53.4928110,
      53.4927140,
      53.4926150,
      53.4925350,
      53.4923830,
      53.4909140,
      53.4907140,
      53.4906400,
      53.4904500,
      53.4900960,
      53.4897270,
      53.4893840,
      53.4893150,
      53.4892390,
      53.4892310,
      53.4890470,
      53.4890130,
      53.4888960,
      53.4888540,
      53.4888420,
      53.4886540,
      53.4886260,
      53.4888330,
      53.4888570,
      53.4891340,
      53.4882130,
      53.4878230,
      53.4874160,
      53.4873410,
      53.4871090,
      53.4869790,
      53.4868670,
      53.4868540,
      53.4863680,
      53.4858980,
      53.4858150,
      53.4857150,
      53.4850660,
      53.4846560,
      53.4843620,
      53.4842040,
      53.4835820,
      53.4829340,
      53.4827040,
      53.4821360,
      53.4814950,
      53.4814390,
      53.4800440,
      53.4800070,
      53.4800080,
      53.4800100,
      53.4800130,
      53.4800400,
      53.4800420,
      53.4800570,
      53.4800580,
      53.4801110,
      53.4801170,
      53.4801360,
      53.4801390,
      53.4801400,
      53.4801460,
      53.4801590,
      53.4801600,
      53.4801620,
      53.4802200,
      53.4771260,
      53.4771160
    ],
    "pointsy": [
      11.4704335,
      11.4565808,
      11.4502595,
      11.4360933,
      11.4429817,
      11.4435610,
      11.4537054,
      11.4513905,
      11.4469025,
      11.4327470,
      11.4183226,
      11.4181011,
      11.4179074,
      11.4165266,
      11.4159679,
      11.4180163,
      11.4271084,
      11.4245342,
      11.4299740,
      11.4338364,
      11.4379264,
      11.4419321,
      11.4434068,
      11.4451435,
      11.4478888,
      11.4518943,
      11.4532409,
      11.4618611,
      11.4663480,
      11.4664160,
      11.4664300,
      11.4665570,
      11.4668700,
      11.4670600,
      11.4671180,
      11.4672140,
      11.4673350,
      11.4673470,
      11.4676760,
      11.4679080,
      11.4679280,
      11.4679280,
      11.4679610,
      11.4679480,
      11.4690970,
      11.4691340,
      11.4693110,
      11.4694210,
      11.4694330,
      11.4694430,
      11.4718030,
      11.4719160,
      11.4719750,
      11.4720880,
      11.4736930,
      11.4747800,
      11.4750980,
      11.4751100,
      11.4751230,
      11.4762140,
      11.4762240,
      11.4767110,
      11.4767300,
      11.4767840,
      11.4769690,
      11.4776660,
      11.4780120,
      11.4781390,
      11.4782680,
      11.4782880,
      11.4783010,
      11.4783310,
      11.4783530,
      11.4779590,
      11.4776670,
      11.4775270,
      11.4779470,
      11.4781400,
      11.4781720,
      11.4782030,
      11.4787930,
      11.4794090,
      11.4800150,
      11.4806250,
      11.4811960,
      11.4817770,
      11.4819580,
      11.4823720,
      11.4829600,
      11.4835510,
      11.4841110,
      11.4846740,
      11.4852220,
      11.4857650,
      11.4863050,
      11.4868360,
      11.4873750,
      11.4878780,
      11.4883910,
      11.4888050,
      11.4888410,
      11.4891840,
      11.4892310,
      11.4891280,
      11.4888640,
      11.4883710,
      11.4878570,
      11.4873800,
      11.4872850,
      11.4871790,
      11.4871460,
      11.4864390,
      11.4863080,
      11.4858590,
      11.4856980,
      11.4856530,
      11.4849260,
      11.4848520,
      11.4841060,
      11.4840220,
      11.4830260,
      11.4837540,
      11.4840610,
      11.4843830,
      11.4844420,
      11.4846250,
      11.4847280,
      11.4848160,
      11.4848260,
      11.4852060,
      11.4854380,
      11.4854790,
      11.4855290,
      11.4858490,
      11.4860510,
      11.4861970,
      11.4862760,
      11.4865870,
      11.4869080,
      11.4870240,
      11.4873100,
      11.4876330,
      11.4876620,
      11.4883560,
      11.4883750,
      11.4883650,
      11.4882780,
      11.4881660,
      11.4854620,
      11.4852560,
      11.4837790,
      11.4836770,
      11.4784810,
      11.4774600,
      11.4746080,
      11.4744090,
      11.4743680,
      11.4741870,
      11.4737730,
      11.4737400,
      11.4734530,
      11.4734270,
      11.4691730,
      11.4691870
    ]
  }
}