{
  "numberOfPolygons": 1,
  "box": {
    "min": {
      "x": 52.7099969,
      "y": 8.7329314
    },
    "max": {
      "x": 52.7728851,
      "y": 8.8057511
    },
    "center": {
      "x": 52.7414410,
      "y": 8.76934125
    }
  },
  "polygons": [
    {
      "numberOfPoints": 132,
      "box": {
        "min": {
          "x": 52.7099969,
          "y": 8.7329314
        },
        "max": {
          "x": 52.7728851,
          "y": 8.8057511
        },
        "center": {
          "x": 52.7414410,
          "y": 8.76934125
        }
      },
      "pointsx": [
        52.7192597,
        52.7230226,
        52.7236874,
        52.7270789,
        52.7281819,
        52.7300402,
        52.7303270,
        52.7319661,
        52.7324822,
        52.7328262,
        52.7319864,
        52.7323127,
        52.7333077,
        52.7344739,
        52.7390597,
        52.7411128,
        52.7428284,
        52.7441936,
        52.7468891,
        52.7530312,
        52.7580207,
        52.7586515,
        52.7580945,
        52.7582257,
        52.7603167,
        52.7603902,
        52.7605196,
        52.7626541,
        52.7628432,
        52.7628503,
        52.7628860,
        52.7626712,
        52.7631211,
        52.7642778,
        52.7638165,
        52.7641267,
        52.7644050,
        52.7656139,
        52.7656139,
        52.7657559,
        52.7672729,
        52.7673047,
        52.7701277,
        52.7710716,
        52.7726351,
        52.7728851,
        52.7712796,
        52.7718228,
        52.7719483,
        52.7717770,
        52.7671509,
        52.7669569,
        52.7667880,
        52.7594526,
        52.7591882,
        52.7560898,
        52.7560570,
        52.7558479,
        52.7514238,
        52.7512855,
        52.7512043,
        52.7473699,
        52.7470839,
        52.7460328,
        52.7404371,
        52.7404309,
        52.7397405,
        52.7395870,
        52.7379476,
        52.7376273,
        52.7371569,
        52.7370419,
        52.7358093,
        52.7347568,
        52.7346064,
        52.7339236,
        52.7337795,
        52.7336701,
        52.7339861,
        52.7341385,
        52.7342388,
        52.7340166,
        52.7326576,
        52.7319137,
        52.7318256,
        52.7313031,
        52.7307162,
        52.7300491,
        52.7289915,
        52.7284516,
        52.7283670,
        52.7263741,
        52.7262815,
        52.7247402,
        52.7243705,
        52.7237877,
        52.7233052,
        52.7223652,
        52.7220957,
        52.7213753,
        52.7212856,
        52.7189910,
        52.7145428,
        52.7143192,
        52.7136070,
        52.7135929,
        52.7135837,
        52.7135728,
        52.7137280,
        52.7133510,
        52.7126630,
        52.7126319,
        52.7118885,
        52.7115277,
        52.7113560,
        52.7115663,
        52.7104873,
        52.7106180,
        52.7103409,
        52.7108951,
        52.7106658,
        52.7106180,
        52.7099969,
        52.7118412,
        52.7122807,
        52.7124336,
        52.7123476,
        52.7117532,
        52.7127873,
        52.7127279,
        52.7169499,
        52.7166027
      ],
      "pointsy": [
        8.7349729,
        8.7329314,
        8.7388061,
        8.7380221,
        8.7379385,
        8.7379514,
        8.7378884,
        8.7366520,
        8.7388909,
        8.7414808,
        8.7421825,
        8.7435105,
        8.7444328,
        8.7430741,
        8.7434893,
        8.7426817,
        8.7420157,
        8.7465799,
        8.7490771,
        8.7480896,
        8.7493934,
        8.7535811,
        8.7537431,
        8.7544070,
        8.7547051,
        8.7581999,
        8.7590938,
        8.7583287,
        8.7614763,
        8.7617282,
        8.7640967,
        8.7664888,
        8.7669930,
        8.7682894,
        8.7693015,
        8.7692621,
        8.7689203,
        8.7690518,
        8.7734811,
        8.7761470,
        8.7761160,
        8.7765892,
        8.7765629,
        8.7910081,
        8.7908051,
        8.7943723,
        8.7946117,
        8.8026661,
        8.8029800,
        8.8031496,
        8.8041211,
        8.8039235,
        8.8041943,
        8.8057511,
        8.8011015,
        8.8016343,
        8.8038033,
        8.8038383,
        8.8046429,
        8.8046693,
        8.8013357,
        8.8043352,
        8.8045590,
        8.8007959,
        8.8016056,
        8.8013919,
        8.7972180,
        8.7972641,
        8.7977565,
        8.7956315,
        8.7938613,
        8.7938073,
        8.7932229,
        8.7931298,
        8.7935540,
        8.7932643,
        8.7930367,
        8.7921422,
        8.7920626,
        8.7888669,
        8.7866873,
        8.7858452,
        8.7867278,
        8.7847997,
        8.7846531,
        8.7837838,
        8.7835381,
        8.7838949,
        8.7844582,
        8.7847493,
        8.7812723,
        8.7810307,
        8.7794866,
        8.7785750,
        8.7784508,
        8.7789267,
        8.7794234,
        8.7799510,
        8.7799407,
        8.7796821,
        8.7795801,
        8.7769721,
        8.7782515,
        8.7783123,
        8.7727749,
        8.7726237,
        8.7725245,
        8.7724075,
        8.7718162,
        8.7665576,
        8.7668257,
        8.7666344,
        8.7620594,
        8.7617178,
        8.7608708,
        8.7597921,
        8.7571414,
        8.7564784,
        8.7550588,
        8.7538443,
        8.7529925,
        8.7510366,
        8.7486391,
        8.7474088,
        8.7469987,
        8.7459103,
        8.7454529,
        8.7443807,
        8.7421350,
        8.7413417,
        8.7403303,
        8.7364290
      ]
    }
  ]
}