{
  "numberOfPolygons": 1,
  "box": {
    "min": {
      "x": 53.6606193,
      "y": 10.4483231
    },
    "max": {
      "x": 53.6905397,
      "y": 10.4914979
    },
    "center": {
      "x": 53.6755795,
      "y": 10.4699105
    }
  },
  "polygons": [
    {
      "numberOfPoints": 236,
      "box": {
        "min": {
          "x": 53.6606193,
          "y": 10.4483231
        },
        "max": {
          "x": 53.6905397,
          "y": 10.4914979
        },
        "center": {
          "x": 53.6755795,
          "y": 10.4699105
        }
      },
      "pointsx": [
        53.6858279,
        53.6858145,
        53.6864184,
        53.6864488,
        53.6864196,
        53.6863437,
        53.6861744,
        53.6859001,
        53.6858476,
        53.6856783,
        53.6854915,
        53.6855032,
        53.6854506,
        53.6846887,
        53.6847761,
        53.6848639,
        53.6855519,
        53.6864151,
        53.6860764,
        53.6876450,
        53.6879039,
        53.6882596,
        53.6901632,
        53.6905397,
        53.6905068,
        53.6904292,
        53.6904590,
        53.6902409,
        53.6899361,
        53.6895924,
        53.6892726,
        53.6889087,
        53.6885723,
        53.6880931,
        53.6871858,
        53.6870227,
        53.6866047,
        53.6863498,
        53.6861230,
        53.6856642,
        53.6854603,
        53.6850525,
        53.6847976,
        53.6841105,
        53.6840776,
        53.6838204,
        53.6837774,
        53.6832461,
        53.6825519,
        53.6823938,
        53.6831121,
        53.6837268,
        53.6837402,
        53.6841210,
        53.6839406,
        53.6837302,
        53.6833326,
        53.6830620,
        53.6827813,
        53.6823637,
        53.6821031,
        53.6820578,
        53.6819847,
        53.6815723,
        53.6812747,
        53.6811964,
        53.6813113,
        53.6812695,
        53.6815619,
        53.6813889,
        53.6813098,
        53.6814252,
        53.6811173,
        53.6809915,
        53.6807200,
        53.6801771,
        53.6795882,
        53.6791413,
        53.6787755,
        53.6769501,
        53.6766781,
        53.6764238,
        53.6759256,
        53.6755341,
        53.6749850,
        53.6744257,
        53.6739422,
        53.6737033,
        53.6734394,
        53.6733733,
        53.6727784,
        53.6726360,
        53.6723869,
        53.6713750,
        53.6701089,
        53.6690715,
        53.6687512,
        53.6682935,
        53.6677443,
        53.6672867,
        53.6669307,
        53.6662899,
        53.6658679,
        53.6655932,
        53.6652271,
        53.6650186,
        53.6647389,
        53.6641795,
        53.6640727,
        53.6640469,
        53.6639856,
        53.6636955,
        53.6634953,
        53.6629028,
        53.6623757,
        53.6620039,
        53.6618404,
        53.6616075,
        53.6614522,
        53.6613746,
        53.6613746,
        53.6614931,
        53.6617056,
        53.6617369,
        53.6617503,
        53.6618039,
        53.6619478,
        53.6620600,
        53.6620901,
        53.6620667,
        53.6619964,
        53.6618256,
        53.6615679,
        53.6614809,
        53.6614742,
        53.6615060,
        53.6615260,
        53.6615043,
        53.6614407,
        53.6613135,
        53.6611545,
        53.6610116,
        53.6609299,
        53.6609168,
        53.6608645,
        53.6607436,
        53.6606618,
        53.6606193,
        53.6606193,
        53.6606520,
        53.6607109,
        53.6608384,
        53.6609266,
        53.6609528,
        53.6609495,
        53.6608580,
        53.6607991,
        53.6607697,
        53.6607926,
        53.6606324,
        53.6612699,
        53.6622016,
        53.6623258,
        53.6623454,
        53.6623356,
        53.6623029,
        53.6622996,
        53.6623421,
        53.6624271,
        53.6627573,
        53.6633686,
        53.6634634,
        53.6635582,
        53.6637053,
        53.6643002,
        53.6648036,
        53.6651827,
        53.6652512,
        53.6662295,
        53.6665397,
        53.6669414,
        53.6670431,
        53.6674143,
        53.6677144,
        53.6680602,
        53.6682534,
        53.6687822,
        53.6693162,
        53.6688687,
        53.6689043,
        53.6687263,
        53.6684822,
        53.6683856,
        53.6684619,
        53.6685574,
        53.6689036,
        53.6691053,
        53.6691126,
        53.6679074,
        53.6676532,
        53.6677549,
        53.6682370,
        53.6694727,
        53.6705253,
        53.6718880,
        53.6721829,
        53.6747963,
        53.6749135,
        53.6772064,
        53.6763775,
        53.6767120,
        53.6767652,
        53.6766574,
        53.6765862,
        53.6765428,
        53.6766305,
        53.6768743,
        53.6769770,
        53.6770405,
        53.6771957,
        53.6772554,
        53.6774962,
        53.6778165,
        53.6785840,
        53.6796615,
        53.6804332,
        53.6802006,
        53.6810905,
        53.6809632,
        53.6809990,
        53.6823205,
        53.6828187,
        53.6830474,
        53.6835710,
        53.6836218,
        53.6841810
      ],