{
  "numberOfPolygons": 1,
  "box": {
    "min": {
      "x": 53.5454325,
      "y": 10.3889465
    },
    "max": {
      "x": 53.5778767,
      "y": 10.4420408
    },
    "center": {
      "x": 53.5616546,
      "y": 10.41549365
    }
  },
  "polygons": [
    {
      "numberOfPoints": 85,
      "box": {
        "min": {
          "x": 53.5454325,
          "y": 10.3889465
        },
        "max": {
          "x": 53.5778767,
          "y": 10.4420408
        },
        "center": {
          "x": 53.5616546,
          "y": 10.41549365
        }
      },
      "pointsx": [
        53.5613153,
        53.5624296,
        53.5623105,
        53.5644755,
        53.5654022,
        53.5678047,
        53.5679560,
        53.5690247,
        53.5695889,
        53.5715947,
        53.5720352,
        53.5724779,
        53.5746036,
        53.5762134,
        53.5748407,
        53.5760152,
        53.5761427,
        53.5764567,
        53.5769797,
        53.5770945,
        53.5768681,
        53.5761366,
        53.5758705,
        53.5758948,
        53.5756327,
        53.5756225,
        53.5757897,
        53.5757012,
        53.5755009,
        53.5754456,
        53.5759302,
        53.5758189,
        53.5762408,
        53.5762116,
        53.5762359,
        53.5763263,
        53.5762472,
        53.5763438,
        53.5778330,
        53.5778767,
        53.5776806,
        53.5776054,
        53.5774748,
        53.5773266,
        53.5774179,
        53.5771362,
        53.5753687,
        53.5748310,
        53.5747721,
        53.5762537,
        53.5761458,
        53.5730281,
        53.5728643,
        53.5727017,
        53.5723482,
        53.5724193,
        53.5717099,
        53.5712184,
        53.5711160,
        53.5706402,
        53.5699773,
        53.5688956,
        53.5673140,
        53.5657844,
        53.5653481,
        53.5643864,
        53.5615415,
        53.5586745,
        53.5575483,
        53.5576676,
        53.5572350,
        53.5570859,
        53.5551299,
        53.5543160,
        53.5543605,
        53.5535351,
        53.5488382,
        53.5488654,
        53.5454325,
        53.5482108,
        53.5482108,
        53.5492646,
        53.5507335,
        53.5522981,
        53.5523591
      ],
      "pointsy": [
        10.3899830,
        10.3889465,
        10.3904319,
        10.3919404,
        10.3966786,
        10.3946766,
        10.3992493,
        10.3985015,
        10.4009141,
        10.3996925,
        10.4028403,
        10.4027329,
        10.4022172,
        10.4029485,
        10.4060801,
        10.4069805,
        10.4063194,
        10.4058567,
        10.4057377,
        10.4057906,
        10.4075307,
        10.4081438,
        10.4092008,
        10.4106729,
        10.4113162,
        10.4116893,
        10.4119357,
        10.4125330,
        10.4126249,
        10.4130650,
        10.4136310,
        10.4142351,
        10.4147473,
        10.4156872,
        10.4168925,
        10.4181117,
        10.4186234,
        10.4196106,
        10.4186325,
        10.4191388,
        10.4197823,
        10.4204179,
        10.4213367,
        10.4223922,
        10.4237734,
        10.4241987,
        10.4286640,
        10.4297965,
        10.4315151,
        10.4316639,
        10.4331842,
        10.4329985,
        10.4346112,
        10.4354482,
        10.4371530,
        10.4384618,
        10.4392389,
        10.4394234,
        10.4372257,
        10.4380019,
        10.4368960,
        10.4366409,
        10.4380757,
        10.4361203,
        10.4345581,
        10.4346890,
        10.4351608,
        10.4349593,
        10.4358884,
        10.4394794,
        10.4405341,
        10.4420408,
        10.4411194,
        10.4402077,
        10.4363293,
        10.4335182,
        10.4173293,
        10.4157880,
        10.4029864,
        10.3998690,
        10.3981223,
        10.3962680,
        10.3957574,
        10.3969667,
        10.3983424
      ]
    }
  ]
}