{
  "numberOfPolygons": 1,
  "box": {
    "min": {
      "x": 53.5157476,
      "y": 10.4663875
    },
    "max": {
      "x": 53.5467291,
      "y": 10.5067831
    },
    "center": {
      "x": 53.53123835,
      "y": 10.4865853
    }
  },
  "polygons": [
    {
      "numberOfPoints": 85,
      "box": {
        "min": {
          "x": 53.5157476,
          "y": 10.4663875
        },
        "max": {
          "x": 53.5467291,
          "y": 10.5067831
        },
        "center": {
          "x": 53.53123835,
          "y": 10.4865853
        }
      },
      "pointsx": [
        53.5284613,
        53.5301173,
        53.5305540,
        53.5313348,
        53.5319972,
        53.5322053,
        53.5324101,
        53.5326693,
        53.5328325,
        53.5329925,
        53.5339606,
        53.5340235,
        53.5338251,
        53.5353013,
        53.5357525,
        53.5362805,
        53.5383416,
        53.5389179,
        53.5399589,
        53.5440872,
        53.5462919,
        53.5467291,
        53.5465823,
        53.5458676,
        53.5453045,
        53.5421592,
        53.5417326,
        53.5404698,
        53.5402992,
        53.5398612,
        53.5383253,
        53.5375688,
        53.5363514,
        53.5357484,
        53.5356241,
        53.5352710,
        53.5348627,
        53.5342366,
        53.5333546,
        53.5332686,
        53.5317747,
        53.5310316,
        53.5304992,
        53.5300808,
        53.5294659,
        53.5286717,
        53.5281539,
        53.5276812,
        53.5249674,
        53.5245233,
        53.5195031,
        53.5172533,
        53.5166260,
        53.5173010,
        53.5167781,
        53.5168605,
        53.5173479,
        53.5196099,
        53.5188375,
        53.5180983,
        53.5165487,
        53.5159674,
        53.5159648,
        53.5158945,
        53.5158544,
        53.5157476,
        53.5160136,
        53.5172379,
        53.5178141,
        53.5182084,
        53.5209679,
        53.5210011,
        53.5232082,
        53.5235880,
        53.5236871,
        53.5256950,
        53.5261986,
        53.5268077,
        53.5271624,
        53.5272940,
        53.5274050,
        53.5275199,
        53.5277226,
        53.5278144,
        53.5281814
      ],
      "pointsy": [
        10.5059235,
        10.5064560,
        10.5066378,
        10.5067831,
        10.5061640,
        10.5057925,
        10.5056956,
        10.5058086,
        10.5056364,
        10.5055717,
        10.5053930,
        10.5053287,
        10.5053672,
        10.5046930,
        10.5042731,
        10.5041493,
        10.5001144,
        10.4986085,
        10.4963651,
        10.4895230,
        10.4926896,
        10.4918032,
        10.4913867,
        10.4894285,
        10.4864500,
        10.4821905,
        10.4816736,
        10.4802761,
        10.4802761,
        10.4804771,
        10.4798358,
        10.4795678,
        10.4797880,
        10.4806399,
        10.4801949,
        10.4789308,
        10.4774693,
        10.4768113,
        10.4771466,
        10.4771793,
        10.4763885,
        10.4757553,
        10.4753016,
        10.4743712,
        10.4730039,
        10.4712380,
        10.4700867,
        10.4710501,
        10.4671324,
        10.4663875,
        10.4696948,
        10.4672275,
        10.4684293,
        10.4732613,
        10.4748762,
        10.4750094,
        10.4757969,
        10.4794523,
        10.4815010,
        10.4816667,
        10.4859897,
        10.4890416,
        10.4890553,
        10.4894244,
        10.4896351,
        10.4901953,
        10.4912222,
        10.4963377,
        10.4966297,
        10.4968626,
        10.4984926,
        10.4985779,
        10.5000164,
        10.5002784,
        10.5003468,
        10.5016094,
        10.5029465,
        10.5051003,
        10.5060368,
        10.5064122,
        10.5060111,
        10.5057550,
        10.5054913,
        10.5056456,
        10.5054450
      ]
    }
  ]
}