{
  "numberOfPolygons": 1,
  "box": {
    "min": {
      "x": 53.5127268,
      "y": 10.5463162
    },
    "max": {
      "x": 53.5360468,
      "y": 10.5890287
    },
    "center": {
      "x": 53.5243868,
      "y": 10.56767245
    }
  },
  "polygons": [
    {
      "numberOfPoints": 93,
      "box": {
        "min": {
          "x": 53.5127268,
          "y": 10.5463162
        },
        "max": {
          "x": 53.5360468,
          "y": 10.5890287
        },
        "center": {
          "x": 53.5243868,
          "y": 10.56767245
        }
      },
      "pointsx": [
        53.5316856,
        53.5320740,
        53.5323328,
        53.5324298,
        53.5338287,
        53.5339318,
        53.5339662,
        53.5339601,
        53.5339487,
        53.5339419,
        53.5339581,
        53.5340281,
        53.5347263,
        53.5348152,
        53.5354177,
        53.5357431,
        53.5358037,
        53.5358278,
        53.5360177,
        53.5360304,
        53.5360468,
        53.5360225,
        53.5355129,
        53.5354358,
        53.5354022,
        53.5352913,
        53.5352733,
        53.5352056,
        53.5351377,
        53.5351392,
        53.5353175,
        53.5356414,
        53.5356702,
        53.5358011,
        53.5358646,
        53.5349313,
        53.5333979,
        53.5329564,
        53.5291792,
        53.5249174,
        53.5235397,
        53.5244801,
        53.5242641,
        53.5239144,
        53.5234233,
        53.5230665,
        53.5228187,
        53.5218721,
        53.5213468,
        53.5211172,
        53.5178386,
        53.5177058,
        53.5175288,
        53.5171565,
        53.5167684,
        53.5171721,
        53.5170729,
        53.5173090,
        53.5173279,
        53.5170714,
        53.5166285,
        53.5164562,
        53.5160688,
        53.5158517,
        53.5157701,
        53.5158336,
        53.5158169,
        53.5157497,
        53.5155557,
        53.5157961,
        53.5147241,
        53.5134899,
        53.5133013,
        53.5127268,
        53.5128823,
        53.5145965,
        53.5163105,
        53.5171470,
        53.5190050,
        53.5191770,
        53.5203215,
        53.5206110,
        53.5219499,
        53.5230960,
        53.5234173,
        53.5237173,
        53.5242742,
        53.5241596,
        53.5241199,
        53.5248129,
        53.5261608,
        53.5275471,
        53.5296978
      ],
      "pointsy": [
        10.5463162,
        10.5471983,
        10.5484194,
        10.5487323,
        10.5513751,
        10.5516642,
        10.5519159,
        10.5523614,
        10.5526101,
        10.5527594,
        10.5534192,
        10.5537134,
        10.5548477,
        10.5550722,
        10.5570717,
        10.5582864,
        10.5585381,
        10.5587751,
        10.5607871,
        10.5609606,
        10.5612203,
        10.5614118,
        10.5631918,
        10.5635444,
        10.5640134,
        10.5651839,
        10.5653743,
        10.5664133,
        10.5674553,
        10.5677062,
        10.5686521,
        10.5703706,
        10.5706950,
        10.5746549,
        10.5763507,
        10.5753542,
        10.5737169,
        10.5738219,
        10.5747205,
        10.5757343,
        10.5819336,
        10.5870004,
        10.5872129,
        10.5874298,
        10.5877604,
        10.5881394,
        10.5882137,
        10.5887633,
        10.5890287,
        10.5888769,
        10.5845300,
        10.5841453,
        10.5825693,
        10.5825551,
        10.5756596,
        10.5751177,
        10.5747524,
        10.5742362,
        10.5735929,
        10.5722131,
        10.5692383,
        10.5677439,
        10.5675721,
        10.5653702,
        10.5651110,
        10.5648365,
        10.5645800,
        10.5643107,
        10.5629660,
        10.5609367,
        10.5594168,
        10.5587538,
        10.5524983,
        10.5512159,
        10.5499230,
        10.5506034,
        10.5514325,
        10.5518372,
        10.5526559,
        10.5527126,
        10.5531113,
        10.5532122,
        10.5535185,
        10.5540230,
        10.5539870,
        10.5527258,
        10.5501313,
        10.5488624,
        10.5477247,
        10.5464201,
        10.5465975,
        10.5473750,
        10.5476399
      ]
    }
  ]
}