{
  "id": 1470111,
  "name": "Römnitz",
  "polygon": {
    "numberOfPoints": 189,
    "box": {
      "min": {
        "x": 53.7056676,
        "y": 10.7579923
      },
      "max": {
        "x": 53.7494869,
        "y": 10.7925523
      },
      "center": {
        "x": 53.72757725,
        "y": 10.7752723
      },
      "area": {
        "x": 0.0438193,
        "y": 0.0345600
      }
    },
    "pointsx": [
      53.7476467,
      53.7476190,
      53.7476307,
      53.7475583,
      53.7477619,
      53.7476889,
      53.7477179,
      53.7478215,
      53.7479156,
      53.7481073,
      53.7479423,
      53.7480383,
      53.7482283,
      53.7483058,
      53.7483014,
      53.7482982,
      53.7483018,
      53.7483082,
      53.7483990,
      53.7484920,
      53.7485605,
      53.7487285,
      53.7488068,
      53.7490136,
      53.7491048,
      53.7491912,
      53.7492845,
      53.7492529,
      53.7490118,
      53.7490769,
      53.7494869,
      53.7490984,
      53.7488491,
      53.7488337,
      53.7487149,
      53.7483910,
      53.7481294,
      53.7479083,
      53.7478182,
      53.7477368,
      53.7475937,
      53.7473845,
      53.7470695,
      53.7465555,
      53.7462707,
      53.7461175,
      53.7460451,
      53.7459598,
      53.7458104,
      53.7455058,
      53.7451634,
      53.7449435,
      53.7446598,
      53.7445914,
      53.7444760,
      53.7442358,
      53.7437311,
      53.7435326,
      53.7437871,
      53.7400019,
      53.7397973,
      53.7396229,
      53.7394645,
      53.7392129,
      53.7390929,
      53.7383305,
      53.7381476,
      53.7379803,
      53.7378207,
      53.7377106,
      53.7372834,
      53.7372266,
      53.7371720,
      53.7371063,
      53.7369287,
      53.7367386,
      53.7366994,
      53.7365352,
      53.7352447,
      53.7348124,
      53.7339619,
      53.7333344,
      53.7315811,
      53.7308800,
      53.7308974,
      53.7308327,
      53.7299692,
      53.7178161,
      53.7175633,
      53.7176204,
      53.7176041,
      53.7168199,
      53.7152303,
      53.7143488,
      53.7140987,
      53.7140114,
      53.7139138,
      53.7137985,
      53.7136938,
      53.7128383,
      53.7127242,
      53.7126230,
      53.7124532,
      53.7120047,
      53.7113986,
      53.7110616,
      53.7105952,
      53.7091121,
      53.7091322,
      53.7090324,
      53.7089493,
      53.7088558,
      53.7086275,
      53.7084009,
      53.7080686,
      53.7080089,
      53.7078244,
      53.7074761,
      53.7073546,
      53.7072628,
      53.7070869,
      53.7069495,
      53.7068337,
      53.7066025,
      53.7064269,
      53.7062383,
      53.7062456,
      53.7062079,
      53.7061366,
      53.7060383,
      53.7057995,
      53.7056863,
      53.7056676,
      53.7058513,
      53.7060205,
      53.7061817,
      53.7063404,
      53.7069016,
      53.7072713,
      53.7076982,
      53.7081582,
      53.7084974,
      53.7085782,
      53.7086538,
      53.7091014,
      53.7101031,
      53.7138839,
      53.7141836,
      53.7146738,
      53.7152563,
      53.7158119,
      53.7162643,
      53.7166738,
      53.7171998,
      53.7174211,
      53.7178560,
      53.7186947,
      53.7196771,
      53.7222743,
      53.7240473,
      53.7250217,
      53.7263738,
      53.7266912,
      53.7272044,
      53.7273558,
      53.7284770,
      53.7288858,
      53.7291517,
      53.7296230,
      53.7300708,
      53.7366497,
      53.7374721,
      53.7385033,
      53.7405212,
      53.7425245,
      53.7428420,
      53.7430324,
      53.7433712,
      53.7439026,
      53.7444511,
      53.7446526,
      53.7449356,
      53.7452236,
      53.7456950,
      53.7460697,
      53.7463038,
      53.7465360,
      53.7472561,
      53.7476412
    ],
    "pointsy": [
      10.7583417,
      10.7585121,
      10.7587722,
      10.7593305,
      10.7602360,
      10.7614478,
      10.7631517,
      10.7637599,
      10.7645240,
      10.7650455,
      10.7659274,
      10.7663569,
      10.7664300,
      10.7665950,
      10.7669666,
      10.7672431,
      10.7674732,
      10.7675256,
      10.7680483,
      10.7681946,
      10.7683173,
      10.7683612,
      10.7688596,
      10.7698489,
      10.7702154,
      10.7704622,
      10.7709535,
      10.7714622,
      10.7717038,
      10.7719243,
      10.7722316,
      10.7731391,
      10.7742716,
      10.7749843,
      10.7754644,
      10.7757825,
      10.7759762,
      10.7762762,
      10.7767565,
      10.7798104,
      10.7809133,
      10.7813132,
      10.7815730,
      10.7818095,
      10.7821807,
      10.7825738,
      10.7830994,
      10.7835620,
      10.7844364,
      10.7855092,
      10.7857785,
      10.7860001,
      10.7867356,
      10.7882007,
      10.7894187,
      10.7914952,
      10.7925523,
      10.7916910,
      10.7896115,
      10.7868317,
      10.7864339,
      10.7862049,
      10.7861515,
      10.7862751,
      10.7862719,
      10.7855753,
      10.7855619,
      10.7854603,
      10.7854957,
      10.7855778,
      10.7860555,
      10.7862762,
      10.7866724,
      10.7866930,
      10.7866477,
      10.7863239,
      10.7837105,
      10.7817749,
      10.7814493,
      10.7812830,
      10.7806816,
      10.7805239,
      10.7797866,
      10.7795457,
      10.7793770,
      10.7793427,
      10.7797121,
      10.7850067,
      10.7837600,
      10.7834224,
      10.7833019,
      10.7755991,
      10.7756340,
      10.7756851,
      10.7779237,
      10.7783762,
      10.7786106,
      10.7787549,
      10.7788292,
      10.7793975,
      10.7794120,
      10.7793439,
      10.7792838,
      10.7793080,
      10.7794115,
      10.7791630,
      10.7782627,
      10.7772913,
      10.7766667,
      10.7758628,
      10.7747005,
      10.7741359,
      10.7739414,
      10.7734447,
      10.7730860,
      10.7725732,
      10.7720981,
      10.7710355,
      10.7703912,
      10.7702831,
      10.7703568,
      10.7704734,
      10.7708036,
      10.7709325,
      10.7708907,
      10.7707811,
      10.7702520,
      10.7698125,
      10.7696361,
      10.7696134,
      10.7689839,
      10.7684351,
      10.7681139,
      10.7674208,
      10.7669336,
      10.7666537,
      10.7666072,
      10.7666277,
      10.7667468,
      10.7668936,
      10.7668392,
      10.7666053,
      10.7665429,
      10.7665211,
      10.7662803,
      10.7655110,
      10.7625977,
      10.7620462,
      10.7614851,
      10.7613869,
      10.7615511,
      10.7618665,
      10.7624185,
      10.7635198,
      10.7641297,
      10.7649119,
      10.7656296,
      10.7661355,
      10.7661500,
      10.7655379,
      10.7657455,
      10.7662069,
      10.7664236,
      10.7664606,
      10.7659714,
      10.7652638,
      10.7651881,
      10.7654816,
      10.7658887,
      10.7659231,
      10.7649940,
      10.7647681,
      10.7643889,
      10.7633369,
      10.7625097,
      10.7619958,
      10.7617265,
      10.7616224,
      10.7611933,
      10.7605662,
      10.7601917,
      10.7599299,
      10.7594493,
      10.7590448,
      10.7589568,
      10.7587863,
      10.7585164,
      10.7579923,
      10.7581350
    ]
  }
}