{"id":1470260,"name":"Rhauderfehn","polygon":{"numberOfPoints":558,"box":{"min":{"x":53.0339222,"y":7.4946436},"max":{"x":53.2166240,"y":7.6066844},"center":{"x":53.1252731,"y":7.5506640},"area":{"x":0.1827018,"y":0.1120408}},"pointsx":[53.1764583,53.1761603,53.1758594,53.1736910,53.1733934,53.1718337,53.1711855,53.1686672,53.1684261,53.1682186,53.1679439,53.1673946,53.1666451,53.1629812,53.1629471,53.1627966,53.1619781,53.1610393,53.1602606,53.1591285,53.1564551,53.1566855,53.1568027,53.1564278,53.1562716,53.1558654,53.1552249,53.1547094,53.1547329,53.1542785,53.1524253,53.1502929,53.1498000,53.1502766,53.1498938,53.1483471,53.1476753,53.1467025,53.1457300,53.1456988,53.1449410,53.1446285,53.1445347,53.1440034,53.1434487,53.1433315,53.1427534,53.1420346,53.1412845,53.1409564,53.1404641,53.1399719,53.1390577,53.1379967,53.1378097,53.1377055,53.1368596,53.1365052,53.1363362,53.1359457,53.1350802,53.1347108,53.1344669,53.1331701,53.1329301,53.1322510,53.1318133,53.1299915,53.1294251,53.1287609,53.1278773,53.1273713,53.1270952,53.1269304,53.1267792,53.1266080,53.1263930,53.1261193,53.1249058,53.1242040,53.1239743,53.1238836,53.1237944,53.1236374,53.1230912,53.1221593,53.1216789,53.1212488,53.1210522,53.1208250,53.1204634,53.1198966,53.1197154,53.1195480,53.1193802,53.1191788,53.1188213,53.1184446,53.1183060,53.1181313,53.1177385,53.1175703,53.1174156,53.1171493,53.1169126,53.1167611,53.1166197,53.1165691,53.1163940,53.1163050,53.1162256,53.1157780,53.1154325,53.1153514,53.1152876,53.1151515,53.1151229,53.1150439,53.1148740,53.1148122,53.1147581,53.1146937,53.1146744,53.1146273,53.1144426,53.1143626,53.1143191,53.1142654,53.1142193,53.1141629,53.1140970,53.1139867,53.1138555,53.1137315,53.1136248,53.1135169,53.1134156,53.1133450,53.1133210,53.1133350,53.1133210,53.1132921,53.1133585,53.1133770,53.1133670,53.1133236,53.1132438,53.1131054,53.1122252,53.1121114,53.1120421,53.1119761,53.1119181,53.1118506,53.1117901,53.1117240,53.1116048,53.1114674,53.1113950,53.1113086,53.1111518,53.1109457,53.1108899,53.1108385,53.1107493,53.1105529,53.1103448,53.1101026,53.1097945,53.1096845,53.1096027,53.1095453,53.1094991,53.1094524,53.1093325,53.1091167,53.1089094,53.1087050,53.1085577,53.1085494,53.1084510,53.1083567,53.1081649,53.1073648,53.1070686,53.1060196,53.1058448,53.1056569,53.1054763,53.1052848,53.1051285,53.1050377,53.1049627,53.1048486,53.1046016,53.1043737,53.1040786,53.1040437,53.1040009,53.1039423,53.1036452,53.1033034,53.1030162,53.1028019,53.1024268,53.1023094,53.1022070,53.1019775,53.1017151,53.1016612,53.1016276,53.1014807,53.1012158,53.1011355,53.1010564,53.1009761,53.1009465,53.1009342,53.1009049,53.1008279,53.1007671,53.1004673,53.1003899,53.1003068,53.1001648,53.0998583,53.0997897,53.0997193,53.0996369,53.0995667,53.0992488,53.0991448,53.0989589,53.0987079,53.0986593,53.0985963,53.0985421,53.0984932,53.0984367,53.0983421,53.0982917,53.0982475,53.0981874,53.0981639,53.0981377,53.0981172,53.0981040,53.0980794,53.0980486,53.0980052,53.0979725,53.0975341,53.0974472,53.0973830,53.0973220,53.0972817,53.0970676,53.0969079,53.0968609,53.0968357,53.0967330,53.0966896,53.0965492,53.0964627,53.0964003,53.0960303,53.0957175,53.0955922,53.0952358,53.0949878,53.0948721,53.0947194,53.0945654,53.0943444,53.0942175,53.0941185,53.0940564,53.0939646,53.0936991,53.0936346,53.0935871,53.0935002,53.0933786,53.0933041,53.0932635,53.0929987,53.0930274,53.0932361,53.0932660,53.0933703,53.0931653,53.0929734,53.0922516,53.0928980,53.0929113,53.0933431,53.0847905,53.0841549,53.0837164,53.0832911,53.0821680,53.0820782,53.0820075,53.0596218,53.0585554,53.0584476,53.0583594,53.0548796,53.0516424,53.0517853,53.0491554,53.0454307,53.0428973,53.0425049,53.0420195,53.0418493,53.0415091,53.0414211,53.0413491,53.0412841,53.0409252,53.0405928,53.0407502,53.0408372,53.0408572,53.0407422,53.0407352,53.0407192,53.0407410,53.0407818,53.0412269,53.0412340,53.0411964,53.0411161,53.0409762,53.0406139,53.0403992,53.0398407,53.0397994,53.0395333,53.0392583,53.0391914,53.0391114,53.0389817,53.0388230,53.0387788,53.0387857,53.0385631,53.0384194,53.0382625,53.0366319,53.0364986,53.0364147,53.0363870,53.0364052,53.0365673,53.0365557,53.0364785,53.0363243,53.0357303,53.0354526,53.0351093,53.0350051,53.0346489,53.0346180,53.0344763,53.0345527,53.0344743,53.0343185,53.0342690,53.0341651,53.0339222,53.0344491,53.0430825,53.0431870,53.0544526,53.0563331,53.0568713,53.0621327,53.0682122,53.0736094,53.0745062,53.0769025,53.0791806,53.0837030,53.0996183,53.1153073,53.1241412,53.1294266,53.1320929,53.1329411,53.1357931,53.1371921,53.1400558,53.1426540,53.1425120,53.1500973,53.1500869,53.1507968,53.1511800,53.1531336,53.1544634,53.1546311,53.1563773,53.1572634,53.1574154,53.1579019,53.1584057,53.1602864,53.1635784,53.1637370,53.1664360,53.1675175,53.1672479,53.1723167,53.1722000,53.1731518,53.1733489,53.1776955,53.1819660,53.1828833,53.1836015,53.1848907,53.1848907,53.1850196,53.1854247,53.1854739,53.1859097,53.1866340,53.1867506,53.1911579,53.1921522,53.1940119,53.1968740,53.1968215,53.1969660,53.2002834,53.2003231,53.2039671,53.2037668,53.2064841,53.2091441,53.2092311,53.2122518,53.2115755,53.2145484,53.2166240,53.2127310,53.2128005,53.2120245,53.2155772,53.2143808,53.2137972,53.2127337,53.2122381,53.2135371,53.2121452,53.2109833,53.2107530,53.2091679,53.2083897,53.2075552,53.2087496,53.2085128,53.2088367,53.2080534,53.2082057,53.2077706,53.2076016,53.2076835,53.2083123,53.2080389,53.2061967,53.2059678,53.2048314,53.2041075,53.2036342,53.2023946,53.2019525,53.2018138,53.2017102,53.2017820,53.2017262,53.2000447,53.2002758,53.1989210,53.1988811,53.1991840,53.1991601,53.1993593,53.1998683,53.2007469,53.2011126,53.2017581,53.2017755,53.2017068,53.2015220,53.2014587,53.2015621,53.2017806,53.2026396,53.2030974,53.2031575,53.2030711,53.2028488,53.2024956,53.2018472,53.2011182,53.2005393,53.1999667,53.1997299,53.1995885,53.1995422,53.1996486,53.1996871,53.1996190,53.1993443,53.1989275,53.1983487,53.1977819,53.1973718,53.1964254,53.1956624,53.1948789,53.1946588,53.1945839,53.1944910,53.1946990,53.1950869,53.1953029,53.1952212,53.1949719,53.1945934,53.1945513,53.1946915,53.1945902,53.1943839,53.1940916,53.1936632,53.1928296,53.1921644,53.1893757,53.1891911,53.1860961,53.1855135,53.1848923,53.1820830,53.1816071,53.1812959,53.1808932,53.1802770,53.1797705,53.1769088,53.1772151,53.1772444,53.1767318,53.1768294,53.1764927],