{
  "numberOfPolygons": 1,
  "box": {
    "min": {
      "x": 52.9270246,
      "y": 7.4104041
    },
    "max": {
      "x": 52.9887235,
      "y": 7.4769212
    },
    "center": {
      "x": 52.95787405,
      "y": 7.44366265
    }
  },
  "polygons": [
    {
      "numberOfPoints": 53,
      "box": {
        "min": {
          "x": 52.9270246,
          "y": 7.4104041
        },
        "max": {
          "x": 52.9887235,
          "y": 7.4769212
        },
        "center": {
          "x": 52.95787405,
          "y": 7.44366265
        }
      },
      "pointsx": [
        52.9295890,
        52.9298693,
        52.9321623,
        52.9366737,
        52.9368192,
        52.9370012,
        52.9415932,
        52.9474576,
        52.9481592,
        52.9508701,
        52.9523880,
        52.9558386,
        52.9578659,
        52.9581231,
        52.9617090,
        52.9673518,
        52.9695849,
        52.9691936,
        52.9810886,
        52.9827115,
        52.9828838,
        52.9887235,
        52.9828525,
        52.9786497,
        52.9786077,
        52.9784366,
        52.9760987,
        52.9695712,
        52.9599561,
        52.9591684,
        52.9586131,
        52.9580321,
        52.9577919,
        52.9563587,
        52.9546369,
        52.9520332,
        52.9487041,
        52.9451732,
        52.9432616,
        52.9429713,
        52.9428197,
        52.9380421,
        52.9384811,
        52.9365654,
        52.9376799,
        52.9357783,
        52.9338076,
        52.9332102,
        52.9313869,
        52.9270246,
        52.9273045,
        52.9271571,
        52.9282351
      ],
      "pointsy": [
        7.4342796,
        7.4337211,
        7.4291339,
        7.4304933,
        7.4305319,
        7.4295337,
        7.4322052,
        7.4265695,
        7.4263382,
        7.4196592,
        7.4181343,
        7.4150851,
        7.4145304,
        7.4142080,
        7.4104041,
        7.4111620,
        7.4114652,
        7.4389354,
        7.4377520,
        7.4527084,
        7.4542965,
        7.4665969,
        7.4703632,
        7.4738421,
        7.4740783,
        7.4740185,
        7.4746245,
        7.4764591,
        7.4769212,
        7.4722088,
        7.4688944,
        7.4654522,
        7.4653088,
        7.4653648,
        7.4654408,
        7.4623662,
        7.4625334,
        7.4627014,
        7.4628076,
        7.4629396,
        7.4630085,
        7.4558514,
        7.4548269,
        7.4529349,
        7.4502519,
        7.4476717,
        7.4453219,
        7.4467586,
        7.4447832,
        7.4398867,
        7.4393548,
        7.4391614,
        7.4372090
      ]
    }
  ]
}