{
  "id": 1474193,
  "name": "Dersum",
  "polygon": {
    "numberOfPoints": 170,
    "box": {
      "min": {
        "x": 52.9414764,
        "y": 7.1823606
      },
      "max": {
        "x": 52.9833866,
        "y": 7.3018365
      },
      "center": {
        "x": 52.9624315,
        "y": 7.24209855
      },
      "area": {
        "x": 0.0419102,
        "y": 0.1194759
      }
    },
    "pointsx": [
      52.9739031,
      52.9738328,
      52.9745862,
      52.9743765,
      52.9742804,
      52.9741753,
      52.9735133,
      52.9731878,
      52.9732476,
      52.9741476,
      52.9762855,
      52.9757670,
      52.9749554,
      52.9757498,
      52.9765171,
      52.9775216,
      52.9782378,
      52.9784086,
      52.9784838,
      52.9784396,
      52.9795175,
      52.9796855,
      52.9797099,
      52.9796901,
      52.9799514,
      52.9802642,
      52.9807132,
      52.9807529,
      52.9807213,
      52.9812100,
      52.9814608,
      52.9823032,
      52.9832689,
      52.9827447,
      52.9833427,
      52.9833866,
      52.9828842,
      52.9827073,
      52.9817120,
      52.9815754,
      52.9815741,
      52.9804514,
      52.9804472,
      52.9797583,
      52.9795553,
      52.9790815,
      52.9790592,
      52.9777156,
      52.9777042,
      52.9772501,
      52.9770193,
      52.9770187,
      52.9763359,
      52.9763301,
      52.9756589,
      52.9756452,
      52.9750492,
      52.9749662,
      52.9740240,
      52.9733548,
      52.9727881,
      52.9726853,
      52.9726839,
      52.9726486,
      52.9726457,
      52.9719993,
      52.9719894,
      52.9705220,
      52.9705159,
      52.9699914,
      52.9699815,
      52.9696793,
      52.9694570,
      52.9694374,
      52.9689650,
      52.9687302,
      52.9683262,
      52.9680585,
      52.9673921,
      52.9673747,
      52.9666874,
      52.9666843,
      52.9659899,
      52.9659809,
      52.9658056,
      52.9652848,
      52.9645830,
      52.9645680,
      52.9638642,
      52.9632214,
      52.9616997,
      52.9616755,
      52.9609036,
      52.9608979,
      52.9594021,
      52.9588963,
      52.9586863,
      52.9586810,
      52.9558203,
      52.9558154,
      52.9556213,
      52.9549401,
      52.9548128,
      52.9528474,
      52.9505239,
      52.9505226,
      52.9504779,
      52.9502204,
      52.9478950,
      52.9461477,
      52.9460158,
      52.9445252,
      52.9445205,
      52.9433575,
      52.9433493,
      52.9430929,
      52.9426104,
      52.9414764,
      52.9418745,
      52.9421211,
      52.9423087,
      52.9439945,
      52.9439248,
      52.9437506,
      52.9439025,
      52.9442396,
      52.9449567,
      52.9453060,
      52.9453746,
      52.9466023,
      52.9457177,
      52.9464027,
      52.9473386,
      52.9473330,
      52.9471641,
      52.9458071,
      52.9456377,
      52.9454117,
      52.9454415,
      52.9456377,
      52.9456758,
      52.9452034,
      52.9451451,
      52.9462632,
      52.9469890,
      52.9479540,
      52.9485028,
      52.9490637,
      52.9498959,
      52.9508407,
      52.9515486,
      52.9526530,
      52.9536444,
      52.9553787,
      52.9558093,
      52.9561590,
      52.9565194,
      52.9568995,
      52.9574870,
      52.9577422,
      52.9586207,
      52.9594050,
      52.9634484,
      52.9655545,
      52.9675332,
      52.9690653,
      52.9700539,
      52.9707796,
      52.9721997,
      52.9730858
    ],
    "pointsy": [
      7.2981976,
      7.2977668,
      7.2951944,
      7.2950788,
      7.2949442,
      7.2946760,
      7.2927222,
      7.2923018,
      7.2918489,
      7.2900969,
      7.2822177,
      7.2817964,
      7.2803572,
      7.2765680,
      7.2771252,
      7.2783871,
      7.2718853,
      7.2703883,
      7.2702523,
      7.2701518,
      7.2589071,
      7.2572517,
      7.2572306,
      7.2571923,
      7.2543686,
      7.2500886,
      7.2452745,
      7.2452213,
      7.2451597,
      7.2394499,
      7.2392007,
      7.2291408,
      7.2150120,
      7.2100409,
      7.2033620,
      7.2014146,
      7.2011755,
      7.2010913,
      7.2006178,
      7.2005528,
      7.2005522,
      7.2000181,
      7.2000161,
      7.1996884,
      7.1995918,
      7.1993663,
      7.1993557,
      7.1987162,
      7.1987108,
      7.1984946,
      7.1983848,
      7.1983845,
      7.1980596,
      7.1980568,
      7.1977377,
      7.1977312,
      7.1974478,
      7.1974083,
      7.1969604,
      7.1966422,
      7.1963728,
      7.1963240,
      7.1963233,
      7.1963065,
      7.1963051,
      7.1959971,
      7.1959924,
      7.1952932,
      7.1952904,
      7.1950405,
      7.1950357,
      7.1948918,
      7.1947859,
      7.1947765,
      7.1945515,
      7.1944397,
      7.1942472,
      7.1941198,
      7.1938024,
      7.1937941,
      7.1934668,
      7.1934654,
      7.1931347,
      7.1931304,
      7.1930470,
      7.1927991,
      7.1924651,
      7.1924579,
      7.1921229,
      7.1918169,
      7.1910916,
      7.1910801,
      7.1907122,
      7.1907095,
      7.1899966,
      7.1897556,
      7.1896557,
      7.1896531,
      7.1882918,
      7.1882895,
      7.1881971,
      7.1878727,
      7.1878121,
      7.1868765,
      7.1857704,
      7.1857698,
      7.1857486,
      7.1856260,
      7.1845194,
      7.1836880,
      7.1836252,
      7.1829161,
      7.1829138,
      7.1823606,
      7.1827424,
      7.1864498,
      7.1875508,
      7.1882514,
      7.2024892,
      7.2134182,
      7.2217319,
      7.2389805,
      7.2397120,
      7.2404893,
      7.2437667,
      7.2441215,
      7.2591680,
      7.2664966,
      7.2679368,
      7.2741485,
      7.2750563,
      7.2799924,
      7.2837672,
      7.2841674,
      7.2846179,
      7.2868799,
      7.2874228,
      7.2887675,
      7.2893054,
      7.2896451,
      7.2898265,
      7.2899974,
      7.2906326,
      7.2903411,
      7.2902744,
      7.2903644,
      7.2906547,
      7.2910851,
      7.2918558,
      7.2925529,
      7.2928785,
      7.2931262,
      7.2933735,
      7.2939580,
      7.2943048,
      7.2946729,
      7.2952317,
      7.2961338,
      7.2980804,
      7.2986681,
      7.2992115,
      7.2995032,
      7.3012302,
      7.3016149,
      7.3018365,
      7.3011047,
      7.3003040,
      7.2996042,
      7.2985787,
      7.2982684
    ]
  }
}