{
  "id": 1476084,
  "name": "Langenlehsten",
  "polygon": {
    "numberOfPoints": 78,
    "box": {
      "min": {
        "x": 53.4548915,
        "y": 10.6750015
      },
      "max": {
        "x": 53.5194865,
        "y": 10.7845925
      },
      "center": {
        "x": 53.4871890,
        "y": 10.7297970
      },
      "area": {
        "x": 0.0645950,
        "y": 0.1095910
      }
    },
    "pointsx": [
      53.5190911,
      53.5185720,
      53.5165037,
      53.5148794,
      53.5144562,
      53.5135931,
      53.5135266,
      53.5194865,
      53.5192443,
      53.5179547,
      53.5172488,
      53.5125253,
      53.5102104,
      53.5086980,
      53.5078094,
      53.5065174,
      53.4970632,
      53.4950374,
      53.4911968,
      53.4903499,
      53.4894530,
      53.4883011,
      53.4862253,
      53.4838036,
      53.4833346,
      53.4839295,
      53.4842535,
      53.4834256,
      53.4824497,
      53.4819757,
      53.4816677,
      53.4804722,
      53.4794313,
      53.4811534,
      53.4759753,
      53.4759922,
      53.4761852,
      53.4768001,
      53.4773640,
      53.4777110,
      53.4778030,
      53.4783179,
      53.4731415,
      53.4679990,
      53.4635395,
      53.4609798,
      53.4548915,
      53.4573901,
      53.4643947,
      53.4763101,
      53.4774085,
      53.4777102,
      53.4785684,
      53.4835055,
      53.4835329,
      53.4916003,
      53.4920584,
      53.4924032,
      53.4926926,
      53.4963859,
      53.4964673,
      53.4965037,
      53.4977475,
      53.4982164,
      53.5016502,
      53.5070641,
      53.5097736,
      53.5105028,
      53.5134194,
      53.5135318,
      53.5161452,
      53.5160267,
      53.5168037,
      53.5172596,
      53.5173838,
      53.5176461,
      53.5182485,
      53.5188170
    ],
    "pointsy": [
      10.6887600,
      10.6897654,
      10.6941510,
      10.6976298,
      10.7109850,
      10.7309992,
      10.7330690,
      10.7437916,
      10.7451793,
      10.7525691,
      10.7571507,
      10.7561015,
      10.7739949,
      10.7769789,
      10.7845925,
      10.7837517,
      10.7774543,
      10.7774504,
      10.7655113,
      10.7644255,
      10.7632777,
      10.7622038,
      10.7609141,
      10.7566998,
      10.7558889,
      10.7535523,
      10.7522835,
      10.7495959,
      10.7462674,
      10.7442098,
      10.7382847,
      10.7344982,
      10.7314686,
      10.7270179,
      10.7210415,
      10.7208639,
      10.7188388,
      10.7140985,
      10.7094582,
      10.7066467,
      10.7049519,
      10.7019504,
      10.6999988,
      10.6980582,
      10.6964615,
      10.6956047,
      10.6930282,
      10.6812210,
      10.6861249,
      10.6976201,
      10.6998103,
      10.7002329,
      10.7012049,
      10.6995775,
      10.7030676,
      10.7030713,
      10.6833566,
      10.6783441,
      10.6782827,
      10.6797774,
      10.6759292,
      10.6750015,
      10.6753560,
      10.6757838,
      10.6803522,
      10.6796496,
      10.6795827,
      10.6792526,
      10.6779743,
      10.6791029,
      10.6780785,
      10.6768035,
      10.6765132,
      10.6823520,
      10.6836054,
      10.6851606,
      10.6870383,
      10.6882890
    ]
  }
}