{"id":1479629,"name":"Kalkhorst","polygon":{"numberOfPoints":107,"box":{"min":{"x":53.9407905,"y":10.9754130},"max":{"x":54.0142756,"y":11.1339534},"center":{"x":53.97753305,"y":11.0546832},"area":{"x":0.0734851,"y":0.1585404}},"pointsx":[53.9448243,53.9450545,53.9452303,53.9457136,53.9465748,53.9499741,53.9512124,53.9515404,53.9520735,53.9527778,53.9532672,53.9610814,53.9681605,53.9699064,53.9723285,53.9738847,53.9750796,53.9761108,53.9774203,53.9777803,53.9807755,53.9871587,53.9875723,53.9882689,53.9884513,53.9884575,53.9886825,53.9888058,53.9882398,53.9882689,53.9888348,53.9889800,53.9889364,53.9891614,53.9894298,53.9895677,53.9914614,53.9916646,53.9917807,53.9919040,53.9920635,53.9950087,53.9969573,53.9995291,54.0020924,54.0100006,54.0113353,54.0142756,54.0141343,54.0122712,54.0116372,54.0096996,54.0089793,54.0067900,54.0035412,54.0002226,53.9893873,53.9854083,53.9845217,53.9840398,53.9837250,53.9827483,53.9814119,53.9809364,53.9800368,53.9787453,53.9773958,53.9758597,53.9741655,53.9726588,53.9725213,53.9708118,53.9688322,53.9681509,53.9678552,53.9641057,53.9637933,53.9631321,53.9627612,53.9626778,53.9623112,53.9614309,53.9610635,53.9603273,53.9535321,53.9469148,53.9456178,53.9455139,53.9453206,53.9417344,53.9427345,53.9414163,53.9407905,53.9438069,53.9453478,53.9459307,53.9459092,53.9450998,53.9447565,53.9446707,53.9448614,53.9453527,53.9468082,53.9475634,53.9477418,53.9483185,53.9477281],"pointsy":[11.0476250,11.0488697,11.0499149,11.0508705,11.0515723,11.0541869,11.0573921,11.0569462,11.0591341,11.0620133,11.0761667,11.0867351,11.1057331,11.1106248,11.1170600,11.1222710,11.1245810,11.1235234,11.1227442,11.1226328,11.1212413,11.1177297,11.1195562,11.1235178,11.1239236,11.1239374,11.1246655,11.1255048,11.1254554,11.1257269,11.1273683,11.1280718,11.1287012,11.1289357,11.1303673,11.1305400,11.1311324,11.1313916,11.1320580,11.1332305,11.1339534,11.1330439,11.1333314,11.1325735,11.1300747,11.1241487,11.1232793,11.0974112,11.0888788,11.0842015,11.0780268,11.0704733,11.0525865,11.0402086,11.0277105,11.0178717,10.9857537,10.9754130,10.9764401,10.9766040,10.9773579,10.9783413,10.9783304,10.9801114,10.9812369,10.9828540,10.9852251,10.9856592,10.9854354,10.9850231,10.9848473,10.9850659,10.9860165,10.9859291,10.9852844,10.9860569,10.9861213,10.9862226,10.9863195,10.9868275,10.9871270,10.9877466,10.9878653,10.9879716,10.9887751,10.9882231,10.9903404,10.9913574,11.0005704,11.0000236,11.0036755,11.0042411,11.0096155,11.0097269,11.0168570,11.0207323,11.0217727,11.0220887,11.0233281,11.0243123,11.0254173,11.0325454,11.0326387,11.0344351,11.0375147,11.0386112,11.0407809]}}