{
  "numberOfPolygons": 1,
  "box": {
    "min": {
      "x": 53.7829015,
      "y": 11.1266518
    },
    "max": {
      "x": 53.8465730,
      "y": 11.2655422
    },
    "center": {
      "x": 53.81473725,
      "y": 11.1960970
    }
  },
  "polygons": [
    {
      "numberOfPoints": 372,
      "box": {
        "min": {
          "x": 53.7829015,
          "y": 11.1266518
        },
        "max": {
          "x": 53.8465730,
          "y": 11.2655422
        },
        "center": {
          "x": 53.81473725,
          "y": 11.1960970
        }
      },
      "pointsx": [
        53.8262587,
        53.8264091,
        53.8266012,
        53.8269469,
        53.8273502,
        53.8276671,
        53.8280814,
        53.8279418,
        53.8279394,
        53.8279008,
        53.8287713,
        53.8289027,
        53.8295022,
        53.8295507,
        53.8296747,
        53.8300883,
        53.8305050,
        53.8310377,
        53.8313862,
        53.8315441,
        53.8316885,
        53.8317270,
        53.8321219,
        53.8327346,
        53.8333986,
        53.8336945,
        53.8342600,
        53.8345428,
        53.8346712,
        53.8347573,
        53.8350405,
        53.8354739,
        53.8362445,
        53.8370632,
        53.8380425,
        53.8393615,
        53.8397401,
        53.8385337,
        53.8377827,
        53.8374355,
        53.8417584,
        53.8420238,
        53.8420601,
        53.8427587,
        53.8427109,
        53.8425373,
        53.8461527,
        53.8463945,
        53.8464012,
        53.8463312,
        53.8465730,
        53.8464118,
        53.8455926,
        53.8446457,
        53.8430797,
        53.8414629,
        53.8405990,
        53.8400945,
        53.8372196,
        53.8351053,
        53.8336687,
        53.8321642,
        53.8307814,
        53.8292806,
        53.8278665,
        53.8266605,
        53.8257872,
        53.8239486,
        53.8239486,
        53.8238654,
        53.8237499,
        53.8236877,
        53.8232934,
        53.8228769,
        53.8225993,
        53.8223050,
        53.8217608,
        53.8216688,
        53.8216164,
        53.8202447,
        53.8182520,
        53.8181645,
        53.8179508,
        53.8178586,
        53.8179184,
        53.8150186,
        53.8149562,
        53.8146905,
        53.8141057,
        53.8144069,
        53.8145549,
        53.8146460,
        53.8146460,
        53.8147485,
        53.8146286,
        53.8143516,
        53.8142731,
        53.8105195,
        53.8057197,
        53.8055345,
        53.8053661,
        53.8052064,
        53.8051508,
        53.8051578,
        53.8052828,
        53.8054216,
        53.8054980,
        53.8054980,
        53.8054633,
        53.8051810,
        53.8064938,
        53.8069431,
        53.8075302,
        53.8083527,
        53.8090926,
        53.8088424,
        53.8088017,
        53.8084448,
        53.8090607,
        53.8097087,
        53.8098095,
        53.8099466,
        53.8099904,
        53.8103912,
        53.8106363,
        53.8108995,
        53.8109391,
        53.8110183,
        53.8110843,
        53.8112623,
        53.8113591,
        53.8115082,
        53.8116408,
        53.8120200,
        53.8124172,
        53.8126594,
        53.8136191,
        53.8143509,
        53.8144653,
        53.8148303,
        53.8151099,
        53.8147152,
        53.8144835,
        53.8143916,
        53.8143605,
        53.8143498,
        53.8144851,
        53.8145375,
        53.8142085,
        53.8143807,
        53.8146690,
        53.8146090,
        53.8141796,
        53.8139185,
        53.8137753,
        53.8135709,
        53.8128941,
        53.8127832,
        53.8126199,
        53.8124935,
        53.8123661,
        53.8122501,
        53.8120910,
        53.8120566,
        53.8119130,
        53.8118275,
        53.8116277,
        53.8114950,
        53.8112443,
        53.8111615,
        53.8111008,
        53.8107959,
        53.8113709,
        53.8121457,
        53.8123636,
        53.8124236,
        53.8120378,
        53.8123270,
        53.8124425,
        53.8126054,
        53.8127888,
        53.8129110,
        53.8130468,
        53.8131079,
        53.8131215,
        53.8130739,
        53.8131011,
        53.8131758,
        53.8132776,
        53.8132980,
        53.8132369,
        53.8128295,
        53.8122863,
        53.8121912,
        53.8121912,
        53.8122659,
        53.8122659,
        53.8122388,
        53.8122636,
        53.8124933,
        53.8125654,
        53.8114022,
        53.8112162,
        53.8114224,
        53.8106730,
        53.8088071,
        53.8085959,
        53.8075900,
        53.8066997,
        53.8061917,
        53.8047129,
        53.8040009,
        53.8031018,
        53.8025359,
        53.8015613,
        53.8003225,
        53.7999641,
        53.7995958,
        53.7995051,
        53.7988422,
        53.7983021,
        53.7975691,
        53.7965917,
        53.7961673,
        53.7959872,
        53.7957980,
        53.7957076,
        53.7955066,
        53.7952554,
        53.7946876,
        53.7946699,
        53.7929685,
        53.7917173,
        53.7917288,
        53.7917441,
        53.7917669,
        53.7917974,
        53.7918508,
        53.7919043,
        53.7919576,
        53.7912290,
        53.7903402,
        53.7895582,
        53.7892301,
        53.7892568,
        53.7897375,
        53.7902029,
        53.7858007,
        53.7857472,
        53.7849423,
        53.7846867,
        53.7841565,
        53.7829015,
        53.7831150,
        53.7832372,
        53.7837063,
        53.7839086,
        53.7848624,
        53.7852697,
        53.7869067,
        53.7888547,
        53.7899887,
        53.7913482,
        53.7920981,
        53.7924417,
        53.7925917,
        53.7947498,
        53.7964170,
        53.7972906,
        53.7971501,
        53.8009839,
        53.8009487,
        53.8012457,
        53.8034355,
        53.8037714,
        53.8041698,
        53.8049194,
        53.8050109,
        53.8086300,
        53.8117221,
        53.8111299,
        53.8109848,
        53.8114740,
        53.8120714,
        53.8132027,
        53.8135774,
        53.8136774,
        53.8140195,
        53.8143078,
        53.8143171,
        53.8144597,
        53.8146121,
        53.8146768,
        53.8147783,
        53.8148803,
        53.8149164,
        53.8150673,
        53.8153869,
        53.8154662,
        53.8157141,
        53.8158509,
        53.8160951,
        53.8162340,
        53.8163665,
        53.8166135,
        53.8168316,
        53.8169636,
        53.8175641,
        53.8179780,
        53.8181608,
        53.8184092,
        53.8187261,
        53.8188360,
        53.8190038,
        53.8192405,
        53.8193891,
        53.8197184,
        53.8201212,
        53.8202733,
        53.8203124,
        53.8205764,
        53.8205910,
        53.8205354,
        53.8205989,
        53.8207379,
        53.8210257,
        53.8211540,
        53.8216053,
        53.8219260,
        53.8220766,
        53.8223055,
        53.8225284,
        53.8226888,
        53.8228844,
        53.8230115,
        53.8231387,
        53.8232971,
        53.8233108,
        53.8233421,
        53.8236290,
        53.8239699,
        53.8242124,
        53.8244412,
        53.8247187,
        53.8250573,
        53.8253272,
        53.8254680,
        53.8256833,
        53.8260133,
        53.8264511,
        53.8267205,
        53.8269230,
        53.8264395,
        53.8256132,
        53.8257771,
        53.8262619,
        53.8266492,
        53.8264091,
        53.8260756,
        53.8261824,
        53.8262231,
        53.8256212,
        53.8255246,
        53.8243226,
        53.8242582,
        53.8259754,
        53.8261144,
        53.8260275,
        53.8259675,
        53.8258006,
