{
  "numberOfPolygons": 1,
  "box": {
    "min": {
      "x": 53.7767201,
      "y": 9.0021326
    },
    "max": {
      "x": 53.8200913,
      "y": 9.0479866
    },
    "center": {
      "x": 53.7984057,
      "y": 9.0250596
    }
  },
  "polygons": [
    {
      "numberOfPoints": 158,
      "box": {
        "min": {
          "x": 53.7767201,
          "y": 9.0021326
        },
        "max": {
          "x": 53.8200913,
          "y": 9.0479866
        },
        "center": {
          "x": 53.7984057,
          "y": 9.0250596
        }
      },
      "pointsx": [
        53.8187778,
        53.8185934,
        53.8178227,
        53.8152359,
        53.8129600,
        53.8126347,
        53.8115665,
        53.8101265,
        53.8093967,
        53.8084296,
        53.8067222,
        53.8021319,
        53.8005928,
        53.7997427,
        53.7997814,
        53.7991026,
        53.7989911,
        53.7984209,
        53.7977823,
        53.7966517,
        53.7945324,
        53.7936533,
        53.7934320,
        53.7917268,
        53.7886694,
        53.7868724,
        53.7845772,
        53.7800805,
        53.7799451,
        53.7795942,
        53.7794245,
        53.7793095,
        53.7791860,
        53.7791346,
        53.7787256,
        53.7784823,
        53.7783090,
        53.7780088,
        53.7773048,
        53.7769216,
        53.7767201,
        53.7768602,
        53.7772427,
        53.7775866,
        53.7779178,
        53.7783372,
        53.7785177,
        53.7785645,
        53.7785220,
        53.7785326,
        53.7785645,
        53.7786752,
        53.7788134,
        53.7788836,
        53.7789295,
        53.7791282,
        53.7795777,
        53.7800777,
        53.7803672,
        53.7805582,
        53.7807040,
        53.7808359,
        53.7809474,
        53.7810052,
        53.7810799,
        53.7811660,
        53.7825675,
        53.7831407,
        53.7834735,
        53.7838855,
        53.7841697,
        53.7844768,
        53.7846989,
        53.7847895,
        53.7847584,
        53.7849039,
        53.7850507,
        53.7851423,
        53.7855770,
        53.7856928,
        53.7858242,
        53.7860880,
        53.7861304,
        53.7862935,
        53.7869617,
        53.7870546,
        53.7872233,
        53.7882992,
        53.7884616,
        53.7884740,
        53.7885347,
        53.7894817,
        53.7971400,
        53.7975940,
        53.7977159,
        53.7988845,
        53.7991908,
        53.7991338,
        53.7976684,
        53.7976270,
        53.7975998,
        53.7982494,
        53.7983355,
        53.7993854,
        53.8003462,
        53.8009768,
        53.8013443,
        53.8015932,
        53.8031104,
        53.8047784,
        53.8059774,
        53.8067837,
        53.8069487,
        53.8071152,
        53.8078683,
        53.8081630,
        53.8080943,
        53.8079226,
        53.8085864,
        53.8090778,
        53.8098011,
        53.8100700,
        53.8102554,
        53.8112475,
        53.8114237,
        53.8116740,
        53.8119243,
        53.8125177,
        53.8130932,
        53.8135931,
        53.8143177,
        53.8155536,
        53.8157780,
        53.8159034,
        53.8160363,
        53.8163747,
        53.8168906,
        53.8172210,
        53.8176121,
        53.8176562,
        53.8180287,
        53.8180692,
        53.8182121,
        53.8185128,
        53.8192790,
        53.8195790,
        53.8200545,
        53.8200913,
        53.8198759,
        53.8189141,
        53.8185762,
        53.8182903,
        53.8181593,
        53.8180935,
        53.8180178,
        53.8179407,
        53.8179521,
        53.8180593
      ],
      "pointsy": [
        9.0340755,
        9.0342860,
        9.0351771,
        9.0381068,
        9.0399756,
        9.0402446,
        9.0419657,
        9.0427077,
        9.0431876,
        9.0432822,
        9.0425582,
        9.0415867,
        9.0420821,
        9.0438625,
        9.0449964,
        9.0450215,
        9.0450106,
        9.0449549,
        9.0446699,
        9.0441653,
        9.0434426,
        9.0428526,
        9.0479866,
        9.0477920,
        9.0474435,
        9.0474074,
        9.0475752,
        9.0478785,
        9.0455330,
        9.0387467,
        9.0359408,
        9.0341941,
        9.0328377,
        9.0326674,
        9.0290345,
        9.0273259,
        9.0261644,
        9.0222612,
        9.0176726,
        9.0151759,
        9.0132013,
        9.0122358,
        9.0121869,
        9.0119806,
        9.0116888,
        9.0112970,
        9.0109939,
        9.0106857,
        9.0101443,
        9.0097519,
        9.0096583,
        9.0095467,
        9.0094459,
        9.0092731,
        9.0089401,
        9.0088867,
        9.0086505,
        9.0084514,
        9.0085628,
        9.0087136,
        9.0089518,
        9.0093619,
        9.0104751,
        9.0108586,
        9.0110551,
        9.0111537,
        9.0110797,
        9.0109766,
        9.0107004,
        9.0102179,
        9.0099498,
        9.0096824,
        9.0093688,
        9.0087797,
        9.0079674,
        9.0074884,
        9.0072450,
        9.0070930,
        9.0064713,
        9.0063164,
        9.0061407,
        9.0060321,
        9.0060146,
        9.0059700,
        9.0057875,
        9.0057621,
        9.0057864,
        9.0068380,
        9.0072387,
        9.0072695,
        9.0072496,
        9.0071725,
        9.0028049,
        9.0025332,
        9.0024602,
        9.0021326,
        9.0030328,
        9.0034823,
        9.0045211,
        9.0044943,
        9.0045111,
        9.0072872,
        9.0072269,
        9.0064912,
        9.0058241,
        9.0074019,
        9.0088671,
        9.0108341,
        9.0115767,
        9.0121734,
        9.0126375,
        9.0129496,
        9.0130135,
        9.0130779,
        9.0133849,
        9.0135050,
        9.0125125,
        9.0112400,
        9.0120713,
        9.0126052,
        9.0134375,
        9.0136259,
        9.0136730,
        9.0135945,
        9.0137044,
        9.0142226,
        9.0147722,
        9.0154946,
        9.0160168,
        9.0163409,
        9.0165099,
        9.0171568,
        9.0174318,
        9.0178049,
        9.0184738,
        9.0191215,
        9.0199660,
        9.0208022,
        9.0216641,
        9.0217671,
        9.0226377,
        9.0227324,
        9.0229569,
        9.0231842,
        9.0234907,
        9.0235293,
        9.0238160,
        9.0250542,
        9.0252807,
        9.0260481,
        9.0266457,
        9.0274131,
        9.0279615,
        9.0282371,
        9.0289363,
        9.0294211,
        9.0297302,
        9.0328806
      ]
    }
  ]
}