{
  "id": 1588114,
  "name": "Rehden",
  "polygon": {
    "numberOfPoints": 286,
    "box": {
      "min": {
        "x": 52.5283560,
        "y": 8.4370067
      },
      "max": {
        "x": 52.6342963,
        "y": 8.5409896
      },
      "center": {
        "x": 52.58132615,
        "y": 8.48899815
      },
      "area": {
        "x": 0.1059403,
        "y": 0.1039829
      }
    },
    "pointsx": [
      52.6236903,
      52.6221725,
      52.6224870,
      52.6220065,
      52.6223077,
      52.6212504,
      52.6233404,
      52.6254810,
      52.6264029,
      52.6270560,
      52.6272942,
      52.6293493,
      52.6286356,
      52.6288014,
      52.6300272,
      52.6341019,
      52.6342963,
      52.6342589,
      52.6338560,
      52.6322928,
      52.6263192,
      52.6257873,
      52.6197681,
      52.6142351,
      52.6109550,
      52.6080275,
      52.6069655,
      52.6068447,
      52.6062744,
      52.6084537,
      52.6082160,
      52.6083493,
      52.6078005,
      52.6075449,
      52.6062726,
      52.6057520,
      52.6047519,
      52.6046162,
      52.6039645,
      52.6035223,
      52.6035458,
      52.6034614,
      52.6028294,
      52.6027590,
      52.6027039,
      52.6026721,
      52.6026741,
      52.6028772,
      52.6028702,
      52.6028470,
      52.6028140,
      52.6027720,
      52.6026115,
      52.6025426,
      52.6024896,
      52.6024542,
      52.6024342,
      52.6024326,
      52.6030949,
      52.6029407,
      52.6022852,
      52.6019513,
      52.6013445,
      52.6003440,
      52.5997403,
      52.5991578,
      52.5981256,
      52.5981313,
      52.5980812,
      52.5980610,
      52.5979979,
      52.5980164,
      52.5981048,
      52.5981360,
      52.5963764,
      52.5963758,
      52.5954899,
      52.5940753,
      52.5940455,
      52.5938020,
      52.5937196,
      52.5918937,
      52.5897111,
      52.5882050,
      52.5850827,
      52.5816088,
      52.5597630,
      52.5613238,
      52.5575343,
      52.5393417,
      52.5373523,
      52.5360953,
      52.5361216,
      52.5305557,
      52.5305071,
      52.5283657,
      52.5283560,
      52.5287237,
      52.5293534,
      52.5301219,
      52.5307052,
      52.5314665,
      52.5322570,
      52.5323221,
      52.5334642,
      52.5335021,
      52.5335152,
      52.5336184,
      52.5336563,
      52.5342698,
      52.5365128,
      52.5365477,
      52.5373386,
      52.5383909,
      52.5384311,
      52.5385149,
      52.5396656,
      52.5399794,
      52.5411931,
      52.5421898,
      52.5435552,
      52.5462698,
      52.5463591,
      52.5467078,
      52.5467702,
      52.5468054,
      52.5490654,
      52.5512375,
      52.5526036,
      52.5525885,
      52.5526158,
      52.5526215,
      52.5526803,
      52.5526796,
      52.5528009,
      52.5529081,
      52.5529966,
      52.5531000,
      52.5540525,
      52.5557975,
      52.5570277,
      52.5572269,
      52.5586740,
      52.5599779,
      52.5610942,
      52.5626392,
      52.5649238,
      52.5650252,
      52.5666311,
      52.5664175,
      52.5662422,
      52.5663547,
      52.5664026,
      52.5696867,
      52.5714302,
      52.5727364,
      52.5729413,
      52.5724400,
      52.5724283,
      52.5724104,
      52.5724740,
      52.5724601,
      52.5732772,
      52.5732907,
      52.5734683,
      52.5734822,
      52.5752470,
      52.5760434,
      52.5761595,
      52.5766993,
      52.5769027,
      52.5771379,
      52.5778535,
      52.5786359,
      52.5787532,
      52.5799573,
      52.5817081,
      52.5815826,
      52.5829288,
      52.5836008,
      52.5842766,
      52.5870754,
      52.5868523,
      52.5867818,
      52.5867190,
      52.5866612,
      52.5866155,
      52.5865724,
      52.5865463,
      52.5865259,
      52.5865080,
      52.5864941,
      52.5864883,
      52.5864815,
      52.5864713,
      52.5864397,
      52.5863935,
      52.5863267,
      52.5862415,
      52.5861487,
      52.5860396,
      52.5861385,
      52.5862782,
      52.5864053,
      52.5865080,
      52.5865918,
      52.5866219,
      52.5876846,
      52.5877144,
      52.5877468,
      52.5877929,
      52.5878526,
      52.5889921,
      52.5904405,
      52.5912155,
      52.5912391,
      52.5914815,
      52.5921422,
      52.5924430,
      52.5925874,
      52.5936759,
      52.5949912,
      52.5973432,
      52.5974053,
      52.5974319,
      52.6009091,
      52.6009449,
      52.6030081,
      52.6030682,
      52.6032949,
      52.6033201,
      52.6036304,
      52.6037322,
      52.6053778,
      52.6056418,
      52.6077197,
      52.6077229,
      52.6069882,
      52.6062406,
      52.6061284,
      52.6057455,
      52.6057172,
      52.6057109,
      52.6057343,
      52.6058579,
      52.6059255,
      52.6059392,
      52.6060358,
      52.6060759,
      52.6060956,
      52.6098964,
      52.6121416,
      52.6122128,
      52.6123552,
      52.6123374,
      52.6127085,
      52.6127532,
      52.6127937,
      52.6137260,
      52.6137718,
      52.6138019,
      52.6144381,
      52.6144531,
      52.6148487,
      52.6148722,
      52.6149179,
      52.6156563,
      52.6157098,
      52.6161824,
      52.6161209,
      52.6208216,
      52.6208786,
      52.6212483,
      52.6217243,
      52.6217432,
      52.6217621,
      52.6220709,
      52.6221394,
      52.6221366,
      52.6225967,
      52.6239524,
      52.6239593,
      52.6239755,
      52.6240230,
      52.6255565,
      52.6260144
    ],