{
  "id": 1612937,
  "name": "Isernhagen",
  "polygon": {
    "numberOfPoints": 230,
    "box": {
      "min": {
        "x": 52.4156632,
        "y": 9.7695686
      },
      "max": {
        "x": 52.5043333,
        "y": 9.9322831
      },
      "center": {
        "x": 52.45999825,
        "y": 9.85092585
      },
      "area": {
        "x": 0.0886701,
        "y": 0.1627145
      }
    },
    "pointsx": [
      52.5043333,
      52.5039382,
      52.5035202,
      52.5030881,
      52.5027177,
      52.5013473,
      52.5002608,
      52.4983593,
      52.4978901,
      52.4971122,
      52.4969332,
      52.4972321,
      52.4973327,
      52.4959107,
      52.4943701,
      52.4927955,
      52.4924950,
      52.4919302,
      52.4918006,
      52.4916556,
      52.4910529,
      52.4896892,
      52.4894829,
      52.4892906,
      52.4889921,
      52.4887389,
      52.4884414,
      52.4882751,
      52.4880447,
      52.4876840,
      52.4876222,
      52.4874412,
      52.4872130,
      52.4860344,
      52.4859359,
      52.4827449,
      52.4820636,
      52.4809075,
      52.4785688,
      52.4783627,
      52.4783262,
      52.4761244,
      52.4728076,
      52.4728063,
      52.4720046,
      52.4707440,
      52.4690961,
      52.4662986,
      52.4628212,
      52.4583867,
      52.4573438,
      52.4559978,
      52.4553532,
      52.4548052,
      52.4541417,
      52.4543349,
      52.4530532,
      52.4522280,
      52.4494618,
      52.4499455,
      52.4491578,
      52.4488818,
      52.4496862,
      52.4498658,
      52.4496606,
      52.4497642,
      52.4497451,
      52.4506529,
      52.4503103,
      52.4495412,
      52.4495859,
      52.4488946,
      52.4488789,
      52.4485111,
      52.4482212,
      52.4480615,
      52.4481237,
      52.4477535,
      52.4477002,
      52.4466184,
      52.4463847,
      52.4460920,
      52.4442499,
      52.4446334,
      52.4436469,
      52.4436303,
      52.4437607,
      52.4435230,
      52.4431122,
      52.4431267,
      52.4421414,
      52.4414951,
      52.4412004,
      52.4408422,
      52.4403508,
      52.4399093,
      52.4391619,
      52.4389019,
      52.4386785,
      52.4383090,
      52.4385483,
      52.4376340,
      52.4367562,
      52.4365997,
      52.4347290,
      52.4347999,
      52.4354070,
      52.4351779,
      52.4346317,
      52.4345160,
      52.4342960,
      52.4337022,
      52.4328897,
      52.4323133,
      52.4319909,
      52.4315814,
      52.4315905,
      52.4318654,
      52.4322177,
      52.4329251,
      52.4328941,
      52.4322961,
      52.4319642,
      52.4315934,
      52.4314654,
      52.4294031,
      52.4277047,
      52.4236850,
      52.4215852,
      52.4210247,
      52.4203892,
      52.4208868,
      52.4213985,
      52.4231030,
      52.4218016,
      52.4236677,
      52.4250722,
      52.4248474,
      52.4268157,
      52.4266693,
      52.4265989,
      52.4264408,
      52.4241970,
      52.4238841,
      52.4237225,
      52.4236218,
      52.4222001,
      52.4224293,
      52.4213801,
      52.4203220,
      52.4188924,
      52.4178847,
      52.4156632,
      52.4178619,
      52.4184377,
      52.4209633,
      52.4221955,
      52.4219710,
      52.4196155,
      52.4190407,
      52.4188041,
      52.4185162,
      52.4185162,
      52.4186994,
      52.4188822,
      52.4231801,
      52.4222327,
      52.4224944,
      52.4218663,
      52.4238709,
      52.4260797,
      52.4277022,
      52.4307262,
      52.4332381,
      52.4358641,
      52.4360229,
      52.4369909,
      52.4379851,
      52.4384634,
      52.4389810,
      52.4393576,
      52.4412955,
      52.4422496,
      52.4435674,
      52.4476885,
      52.4504015,
      52.4514423,
      52.4522153,
      52.4575699,
      52.4574601,
      52.4652839,
      52.4703955,
      52.4715268,
      52.4714412,
      52.4720686,
      52.4744862,
      52.4743817,
      52.4773093,
      52.4782503,
      52.4754147,
      52.4762511,
      52.4762511,
      52.4758329,
      52.4748473,
      52.4757283,
      52.4758455,
      52.4753101,
      52.4762637,
      52.4792187,
      52.4795488,
      52.4826917,
      52.4829331,
      52.4856315,
      52.4864060,
      52.4906143,
      52.4895760,
      52.4923988,
      52.4921519,
      52.4960453,
      52.4971034,
      52.4999911,
      52.5016683,
      52.5014326,
      52.5016730,
      52.5026286,
      52.5028032,
      52.5033811,
      52.5034056,
      52.5037075,
      52.5038595
    ],