{
  "id": 162727,
  "name": "Heiden",
  "polygon": {
    "numberOfPoints": 408,
    "box": {
      "min": {
        "x": 51.7719395,
        "y": 6.8887416
      },
      "max": {
        "x": 51.8698953,
        "y": 7.0253190
      },
      "center": {
        "x": 51.8209174,
        "y": 6.9570303
      },
      "area": {
        "x": 0.0979558,
        "y": 0.1365774
      }
    },
    "pointsx": [
      51.7785241,
      51.7784432,
      51.7785208,
      51.7784727,
      51.7779173,
      51.7777394,
      51.7768680,
      51.7769082,
      51.7769272,
      51.7768197,
      51.7768017,
      51.7760126,
      51.7757238,
      51.7757158,
      51.7756947,
      51.7756931,
      51.7756870,
      51.7756679,
      51.7754635,
      51.7754295,
      51.7752953,
      51.7747971,
      51.7742019,
      51.7737196,
      51.7735236,
      51.7735219,
      51.7735074,
      51.7736981,
      51.7737586,
      51.7736537,
      51.7734797,
      51.7734021,
      51.7733125,
      51.7731554,
      51.7728560,
      51.7727223,
      51.7726384,
      51.7726169,
      51.7725288,
      51.7724487,
      51.7723669,
      51.7723312,
      51.7723311,
      51.7721751,
      51.7720963,
      51.7720479,
      51.7720344,
      51.7720108,
      51.7719968,
      51.7720029,
      51.7719902,
      51.7719670,
      51.7719685,
      51.7719456,
      51.7719395,
      51.7722774,
      51.7722775,
      51.7723334,
      51.7723715,
      51.7724283,
      51.7724944,
      51.7725416,
      51.7726413,
      51.7726741,
      51.7727258,
      51.7728202,
      51.7729437,
      51.7730153,
      51.7730197,
      51.7731025,
      51.7731305,
      51.7731950,
      51.7732681,
      51.7733420,
      51.7733983,
      51.7734180,
      51.7734735,
      51.7735467,
      51.7735833,
      51.7736466,
      51.7737101,
      51.7737651,
      51.7738297,
      51.7738300,
      51.7738497,
      51.7739002,
      51.7739848,
      51.7740390,
      51.7740837,
      51.7740757,
      51.7742027,
      51.7742928,
      51.7743645,
      51.7744086,
      51.7744167,
      51.7744339,
      51.7744598,
      51.7744864,
      51.7745130,
      51.7745665,
      51.7746020,
      51.7747601,
      51.7747593,
      51.7747317,
      51.7746944,
      51.7747118,
      51.7747381,
      51.7747829,
      51.7748186,
      51.7748915,
      51.7750280,
      51.7750826,
      51.7751095,
      51.7751347,
      51.7751701,
      51.7752243,
      51.7752783,
      51.7753055,
      51.7753513,
      51.7753700,
      51.7755065,
      51.7755707,
      51.7756436,
      51.7756885,
      51.7757054,
      51.7756951,
      51.7756941,
      51.7756838,
      51.7757364,
      51.7757081,
      51.7757163,
      51.7757525,
      51.7759066,
      51.7760057,
      51.7760966,
      51.7760500,
      51.7761577,
      51.7761977,
      51.7763477,
      51.7764280,
      51.7765074,
      51.7765160,
      51.7767360,
      51.7784343,
      51.7787332,
      51.7800487,
      51.7800859,
      51.7802751,
      51.7817871,
      51.7823939,
      51.7825379,
      51.7833608,
      51.7839552,
      51.7840118,
      51.7843726,
      51.7848587,
      51.7855426,
      51.7860675,
      51.7861819,
      51.7862950,
      51.7863207,
      51.7866193,
      51.7867101,
      51.7870542,
      51.7884597,
      51.7896264,
      51.7901432,
      51.7911434,
      51.7913154,
      51.7924395,
      51.7933822,
      51.7946429,
      51.7951962,
      51.7955133,
      51.7960535,
      51.7970538,
      51.7970785,
      51.7979631,
      51.7982849,
      51.7984676,
      51.7989456,
      51.7989938,
      51.7990841,
      51.7991306,
      51.7991551,
      51.7999982,
      51.8002315,
      51.8008616,
      51.8024804,
      51.8025305,
      51.8048864,
      51.8063430,
      51.8090946,
      51.8243765,
      51.8301436,
      51.8352357,
      51.8402918,
      51.8406964,
      51.8443008,
      51.8515019,
      51.8522766,
      51.8534025,
      51.8537839,
      51.8539292,
      51.8555908,
      51.8578243,
      51.8567484,
      51.8613021,
      51.8640129,
      51.8645140,
      51.8665474,
      51.8667943,
      51.8676034,
      51.8681071,
      51.8682233,
      51.8685617,
      51.8688175,
      51.8679949,
      51.8698953,
      51.8686756,
      51.8667467,
      51.8659006,
      51.8654943,
      51.8640779,
      51.8630843,
      51.8577394,
      51.8582926,
      51.8582359,
      51.8577819,
      51.8547176,
      51.8541927,
      51.8509692,
      51.8509458,
      51.8503912,
      51.8504927,
      51.8480968,
      51.8480732,
      51.8480790,
      51.8479958,
      51.8475708,
      51.8475277,
      51.8466876,
      51.8455401,
      51.8449436,
      51.8449146,
      51.8448657,
      51.8448077,
      51.8447340,
      51.8446039,
      51.8445451,
      51.8444987,
      51.8444995,
      51.8442832,
      51.8442708,
      51.8437687,
      51.8435011,
      51.8431606,
      51.8430835,
      51.8429543,
      51.8428001,
      51.8423933,
      51.8423999,
      51.8423685,
      51.8412598,
      51.8406947,
      51.8398951,
      51.8397054,
      51.8397136,
      51.8380843,
      51.8380259,
      51.8380373,
      51.8375948,
      51.8375973,
      51.8373280,
      51.8372426,
      51.8370645,
      51.8368747,
      51.8367371,
      51.8365482,
      51.8365093,
      51.8363427,
      51.8362565,
      51.8361256,
      51.8361015,
      51.8359806,
      51.8357999,
      51.8356151,
      51.8353507,
      51.8352281,
      51.8350383,
      51.8347723,
      51.8342357,
      51.8334215,
      51.8331671,
      51.8326793,
      51.8324531,
      51.8321092,
      51.8311847,
      51.8311130,
      51.8305055,
      51.8303352,
      51.8299241,
      51.8294115,
      51.8291081,
      51.8291118,
      51.8288077,
      51.8278413,
      51.8281724,
      51.8279242,
      51.8278102,
      51.8276432,
      51.8273514,
      51.8271417,
      51.8269556,
      51.8266854,
      51.8265841,
      51.8265379,
      51.8262482,
      51.8260095,
      51.8258147,
      51.8256425,
      51.8254875,
      51.8253802,
      51.8253588,
      51.8253128,
      51.8240025,
      51.8235187,
      51.8226911,
      51.8226949,
      51.8214075,
      51.8214289,
      51.8204936,
      51.8204827,
      51.8201598,
      51.8201763,
      51.8194618,
      51.8192437,
      51.8188796,
      51.8179322,
      51.8177669,
      51.8178080,
      51.8160531,
      51.8160201,
      51.8156772,
      51.8156092,
      51.8155582,
      51.8151456,
      51.8150955,
      51.8150358,
      51.8147466,
      51.8143026,
      51.8112387,
      51.8106275,
      51.8101433,
      51.8099251,
      51.8086164,
      51.8085930,
      51.8086425,
      51.8086162,
      51.8071487,
      51.8071292,
      51.8071035,
      51.8070724,
      51.8069800,
      51.8053501,
      51.8053766,
      51.8018520,
      51.8002387,
      51.7997366,
      51.7987629,
      51.7974814,
      51.7954531,
      51.7953499,
      51.7941795,
      51.7942795,
      51.7938258,
      51.7936250,
      51.7936167,
      51.7931269,
      51.7927545,
      51.7918035,
      51.7917861,
      51.7915090,
      51.7893062,
      51.7865317,
      51.7859754,
      51.7860920,
      51.7860671,
      51.7847982,
      51.7833799,
      51.7832497,
      51.7832462,
      51.7831499,
      51.7831964,
      51.7831705,
      51.7831887,
      51.7832310,
      51.7833463,
      51.7813120,
      51.7812722,
      51.7799836,
      51.7795787,
      51.7790610,
      51.7790995,
      51.7790693,
      51.7788568,
      51.7788042,
      51.7785656
    ],