{"id":162718,"name":"Raesfeld","polygon":{"numberOfPoints":799,"box":{"min":{"x":51.7288990,"y":6.7542851},"max":{"x":51.8028326,"y":6.9163033},"center":{"x":51.7658658,"y":6.8352942},"area":{"x":0.0739336,"y":0.1620182}},"pointsx":[51.7784640,51.7781956,51.7756381,51.7754619,51.7752549,51.7747861,51.7745740,51.7742462,51.7726043,51.7726043,51.7721318,51.7712968,51.7709327,51.7707235,51.7687838,51.7684650,51.7681187,51.7671067,51.7669588,51.7665571,51.7647787,51.7646153,51.7644876,51.7643869,51.7642765,51.7641742,51.7639408,51.7638391,51.7637195,51.7635913,51.7634729,51.7629609,51.7623551,51.7618735,51.7617191,51.7615753,51.7600349,51.7600215,51.7603628,51.7561757,51.7560931,51.7554015,51.7551473,51.7548561,51.7525485,51.7517932,51.7509461,51.7501176,51.7496985,51.7491991,51.7491594,51.7490865,51.7486247,51.7484739,51.7483913,51.7483221,51.7481738,51.7475675,51.7473687,51.7472853,51.7472521,51.7472558,51.7472774,51.7472845,51.7472365,51.7462648,51.7460549,51.7457834,51.7455437,51.7453793,51.7446998,51.7445840,51.7445653,51.7444591,51.7442828,51.7439321,51.7437333,51.7425086,51.7411126,51.7410335,51.7405023,51.7403517,51.7402739,51.7389663,51.7369284,51.7364951,51.7357673,51.7357816,51.7354449,51.7342531,51.7331435,51.7322289,51.7310088,51.7305235,51.7304554,51.7305110,51.7299200,51.7288990,51.7297707,51.7312140,51.7314985,51.7318051,51.7321095,51.7333362,51.7335509,51.7341533,51.7355004,51.7355610,51.7361454,51.7359343,51.7358547,51.7358970,51.7359108,51.7358086,51.7354726,51.7368762,51.7365723,51.7365274,51.7353578,51.7363795,51.7357096,51.7346109,51.7331525,51.7314546,51.7306328,51.7298195,51.7299797,51.7301428,51.7335897,51.7358803,51.7359910,51.7362583,51.7363709,51.7379144,51.7399014,51.7399133,51.7405769,51.7414607,51.7414627,51.7416028,51.7418835,51.7421196,51.7422819,51.7424175,51.7425233,51.7426471,51.7426749,51.7427603,51.7428180,51.7428994,51.7428628,51.7427151,51.7426029,51.7426246,51.7427575,51.7428505,51.7429287,51.7429506,51.7428944,51.7428096,51.7427379,51.7427432,51.7428386,51.7429133,51.7429444,51.7429908,51.7430417,51.7429484,51.7429205,51.7429349,51.7429977,51.7430846,51.7431148,51.7431716,51.7432278,51.7431847,51.7431844,51.7431207,51.7430397,51.7430130,51.7430503,51.7431170,51.7431924,51.7430342,51.7430469,51.7431429,51.7432195,51.7431694,51.7431624,51.7431940,51.7432636,51.7433329,51.7433345,51.7432199,51.7430773,51.7430561,51.7430790,51.7431688,51.7431867,51.7432601,51.7432871,51.7433349,51.7434069,51.7434431,51.7434876,51.7435232,51.7435857,51.7435888,51.7436680,51.7435560,51.7436358,51.7436505,51.7436242,51.7435435,51.7434618,51.7434216,51.7435087,51.7435690,51.7435915,51.7436391,51.7435693,51.7434752,51.7434426,51.7434168,51.7434405,51.7435175,51.7435829,51.7436751,51.7436220,51.7437046,51.7437359,51.7437133,51.7436648,51.7436147,51.7436171,51.7436505,51.7436573,51.7435581,51.7436013,51.7437254,51.7437850,51.7435809,51.7435711,51.7436014,51.7436461,51.7436448,51.7433856,51.7432752,51.7433248,51.7432427,51.7432732,51.7433490,51.7432471,51.7432967,51.7432816,51.7431804,51.7431646,51.7431978,51.7432526,51.7432860,51.7433061,51.7432243,51.7431582,51.7430011,51.7430022,51.7430432,51.7431375,51.7432888,51.7432947,51.7432397,51.7430748,51.7430388,51.7430990,51.7431369,51.7432076,51.7432965,51.7432691,51.7434470,51.7434113,51.7432644,51.7432796,51.7432137,51.7431623,51.7431514,51.7429328,51.7430571,51.7431234,51.7430636,51.7430801,51.7430100,51.7427974,51.7427770,51.7428622,51.7428308,51.7428328,51.7429091,51.7428286,51.7427658,51.7423843,51.7425030,51.7424838,51.7424412,51.7423870,51.7424166,51.7424083,51.7423861,51.7422178,51.7422202,51.7423582,51.7423398,51.7422703,51.7421776,51.7421698,51.7422022,51.7422000,51.7423584,51.7423731,51.7423340,51.7423508,51.7422941,51.7422333,51.7421611,51.7421429,51.7420601,51.7420003,51.7419324,51.7419586,51.7419425,51.7418872,51.7418350,51.7417909,51.7418440,51.7421196,51.7422024,51.7421946,51.7422542,51.7421888,51.7421093,51.7421741,51.7421403,51.7420452,51.7422792,51.7423122,51.7426429,51.7428523,51.7426457,51.7426034,51.7427109,51.7430608,51.7434292,51.7434804,51.7450276,51.7450530,51.7451344,51.7449900,51.7450683,51.7451430,51.7452017,51.7453220,51.7453996,51.7454643,51.7455082,51.7455871,51.7457770,51.7457877,51.7457031,51.7457375,51.7457120,51.7457257,51.7458799,51.7459346,51.7459972,51.7460756,51.7461647,51.7465158,51.7463982,51.7466604,51.7468312,51.7468652,51.7470612,51.7471397,51.7471095,51.7473136,51.7475434,51.7476900,51.7476511,51.7478401,51.7479013,51.7479132,51.7478617,51.7478866,51.7479642,51.7479942,51.7480290,51.7480394,51.7479935,51.7479852,51.7480341,51.7480072,51.7480647,51.7480773,51.7481451,51.7482477,51.7481983,51.7481368,51.7480989,51.7481621,51.7482378,51.7482258,51.7482887,51.7483271,51.7483752,51.7482981,51.7482845,51.7483261,51.7486113,51.7486592,51.7486961,51.7486892,51.7486032,51.7485337,51.7485315,51.7487053,51.7487488,51.7488111,51.7487674,51.7486697,51.7486532,51.7486889,51.7487641,51.7488165,51.7488146,51.7487573,51.7486790,51.7487007,51.7486860,51.7487237,51.7487045,51.7484200,51.7484149,51.7479795,51.7478625,51.7477106,51.7476307,51.7477872,51.7474995,51.7473583,51.7473880,51.7472054,51.7474229,51.7471893,51.7472874,51.7470897,51.7470834,51.7471896,51.7469896,51.7469786,51.7470152,51.7471551,51.7472475,51.7472535,51.7472137,51.7470891,51.7469521,51.7468682,51.7469010,51.7468718,51.7470056,51.7469063,51.7467816,51.7468355,51.7468608,51.7467177,51.7466977,51.7464671,51.7463094,51.7463404,51.7464563,51.7464895,51.7464774,51.7464058,51.7464462,51.7462542,51.7462900,51.7461370,51.7460977,51.7461227,51.7460882,51.7461388,51.7460110,51.7459140,51.7458899,51.7458481,51.7464999,51.7471934,51.7475287,51.7478617,51.7496732,51.7499741,51.7505372,51.7508875,51.7513488,51.7516384,51.7523209,51.7530338,51.7535430,51.7536989,51.7543622,51.7555055,51.7560053,51.7567129,51.7579161,51.7588618,51.7596516,51.7601784,51.7616257,51.7622706,51.7630940,51.7641071,51.7644668,51.7648336,51.7653695,51.7659061,51.7659168,51.7659273,51.7705799,51.7713922,51.7730517,51.7732158,51.7733706,51.7735038,51.7736056,51.7738080,51.7739638,51.7742059,51.7752413,51.7760695,51.7762011,51.7763065,51.7763843,51.7763989,51.7763684,51.7762997,51.7759740,51.7759361,51.7759464,51.7759211,51.7758681,51.7806362,51.7808395,51.7812086,51.7823753,51.7844944,51.7861614,51.7867717,51.7879550,51.7898902,51.7912249,51.7916762,51.7918954,51.7919418,51.7919690,51.7919551,51.7920104,51.7920828,51.7922543,51.7923425,51.7923283,51.7927269,51.7929498,51.7933561,51.7936271,51.7940105,51.7940359,51.7941202,51.7944292,51.7946880,51.7951919,51.7954531,51.7954909,51.7957225,51.7957371,51.7958566,51.7958617,51.7960232,51.7963365,51.7967943,51.7960221,51.7959475,51.7958218,51.7957028,51.7956858,51.7955871,51.7955997,51.7955927,51.7955854,51.7951910,51.7952408,51.7961244,51.7966212,51.7971769,51.7988578,51.7997403,51.8013971,51.8014709,51.8014742,51.8026547,51.8028326,51.8027988,51.8021697,51.8021628,51.8021010,51.8020508,51.8018696,51.8016388,51.8010826,51.8010610,51.8010021,51.8009573,51.8008512,51.8007106,51.8006036,51.8005360,51.7998075,51.7997805,51.7997656,51.7997876,51.7999327,51.7997361,51.7996833,51.7997589,51.7997349,51.7997380,51.7997397,51.7997345,51.7997809,51.7999924,51.8000131,51.7998809,51.7998278,51.7997730,51.7997096,51.7996818,51.7995922,51.7995570,51.7994326,51.7992663,51.7992165,51.7986264,51.7986568,51.7980554,51.7964800,51.7962892,51.7962983,51.7963213,51.7958616,51.7960682,51.7960769,51.7960744,51.7960553,51.7957028,51.7956638,51.7947330,51.7947995,51.7946332,51.7946005,51.7931072,51.7929783,51.7929194,51.7929996,51.7930378,51.7930398,51.7928286,51.7927599,51.7929511,51.7922639,51.7918470,51.7910909,51.7910573,51.7909255,51.7908919,51.7908267,51.7874297,51.7873949,51.7873555,51.7873551,51.7872800,51.7870589,51.7869793,51.7864110,51.7864147,51.7865282,51.7860389,51.7860176,51.7861453,51.7856079,51.7848998,51.7845688,51.7830344,51.7816642,51.7808252,51.7807246,51.7807619,51.7807739,51.7808760,51.7811340,