{
  "numberOfPolygons": 1,
  "box": {
    "min": {
      "x": 52.0800018,
      "y": 7.0135079
    },
    "max": {
      "x": 52.1969502,
      "y": 7.1743661
    },
    "center": {
      "x": 52.1384760,
      "y": 7.0939370
    }
  },
  "polygons": [
    {
      "numberOfPoints": 271,
      "box": {
        "min": {
          "x": 52.0800018,
          "y": 7.0135079
        },
        "max": {
          "x": 52.1969502,
          "y": 7.1743661
        },
        "center": {
          "x": 52.1384760,
          "y": 7.0939370
        }
      },
      "pointsx": [
        52.0891879,
        52.0892061,
        52.0892564,
        52.0902860,
        52.0848972,
        52.0800018,
        52.0813127,
        52.0833445,
        52.0841151,
        52.0844337,
        52.0867421,
        52.0868118,
        52.0869170,
        52.0869599,
        52.0877052,
        52.0877244,
        52.0873807,
        52.0873731,
        52.0874175,
        52.0887531,
        52.0899208,
        52.0902754,
        52.0908637,
        52.0913228,
        52.0917439,
        52.0920672,
        52.0923324,
        52.0925552,
        52.0924788,
        52.0992213,
        52.1025307,
        52.1065938,
        52.1072406,
        52.1086715,
        52.1090716,
        52.1113030,
        52.1117339,
        52.1126110,
        52.1133188,
        52.1155654,
        52.1161655,
        52.1166733,
        52.1170426,
        52.1172426,
        52.1177349,
        52.1192582,
        52.1189706,
        52.1198737,
        52.1195500,
        52.1203401,
        52.1263117,
        52.1321804,
        52.1347108,
        52.1354550,
        52.1357312,
        52.1352276,
        52.1348646,
        52.1351237,
        52.1351705,
        52.1353158,
        52.1362244,
        52.1362089,
        52.1355568,
        52.1360719,
        52.1368868,
        52.1437764,
        52.1465138,
        52.1473339,
        52.1479516,
        52.1480295,
        52.1491714,
        52.1495762,
        52.1499967,
        52.1500382,
        52.1506507,
        52.1506342,
        52.1506558,
        52.1502344,
        52.1507545,
        52.1517718,
        52.1518911,
        52.1539101,
        52.1541549,
        52.1563596,
        52.1580203,
        52.1617950,
        52.1651448,
        52.1683887,
        52.1691970,
        52.1703747,
        52.1722615,
        52.1731682,
        52.1735496,
        52.1737467,
        52.1742033,
        52.1744574,
        52.1751422,
        52.1758788,
        52.1756730,
        52.1814811,
        52.1969502,
        52.1967476,
        52.1963573,
        52.1961067,
        52.1956068,
        52.1954698,
        52.1953748,
        52.1952108,
        52.1947339,
        52.1946229,
        52.1941959,
        52.1937760,
        52.1935050,
        52.1938490,
        52.1939440,
        52.1940389,
        52.1931470,
        52.1936920,
        52.1932950,
        52.1931920,
        52.1932150,
        52.1933600,
        52.1932270,
        52.1931051,
        52.1928681,
        52.1924671,
        52.1920782,
        52.1917812,
        52.1914072,
        52.1910713,
        52.1909263,
        52.1896144,
        52.1888205,
        52.1887905,
        52.1887405,
        52.1883626,
        52.1882676,
        52.1882066,
        52.1875317,
        52.1867688,
        52.1860249,
        52.1856239,
        52.1853799,
        52.1831602,
        52.1829652,
        52.1815044,
        52.1811344,
        52.1810924,
        52.1807835,
        52.1796766,
        52.1792726,
        52.1791236,
        52.1789677,
        52.1788947,
        52.1787007,
        52.1775178,
        52.1772429,
        52.1768389,
        52.1764379,
        52.1762740,
        52.1756140,
        52.1755690,
        52.1755421,
        52.1751261,
        52.1749581,
        52.1749081,
        52.1748401,
        52.1748361,
        52.1748361,
        52.1748441,
        52.1748671,
        52.1752371,
        52.1746382,
        52.1745882,
        52.1743902,
        52.1743062,
        52.1740042,
        52.1739282,
        52.1738102,
        52.1734433,
        52.1730203,
        52.1729403,
        52.1725934,
        52.1725014,
        52.1723834,
        52.1722344,
        52.1714215,
        52.1691448,
        52.1689078,
        52.1687398,
        52.1686212,
        52.1675540,
        52.1675120,
        52.1674090,
        52.1670120,
        52.1661974,
        52.1663901,
        52.1661001,
        52.1650932,
        52.1648683,
        52.1643873,
        52.1642543,
        52.1638304,
        52.1635104,
        52.1624765,
        52.1623845,
        52.1582920,
        52.1581580,
        52.1579710,
        52.1564767,
        52.1562731,
        52.1560628,
        52.1547324,
        52.1541905,
        52.1521197,
        52.1505369,
        52.1492970,
        52.1455738,
        52.1452528,
        52.1450266,
        52.1449180,
        52.1398211,
        52.1391422,
        52.1390718,
        52.1382573,
        52.1381003,
        52.1367464,
        52.1364795,
        52.1363495,
        52.1353806,
        52.1352816,
        52.1351516,
        52.1348197,
        52.1342247,
        52.1341557,
        52.1341297,
        52.1325809,
        52.1317110,
        52.1316770,
        52.1314710,
        52.1312001,
        52.1294181,
        52.1292158,
        52.1285340,
        52.1245017,
        52.1149222,
        52.1156915,
        52.1105366,
        52.1063851,
        52.1082610,
        52.1082290,
        52.1082654,
        52.1049994,
        52.1067174,
        52.1062815,
        52.1057481,
        52.1042609,
        52.1031736,
        52.1026248,
        52.1017678,
        52.1022066,
        52.1003283,
        52.0989742,
        52.0989165,
        52.0999341,
        52.1004942,
        52.1011099,
        52.1010522,
        52.0984547,
        52.0951258,
        52.0895728
      ],