{"id":162876,"name":"Stadtlohn","polygon":{"numberOfPoints":207,"box":{"min":{"x":51.9618875,"y":6.8284346},"max":{"x":52.0463158,"y":7.0504137},"center":{"x":52.00410165,"y":6.93942415},"area":{"x":0.0844283,"y":0.2219791}},"pointsx":[51.9654720,51.9644304,51.9631283,51.9623828,51.9636566,51.9618875,51.9637915,51.9647528,51.9661342,51.9662535,51.9644966,51.9645065,51.9647422,51.9648773,51.9654634,51.9662633,51.9657906,51.9683683,51.9688030,51.9681314,51.9695523,51.9700707,51.9710037,51.9694460,51.9752102,51.9775193,51.9786851,51.9832575,51.9820579,51.9851249,51.9938518,51.9947276,51.9959991,51.9962344,51.9994090,51.9997088,51.9996824,52.0049549,52.0082779,52.0100168,52.0091015,52.0116123,52.0121394,52.0122787,52.0124089,52.0124957,52.0126215,52.0127368,52.0127222,52.0128558,52.0146446,52.0147025,52.0147968,52.0147893,52.0152010,52.0155723,52.0156187,52.0156561,52.0156372,52.0151912,52.0150994,52.0152761,52.0171384,52.0167521,52.0166683,52.0167372,52.0167318,52.0207134,52.0309554,52.0404508,52.0445350,52.0461488,52.0463158,52.0462086,52.0461131,52.0455144,52.0451519,52.0448904,52.0444731,52.0439353,52.0437425,52.0435334,52.0433073,52.0423035,52.0420800,52.0411650,52.0401210,52.0394135,52.0390611,52.0368733,52.0291640,52.0255033,52.0291930,52.0253232,52.0233461,52.0223655,52.0214013,52.0213550,52.0212900,52.0210558,52.0193331,52.0189294,52.0184341,52.0179637,52.0078300,52.0075255,52.0051811,52.0050742,52.0049792,52.0030454,52.0007136,52.0006187,52.0005847,52.0005577,52.0005427,52.0006667,51.9976787,51.9974886,51.9959564,51.9944746,51.9945708,51.9944551,51.9945087,51.9942998,51.9937936,51.9937980,51.9938559,51.9932164,51.9926777,51.9920978,51.9915056,51.9910347,51.9902235,51.9893821,51.9894444,51.9888888,51.9881986,51.9885326,51.9871754,51.9870591,51.9865367,51.9833853,51.9814754,51.9821502,51.9816078,51.9807408,51.9803662,51.9801823,51.9802713,51.9805880,51.9802982,51.9803725,51.9803074,51.9806048,51.9806357,51.9807814,51.9806123,51.9807614,51.9808574,51.9810297,51.9812535,51.9816598,51.9818468,51.9824091,51.9822581,51.9817359,51.9816185,51.9815787,51.9814659,51.9813671,51.9811999,51.9812855,51.9812049,51.9810485,51.9803050,51.9800181,51.9800198,51.9794739,51.9786948,51.9785291,51.9779829,51.9782386,51.9783745,51.9784419,51.9782780,51.9779765,51.9779310,51.9778765,51.9778352,51.9777876,51.9777959,51.9779951,51.9780624,51.9777113,51.9773072,51.9746291,51.9749007,51.9724829,51.9723538,51.9718391,51.9722487,51.9718371,51.9716224,51.9713993,51.9743252,51.9689321,51.9656178],"pointsy":[6.9308424,6.9271673,6.9240802,6.9194591,6.9188562,6.9087497,6.9068335,6.9058958,6.9045033,6.9043285,6.9031683,6.9022496,6.9004095,6.9001833,6.8973723,6.8942998,6.8938536,6.8836933,6.8797977,6.8791132,6.8765762,6.8756646,6.8740792,6.8682137,6.8567548,6.8574347,6.8476773,6.8465380,6.8396104,6.8367071,6.8284346,6.8330533,6.8453393,6.8457112,6.8499991,6.8500307,6.8503905,6.8573855,6.8602601,6.8616048,6.8635671,6.8672079,6.8664245,6.8660717,6.8658480,6.8658699,6.8659915,6.8661666,6.8662160,6.8661257,6.8669384,6.8662299,6.8660669,6.8657750,6.8657482,6.8657864,6.8649951,6.8648589,6.8644506,6.8636979,6.8632834,6.8633661,6.8626364,6.8646553,6.8653607,6.8656186,6.8658490,6.8680401,6.8805451,6.9004909,6.9109650,6.9250000,6.9265953,6.9268477,6.9274063,6.9284558,6.9292001,6.9304718,6.9316888,6.9328913,6.9334309,6.9337685,6.9339562,6.9345080,6.9345481,6.9342653,6.9342902,6.9362067,6.9358433,6.9386179,6.9457542,6.9526019,6.9684122,6.9903374,7.0125704,7.0235973,7.0353110,7.0369567,7.0380100,7.0392732,7.0421504,7.0423024,7.0422712,7.0423759,7.0467777,7.0504137,7.0491740,7.0490940,7.0490250,7.0476462,7.0463004,7.0466834,7.0468214,7.0470973,7.0472333,7.0482493,7.0459058,7.0367327,7.0365092,7.0356743,7.0346394,7.0334241,7.0317805,7.0308358,7.0293596,7.0284828,7.0282408,7.0261484,7.0225645,7.0205576,7.0178197,7.0177674,7.0151410,7.0152477,7.0123637,7.0118049,7.0090477,7.0085451,7.0048114,7.0017297,7.0019739,6.9944987,6.9931545,6.9905122,6.9903201,6.9895216,6.9887595,6.9879119,6.9869827,6.9853264,6.9843598,6.9841709,6.9833870,6.9809082,6.9802365,6.9802544,6.9787638,6.9777321,6.9773128,6.9772347,6.9772919,6.9764358,6.9759993,6.9754358,6.9748862,6.9752613,6.9755693,6.9757821,6.9758116,6.9756632,6.9749853,6.9745815,6.9742664,6.9742610,6.9744445,6.9742513,6.9732054,6.9706580,6.9706942,6.9708007,6.9705636,6.9701913,6.9701787,6.9694031,6.9689317,6.9683802,6.9679057,6.9679065,6.9678577,6.9677274,6.9674895,6.9665295,6.9660457,6.9655941,6.9668411,6.9631572,6.9599378,6.9561892,6.9491796,6.9485507,6.9454528,6.9448527,6.9448229,6.9390245,6.9394258,6.9327052,6.9309209]}}