{
  "id": 162877,
  "name": "Ahaus",
  "polygon": {
    "numberOfPoints": 476,
    "box": {
      "min": {
        "x": 52.0210558,
        "y": 6.8669448
      },
      "max": {
        "x": 52.1811292,
        "y": 7.0672986
      },
      "center": {
        "x": 52.1010925,
        "y": 6.9671217
      },
      "area": {
        "x": 0.1600734,
        "y": 0.2003538
      }
    },
    "pointsx": [
      52.0210558,
      52.0212900,
      52.0213550,
      52.0214013,
      52.0223655,
      52.0233461,
      52.0253232,
      52.0291930,
      52.0255033,
      52.0291640,
      52.0368733,
      52.0390611,
      52.0394135,
      52.0401210,
      52.0411650,
      52.0420800,
      52.0423035,
      52.0433073,
      52.0435334,
      52.0437425,
      52.0439353,
      52.0444731,
      52.0448904,
      52.0451519,
      52.0455144,
      52.0461131,
      52.0462086,
      52.0463158,
      52.0461488,
      52.0445350,
      52.0585173,
      52.0598000,
      52.0610086,
      52.0622191,
      52.0696581,
      52.0700031,
      52.0708275,
      52.0722519,
      52.0720669,
      52.0735176,
      52.0766931,
      52.0765876,
      52.0777892,
      52.0775817,
      52.0784715,
      52.0785649,
      52.0792824,
      52.0790510,
      52.0813851,
      52.0810773,
      52.0820171,
      52.0814056,
      52.0850929,
      52.0859732,
      52.0903456,
      52.0927958,
      52.0933521,
      52.0934181,
      52.0942594,
      52.0946864,
      52.0947007,
      52.0947277,
      52.0966953,
      52.0971608,
      52.1009596,
      52.0993282,
      52.1021336,
      52.1044305,
      52.1071239,
      52.1088783,
      52.1115252,
      52.1279685,
      52.1280713,
      52.1283601,
      52.1283622,
      52.1283634,
      52.1284034,
      52.1284173,
      52.1284238,
      52.1285090,
      52.1285114,
      52.1291394,
      52.1291432,
      52.1291691,
      52.1294626,
      52.1295206,
      52.1295711,
      52.1295774,
      52.1297518,
      52.1300004,
      52.1300241,
      52.1301026,
      52.1302492,
      52.1302837,
      52.1303811,
      52.1304957,
      52.1306344,
      52.1306561,
      52.1306773,
      52.1307952,
      52.1309012,
      52.1310445,
      52.1311315,
      52.1312482,
      52.1314899,
      52.1316624,
      52.1317407,
      52.1317701,
      52.1317842,
      52.1319368,
      52.1319637,
      52.1319793,
      52.1329739,
      52.1336215,
      52.1342443,
      52.1354169,
      52.1362008,
      52.1362460,
      52.1363109,
      52.1363238,
      52.1363763,
      52.1363949,
      52.1367993,
      52.1394793,
      52.1395208,
      52.1422682,
      52.1425010,
      52.1425940,
      52.1427701,
      52.1441630,
      52.1449003,
      52.1450914,
      52.1461589,
      52.1465873,
      52.1466851,
      52.1471744,
      52.1475514,
      52.1478111,
      52.1478971,
      52.1497791,
      52.1500207,
      52.1501864,
      52.1503380,
      52.1507169,
      52.1510161,
      52.1510397,
      52.1518559,
      52.1518936,
      52.1521063,
      52.1527439,
      52.1529550,
      52.1531464,
      52.1534525,
      52.1534851,
      52.1559035,
      52.1559193,
      52.1559765,
      52.1559828,
      52.1559924,
      52.1560095,
      52.1560246,
      52.1564146,
      52.1564166,
      52.1565060,
      52.1565382,
      52.1566469,
      52.1568068,
      52.1568602,
      52.1569822,
      52.1570017,
      52.1570257,
      52.1570801,
      52.1574969,
      52.1577071,
      52.1579792,
      52.1582092,
      52.1583132,
      52.1586699,
      52.1589406,
      52.1591034,
      52.1593408,
      52.1596718,
      52.1599297,
      52.1601345,
      52.1604249,
      52.1606529,
      52.1607713,
      52.1610423,
      52.1611864,
      52.1612059,
      52.1612291,
      52.1612354,
      52.1617269,
      52.1617351,
      52.1619978,
      52.1620022,
      52.1627953,
      52.1628031,
      52.1628979,
      52.1632770,
      52.1632977,
      52.1639456,
      52.1644206,
      52.1644442,
      52.1649738,
      52.1657072,
      52.1657186,
      52.1657978,
      52.1659153,
      52.1659272,
      52.1659571,
      52.1659690,
      52.1660317,
      52.1660435,
      52.1660749,
      52.1660876,
      52.1660994,
      52.1664370,
      52.1664475,
      52.1666425,
      52.1665910,
      52.1670579,
      52.1674743,
      52.1675626,
      52.1675688,
      52.1683265,
      52.1683283,
      52.1685566,
      52.1686458,
      52.1688403,
      52.1688416,
      52.1690040,
      52.1694173,
      52.1694245,
      52.1696441,
      52.1699152,
      52.1700673,
      52.1700847,
      52.1700878,
      52.1702112,
      52.1703872,
      52.1705850,
      52.1706579,
      52.1707733,
      52.1709940,
      52.1710469,
      52.1714597,
      52.1715181,
      52.1715169,
      52.1715461,
      52.1716489,
      52.1719832,
      52.1721840,
      52.1721980,
      52.1722008,
      52.1723017,
      52.1724566,
      52.1725833,
      52.1726691,
      52.1729704,
      52.1731741,
      52.1731794,
      52.1736637,
      52.1737935,
      52.1738702,
      52.1740428,
      52.1742921,
      52.1742978,
      52.1743217,
      52.1750104,
      52.1750680,
      52.1750797,
      52.1750836,
      52.1751667,
      52.1752624,
      52.1754635,
      52.1759595,
      52.1762906,
      52.1762914,
      52.1763600,
      52.1764497,
      52.1764664,
      52.1766666,
      52.1766699,
      52.1767459,
      52.1770400,
      52.1771349,
      52.1771408,
      52.1771449,
      52.1771798,
      52.1771843,
      52.1773568,
      52.1774380,
      52.1774398,
      52.1775420,
      52.1775428,
      52.1775973,
      52.1776001,
      52.1776140,
      52.1776261,
      52.1776284,
      52.1776294,
      52.1777185,
      52.1777215,
      52.1778238,
      52.1778263,
      52.1778353,
      52.1779090,
      52.1779104,
      52.1779136,
      52.1779149,
      52.1779170,
      52.1779187,
      52.1779443,
      52.1780910,
      52.1780919,
      52.1781087,
      52.1781096,
      52.1781901,
      52.1781904,
      52.1781910,
      52.1782664,
      52.1782677,
      52.1782704,
      52.1783152,
      52.1783379,
      52.1783397,
      52.1783584,
      52.1783590,
      52.1784128,
      52.1784170,
      52.1784018,
      52.1784108,
      52.1783989,
      52.1784120,
      52.1784478,
      52.1784481,
      52.1784483,
      52.1785707,
      52.1786574,
      52.1786899,
      52.1786774,
      52.1787101,
      52.1787481,
      52.1789020,
      52.1790782,
      52.1791240,
      52.1791267,
      52.1791784,
      52.1792787,
      52.1793500,
      52.1794049,
      52.1794671,
      52.1794859,
      52.1794887,
      52.1796121,
      52.1796149,
      52.1795752,
      52.1796119,
      52.1796412,
      52.1797548,
      52.1797594,
      52.1797701,
      52.1797544,
      52.1797928,
      52.1797997,
      52.1798141,
      52.1800528,
      52.1802593,
      52.1803153,
      52.1805046,
      52.1811292,
      52.1810579,
      52.1803142,
      52.1799578,
      52.1740967,
      52.1745194,
      52.1729658,
      52.1722859,
      52.1712835,
      52.1714763,
      52.1730515,
      52.1703777,
      52.1700030,
      52.1670581,
      52.1637022,
      52.1632463,
      52.1633796,
      52.1637144,
      52.1639041,
      52.1615813,
      52.1586349,
      52.1587362,
      52.1587487,
      52.1591047,
      52.1602643,
      52.1604326,
      52.1596019,
      52.1561344,
      52.1505791,
      52.1442291,
      52.1435751,
      52.1418242,
      52.1392720,
      52.1396251,
      52.1378028,
      52.1384518,
      52.1354550,
      52.1347108,
      52.1321804,
      52.1263117,
      52.1203401,
      52.1195500,
      52.1198737,
      52.1189706,
      52.1192582,
      52.1177349,
      52.1172426,
      52.1170426,
      52.1166733,
      52.1161655,
