{
  "numberOfPolygons": 1,
  "box": {
    "min": {
      "x": 50.7409797,
      "y": 6.3856331
    },
    "max": {
      "x": 50.8576045,
      "y": 6.5384131
    },
    "center": {
      "x": 50.7992921,
      "y": 6.4620231
    }
  },
  "polygons": [
    {
      "numberOfPoints": 291,
      "box": {
        "min": {
          "x": 50.7409797,
          "y": 6.3856331
        },
        "max": {
          "x": 50.8576045,
          "y": 6.5384131
        },
        "center": {
          "x": 50.7992921,
          "y": 6.4620231
        }
      },
      "pointsx": [
        50.8411964,
        50.8423146,
        50.8434240,
        50.8446060,
        50.8449022,
        50.8451369,
        50.8459975,
        50.8461400,
        50.8467939,
        50.8466989,
        50.8471431,
        50.8471012,
        50.8472102,
        50.8475371,
        50.8477774,
        50.8481546,
        50.8489425,
        50.8493002,
        50.8497081,
        50.8499400,
        50.8503982,
        50.8508034,
        50.8512976,
        50.8515298,
        50.8519936,
        50.8525691,
        50.8531446,
        50.8539073,
        50.8546756,
        50.8553237,
        50.8558964,
        50.8572175,
        50.8569802,
        50.8565191,
        50.8558350,
        50.8570282,
        50.8573366,
        50.8576045,
        50.8575338,
        50.8567579,
        50.8562091,
        50.8561449,
        50.8559109,
        50.8557592,
        50.8553193,
        50.8546924,
        50.8537772,
        50.8535042,
        50.8525991,
        50.8517800,
        50.8512541,
        50.8500962,
        50.8514817,
        50.8513603,
        50.8490830,
        50.8471050,
        50.8465363,
        50.8453403,
        50.8405912,
        50.8397265,
        50.8393663,
        50.8381018,
        50.8381650,
        50.8371772,
        50.8371772,
        50.8355042,
        50.8350284,
        50.8350391,
        50.8327519,
        50.8327746,
        50.8326586,
        50.8325028,
        50.8325028,
        50.8289926,
        50.8285876,
        50.8270950,
        50.8213578,
        50.8198899,
        50.8198356,
        50.8173982,
        50.8156946,
        50.8140816,
        50.8116349,
        50.8094327,
        50.8083179,
        50.8064526,
        50.8069458,
        50.8068062,
        50.8063204,
        50.8060884,
        50.8059252,
        50.8057983,
        50.8055355,
        50.8053339,
        50.8051367,
        50.8044932,
        50.8022091,
        50.8017921,
        50.7969878,
        50.7934160,
        50.7913942,
        50.7907505,
        50.7852560,
        50.7844761,
        50.7834696,
        50.7805950,
        50.7803411,
        50.7800237,
        50.7783914,
        50.7753623,
        50.7748363,
        50.7736413,
        50.7736065,
        50.7739944,
        50.7738440,
        50.7744111,
        50.7746298,
        50.7739192,
        50.7741583,
        50.7724024,
        50.7718831,
        50.7694643,
        50.7662458,
        50.7660991,
        50.7650294,
        50.7648244,
        50.7639360,
        50.7639292,
        50.7599243,
        50.7585711,
        50.7574502,
        50.7598765,
        50.7575869,
        50.7580380,
        50.7555569,
        50.7534380,
        50.7512711,
        50.7514899,
        50.7511891,
        50.7527476,
        50.7520709,
        50.7519479,
        50.7513190,
        50.7509704,
        50.7503762,
        50.7500046,
        50.7434914,
        50.7447400,
        50.7434683,
        50.7409797,
        50.7436256,
        50.7449314,
        50.7470712,
        50.7491904,
        50.7507627,
        50.7519863,
        50.7530184,
        50.7540232,
        50.7542078,
        50.7546589,
        50.7554313,
        50.7552536,
        50.7557589,
        50.7557730,
        50.7564634,
        50.7567778,
        50.7571195,
        50.7572699,
        50.7559302,
        50.7558482,
        50.7560806,
        50.7573246,
        50.7585138,
        50.7591930,
        50.7587009,
        50.7588299,
        50.7598595,
        50.7601404,
        50.7594843,
        50.7600652,
        50.7596073,
        50.7597965,
        50.7607139,
        50.7608717,
        50.7633457,
        50.7644869,
        50.7664072,
        50.7666873,
        50.7683205,
        50.7692635,
        50.7697623,
        50.7703431,
        50.7757954,
        50.7778015,
        50.7796896,
        50.7823948,
        50.7826407,
        50.7848198,
        50.7859127,
        50.7871695,
        50.7882829,
        50.7922170,
        50.7963761,
        50.7966550,
        50.7977726,
        50.7989301,
        50.8005621,
        50.8014430,
        50.8031296,
        50.8040992,
        50.8054784,
        50.8040582,
        50.8046454,
        50.8052463,
        50.8053282,
        50.8087693,
        50.8093769,
        50.8114045,
        50.8137188,
        50.8174118,
        50.8167907,
        50.8170600,
        50.8187285,
        50.8187839,
        50.8180125,
        50.8199033,
        50.8190364,
        50.8178965,
        50.8176712,
        50.8199169,
        50.8187156,
        50.8178214,
        50.8182310,
        50.8184172,
        50.8186264,
        50.8212306,
        50.8212765,
        50.8213170,
        50.8225787,
        50.8232087,
        50.8235549,
        50.8242510,
        50.8284824,
        50.8295538,
        50.8310688,
        50.8319559,
        50.8350606,
        50.8364867,
        50.8373192,
        50.8377695,
        50.8407511,
        50.8416743,
        50.8424101,
        50.8428970,
        50.8437125,
        50.8440764,
        50.8441025,
        50.8466102,
        50.8487655,
        50.8523066,
        50.8504837,
        50.8515478,
        50.8494264,
        50.8491876,
        50.8477688,
        50.8464795,
        50.8461384,
        50.8492453,
        50.8525436,
        50.8522367,
        50.8515100,
        50.8500118,
        50.8495758,
        50.8487248,
        50.8485080,
        50.8482335,
        50.8479900,
        50.8477747,
        50.8475544,
        50.8473565,
        50.8472600,
        50.8471237,
        50.8467259,
        50.8466351,
        50.8449516,
        50.8439875,
        50.8426489,
        50.8424742,
        50.8420407,
        50.8415451,
        50.8411174
      ],