{
  "numberOfPolygons": 1,
  "box": {
    "min": {
      "x": 50.9870251,
      "y": 7.8040926
    },
    "max": {
      "x": 51.0878047,
      "y": 7.9733230
    },
    "center": {
      "x": 51.0374149,
      "y": 7.8887078
    }
  },
  "polygons": [
    {
      "numberOfPoints": 350,
      "box": {
        "min": {
          "x": 50.9870251,
          "y": 7.8040926
        },
        "max": {
          "x": 51.0878047,
          "y": 7.9733230
        },
        "center": {
          "x": 51.0374149,
          "y": 7.8887078
        }
      },
      "pointsx": [
        50.9894470,
        50.9899966,
        50.9903024,
        50.9909741,
        50.9922294,
        50.9933599,
        50.9943831,
        50.9956800,
        50.9965122,
        50.9986610,
        51.0000266,
        51.0015285,
        51.0021787,
        51.0027762,
        51.0029990,
        51.0029990,
        51.0036067,
        51.0042978,
        51.0088214,
        51.0089033,
        51.0087744,
        51.0089391,
        51.0085897,
        51.0088905,
        51.0104630,
        51.0112124,
        51.0119313,
        51.0131363,
        51.0141792,
        51.0155359,
        51.0166396,
        51.0173989,
        51.0185936,
        51.0190188,
        51.0197825,
        51.0204969,
        51.0213271,
        51.0217827,
        51.0227444,
        51.0238175,
        51.0248703,
        51.0246577,
        51.0239896,
        51.0249382,
        51.0262387,
        51.0272200,
        51.0280531,
        51.0289418,
        51.0310153,
        51.0316633,
        51.0336071,
        51.0342499,
        51.0351992,
        51.0365690,
        51.0367042,
        51.0367389,
        51.0364508,
        51.0363144,
        51.0367527,
        51.0361462,
        51.0364632,
        51.0355535,
        51.0356362,
        51.0362860,
        51.0398961,
        51.0409670,
        51.0455523,
        51.0456634,
        51.0470699,
        51.0477732,
        51.0485333,
        51.0485768,
        51.0482955,
        51.0482758,
        51.0482901,
        51.0481266,
        51.0484341,
        51.0483256,
        51.0489183,
        51.0499586,
        51.0500109,
        51.0498277,
        51.0508091,
        51.0505147,
        51.0508452,
        51.0491426,
        51.0527962,
        51.0532080,
        51.0544954,
        51.0561686,
        51.0573343,
        51.0578524,
        51.0582595,
        51.0600796,
        51.0606715,
        51.0620348,
        51.0621525,
        51.0626889,
        51.0642587,
        51.0639317,
        51.0643110,
        51.0652660,
        51.0656453,
        51.0659724,
        51.0668026,
        51.0672412,
        51.0675260,
        51.0676185,
        51.0671930,
        51.0668488,
        51.0670172,
        51.0674705,
        51.0677480,
        51.0675815,
        51.0679422,
        51.0681087,
        51.0687284,
        51.0695016,
        51.0709111,
        51.0714013,
        51.0721504,
        51.0727137,
        51.0733992,
        51.0767947,
        51.0771181,
        51.0769564,
        51.0791906,
        51.0783234,
        51.0781764,
        51.0776914,
        51.0794699,
        51.0795433,
        51.0798226,
        51.0803076,
        51.0804105,
        51.0792200,
        51.0752155,
        51.0752055,
        51.0750547,
        51.0822018,
        51.0820548,
        51.0864270,
        51.0869964,
        51.0878047,
        51.0867393,
        51.0858391,
        51.0851043,
        51.0789315,
        51.0753794,
        51.0678684,
        51.0593911,
        51.0583993,
        51.0574513,
        51.0539595,
        51.0451927,
        51.0364652,
        51.0358776,
        51.0351190,
        51.0333849,
        51.0315641,
        51.0302263,
        51.0289725,
        51.0280587,
        51.0266594,
        51.0251916,
        51.0242807,
        51.0231898,
        51.0207521,
        51.0188103,
        51.0183634,
        51.0181223,
        51.0178893,
        51.0175395,
        51.0174405,
        51.0167535,
        51.0166166,
        51.0164256,
        51.0159986,
        51.0156367,
        51.0155557,
        51.0148808,
        51.0145988,
        51.0143618,
        51.0133439,
        51.0130730,
        51.0125160,
        51.0123020,
        51.0122221,
        51.0120241,
        51.0114551,
        51.0113451,
        51.0105092,
        51.0100093,
        51.0096583,
        51.0095253,
        51.0091514,
        51.0090174,
        51.0085405,
        51.0081635,
        51.0077165,
        51.0075266,
        51.0072246,
        51.0069086,
        51.0067867,
        51.0065117,
        51.0064467,
        51.0053708,
        51.0034290,
        51.0031201,
        51.0018502,
        51.0009233,
        51.0003504,
        51.0003664,
        50.9993435,
        50.9985046,
        50.9978517,
        50.9972797,
        50.9966508,
        50.9959259,
        50.9940751,
        50.9939991,
        50.9939841,
        50.9945097,
        50.9941892,
        50.9940519,
        50.9959974,
        50.9965468,
        50.9987745,
        50.9992742,
        50.9999571,
        51.0005521,
        51.0009604,
        51.0015783,
        51.0016661,
        51.0022078,
        51.0007124,
        51.0000792,
        50.9993200,
        50.9991789,
        50.9988203,
        50.9981413,
        50.9980878,
        50.9984961,
        50.9985418,
        50.9996138,
        50.9991636,
        50.9990644,
        50.9991026,
        50.9985227,
        50.9978437,
        50.9972487,
        50.9967908,
        50.9968825,
        50.9972487,
        50.9976492,
        50.9976454,
        50.9975080,
        50.9965620,
        50.9971418,
        50.9966497,
        50.9969167,
        50.9963712,
        50.9961843,
        50.9968024,
        50.9976529,
        50.9986334,
        50.9993047,
        51.0005637,
        51.0015478,
        51.0019026,
        51.0028066,
        51.0029593,
        51.0030089,
        51.0031157,
        51.0034247,
        51.0025701,
        51.0023031,
        50.9999571,
        50.9998122,
        50.9995451,
        50.9984579,
        50.9978475,
        50.9977712,
        50.9977178,
        50.9976988,
        50.9975386,
        50.9972371,
        50.9966917,
        50.9961080,
        50.9956540,
        50.9953374,
        50.9951085,
        50.9949827,
        50.9944829,
        50.9939375,
        50.9931383,
        50.9946762,
        50.9949781,
        50.9946335,
        50.9940128,
        50.9940013,
        50.9943718,
        50.9949304,
        50.9943909,
        50.9922634,
        50.9929154,
        50.9930563,
        50.9928450,
        50.9912976,
        50.9913015,
        50.9911184,
        50.9908933,
        50.9906721,
        50.9902563,
        50.9908437,
        50.9905652,
        50.9913740,
        50.9916410,
        50.9917630,
        50.9918356,
        50.9918966,
        50.9924230,
        50.9923276,
        50.9918699,
        50.9907712,
        50.9914464,
        50.9912634,
        50.9901838,
        50.9897794,
        50.9891500,
        50.9877424,
        50.9878835,
        50.9877843,
        50.9870251,
        50.9873761,
        50.9876470,
        50.9880170,
        50.9883337,
        50.9886503,
        50.9887800,
        50.9887304,
        50.9884595,
        50.9877805,
        50.9888143,
        50.9891271,
        50.9894018,
        50.9896230,
        50.9896649,
        50.9896154,
        50.9894361
      ],