{
  "id": 1675311,
  "name": "Barenburg",
  "polygon": {
    "numberOfPoints": 191,
    "box": {
      "min": {
        "x": 52.5961532,
        "y": 8.7491982
      },
      "max": {
        "x": 52.6457612,
        "y": 8.8677816
      },
      "center": {
        "x": 52.6209572,
        "y": 8.8084899
      },
      "area": {
        "x": 0.0496080,
        "y": 0.1185834
      }
    },
    "pointsx": [
      52.6378435,
      52.6377170,
      52.6375840,
      52.6374939,
      52.6374039,
      52.6372088,
      52.6369579,
      52.6366654,
      52.6364374,
      52.6361956,
      52.6359923,
      52.6358219,
      52.6356048,
      52.6354620,
      52.6353575,
      52.6351734,
      52.6350525,
      52.6349042,
      52.6346981,
      52.6345277,
      52.6343189,
      52.6340194,
      52.6337116,
      52.6333874,
      52.6331923,
      52.6330631,
      52.6316584,
      52.6314908,
      52.6309252,
      52.6305707,
      52.6301036,
      52.6293698,
      52.6287735,
      52.6279417,
      52.6274105,
      52.6270186,
      52.6265265,
      52.6265031,
      52.6258922,
      52.6257929,
      52.6255771,
      52.6251391,
      52.6249715,
      52.6245388,
      52.6241718,
      52.6239309,
      52.6236808,
      52.6233717,
      52.6228989,
      52.6228035,
      52.6224120,
      52.6220361,
      52.6219199,
      52.6218715,
      52.6216714,
      52.6202338,
      52.6197799,
      52.6190486,
      52.6183907,
      52.6183809,
      52.6177906,
      52.6173463,
      52.6173487,
      52.6178354,
      52.6185669,
      52.6199177,
      52.6204711,
      52.6207507,
      52.6212237,
      52.6217788,
      52.6216969,
      52.6213420,
      52.6210234,
      52.6207142,
      52.6208496,
      52.6207390,
      52.6209508,
      52.6210510,
      52.6210636,
      52.6207089,
      52.6200822,
      52.6196929,
      52.6196276,
      52.6197582,
      52.6187785,
      52.6188065,
      52.6181161,
      52.6177522,
      52.6154942,
      52.6154008,
      52.6168191,
      52.6168098,
      52.6128395,
      52.6119654,
      52.6118451,
      52.6103879,
      52.6105125,
      52.6098312,
      52.6092619,
      52.6091410,
      52.6077436,
      52.6081542,
      52.6064382,
      52.6060196,
      52.6043813,
      52.6049075,
      52.6040464,
      52.6014392,
      52.6010810,
      52.5969572,
      52.5964655,
      52.5965713,
      52.5978262,
      52.5982163,
      52.5982183,
      52.5982108,
      52.5961532,
      52.5983494,
      52.6003034,
      52.6015512,
      52.6028929,
      52.6045017,
      52.6050566,
      52.6055637,
      52.6062046,
      52.6065586,
      52.6074483,
      52.6082806,
      52.6089216,
      52.6093042,
      52.6099069,
      52.6102417,
      52.6107774,
      52.6122314,
      52.6123270,
      52.6125566,
      52.6133410,
      52.6138223,
      52.6148752,
      52.6167362,
      52.6175946,
      52.6159101,
      52.6188285,
      52.6217345,
      52.6230230,
      52.6246256,
      52.6233571,
      52.6273059,
      52.6291464,
      52.6293012,
      52.6293487,
      52.6291996,
      52.6291573,
      52.6292677,
      52.6293955,
      52.6308578,
      52.6318397,
      52.6324793,
      52.6329664,
      52.6351475,
      52.6377262,
      52.6384124,
      52.6389120,
      52.6414324,
      52.6415250,
      52.6453012,
      52.6457612,
      52.6442308,
      52.6438000,
      52.6428354,
      52.6440165,
      52.6439830,
      52.6438622,
      52.6429334,
      52.6433353,
      52.6406272,
      52.6405500,
      52.6404600,
      52.6391206,
      52.6387675,
      52.6385653,
      52.6382887,
      52.6342240,
      52.6350754,
      52.6356320,
      52.6356687,
      52.6351496,
      52.6354891,
      52.6355300,
      52.6356239,
      52.6364668
    ],
    "pointsy": [
      8.8258634,
      8.8262999,
      8.8267644,
      8.8271566,
      8.8276619,
      8.8284959,
      8.8294040,
      8.8303170,
      8.8308513,
      8.8313946,
      8.8318202,
      8.8322322,
      8.8328570,
      8.8332735,
      8.8336855,
      8.8344643,
      8.8350710,
      8.8358452,
      8.8368775,
      8.8375204,
      8.8382086,
      8.8390100,
      8.8396755,
      8.8402596,
      8.8405041,
      8.8405720,
      8.8410975,
      8.8411456,
      8.8412919,
      8.8413372,
      8.8413507,
      8.8413281,
      8.8412330,
      8.8410619,
      8.8410277,
      8.8410751,
      8.8411715,
      8.8415112,
      8.8442344,
      8.8445720,
      8.8453553,
      8.8471014,
      8.8482863,
      8.8518051,
      8.8554524,
      8.8553850,
      8.8574593,
      8.8586875,
      8.8598557,
      8.8604398,
      8.8615582,
      8.8630884,
      8.8638811,
      8.8643862,
      8.8667077,
      8.8665244,
      8.8660945,
      8.8659797,
      8.8658764,
      8.8662557,
      8.8677816,
      8.8653456,
      8.8649807,
      8.8632489,
      8.8604120,
      8.8588864,
      8.8577254,
      8.8562189,
      8.8520714,
      8.8493128,
      8.8476187,
      8.8429110,
      8.8429560,
      8.8395356,
      8.8391130,
      8.8388859,
      8.8388084,
      8.8377680,
      8.8370692,
      8.8320388,
      8.8320996,
      8.8270314,
      8.8243573,
      8.8235735,
      8.8235735,
      8.8251257,
      8.8251411,
      8.8236042,
      8.8233737,
      8.8224209,
      8.8159816,
      8.8149980,
      8.8150026,
      8.8121115,
      8.8121542,
      8.8075480,
      8.8074511,
      8.8052752,
      8.8023348,
      8.8023858,
      8.7961032,
      8.7959495,
      8.7871702,
      8.7873277,
      8.7789193,
      8.7787421,
      8.7750991,
      8.7698414,
      8.7701947,
      8.7618349,
      8.7607159,
      8.7603565,
      8.7574863,
      8.7567248,
      8.7564765,
      8.7562013,
      8.7505169,
      8.7499246,
      8.7491982,
      8.7527362,
      8.7567764,
      8.7618789,
      8.7640606,
      8.7651161,
      8.7656202,
      8.7647853,
      8.7653996,
      8.7662031,
      8.7672428,
      8.7689757,
      8.7735126,
      8.7758126,
      8.7766318,
      8.7776558,
      8.7767736,
      8.7759229,
      8.7741585,
      8.7744667,
      8.7799312,
      8.7828019,
      8.7811719,
      8.7737721,
      8.7716059,
      8.7698166,
      8.7751676,
      8.7741698,
      8.7687923,
      8.7662779,
      8.7743112,
      8.7743349,
      8.7744521,
      8.7745056,
      8.7752955,
      8.7763233,
      8.7774861,
      8.7763641,
      8.7754769,
      8.7750617,
      8.7747639,
      8.7744558,
      8.7733186,
      8.7731565,
      8.7731325,
      8.7732448,
      8.7735161,
      8.7735980,
      8.7775226,
      8.7775014,
      8.7793454,
      8.7793348,
      8.7845310,
      8.7847341,
      8.7846766,
      8.7856883,
      8.7878079,
      8.7889851,
      8.7891540,
      8.7890566,
      8.7896371,
      8.7892627,
      8.7899114,
      8.7898266,
      8.7904942,
      8.7990811,
      8.8049917,
      8.8053517,
      8.8052708,
      8.8144215,
      8.8155226,
      8.8185047,
      8.8247767
    ]
  }
}