{
  "id": 1797683,
  "name": "Beedenbostel",
  "polygon": {
    "numberOfPoints": 149,
    "box": {
      "min": {
        "x": 52.6314679,
        "y": 10.2107176
      },
      "max": {
        "x": 52.6727277,
        "y": 10.2976585
      },
      "center": {
        "x": 52.6520978,
        "y": 10.25418805
      },
      "area": {
        "x": 0.0412598,
        "y": 0.0869409
      }
    },
    "pointsx": [
      52.6672159,
      52.6645160,
      52.6634353,
      52.6630725,
      52.6625284,
      52.6620382,
      52.6495684,
      52.6483942,
      52.6479390,
      52.6474283,
      52.6473938,
      52.6477623,
      52.6438285,
      52.6448584,
      52.6399050,
      52.6388677,
      52.6384787,
      52.6376772,
      52.6371517,
      52.6364848,
      52.6344475,
      52.6372629,
      52.6330817,
      52.6336195,
      52.6325727,
      52.6318807,
      52.6314679,
      52.6330859,
      52.6334562,
      52.6334594,
      52.6331402,
      52.6327702,
      52.6334458,
      52.6349022,
      52.6341957,
      52.6333925,
      52.6340960,
      52.6342022,
      52.6341238,
      52.6342861,
      52.6342133,
      52.6338741,
      52.6348959,
      52.6363910,
      52.6373513,
      52.6383904,
      52.6385456,
      52.6389609,
      52.6395655,
      52.6406046,
      52.6414110,
      52.6422131,
      52.6427016,
      52.6431999,
      52.6435177,
      52.6435657,
      52.6429198,
      52.6438747,
      52.6443735,
      52.6463020,
      52.6467759,
      52.6469773,
      52.6472738,
      52.6483167,
      52.6491405,
      52.6498978,
      52.6508678,
      52.6515183,
      52.6519424,
      52.6523303,
      52.6537872,
      52.6545523,
      52.6546095,
      52.6541814,
      52.6541014,
      52.6545568,
      52.6548126,
      52.6547971,
      52.6543148,
      52.6538298,
      52.6525398,
      52.6521003,
      52.6520411,
      52.6524268,
      52.6529743,
      52.6541723,
      52.6551243,
      52.6558756,
      52.6562940,
      52.6570127,
      52.6574992,
      52.6578539,
      52.6581816,
      52.6584878,
      52.6589973,
      52.6594852,
      52.6597951,
      52.6598907,
      52.6599545,
      52.6602592,
      52.6640920,
      52.6650206,
      52.6662713,
      52.6674438,
      52.6685839,
      52.6704783,
      52.6719197,
      52.6624118,
      52.6619630,
      52.6618551,
      52.6622755,
      52.6625601,
      52.6630499,
      52.6633341,
      52.6633033,
      52.6630049,
      52.6626635,
      52.6626620,
      52.6623573,
      52.6618531,
      52.6616322,
      52.6615145,
      52.6612643,
      52.6605656,
      52.6596791,
      52.6590863,
      52.6582987,
      52.6586490,
      52.6594994,
      52.6608423,
      52.6612503,
      52.6616052,
      52.6621665,
      52.6622493,
      52.6620228,
      52.6615019,
      52.6616676,
      52.6640866,
      52.6656655,
      52.6675239,
      52.6714643,
      52.6725597,
      52.6727277,
      52.6725928,
      52.6720404,
      52.6700090,
      52.6694183,
      52.6682723,
      52.6677235
    ],
    "pointsy": [
      10.2107176,
      10.2123436,
      10.2130672,
      10.2139828,
      10.2236120,
      10.2241796,
      10.2288454,
      10.2297378,
      10.2307150,
      10.2332615,
      10.2340568,
      10.2351216,
      10.2370549,
      10.2424422,
      10.2442382,
      10.2445530,
      10.2441977,
      10.2407540,
      10.2396849,
      10.2396230,
      10.2404531,
      10.2505331,
      10.2518250,
      10.2544392,
      10.2544092,
      10.2544926,
      10.2549111,
      10.2563687,
      10.2569989,
      10.2576874,
      10.2581601,
      10.2584937,
      10.2589606,
      10.2608440,
      10.2613056,
      10.2610243,
      10.2628001,
      10.2636465,
      10.2651071,
      10.2665748,
      10.2675020,
      10.2678881,
      10.2712222,
      10.2743637,
      10.2756137,
      10.2744219,
      10.2736174,
      10.2729754,
      10.2732339,
      10.2749510,
      10.2778492,
      10.2772701,
      10.2776114,
      10.2780047,
      10.2776697,
      10.2771030,
      10.2758275,
      10.2756315,
      10.2759904,
      10.2787322,
      10.2794519,
      10.2801980,
      10.2808609,
      10.2822171,
      10.2834980,
      10.2841573,
      10.2845129,
      10.2853584,
      10.2867999,
      10.2867597,
      10.2856661,
      10.2856024,
      10.2861207,
      10.2869690,
      10.2875866,
      10.2880821,
      10.2886234,
      10.2890879,
      10.2891425,
      10.2884912,
      10.2886770,
      10.2886469,
      10.2892822,
      10.2903955,
      10.2910832,
      10.2916523,
      10.2926963,
      10.2938894,
      10.2939362,
      10.2933203,
      10.2928870,
      10.2930008,
      10.2936821,
      10.2953615,
      10.2966509,
      10.2976493,
      10.2976585,
      10.2965730,
      10.2938057,
      10.2927539,
      10.2884994,
      10.2878379,
      10.2876129,
      10.2868619,
      10.2852419,
      10.2812737,
      10.2788906,
      10.2645142,
      10.2636401,
      10.2627113,
      10.2613457,
      10.2592011,
      10.2586770,
      10.2578026,
      10.2570051,
      10.2567598,
      10.2568576,
      10.2545326,
      10.2536412,
      10.2530455,
      10.2516615,
      10.2513473,
      10.2512437,
      10.2515681,
      10.2514326,
      10.2520356,
      10.2520544,
      10.2514031,
      10.2510003,
      10.2507494,
      10.2501962,
      10.2491041,
      10.2483073,
      10.2476070,
      10.2476419,
      10.2485777,
      10.2471633,
      10.2393650,
      10.2341738,
      10.2294586,
      10.2202400,
      10.2179967,
      10.2171332,
      10.2163991,
      10.2155431,
      10.2135024,
      10.2128957,
      10.2113046,
      10.2109036
    ]
  }
}