{
  "id": 1808965,
  "name": "Bomlitz",
  "polygon": {
    "numberOfPoints": 482,
    "box": {
      "min": {
        "x": 52.8706452,
        "y": 9.5900792
      },
      "max": {
        "x": 52.9704210,
        "y": 9.7205935
      },
      "center": {
        "x": 52.9205331,
        "y": 9.65533635
      },
      "area": {
        "x": 0.0997758,
        "y": 0.1305143
      }
    },
    "pointsx": [
      52.9285681,
      52.9305882,
      52.9319881,
      52.9338878,
      52.9373285,
      52.9394922,
      52.9398162,
      52.9405181,
      52.9407011,
      52.9410751,
      52.9410291,
      52.9427879,
      52.9485592,
      52.9550175,
      52.9552585,
      52.9555744,
      52.9546286,
      52.9541026,
      52.9551935,
      52.9552045,
      52.9559214,
      52.9564294,
      52.9569323,
      52.9545066,
      52.9537967,
      52.9535417,
      52.9535187,
      52.9535067,
      52.9535037,
      52.9535037,
      52.9535297,
      52.9536827,
      52.9537017,
      52.9539497,
      52.9545337,
      52.9551126,
      52.9552126,
      52.9565134,
      52.9567804,
      52.9570774,
      52.9572723,
      52.9574973,
      52.9581452,
      52.9580733,
      52.9585042,
      52.9587332,
      52.9590572,
      52.9592401,
      52.9599161,
      52.9601260,
      52.9599121,
      52.9598661,
      52.9598781,
      52.9599581,
      52.9601101,
      52.9602631,
      52.9606440,
      52.9606860,
      52.9607590,
      52.9619029,
      52.9625178,
      52.9628838,
      52.9636007,
      52.9639247,
      52.9647946,
      52.9650846,
      52.9651916,
      52.9660425,
      52.9672783,
      52.9674843,
      52.9695101,
      52.9699871,
      52.9704210,
      52.9677371,
      52.9669570,
      52.9665164,
      52.9650240,
      52.9637355,
      52.9606478,
      52.9601286,
      52.9593591,
      52.9580760,
      52.9570620,
      52.9564362,
      52.9558970,
      52.9556428,
      52.9555977,
      52.9555847,
      52.9554020,
      52.9547627,
      52.9545473,
      52.9544907,
      52.9535466,
      52.9532021,
      52.9530755,
      52.9532042,
      52.9532014,
      52.9528749,
      52.9509642,
      52.9488564,
      52.9483924,
      52.9478440,
      52.9472833,
      52.9470989,
      52.9470698,
      52.9469179,
      52.9463428,
      52.9456336,
      52.9447452,
      52.9439924,
      52.9432024,
      52.9422599,
      52.9415997,
      52.9412674,
      52.9410806,
      52.9396098,
      52.9392414,
      52.9391047,
      52.9390752,
      52.9389556,
      52.9385955,
      52.9374624,
      52.9369718,
      52.9366018,
      52.9365507,
      52.9366330,
      52.9365196,
      52.9361429,
      52.9350932,
      52.9347756,
      52.9344079,
      52.9339294,
      52.9333686,
      52.9327482,
      52.9318704,
      52.9315484,
      52.9310136,
      52.9300252,
      52.9292373,
      52.9288862,
      52.9288214,
      52.9271615,
      52.9261716,
      52.9255769,
      52.9252290,
      52.9247227,
      52.9239451,
      52.9235358,
      52.9232895,
      52.9230974,
      52.9227834,
      52.9226818,
      52.9221798,
      52.9215580,
      52.9217683,
      52.9218059,
      52.9216661,
      52.9214715,
      52.9204779,
      52.9200436,
      52.9177124,
      52.9171892,
      52.9161338,
      52.9147502,
      52.9141226,
      52.9137964,
      52.9136539,
      52.9136990,
      52.9139148,
      52.9142539,
      52.9144046,
      52.9144084,
      52.9139639,
      52.9131239,
      52.9127264,
      52.9124550,
      52.9121223,
      52.9117651,
      52.9113136,
      52.9111682,
      52.9110779,
      52.9111559,
      52.9084380,
      52.9040020,
      52.9028074,
      52.9016956,
      52.9010219,
      52.9003760,
      52.8994920,
      52.8988322,
      52.8978299,
      52.8964090,
      52.8951460,
      52.8943508,
      52.8938266,
      52.8936102,
      52.8936154,
      52.8938121,
      52.8929470,
      52.8919321,
      52.8903644,
      52.8888937,
      52.8878599,
      52.8849363,
      52.8831977,
      52.8822696,
      52.8817703,
      52.8809280,
      52.8802801,
      52.8798428,
      52.8773395,
      52.8766897,
      52.8762404,
      52.8759389,
      52.8756638,
      52.8752186,
      52.8743983,
      52.8726742,
      52.8721924,
      52.8719576,
      52.8716887,
      52.8714546,
      52.8709826,
      52.8706452,
      52.8709662,
      52.8707461,
      52.8716774,
      52.8723730,
      52.8730100,
      52.8740704,
      52.8745850,
      52.8749112,
      52.8750382,
      52.8751090,
      52.8752457,
      52.8754816,
      52.8758955,
      52.8768445,
      52.8761012,
      52.8760292,
      52.8761567,
      52.8767900,
      52.8770059,
      52.8770762,
      52.8769454,
      52.8764912,
      52.8757368,
      52.8771638,
      52.8785587,
      52.8802043,
      52.8812903,
      52.8817834,
      52.8818051,
      52.8815557,
      52.8810155,
      52.8803067,
      52.8794412,
      52.8785515,
      52.8789248,
      52.8794823,
      52.8793950,
      52.8792565,
      52.8785280,
      52.8786653,
      52.8784456,
      52.8783559,
      52.8785542,
      52.8785700,
      52.8785812,
      52.8786703,
      52.8787357,
      52.8787602,
      52.8787436,
      52.8786113,
      52.8783726,
      52.8781581,
      52.8781689,
      52.8781166,
      52.8781161,
      52.8782221,
      52.8784451,
      52.8783970,
      52.8782009,
      52.8778217,
      52.8774941,
      52.8771954,
      52.8767604,
      52.8764265,
      52.8763548,
      52.8762873,
      52.8763302,
      52.8763817,
      52.8766818,
      52.8766609,
      52.8763987,
      52.8763733,
      52.8763917,
      52.8765100,
      52.8768585,
      52.8772084,
      52.8772868,
      52.8774088,
      52.8774749,
      52.8776796,
      52.8777452,
      52.8778338,
      52.8780170,
      52.8779919,
      52.8777988,
      52.8775499,
      52.8769279,
      52.8762057,
      52.8761582,
      52.8760202,
      52.8760121,
      52.8760742,
      52.8761789,
      52.8762427,
      52.8761845,
      52.8760869,
      52.8762231,
      52.8762394,
      52.8762487,
      52.8764192,
      52.8764488,
      52.8764926,
      52.8765583,
      52.8767607,
      52.8768567,
      52.8769027,
      52.8770412,
      52.8772072,
      52.8772306,
      52.8772160,
      52.8772031,
      52.8771957,
      52.8774151,
      52.8776524,
      52.8777076,
      52.8779089,
      52.8780225,
      52.8780679,
      52.8782460,
      52.8783973,
      52.8784478,
      52.8784923,
      52.8785342,
      52.8786216,
      52.8786785,
      52.8787103,
      52.8787109,
      52.8787991,
      52.8789962,
      52.8790138,
      52.8791181,
      52.8792568,
      52.8792903,
      52.8794054,
      52.8794582,
      52.8794807,
      52.8794836,
      52.8794977,
      52.8795174,
      52.8795004,
      52.8795159,
      52.8795076,
      52.8795123,
      52.8796223,
      52.8796744,
      52.8796829,
      52.8797933,
      52.8798427,
      52.8798814,
      52.8799272,
      52.8799924,
      52.8800481,
      52.8803219,
      52.8805366,
      52.8807314,
      52.8811405,
      52.8816968,
      52.8816864,
      52.8817578,
      52.8819143,
      52.8819041,
      52.8819641,
      52.8820966,
      52.8822686,
      52.8822480,
      52.8822741,
      52.8822730,
      52.8823117,
      52.8824961,
      52.8827214,
      52.8834899,
      52.8845041,
      52.8855962,
      52.8858476,
      52.8859139,
      52.8860770,
      52.8859328,
      52.8858940,
      52.8858228,
      52.8858630,
      52.8860410,
      52.8863166,
      52.8873598,
      52.8876346,
      52.8876621,
      52.8877414,
      52.8878374,
      52.8884288,
      52.8886656,
      52.8888291,
      52.8888302,
      52.8891525,
      52.8891437,
      52.8895966,
      52.8900084,
      52.8899871,
      52.8906045,
