{
  "id": 1808862,
  "name": "Eickeloh",
  "polygon": {
    "numberOfPoints": 144,
    "box": {
      "min": {
        "x": 52.7155878,
        "y": 9.5757854
      },
      "max": {
        "x": 52.7523854,
        "y": 9.6626249
      },
      "center": {
        "x": 52.7339866,
        "y": 9.61920515
      },
      "area": {
        "x": 0.0367976,
        "y": 0.0868395
      }
    },
    "pointsx": [
      52.7385868,
      52.7380069,
      52.7368498,
      52.7356552,
      52.7347430,
      52.7344035,
      52.7342625,
      52.7342509,
      52.7344638,
      52.7346039,
      52.7345869,
      52.7343092,
      52.7337299,
      52.7331544,
      52.7324601,
      52.7318976,
      52.7319110,
      52.7317843,
      52.7315552,
      52.7311025,
      52.7306335,
      52.7293683,
      52.7286655,
      52.7253447,
      52.7244837,
      52.7240296,
      52.7238515,
      52.7238449,
      52.7239691,
      52.7240661,
      52.7240358,
      52.7238742,
      52.7232752,
      52.7224279,
      52.7216041,
      52.7205265,
      52.7200581,
      52.7195381,
      52.7188592,
      52.7181355,
      52.7177737,
      52.7169942,
      52.7170241,
      52.7171638,
      52.7171279,
      52.7170091,
      52.7166832,
      52.7163270,
      52.7161113,
      52.7155878,
      52.7157321,
      52.7157559,
      52.7162094,
      52.7166481,
      52.7168410,
      52.7167663,
      52.7171210,
      52.7176140,
      52.7178283,
      52.7178319,
      52.7177965,
      52.7179444,
      52.7186070,
      52.7185698,
      52.7183582,
      52.7183474,
      52.7185888,
      52.7195233,
      52.7190383,
      52.7187531,
      52.7188519,
      52.7196616,
      52.7200129,
      52.7200828,
      52.7201123,
      52.7200603,
      52.7199087,
      52.7196549,
      52.7204105,
      52.7210586,
      52.7216283,
      52.7218187,
      52.7217420,
      52.7214989,
      52.7212092,
      52.7212317,
      52.7208982,
      52.7206228,
      52.7203613,
      52.7202691,
      52.7203469,
      52.7207625,
      52.7212832,
      52.7221121,
      52.7226883,
      52.7233853,
      52.7229730,
      52.7223089,
      52.7224154,
      52.7230012,
      52.7234828,
      52.7242399,
      52.7260632,
      52.7329295,
      52.7319534,
      52.7331239,
      52.7368487,
      52.7390856,
      52.7406610,
      52.7416623,
      52.7426764,
      52.7429565,
      52.7440770,
      52.7444644,
      52.7449175,
      52.7456058,
      52.7457641,
      52.7464975,
      52.7466302,
      52.7468158,
      52.7469098,
      52.7478673,
      52.7492588,
      52.7504701,
      52.7508258,
      52.7520533,
      52.7523854,
      52.7519179,
      52.7499971,
      52.7477231,
      52.7449721,
      52.7435932,
      52.7424989,
      52.7424083,
      52.7422445,
      52.7400864,
      52.7401784,
      52.7401724,
      52.7399878,
      52.7397042,
      52.7391505,
      52.7383812,
      52.7380191,
      52.7378324
    ],
    "pointsy": [
      9.5798139,
      9.5785642,
      9.5769590,
      9.5759263,
      9.5757854,
      9.5758955,
      9.5762803,
      9.5768673,
      9.5777868,
      9.5793497,
      9.5810538,
      9.5827258,
      9.5838351,
      9.5841998,
      9.5839613,
      9.5834239,
      9.5842404,
      9.5852412,
      9.5858683,
      9.5860054,
      9.5858988,
      9.5850942,
      9.5848127,
      9.5847825,
      9.5848569,
      9.5852517,
      9.5861228,
      9.5874543,
      9.5886874,
      9.5901635,
      9.5910079,
      9.5911460,
      9.5912601,
      9.5912646,
      9.5910042,
      9.5909965,
      9.5914241,
      9.5916530,
      9.5918271,
      9.5923623,
      9.5926080,
      9.5927137,
      9.5930481,
      9.5936469,
      9.5938930,
      9.5941245,
      9.5943236,
      9.5944058,
      9.5943877,
      9.5940220,
      9.5941565,
      9.5948950,
      9.5971499,
      9.5990314,
      9.5999050,
      9.6006576,
      9.6010061,
      9.6014996,
      9.6021039,
      9.6031061,
      9.6049238,
      9.6066009,
      9.6129954,
      9.6134530,
      9.6140227,
      9.6144234,
      9.6148134,
      9.6156712,
      9.6169816,
      9.6183233,
      9.6193842,
      9.6208130,
      9.6217916,
      9.6224588,
      9.6227237,
      9.6259873,
      9.6267153,
      9.6270409,
      9.6271663,
      9.6279058,
      9.6304477,
      9.6329393,
      9.6345881,
      9.6355913,
      9.6357828,
      9.6347485,
      9.6336251,
      9.6343202,
      9.6355747,
      9.6369436,
      9.6382590,
      9.6399150,
      9.6409573,
      9.6415288,
      9.6417330,
      9.6415755,
      9.6424643,
      9.6428181,
      9.6450848,
      9.6497357,
      9.6517005,
      9.6529703,
      9.6548713,
      9.6598135,
      9.6626249,
      9.6615947,
      9.6586524,
      9.6562647,
      9.6546453,
      9.6535927,
      9.6522556,
      9.6520308,
      9.6515891,
      9.6513227,
      9.6503782,
      9.6491221,
      9.6486624,
      9.6460013,
      9.6444398,
      9.6415914,
      9.6410880,
      9.6393425,
      9.6367497,
      9.6346636,
      9.6339436,
      9.6312628,
      9.6309607,
      9.6304188,
      9.6283062,
      9.6258288,
      9.6228034,
      9.6211526,
      9.5992829,
      9.5974658,
      9.5900925,
      9.5912356,
      9.5867249,
      9.5844330,
      9.5830697,
      9.5824071,
      9.5818554,
      9.5809714,
      9.5803507,
      9.5794172
    ]
  }
}