{
  "numberOfPolygons": 1,
  "box": {
    "min": {
      "x": 52.6590735,
      "y": 9.4806572
    },
    "max": {
      "x": 52.7270667,
      "y": 9.6024432
    },
    "center": {
      "x": 52.6930701,
      "y": 9.5415502
    }
  },
  "polygons": [
    {
      "numberOfPoints": 432,
      "box": {
        "min": {
          "x": 52.6590735,
          "y": 9.4806572
        },
        "max": {
          "x": 52.7270667,
          "y": 9.6024432
        },
        "center": {
          "x": 52.6930701,
          "y": 9.5415502
        }
      },
      "pointsx": [
        52.6712878,
        52.6714142,
        52.6711352,
        52.6704713,
        52.6682015,
        52.6680875,
        52.6681145,
        52.6682555,
        52.6682555,
        52.6681445,
        52.6679305,
        52.6677326,
        52.6673966,
        52.6655428,
        52.6661268,
        52.6655578,
        52.6653179,
        52.6645739,
        52.6632771,
        52.6631781,
        52.6631051,
        52.6629371,
        52.6633881,
        52.6633191,
        52.6648259,
        52.6648109,
        52.6647529,
        52.6646429,
        52.6643189,
        52.6627811,
        52.6627099,
        52.6626671,
        52.6625251,
        52.6599266,
        52.6597065,
        52.6594555,
        52.6593705,
        52.6590735,
        52.6591575,
        52.6595085,
        52.6599044,
        52.6609468,
        52.6603158,
        52.6615262,
        52.6619762,
        52.6623421,
        52.6627661,
        52.6631740,
        52.6647228,
        52.6672256,
        52.6679955,
        52.6681824,
        52.6684914,
        52.6705672,
        52.6706512,
        52.6709291,
        52.6710321,
        52.6711962,
        52.6713261,
        52.6717800,
        52.6719900,
        52.6722570,
        52.6723830,
        52.6724550,
        52.6724860,
        52.6725319,
        52.6725349,
        52.6725959,
        52.6732178,
        52.6739778,
        52.6763615,
        52.6789826,
        52.6790160,
        52.6809925,
        52.6845965,
        52.6862355,
        52.6883184,
        52.6906654,
        52.6942635,
        52.6943974,
        52.6951334,
        52.6961793,
        52.6965142,
        52.6966442,
        52.6969262,
        52.6985400,
        52.6998219,
        52.7000008,
        52.7006158,
        52.7010577,
        52.7017066,
        52.7017216,
        52.7017976,
        52.7020884,
        52.7022554,
        52.7037752,
        52.7041042,
        52.7025076,
        52.7024333,
        52.7025773,
        52.7025286,
        52.7026985,
        52.7027445,
        52.7027635,
        52.7028885,
        52.7029574,
        52.7030564,
        52.7035524,
        52.7039453,
        52.7049751,
        52.7127883,
        52.7166298,
        52.7203144,
        52.7270667,
        52.7261304,
        52.7260304,
        52.7258511,
        52.7257579,
        52.7253451,
        52.7246851,
        52.7243946,
        52.7243074,
        52.7243064,
        52.7250732,
        52.7257726,
        52.7261315,
        52.7261944,
        52.7260891,
        52.7258719,
        52.7251854,
        52.7212707,
        52.7229599,
        52.7212197,
        52.7217135,
        52.7224148,
        52.7235970,
        52.7240250,
        52.7242949,
        52.7242896,
        52.7240786,
        52.7236874,
        52.7233725,
        52.7232291,
        52.7234438,
        52.7234399,
        52.7234768,
        52.7232217,
        52.7229295,
        52.7230530,
        52.7227219,
        52.7224162,
        52.7220116,
        52.7213202,
        52.7189358,
        52.7181768,
        52.7176161,
        52.7168656,
        52.7159950,
        52.7158996,
        52.7156258,
        52.7151354,
        52.7146711,
        52.7144504,
        52.7142671,
        52.7140095,
        52.7135748,
        52.7128652,
        52.7133066,
        52.7133503,
        52.7137546,
        52.7139639,
        52.7148787,
        52.7150586,
        52.7158475,
        52.7158547,
        52.7160062,
        52.7160785,
        52.7164214,
        52.7167163,
        52.7170737,
        52.7171023,
        52.7171745,
        52.7174130,
        52.7177833,
        52.7182740,
        52.7179957,
        52.7177433,
        52.7175505,
        52.7179919,
        52.7180649,
        52.7182797,
        52.7185129,
        52.7187308,
        52.7190738,
        52.7189027,
        52.7185875,
        52.7183189,
        52.7179934,
        52.7176994,
        52.7175488,
        52.7175263,
        52.7170969,
        52.7166141,
        52.7172938,
        52.7172864,
        52.7169163,
        52.7134920,
        52.7135168,
        52.7134508,
        52.7134469,
        52.7132672,
        52.7126876,
        52.7120802,
        52.7114252,
        52.7109225,
        52.7099476,
        52.7088936,
        52.7078598,
        52.7075425,
        52.7074717,
        52.7077374,
        52.7084206,
        52.7089013,
        52.7093880,
        52.7099535,
        52.7109080,
        52.7113132,
        52.7117037,
        52.7121292,
        52.7119905,
        52.7125548,
        52.7124483,
        52.7121383,
        52.7116054,
        52.7114061,
        52.7113830,
        52.7112837,
        52.7109853,
        52.7099904,
        52.7090055,
        52.7081345,
        52.7076667,
        52.7071779,
        52.7066159,
        52.7059316,
        52.7056107,
        52.7052905,
        52.7050793,
        52.7049770,
        52.7044297,
        52.7034325,
        52.7029638,
        52.7023953,
        52.7021967,
        52.7014895,
        52.7011298,
        52.7008163,
        52.7005374,
        52.7002014,
        52.6998044,
        52.6997555,
        52.6998105,
        52.6994715,
        52.6990009,
        52.6994972,
        52.6998678,
        52.7000521,
        52.6998626,
        52.6992756,
        52.6987855,
        52.6977210,
        52.6976329,
        52.6972130,
        52.6967090,
        52.6963336,
        52.6963442,
        52.6963719,
        52.6968479,
        52.6973782,
        52.6978632,
        52.6980517,
        52.6983288,
        52.6985130,
        52.6987642,
        52.6988539,
        52.6988213,
        52.6987586,
        52.6986156,
        52.6985006,
        52.6980534,
        52.6978005,
        52.6977460,
        52.6976176,
        52.6975417,
        52.6971195,
        52.6963452,
        52.6959843,
        52.6957264,
        52.6951737,
        52.6949247,
        52.6949405,
        52.6950293,
        52.6951496,
        52.6955194,
        52.6956136,
        52.6956913,
        52.6964430,
        52.6968248,
        52.6969719,
        52.6970576,
        52.6971455,
        52.6972928,
        52.6977218,
        52.6978540,
        52.6977766,
        52.6974574,
        52.6971510,
        52.6967512,
        52.6963255,
        52.6959155,
        52.6945470,
        52.6943035,
        52.6939048,
        52.6936037,
        52.6934623,
        52.6931509,
        52.6928406,
        52.6925702,
        52.6924502,
        52.6924098,
        52.6916302,
        52.6913773,
        52.6904412,
        52.6900133,
        52.6898879,
        52.6897637,
        52.6891327,
        52.6888473,
        52.6887486,
        52.6876497,
        52.6870110,
        52.6867755,
        52.6860693,
        52.6858247,
        52.6853564,
        52.6852009,
        52.6853259,
        52.6854047,
        52.6863242,
        52.6868663,
        52.6873821,
        52.6875294,
        52.6875230,
        52.6874107,
        52.6872161,
        52.6866325,
        52.6859925,
        52.6858101,
        52.6857303,
        52.6855922,
        52.6853083,
        52.6850597,
        52.6848944,
        52.6835239,
        52.6842873,
        52.6847486,
        52.6848042,
        52.6850294,
        52.6836297,
        52.6836222,
        52.6829336,
