{
  "id": 1817198,
  "name": "Ankum",
  "polygon": {
    "numberOfPoints": 117,
    "box": {
      "min": {
        "x": 52.4755394,
        "y": 7.8143970
      },
      "max": {
        "x": 52.6060038,
        "y": 7.9390017
      },
      "center": {
        "x": 52.5407716,
        "y": 7.87669935
      },
      "area": {
        "x": 0.1304644,
        "y": 0.1246047
      }
    },
    "pointsx": [
      52.4767909,
      52.4812697,
      52.5034986,
      52.5048783,
      52.5053853,
      52.5026023,
      52.5028759,
      52.5036665,
      52.5050702,
      52.5050741,
      52.5070845,
      52.5065435,
      52.5079576,
      52.5089045,
      52.5116803,
      52.5118778,
      52.5154100,
      52.5169333,
      52.5183455,
      52.5245457,
      52.5261804,
      52.5267483,
      52.5274617,
      52.5286921,
      52.5288275,
      52.5312959,
      52.5312995,
      52.5327501,
      52.5332888,
      52.5346489,
      52.5347814,
      52.5396293,
      52.5417631,
      52.5417669,
      52.5461402,
      52.5486909,
      52.5504008,
      52.5487109,
      52.5493837,
      52.5504106,
      52.5511328,
      52.5496421,
      52.5507120,
      52.5504436,
      52.5515898,
      52.5531780,
      52.5531787,
      52.5543402,
      52.5611010,
      52.5663920,
      52.5733511,
      52.5748507,
      52.5769502,
      52.5830402,
      52.5898398,
      52.5991252,
      52.5982917,
      52.6033538,
      52.6059295,
      52.6060038,
      52.6013964,
      52.6019079,
      52.5991723,
      52.5958879,
      52.5972695,
      52.5967305,
      52.5957373,
      52.5945108,
      52.5933709,
      52.5913301,
      52.5901576,
      52.5850642,
      52.5862836,
      52.5891531,
      52.5864510,
      52.5827137,
      52.5786311,
      52.5763614,
      52.5724777,
      52.5709824,
      52.5724777,
      52.5706542,
      52.5686968,
      52.5692749,
      52.5681619,
      52.5623889,
      52.5594601,
      52.5591347,
      52.5547817,
      52.5473360,
      52.5476208,
      52.5425749,
      52.5374878,
      52.5341503,
      52.5324029,
      52.5310133,
      52.5280009,
      52.5255343,
      52.5234014,
      52.5205156,
      52.5160330,
      52.5128427,
      52.5102254,
      52.5011882,
      52.4897828,
      52.4807654,
      52.4810470,
      52.4808656,
      52.4804430,
      52.4800536,
      52.4782386,
      52.4776377,
      52.4760382,
      52.4755394,
      52.4759558,
      52.4760605,
      52.4760605
    ],
    "pointsy": [
      7.8924263,
      7.8932844,
      7.8999339,
      7.9043151,
      7.9114024,
      7.9147259,
      7.9175508,
      7.9179064,
      7.9179032,
      7.9188897,
      7.9199996,
      7.9214866,
      7.9232435,
      7.9207469,
      7.9235358,
      7.9230156,
      7.9262922,
      7.9279766,
      7.9385986,
      7.9390017,
      7.9383523,
      7.9379698,
      7.9340329,
      7.9341520,
      7.9329772,
      7.9329037,
      7.9325679,
      7.9326339,
      7.9318689,
      7.9315358,
      7.9230038,
      7.9149575,
      7.9152450,
      7.9150764,
      7.9138068,
      7.9104664,
      7.9078067,
      7.9060303,
      7.9047383,
      7.9056685,
      7.9046149,
      7.9024477,
      7.8946511,
      7.8943792,
      7.8918697,
      7.8892737,
      7.8892451,
      7.8880202,
      7.8849107,
      7.8848358,
      7.9020245,
      7.9054790,
      7.9098985,
      7.9191418,
      7.9257687,
      7.9257763,
      7.9176541,
      7.9171423,
      7.9139160,
      7.9083016,
      7.9058618,
      7.9039875,
      7.9017355,
      7.8991906,
      7.8969097,
      7.8946631,
      7.8953594,
      7.8935730,
      7.8929110,
      7.8827434,
      7.8769021,
      7.8757874,
      7.8684296,
      7.8510190,
      7.8523438,
      7.8478016,
      7.8515868,
      7.8493302,
      7.8545203,
      7.8528170,
      7.8497888,
      7.8483501,
      7.8465627,
      7.8459147,
      7.8344675,
      7.8332663,
      7.8319281,
      7.8280471,
      7.8285824,
      7.8296530,
      7.8278463,
      7.8249690,
      7.8259727,
      7.8228947,
      7.8173413,
      7.8166144,
      7.8146057,
      7.8143970,
      7.8160467,
      7.8199647,
      7.8266125,
      7.8313434,
      7.8352243,
      7.8376989,
      7.8438751,
      7.8486461,
      7.8600193,
      7.8662960,
      7.8688916,
      7.8701336,
      7.8746644,
      7.8795455,
      7.8833766,
      7.8849984,
      7.8863036,
      7.8881073,
      7.8922406
    ]
  }
}