{"id":186896,"name":"Lindenfels","polygon":{"numberOfPoints":342,"box":{"min":{"x":49.6718794,"y":8.7232006},"max":{"x":49.7383713,"y":8.8072840},"center":{"x":49.70512535,"y":8.7652423},"area":{"x":0.0664919,"y":0.0840834}},"pointsx":[49.7358995,49.7309671,49.7311731,49.7311541,49.7310781,49.7309631,49.7301392,49.7296812,49.7293113,49.7290863,49.7287243,49.7280454,49.7273275,49.7269885,49.7263396,49.7258936,49.7251037,49.7253560,49.7244722,49.7231006,49.7222400,49.7215676,49.7208684,49.7201288,49.7193828,49.7189032,49.7182766,49.7180057,49.7175261,49.7166998,49.7162591,49.7162453,49.7158115,49.7161849,49.7149696,49.7122757,49.7112455,49.7107511,49.7100486,49.7087875,49.7082713,49.7072386,49.7060729,49.7058107,49.7057361,49.7048515,49.7037616,49.7032871,49.7026765,49.7019278,49.7016591,49.7009428,49.7004262,49.7001300,49.6998958,49.6996145,49.6993792,49.6989246,49.6982564,49.6972507,49.6961004,49.6959557,49.6959488,49.6957697,49.6948122,49.6943024,49.6920893,49.6916449,49.6911228,49.6903010,49.6900787,49.6897895,49.6896180,49.6894438,49.6891863,49.6889570,49.6875954,49.6865971,49.6861914,49.6855670,49.6851436,49.6847909,49.6824741,49.6819142,49.6807774,49.6799589,49.6797825,49.6794403,49.6796245,49.6795142,49.6788251,49.6784379,49.6783634,49.6778328,49.6776743,49.6774814,49.6774951,49.6778466,49.6783806,49.6785605,49.6790086,49.6786487,49.6785464,49.6783770,49.6775832,49.6771386,49.6764471,49.6761083,49.6759213,49.6756637,49.6749616,49.6745382,49.6741877,49.6740977,49.6740724,49.6742523,49.6751451,49.6754026,49.6761013,49.6762847,49.6762812,49.6760025,49.6754838,49.6752086,49.6753038,49.6754019,49.6738284,49.6735542,49.6730309,49.6734761,49.6738321,49.6738696,49.6741712,49.6757990,49.6759497,49.6761930,49.6764471,49.6767223,49.6770680,49.6776026,49.6770642,49.6769565,49.6762566,49.6757317,49.6754087,49.6754083,49.6752820,49.6748023,49.6741344,49.6739828,49.6732719,49.6731144,49.6728529,49.6724841,49.6723138,49.6721199,49.6720965,49.6721468,49.6721905,49.6721858,49.6719781,49.6718933,49.6718794,49.6720464,49.6722102,49.6722513,49.6722594,49.6723201,49.6722726,49.6727886,49.6731908,49.6735648,49.6741612,49.6760136,49.6762783,49.6766946,49.6781306,49.6781730,49.6783847,49.6793197,49.6798736,49.6802511,49.6804910,49.6808967,49.6810625,49.6817999,49.6820045,49.6828653,49.6831335,49.6832852,49.6834157,49.6834686,49.6846328,49.6852396,49.6860298,49.6864602,49.6876878,49.6883759,49.6885059,49.6886569,49.6889248,49.6891468,49.6891888,49.6892096,49.6893218,49.6893882,49.6898067,49.6902377,49.6903676,49.6904626,49.6905886,49.6907406,49.6909626,49.6912405,49.6921794,49.6927706,49.6931333,49.6932933,49.6933583,49.6935772,49.6936133,49.6938692,49.6938732,49.6936513,49.6935831,49.6938503,49.6940102,49.6945062,49.6945902,49.6946092,49.6946662,49.6947812,49.6948042,49.6948382,49.6948572,49.6949032,49.6952001,49.6955671,49.6958491,49.6961160,49.6964140,49.6969059,49.6978328,49.6981298,49.6986797,49.6986228,49.6986567,49.6988697,49.6989427,49.6993397,49.6995307,49.6997016,49.6998276,49.7001676,49.7008805,49.7009755,49.7019904,49.7021664,49.7023953,49.7029327,49.7034048,49.7036120,49.7039362,49.7041691,49.7047261,49.7048251,49.7053020,49.7054240,49.7054620,49.7059119,49.7061599,49.7063129,49.7067549,49.7069158,49.7071218,49.7072628,49.7073348,49.7074148,49.7073998,49.7079147,49.7081207,49.7082587,49.7083117,49.7088116,49.7088766,49.7088416,49.7088496,49.7090976,49.7089906,49.7089986,49.7087956,49.7088606,49.7090286,49.7092696,49.7095705,49.7099595,49.7102384,49.7104634,49.7108864,49.7111493,49.7118483,49.7120122,49.7124852,49.7128131,49.7135491,49.7137820,49.7139380,49.7146209,49.7150289,49.7152929,49.7155668,49.7159788,49.7163677,49.7166577,49.7169057,49.7172536,49.7174056,49.7182105,49.7186995,49.7192174,49.7199163,49.7206062,49.7216781,49.7227299,49.7237229,49.7240889,49.7248908,49.7252907,49.7257527,49.7266185,49.7267215,49.7266716,49.7277015,49.7281744,49.7293193,49.7295333,49.7302922,49.7307651,49.7309671,49.7310131,49.7310551,49.7383713],"pointsy":[8.7902062,8.7900183,8.7860308,8.7857059,8.7853789,8.7852110,8.7845161,8.7840062,8.7836692,8.7833922,8.7827283,8.7812896,8.7803447,8.7799048,8.7789229,8.7781520,8.7757144,8.7747362,8.7743395,8.7731747,8.7723011,8.7718851,8.7719059,8.7714899,8.7714640,8.7714473,8.7711598,8.7710137,8.7707551,8.7702439,8.7687210,8.7683483,8.7669425,8.7630163,8.7600071,8.7544372,8.7522647,8.7511430,8.7501002,8.7494559,8.7484821,8.7474652,8.7465517,8.7463306,8.7462676,8.7453191,8.7436526,8.7432808,8.7425250,8.7417030,8.7382951,8.7385507,8.7385720,8.7381247,8.7371982,8.7368329,8.7365273,8.7353239,8.7340352,8.7321396,8.7309575,8.7306913,8.7304037,8.7301162,8.7301801,8.7298926,8.7285166,8.7281022,8.7275570,8.7279932,8.7279768,8.7277096,8.7274283,8.7271426,8.7268808,8.7267336,8.7279986,8.7286638,8.7282440,8.7274316,8.7270063,8.7266355,8.7247178,8.7241529,8.7236314,8.7232006,8.7240458,8.7247164,8.7266493,8.7288112,8.7294714,8.7296143,8.7296418,8.7311115,8.7319528,8.7359144,8.7368623,8.7386194,8.7394153,8.7397043,8.7396933,8.7402386,8.7405112,8.7405058,8.7417163,8.7438755,8.7443062,8.7448133,8.7449551,8.7453968,8.7453859,8.7458221,8.7466127,8.7470253,8.7474960,8.7481231,8.7494535,8.7504131,8.7514873,8.7524306,8.7528450,8.7538374,8.7551569,8.7562910,8.7573598,8.7594047,8.7619786,8.7622924,8.7647483,8.7654905,8.7666926,8.7668078,8.7665801,8.7668138,8.7664367,8.7667219,8.7674143,8.7679323,8.7695790,8.7715499,8.7716123,8.7718619,8.7716331,8.7711755,8.7714875,8.7717559,8.7719358,8.7714781,8.7710100,8.7708148,8.7706413,8.7706404,8.7707250,8.7708938,8.7709448,8.7709231,8.7712145,8.7716206,8.7716646,8.7718274,8.7724699,8.7731667,8.7735831,8.7743871,8.7755642,8.7762685,8.7771955,8.7794232,8.7801334,8.7812923,8.7818232,8.7822103,8.7828864,8.7838515,8.7841187,8.7846858,8.7869813,8.7872758,8.7873903,8.7888025,8.7892823,8.7896368,8.7900784,8.7902856,8.7908418,8.7920086,8.7921013,8.7935135,8.7937753,8.7936662,8.7938330,8.7939007,8.7940315,8.7945604,8.7949748,8.7953620,8.7957927,8.7961847,8.7960777,8.7959566,8.7957418,8.7955008,8.7953708,8.7950175,8.7931161,8.7923806,8.7912244,8.7903085,8.7898136,8.7891397,8.7885538,8.7880538,8.7874889,8.7870310,8.7858082,8.7851439,8.7847363,8.7845783,8.7845173,8.7854270,8.7855772,8.7860521,8.7876329,8.7880458,8.7903520,8.7922302,8.7927711,8.7938500,8.7941299,8.7949748,8.7953228,8.7956677,8.7957877,8.7959907,8.7973575,8.7975755,8.7981564,8.7986963,8.7989962,8.7991682,8.7992072,8.7992032,8.7989342,8.7988882,8.7992072,8.7999151,8.8003690,8.8004240,8.8004420,8.8005420,8.8012549,8.8016428,8.8015938,8.8010549,8.7999141,8.7998661,8.8009469,8.8003540,8.7993481,8.7994010,8.7997404,8.8002600,8.8011539,8.8015298,8.8024357,8.8026057,8.8034435,8.8038405,8.8039605,8.8048193,8.8051933,8.8054172,8.8059702,8.8062921,8.8070030,8.8072840,8.8071780,8.8070610,8.8067560,8.8062851,8.8059532,8.8056012,8.8052303,8.8046073,8.8043224,8.8038654,8.8029726,8.8025736,8.8020777,8.8014028,8.8011478,8.8006889,8.8004659,8.8003939,8.7997130,8.7993531,8.7991931,8.7991221,8.7980653,8.7976883,8.7969514,8.7966855,8.7962795,8.7953986,8.7944428,8.7939808,8.7938039,8.7933049,8.7931409,8.7929380,8.7924080,8.7914402,8.7909922,8.7903113,8.7898264,8.7895164,8.7893665,8.7885886,8.7882506,8.7879507,8.7877377,8.7876507,8.7864249,8.7871336,8.7878256,8.7879246,8.7860969,8.7865648,8.7873797,8.7888450,8.7891259,8.7900953,8.7915461,8.7921630,8.7925429,8.7928209,8.7939507,8.7944606,8.7948036,8.7951055,8.7976522,8.7974322]}}