{"id":1946230,"name":"Au","polygon":{"numberOfPoints":249,"box":{"min":{"x":47.9439340,"y":7.8091799},"max":{"x":47.9624361,"y":7.8556810},"center":{"x":47.95318505,"y":7.83243045},"area":{"x":0.0185021,"y":0.0465011}},"pointsx":[47.9546470,47.9553385,47.9563951,47.9564266,47.9565007,47.9568698,47.9579558,47.9584311,47.9589691,47.9590921,47.9591942,47.9591647,47.9591430,47.9591430,47.9591419,47.9591423,47.9591422,47.9591436,47.9591403,47.9591401,47.9591396,47.9591406,47.9591791,47.9591921,47.9592430,47.9592467,47.9592520,47.9592793,47.9592829,47.9593357,47.9594618,47.9594649,47.9595083,47.9595149,47.9595200,47.9595422,47.9595449,47.9595501,47.9595553,47.9596138,47.9596636,47.9596930,47.9597170,47.9602439,47.9601743,47.9601714,47.9601873,47.9597986,47.9598333,47.9600888,47.9601291,47.9600768,47.9601382,47.9601389,47.9603173,47.9603332,47.9604849,47.9610251,47.9615465,47.9620014,47.9621498,47.9621913,47.9624361,47.9623172,47.9622137,47.9620585,47.9618131,47.9617230,47.9616848,47.9616373,47.9612773,47.9608125,47.9604358,47.9595711,47.9588346,47.9584687,47.9581771,47.9577762,47.9571818,47.9569452,47.9568268,47.9567322,47.9565995,47.9565259,47.9564793,47.9562923,47.9559610,47.9557631,47.9554236,47.9552617,47.9550834,47.9549228,47.9548347,47.9547713,47.9546778,47.9541717,47.9539614,47.9535280,47.9532380,47.9528882,47.9526825,47.9525479,47.9521434,47.9518503,47.9514414,47.9512074,47.9509596,47.9506705,47.9504202,47.9502565,47.9500933,47.9500060,47.9498248,47.9496729,47.9495571,47.9494935,47.9493233,47.9492199,47.9495222,47.9499633,47.9501631,47.9503055,47.9504089,47.9505321,47.9506572,47.9507952,47.9507204,47.9506806,47.9506126,47.9505602,47.9505324,47.9505058,47.9504723,47.9504265,47.9503197,47.9501288,47.9498300,47.9490743,47.9486130,47.9486130,47.9485809,47.9485967,47.9485809,47.9485224,47.9484955,47.9485165,47.9486378,47.9485052,47.9484250,47.9482424,47.9479436,47.9476651,47.9473306,47.9471153,47.9469938,47.9467437,47.9461342,47.9460106,47.9458803,47.9458389,47.9459496,47.9461244,47.9462425,47.9465973,47.9465042,47.9459705,47.9456141,47.9454136,47.9452977,47.9451417,47.9448147,47.9445259,47.9440660,47.9439865,47.9440417,47.9440314,47.9440079,47.9439340,47.9439889,47.9441346,47.9444140,47.9444002,47.9445093,47.9449051,47.9454178,47.9456622,47.9452881,47.9454305,47.9457696,47.9461405,47.9463037,47.9467846,47.9469970,47.9476026,47.9476716,47.9478910,47.9482027,47.9482195,47.9483970,47.9483847,47.9482707,47.9483746,47.9485399,47.9488015,47.9489115,47.9490873,47.9491308,47.9491637,47.9491708,47.9492843,47.9493628,47.9494386,47.9494680,47.9495408,47.9493763,47.9494028,47.9494286,47.9496450,47.9496519,47.9496608,47.9498465,47.9498641,47.9498919,47.9501773,47.9506165,47.9508431,47.9509583,47.9511573,47.9511975,47.9512868,47.9515386,47.9519506,47.9519714,47.9519807,47.9521915,47.9523675,47.9524371,47.9527802,47.9528210,47.9528984,47.9529494,47.9530301,47.9530584,47.9531771,47.9533817,47.9534860,47.9535200,47.9536316,47.9541957],"pointsy":[7.8095091,7.8094036,7.8094936,7.8094996,7.8095136,7.8094337,7.8091983,7.8091799,7.8091824,7.8098363,7.8113460,7.8128975,7.8140394,7.8141615,7.8152498,7.8152686,7.8184109,7.8185330,7.8194852,7.8206733,7.8209920,7.8216076,7.8226196,7.8228438,7.8237229,7.8237518,7.8238168,7.8242667,7.8243262,7.8251765,7.8272161,7.8272773,7.8281249,7.8282262,7.8283044,7.8286437,7.8286860,7.8287652,7.8288038,7.8293725,7.8297013,7.8300197,7.8304221,7.8305599,7.8307900,7.8309301,7.8313194,7.8315721,7.8325386,7.8326098,7.8329935,7.8339713,7.8353805,7.8361302,7.8368599,7.8378131,7.8381715,7.8397746,7.8423584,7.8438453,7.8448889,7.8452711,7.8469023,7.8471231,7.8473458,7.8477122,7.8482464,7.8484281,7.8485308,7.8486063,7.8487446,7.8488979,7.8489411,7.8487368,7.8485987,7.8485396,7.8486427,7.8488190,7.8490900,7.8492296,7.8492961,7.8494948,7.8501328,7.8504128,7.8506073,7.8509979,7.8516729,7.8521316,7.8529564,7.8533397,7.8536655,7.8539059,7.8540536,7.8541361,7.8541546,7.8539651,7.8539479,7.8540259,7.8540542,7.8539950,7.8539845,7.8539934,7.8543294,7.8545549,7.8548979,7.8550953,7.8552589,7.8554163,7.8555596,7.8556776,7.8556810,7.8554621,7.8551924,7.8549045,7.8545851,7.8542605,7.8534530,7.8530414,7.8529977,7.8529430,7.8529060,7.8528267,7.8527248,7.8525712,7.8523904,7.8521548,7.8516672,7.8514463,7.8508012,7.8503497,7.8498296,7.8489794,7.8485887,7.8483346,7.8481600,7.8480281,7.8478408,7.8474187,7.8472044,7.8467280,7.8464802,7.8462247,7.8460141,7.8458622,7.8456858,7.8455050,7.8452879,7.8450424,7.8450170,7.8450347,7.8450857,7.8451022,7.8450041,7.8449478,7.8449027,7.8448317,7.8448846,7.8445913,7.8440394,7.8434792,7.8430723,7.8426811,7.8424624,7.8421513,7.8416839,7.8401948,7.8396646,7.8394680,7.8392731,7.8389293,7.8386298,7.8382548,7.8376450,7.8374324,7.8369551,7.8362820,7.8356874,7.8356053,7.8354970,7.8347032,7.8344742,7.8341996,7.8339598,7.8336660,7.8334605,7.8328793,7.8319588,7.8317879,7.8311376,7.8301821,7.8300441,7.8298788,7.8297795,7.8291410,7.8289477,7.8281034,7.8281782,7.8269668,7.8257053,7.8255778,7.8253483,7.8247078,7.8245320,7.8243582,7.8245125,7.8240990,7.8239862,7.8239091,7.8238909,7.8235999,7.8236900,7.8235281,7.8234653,7.8233097,7.8231208,7.8230546,7.8229898,7.8224483,7.8224310,7.8224151,7.8220841,7.8220463,7.8219973,7.8214968,7.8207266,7.8203263,7.8201227,7.8197711,7.8197000,7.8190808,7.8192010,7.8185449,7.8185060,7.8184920,7.8181754,7.8179207,7.8177013,7.8166187,7.8164899,7.8161877,7.8159885,7.8156797,7.8155633,7.8150998,7.8143010,7.8139633,7.8138533,7.8133785,7.8112289]}}