{"id":1946738,"name":"Mohlsdorf-Teichwolframsdorf","polygon":{"numberOfPoints":484,"box":{"min":{"x":50.6443078,"y":12.1546800},"max":{"x":50.7583862,"y":12.3224028},"center":{"x":50.7013470,"y":12.2385414},"area":{"x":0.1140784,"y":0.1677228}},"pointsx":[50.7583862,50.7548466,50.7531758,50.7511708,50.7486099,50.7474250,50.7458064,50.7463932,50.7459540,50.7433713,50.7418194,50.7411332,50.7415392,50.7418709,50.7422029,50.7426461,50.7429398,50.7435587,50.7437171,50.7435043,50.7434295,50.7431468,50.7428804,50.7424227,50.7421442,50.7414863,50.7413166,50.7408045,50.7403895,50.7399617,50.7396894,50.7393448,50.7383177,50.7384384,50.7385624,50.7384738,50.7383708,50.7382449,50.7378409,50.7370620,50.7367950,50.7360471,50.7357542,50.7342773,50.7334804,50.7331975,50.7332555,50.7327705,50.7332055,50.7335795,50.7337354,50.7337624,50.7339154,50.7340374,50.7313857,50.7340334,50.7341175,50.7342274,50.7343914,50.7348194,50.7356163,50.7357953,50.7370092,50.7370702,50.7371192,50.7367193,50.7338156,50.7328817,50.7323928,50.7299131,50.7295401,50.7292302,50.7290592,50.7289102,50.7288722,50.7288696,50.7288597,50.7286542,50.7283073,50.7281583,50.7278423,50.7270904,50.7264075,50.7262475,50.7260835,50.7259385,50.7255375,50.7254046,50.7251146,50.7248666,50.7245956,50.7242567,50.7238707,50.7235548,50.7231268,50.7222539,50.7216240,50.7212880,50.7198882,50.7186223,50.7193772,50.7177483,50.7170164,50.7159215,50.7150556,50.7144367,50.7142387,50.7140557,50.7139908,50.7132009,50.7128239,50.7126019,50.7119770,50.7116870,50.7104742,50.7102292,50.7087074,50.7081084,50.7075285,50.7071494,50.7065066,50.7058387,50.7054808,50.7045949,50.7037060,50.7030461,50.7026921,50.7019322,50.7000484,50.7001094,50.7001054,50.6999984,50.6985796,50.6981336,50.6975457,50.6964778,50.6961838,50.6958939,50.6953559,50.6948450,50.6945130,50.6939251,50.6933342,50.6931362,50.6926662,50.6923543,50.6919763,50.6903165,50.6876959,50.6876119,50.6867690,50.6861280,50.6862890,50.6874059,50.6875469,50.6875969,50.6875589,50.6871470,50.6870360,50.6868570,50.6867390,50.6857811,50.6853312,50.6852242,50.6851632,50.6851132,50.6851822,50.6850873,50.6858612,50.6857812,50.6854222,50.6850873,50.6851063,50.6851403,50.6853083,50.6858692,50.6863842,50.6865252,50.6865062,50.6862432,50.6859072,50.6838085,50.6838665,50.6838965,50.6839155,50.6837975,50.6837595,50.6839655,50.6839505,50.6838395,50.6837096,50.6834886,50.6831526,50.6829086,50.6824467,50.6825917,50.6826687,50.6829127,50.6833546,50.6835496,50.6838626,50.6843695,50.6849901,50.6848235,50.6842936,50.6841176,50.6835187,50.6832097,50.6829427,50.6824048,50.6813869,50.6788952,50.6781543,50.6776212,50.6763813,50.6760986,50.6759099,50.6754666,50.6723183,50.6723345,50.6718705,50.6708770,50.6700871,50.6694852,50.6672765,50.6668945,50.6664106,50.6644338,50.6640788,50.6634825,50.6632749,50.6630759,50.6630149,50.6632519,50.6631749,50.6630609,50.6631139,50.6632819,50.6628629,50.6626679,50.6623929,50.6620270,50.6618900,50.6618320,50.6613860,50.6607761,50.6600552,50.6584604,50.6573385,50.6570905,50.6562976,50.6553207,50.6545728,50.6530359,50.6530049,50.6529749,50.6516060,50.6509112,50.6505562,50.6497173,50.6494613,50.6494273,50.6491443,50.6482904,50.6479584,50.6478704,50.6477525,50.6477904,50.6485153,50.6479394,50.6483853,50.6472335,50.6468825,50.6466195,50.6465165,50.6467565,50.6471575,50.6475354,50.6479774,50.6475044,50.6471455,50.6463865,50.6460056,50.6454446,50.6451087,50.6447387,50.6443078,50.6467201,50.6459098,50.6480054,50.6514140,50.6531182,50.6551575,50.6579231,50.6566102,50.6574762,50.6580628,50.6572527,50.6578952,50.6570013,50.6580100,50.6572033,50.6568467,50.6572258,50.6587811,50.6603822,50.6619669,50.6623123,50.6632281,50.6634886,50.6652677,50.6653832,50.6658139,50.6673360,50.6710225,50.6750748,50.6765956,50.6772348,50.6779130,50.6780879,50.6784341,50.6784840,50.6777641,50.6771920,50.6764139,50.6744192,50.6753663,50.6772273,50.6801089,50.6817797,50.6871474,50.6873853,50.6887308,50.6890450,50.6893163,50.6897842,50.6906529,50.6910365,50.6915994,50.6927016,50.7002721,50.7042511,50.7082844,50.7074668,50.7055541,50.7058048,50.7059482,50.7058048,50.7053822,50.7052643,50.7046576,50.7046355,50.7055009,50.7062337,50.7066051,50.7072008,50.7074264,50.7063225,50.7063381,50.7066189,50.7076633,50.7068984,50.7073430,50.7076862,50.7081399,50.7088964,50.7093958,50.7108557,50.7104407,50.7106903,50.7113962,50.7090922,50.7098482,50.7106502,50.7113180,50.7124411,50.7141548,50.7146404,50.7151707,50.7153634,50.7142596,50.7136109,50.7135302,50.7138971,50.7144927,50.7154412,50.7167977,50.7170293,50.7173822,50.7179005,50.7187497,50.7193893,50.7199848,50.7203817,50.7207126,50.7215617,50.7221020,50.7227305,50.7231496,50.7234032,50.7235686,50.7235355,50.7230724,50.7223887,50.7218484,50.7209441,50.7214845,50.7218374,50.7221020,50.7226423,50.7228188,50.7236458,50.7244507,50.7257077,50.7267883,50.7267442,50.7270419,50.7271411,50.7270529,50.7268214,50.7267993,50.7268777,50.7268699,50.7266516,50.7283902,50.7286865,50.7281485,50.7276418,50.7279536,50.7283590,50.7273143,50.7259733,50.7260598,50.7259974,50.7256621,50.7254906,50.7251554,50.7248903,50.7248981,50.7249838,50.7249994,50.7249214,50.7247967,50.7243211,50.7236973,50.7232295,50.7228786,50.7219663,50.7243679,50.7237790,50.7241062,50.7247818,50.7262113,50.7268547,50.7276103,50.7276155,50.7288394,50.7303278,50.7312208,50.7319264,50.7338557,50.7342195,50.7351684,50.7362865,50.7367230,50.7375649,50.7373887,50.7381261,50.7371595,50.7390918,50.7397752,50.7405377,50.7407555,50.7428251,50.7445133,50.7458203,50.7476718,50.7530081,50.7551315,50.7569282,50.7561660,50.7556760,50.7566016,50.7568738],