{
  "numberOfPolygons": 1,
  "box": {
    "min": {
      "x": 53.3177638,
      "y": 10.4753142
    },
    "max": {
      "x": 53.3519209,
      "y": 10.5736396
    },
    "center": {
      "x": 53.33484235,
      "y": 10.5244769
    }
  },
  "polygons": [
    {
      "numberOfPoints": 159,
      "box": {
        "min": {
          "x": 53.3177638,
          "y": 10.4753142
        },
        "max": {
          "x": 53.3519209,
          "y": 10.5736396
        },
        "center": {
          "x": 53.33484235,
          "y": 10.5244769
        }
      },
      "pointsx": [
        53.3308500,
        53.3455311,
        53.3457496,
        53.3465203,
        53.3466782,
        53.3456443,
        53.3455629,
        53.3454214,
        53.3451627,
        53.3451149,
        53.3451242,
        53.3451485,
        53.3451666,
        53.3450659,
        53.3447937,
        53.3447364,
        53.3445920,
        53.3444291,
        53.3442147,
        53.3442534,
        53.3448580,
        53.3449212,
        53.3449504,
        53.3450001,
        53.3450117,
        53.3450954,
        53.3453079,
        53.3453858,
        53.3455405,
        53.3456931,
        53.3459888,
        53.3461338,
        53.3463331,
        53.3472239,
        53.3474293,
        53.3476847,
        53.3477386,
        53.3480764,
        53.3481981,
        53.3482692,
        53.3482848,
        53.3482429,
        53.3481010,
        53.3477998,
        53.3472344,
        53.3466965,
        53.3481917,
        53.3519209,
        53.3517754,
        53.3508295,
        53.3490285,
        53.3484464,
        53.3484100,
        53.3471911,
        53.3468631,
        53.3445936,
        53.3436786,
        53.3429078,
        53.3414786,
        53.3427772,
        53.3429939,
        53.3430748,
        53.3433702,
        53.3438717,
        53.3440814,
        53.3430626,
        53.3419965,
        53.3420766,
        53.3410749,
        53.3401130,
        53.3404564,
        53.3398850,
        53.3412497,
        53.3411018,
        53.3399791,
        53.3399786,
        53.3393812,
        53.3381843,
        53.3377138,
        53.3364203,
        53.3354980,
        53.3352058,
        53.3348363,
        53.3340312,
        53.3333655,
        53.3327687,
        53.3321901,
        53.3319678,
        53.3315321,
        53.3314021,
        53.3314466,
        53.3317242,
        53.3325512,
        53.3333146,
        53.3342473,
        53.3346234,
        53.3349143,
        53.3349344,
        53.3348407,
        53.3345615,
        53.3344646,
        53.3339896,
        53.3337142,
        53.3338677,
        53.3336157,
        53.3334934,
        53.3333911,
        53.3321391,
        53.3316748,
        53.3316504,
        53.3323259,
        53.3322219,
        53.3319038,
        53.3312867,
        53.3308315,
        53.3304070,
        53.3298454,
        53.3296610,
        53.3293835,
        53.3292296,
        53.3292187,
        53.3287385,
        53.3278824,
        53.3259870,
        53.3202003,
        53.3201039,
        53.3199927,
        53.3200495,
        53.3203073,
        53.3202347,
        53.3200597,
        53.3177638,
        53.3227941,
        53.3225132,
        53.3223056,
        53.3223140,
        53.3226191,
        53.3226226,
        53.3227098,
        53.3245837,
        53.3252151,
        53.3259785,
        53.3269135,
        53.3269999,
        53.3271667,
        53.3273275,
        53.3289730,
        53.3291110,
        53.3291722,
        53.3293032,
        53.3293344,
        53.3294266,
        53.3295985,
        53.3299979,
        53.3303375,
        53.3306327,
        53.3308493,
        53.3309620,
        53.3309771
      ],
      "pointsy": [
        10.5509371,
        10.5726734,
        10.5728161,
        10.5736396,
        10.5727303,
        10.5695693,
        10.5689145,
        10.5684857,
        10.5677220,
        10.5670334,
        10.5664349,
        10.5655443,
        10.5648856,
        10.5644525,
        10.5639511,
        10.5635436,
        10.5628937,
        10.5623440,
        10.5613010,
        10.5604613,
        10.5587281,
        10.5582926,
        10.5580915,
        10.5544815,
        10.5536421,
        10.5511074,
        10.5494590,
        10.5488657,
        10.5481989,
        10.5477854,
        10.5470720,
        10.5467999,
        10.5465976,
        10.5461215,
        10.5458057,
        10.5450883,
        10.5449370,
        10.5438413,
        10.5431517,
        10.5424484,
        10.5421109,
        10.5417219,
        10.5413860,
        10.5409034,
        10.5399998,
        10.5391017,
        10.5377487,
        10.5345488,
        10.5296118,
        10.5255586,
        10.5223587,
        10.5201340,
        10.5158065,
        10.5106257,
        10.5076987,
        10.5070298,
        10.5082487,
        10.5084397,
        10.5032198,
        10.5027423,
        10.5019760,
        10.5006678,
        10.4964253,
        10.4914152,
        10.4899401,
        10.4857308,
        10.4812332,
        10.4803593,
        10.4803593,
        10.4819838,
        10.4804607,
        10.4778596,
        10.4775443,
        10.4763845,
        10.4755850,
        10.4753142,
        10.4753350,
        10.4759451,
        10.4764276,
        10.4783821,
        10.4797715,
        10.4816268,
        10.4824180,
        10.4829861,
        10.4837865,
        10.4849905,
        10.4861096,
        10.4866794,
        10.4879298,
        10.4886786,
        10.4892904,
        10.4898700,
        10.4910102,
        10.4927133,
        10.4935713,
        10.4943722,
        10.4950833,
        10.4959961,
        10.4984096,
        10.5001035,
        10.5022420,
        10.5026961,
        10.5049483,
        10.5059466,
        10.5067821,
        10.5075124,
        10.5082050,
        10.5116334,
        10.5115371,
        10.5152616,
        10.5156055,
        10.5161241,
        10.5168843,
        10.5178742,
        10.5187038,
        10.5203648,
        10.5230851,
        10.5247216,
        10.5252788,
        10.5258835,
        10.5261607,
        10.5260650,
        10.5254315,
        10.5229102,
        10.5193216,
        10.5193424,
        10.5194641,
        10.5215261,
        10.5274438,
        10.5288906,
        10.5296180,
        10.5387790,
        10.5377848,
        10.5384483,
        10.5393578,
        10.5402318,
        10.5409210,
        10.5409482,
        10.5412685,
        10.5405796,
        10.5411472,
        10.5419309,
        10.5428855,
        10.5429337,
        10.5429719,
        10.5430181,
        10.5444166,
        10.5439987,
        10.5438902,
        10.5439535,
        10.5444156,
        10.5447463,
        10.5450820,
        10.5454939,
        10.5459031,
        10.5465871,
        10.5471632,
        10.5483599,
        10.5493483
      ]
    }
  ]
}