{"id":2012780,"name":"Samern","polygon":{"numberOfPoints":79,"box":{"min":{"x":52.2643814,"y":7.2110586},"max":{"x":52.3384328,"y":7.3075881},"center":{"x":52.3014071,"y":7.25932335},"area":{"x":0.0740514,"y":0.0965295}},"pointsx":[52.2900363,52.2926301,52.2956817,52.2981274,52.2985164,52.2996873,52.3008661,52.3046927,52.3102461,52.3102920,52.3114179,52.3124708,52.3137747,52.3167963,52.3186771,52.3190131,52.3197110,52.3204279,52.3206989,52.3208928,52.3211408,52.3232816,52.3241125,52.3265392,52.3276761,52.3287739,52.3286290,52.3308997,52.3310247,52.3328755,52.3327265,52.3345733,52.3367850,52.3380434,52.3381209,52.3383149,52.3384328,52.3368819,52.3343510,52.3307626,52.3267941,52.3284092,52.3250656,52.3248382,52.3245924,52.3226207,52.3209839,52.3192244,52.3127175,52.3096069,52.3068646,52.3050635,52.3010109,52.3019524,52.3007243,52.2994962,52.2951155,52.2889736,52.2837728,52.2788136,52.2792436,52.2730176,52.2675179,52.2646681,52.2646557,52.2645059,52.2643814,52.2667169,52.2674092,52.2725365,52.2744473,52.2818046,52.2818046,52.2847874,52.2815150,52.2816019,52.2806172,52.2804724,52.2838607],"pointsy":[7.3075881,7.3059014,7.3038657,7.3021669,7.3018470,7.3002692,7.2989864,7.2954029,7.2900377,7.2901967,7.2891758,7.2882880,7.2872861,7.2850235,7.2837196,7.2835977,7.2830288,7.2823259,7.2819489,7.2817139,7.2814180,7.2788404,7.2779685,7.2749040,7.2735222,7.2721774,7.2719594,7.2689379,7.2692528,7.2669752,7.2666942,7.2642536,7.2613330,7.2600483,7.2599692,7.2597922,7.2596033,7.2594243,7.2595189,7.2571501,7.2519953,7.2477229,7.2474296,7.2474513,7.2475308,7.2471753,7.2451000,7.2367319,7.2333847,7.2314433,7.2327822,7.2326483,7.2293680,7.2274266,7.2259538,7.2278282,7.2272257,7.2285646,7.2278282,7.2194267,7.2179204,7.2110586,7.2110837,7.2111608,7.2125628,7.2175747,7.2182680,7.2206761,7.2332412,7.2535962,7.2563774,7.2670873,7.2699749,7.2722470,7.2755606,7.2780222,7.2808624,7.2824245,7.2905192]}}