{"id":2012699,"name":"Barsinghausen","polygon":{"numberOfPoints":302,"box":{"min":{"x":52.2605270,"y":9.3990321},"max":{"x":52.4006094,"y":9.5683804},"center":{"x":52.3305682,"y":9.48370625},"area":{"x":0.1400824,"y":0.1693483}},"pointsx":[52.3637746,52.3627956,52.3609664,52.3597678,52.3585530,52.3572924,52.3554362,52.3552785,52.3542079,52.3525273,52.3506616,52.3494270,52.3482462,52.3473886,52.3463586,52.3448428,52.3431094,52.3418748,52.3408747,52.3399327,52.3392582,52.3379997,52.3371345,52.3362901,52.3358512,52.3361081,52.3348487,52.3342966,52.3343338,52.3343374,52.3342575,52.3341762,52.3340156,52.3338437,52.3336803,52.3332937,52.3330716,52.3325239,52.3323358,52.3322108,52.3319168,52.3315849,52.3303840,52.3298341,52.3296241,52.3292051,52.3289302,52.3295371,52.3294181,52.3292661,52.3280643,52.3277893,52.3274573,52.3268744,52.3264394,52.3262525,52.3260615,52.3256115,52.3251536,52.3249356,52.3247106,52.3243407,52.3239637,52.3233948,52.3231928,52.3220709,52.3217651,52.3211319,52.3216425,52.3210791,52.3206411,52.3204311,52.3203741,52.3199432,52.3196222,52.3191440,52.3180514,52.3172922,52.3158714,52.3154692,52.3148277,52.3147064,52.3142818,52.3140829,52.3138094,52.3133200,52.3130950,52.3122371,52.3120691,52.3119161,52.3116301,52.3109362,52.3106123,52.3101503,52.3097424,52.3093874,52.3089604,52.3087425,52.3082775,52.3078276,52.3074281,52.3068297,52.3061579,52.3056594,52.3051142,52.3048702,52.3038468,52.3033868,52.3028915,52.3026380,52.3019204,52.3016323,52.3004725,52.3000494,52.2995605,52.2991294,52.2986525,52.2979887,52.2972908,52.2970318,52.2965468,52.2961102,52.2952585,52.2946476,52.2943551,52.2941281,52.2940941,52.2938704,52.2935140,52.2932607,52.2922057,52.2909958,52.2905448,52.2901615,52.2894924,52.2891988,52.2888868,52.2882197,52.2874268,52.2872019,52.2865113,52.2861391,52.2857420,52.2853342,52.2851083,52.2849279,52.2844984,52.2838247,52.2833855,52.2829763,52.2823335,52.2817686,52.2812506,52.2809946,52.2808187,52.2804397,52.2799308,52.2796598,52.2794687,52.2793388,52.2792089,52.2788389,52.2787739,52.2785149,52.2783280,52.2781340,52.2780187,52.2779310,52.2778026,52.2775121,52.2773592,52.2771261,52.2766072,52.2760411,52.2755053,52.2753223,52.2749294,52.2744864,52.2741815,52.2740555,52.2739865,52.2745054,52.2747084,52.2748984,52.2749294,52.2749024,52.2748264,52.2747464,52.2745285,52.2744985,52.2745285,52.2745215,52.2743575,52.2741665,52.2735596,52.2723237,52.2707979,52.2702490,52.2698440,52.2698170,52.2690661,52.2680662,52.2678683,52.2669294,52.2662695,52.2654416,52.2643587,52.2642177,52.2641147,52.2641193,52.2620793,52.2681824,52.2681007,52.2672391,52.2605270,52.2648272,52.2662512,52.2672385,52.2682439,52.2697485,52.2718998,52.2781975,52.2777943,52.2777503,52.2777121,52.2784594,52.2786906,52.2791767,52.2850184,52.2880625,52.2877437,52.2899539,52.2901188,52.2895036,52.2918259,52.2920433,52.2941069,52.2937086,52.2982834,52.2982775,52.3014656,52.3021394,52.3021052,52.3037855,52.3073085,52.3094828,52.3098009,52.3088818,52.3117041,52.3155611,52.3150905,52.3184529,52.3192636,52.3269349,52.3273384,52.3275075,52.3284349,52.3335693,52.3326928,52.3342435,52.3355244,52.3417938,52.3436137,52.3459694,52.3478601,52.3496798,52.3518364,52.3499849,52.3533212,52.3565546,52.3587228,52.3622032,52.3694650,52.3738141,52.3744203,52.3773471,52.3798087,52.3806501,52.3838165,52.3850633,52.3867826,52.3928850,52.3973369,52.3979251,52.3993557,52.4004275,52.4004420,52.4006094,52.3970110,52.3936423,52.3897270,52.3882917,52.3878471,52.3854301,52.3819912,52.3766506,52.3760252,52.3708159,52.3684970,52.3673898,52.3645078,52.3633905],"pointsy":[9.4384434,9.4371960,9.4347891,9.4333050,9.4319359,9.4306974,9.4289488,9.4294642,9.4285467,9.4269309,9.4252899,9.4241358,9.4231178,9.4224176,9.4218289,9.4209194,9.4199471,9.4189994,9.4181233,9.4171574,9.4164057,9.4147123,9.4134234,9.4120888,9.4113555,9.4109507,9.4090480,9.4081480,9.4071953,9.4065964,9.4059788,9.4053250,9.4044295,9.4037570,9.4031558,9.4018377,9.4012220,9.3995913,9.3990321,9.3990378,9.3992377,9.3994217,9.3994327,9.3995227,9.3996257,9.3996167,9.3994287,9.4004826,9.4006406,9.4007605,9.4008285,9.4007965,9.4008615,9.4011685,9.4015484,9.4018434,9.4020234,9.4021314,9.4026663,9.4026523,9.4026003,9.4026283,9.4026763,9.4029233,9.4030642,9.4039651,9.4044448,9.4049346,9.4061273,9.4066107,9.4069717,9.4070687,9.4071457,9.4072027,9.4072666,9.4073983,9.4076677,9.4074496,9.4075732,9.4075959,9.4081391,9.4085543,9.4090662,9.4095574,9.4101421,9.4105862,9.4107082,9.4106702,9.4107152,9.4107362,9.4107622,9.4101383,9.4100313,9.4099443,9.4099533,9.4100593,9.4100523,9.4099394,9.4095814,9.4094964,9.4096105,9.4093710,9.4089210,9.4088365,9.4088144,9.4089621,9.4093450,9.4097321,9.4100820,9.4101656,9.4103188,9.4099754,9.4088263,9.4087136,9.4086466,9.4085831,9.4085440,9.4087646,9.4089556,9.4091936,9.4097295,9.4102937,9.4112868,9.4115521,9.4120578,9.4126641,9.4128581,9.4134232,9.4137997,9.4138576,9.4129079,9.4128773,9.4131323,9.4133720,9.4136180,9.4138813,9.4140845,9.4144312,9.4156027,9.4158063,9.4168899,9.4173345,9.4177190,9.4180215,9.4183291,9.4186408,9.4193520,9.4204270,9.4210562,9.4216624,9.4224357,9.4229167,9.4237435,9.4241955,9.4245684,9.4258012,9.4263951,9.4267311,9.4270740,9.4275640,9.4283319,9.4292907,9.4294847,9.4302896,9.4309335,9.4316364,9.4321968,9.4330782,9.4334869,9.4339790,9.4344798,9.4349199,9.4356308,9.4364941,9.4374035,9.4376635,9.4382124,9.4390953,9.4395692,9.4400751,9.4405251,9.4410950,9.4414949,9.4424628,9.4430227,9.4432936,9.4439185,9.4453763,9.4467191,9.4472430,9.4478619,9.4484269,9.4487808,9.4490378,9.4498187,9.4512265,9.4532222,9.4547089,9.4559708,9.4560587,9.4583134,9.4611860,9.4616949,9.4645865,9.4665912,9.4687249,9.4715894,9.4718454,9.4719654,9.4721226,9.4723700,9.4823499,9.4838851,9.4826802,9.4942551,9.5012724,9.5044353,9.5077174,9.5102979,9.5135978,9.5154304,9.5156040,9.5191317,9.5201111,9.5235680,9.5239751,9.5247567,9.5258648,9.5281046,9.5293291,9.5319996,9.5344961,9.5350805,9.5371110,9.5393607,9.5403626,9.5414900,9.5439334,9.5475977,9.5482236,9.5484626,9.5484877,9.5459676,9.5461311,9.5463673,9.5478543,9.5432622,9.5404387,9.5400139,9.5395285,9.5351193,9.5345767,9.5273289,9.5271857,9.5267822,9.5259607,9.5261620,9.5287130,9.5475799,9.5480212,9.5643505,9.5683224,9.5668881,9.5683804,9.5651228,9.5655641,9.5602682,9.5586759,9.5475486,9.5372678,9.5319396,9.5259843,9.5239237,9.5286571,9.5335117,9.5368594,9.5348357,9.5306895,9.5229437,9.5133463,9.5044620,9.4991405,9.4973381,9.4964369,9.4933853,9.4891899,9.4870145,9.4851089,9.4826408,9.4800867,9.4736694,9.4758586,9.4760454,9.4728605,9.4679883,9.4589142,9.4578571,9.4488902,9.4453068,9.4438210,9.4403290,9.4388664]}}