{
  "numberOfPolygons": 1,
  "box": {
    "min": {
      "x": 52.5070925,
      "y": 6.9428358
    },
    "max": {
      "x": 52.5570060,
      "y": 7.0000087
    },
    "center": {
      "x": 52.53204925,
      "y": 6.97142225
    }
  },
  "polygons": [
    {
      "numberOfPoints": 131,
      "box": {
        "min": {
          "x": 52.5070925,
          "y": 6.9428358
        },
        "max": {
          "x": 52.5570060,
          "y": 7.0000087
        },
        "center": {
          "x": 52.53204925,
          "y": 6.97142225
        }
      },
      "pointsx": [
        52.5386515,
        52.5496496,
        52.5515461,
        52.5529366,
        52.5542442,
        52.5531880,
        52.5542272,
        52.5552738,
        52.5556868,
        52.5570060,
        52.5567161,
        52.5553772,
        52.5543092,
        52.5526476,
        52.5538173,
        52.5544508,
        52.5542978,
        52.5542773,
        52.5540891,
        52.5537013,
        52.5533524,
        52.5530967,
        52.5528770,
        52.5527611,
        52.5523662,
        52.5522381,
        52.5520040,
        52.5518626,
        52.5512768,
        52.5513208,
        52.5505618,
        52.5459610,
        52.5446567,
        52.5417902,
        52.5417998,
        52.5417514,
        52.5413364,
        52.5406905,
        52.5400424,
        52.5398240,
        52.5386598,
        52.5377854,
        52.5374147,
        52.5371069,
        52.5366678,
        52.5363796,
        52.5363276,
        52.5361154,
        52.5359077,
        52.5354409,
        52.5350050,
        52.5346466,
        52.5343607,
        52.5337486,
        52.5335146,
        52.5331819,
        52.5324635,
        52.5320698,
        52.5317246,
        52.5314891,
        52.5313364,
        52.5313113,
        52.5314296,
        52.5314894,
        52.5314599,
        52.5312682,
        52.5310432,
        52.5307128,
        52.5302709,
        52.5298287,
        52.5292607,
        52.5281252,
        52.5275903,
        52.5271539,
        52.5268134,
        52.5267229,
        52.5266908,
        52.5265555,
        52.5262440,
        52.5251513,
        52.5247313,
        52.5243593,
        52.5234815,
        52.5223194,
        52.5217645,
        52.5215047,
        52.5197959,
        52.5193084,
        52.5190858,
        52.5183665,
        52.5184925,
        52.5168728,
        52.5165065,
        52.5162600,
        52.5159192,
        52.5156391,
        52.5147244,
        52.5140907,
        52.5136801,
        52.5119037,
        52.5114682,
        52.5110431,
        52.5104466,
        52.5101918,
        52.5099184,
        52.5078732,
        52.5077274,
        52.5076355,
        52.5075212,
        52.5074448,
        52.5072921,
        52.5072374,
        52.5071705,
        52.5070925,
        52.5078167,
        52.5083293,
        52.5087773,
        52.5093681,
        52.5099994,
        52.5147806,
        52.5190387,
        52.5202426,
        52.5222326,
        52.5227787,
        52.5233051,
        52.5243770,
        52.5242381,
        52.5287135,
        52.5294756,
        52.5307071,
        52.5330057
      ],
      "pointsy": [
        7.0000087,
        6.9982230,
        6.9962350,
        6.9981614,
        6.9973331,
        6.9950382,
        6.9936714,
        6.9926012,
        6.9933672,
        6.9923936,
        6.9913743,
        6.9841163,
        6.9761961,
        6.9710777,
        6.9616695,
        6.9591034,
        6.9513250,
        6.9507094,
        6.9509267,
        6.9509991,
        6.9508210,
        6.9505318,
        6.9499120,
        6.9493106,
        6.9460255,
        6.9454469,
        6.9450811,
        6.9441522,
        6.9438153,
        6.9431619,
        6.9428358,
        6.9468687,
        6.9469235,
        6.9488968,
        6.9480873,
        6.9481410,
        6.9485937,
        6.9497776,
        6.9505249,
        6.9505439,
        6.9495448,
        6.9488064,
        6.9528466,
        6.9528351,
        6.9525485,
        6.9518108,
        6.9514876,
        6.9508276,
        6.9504933,
        6.9502629,
        6.9503159,
        6.9506308,
        6.9512147,
        6.9529397,
        6.9533562,
        6.9536563,
        6.9539723,
        6.9541271,
        6.9540423,
        6.9537052,
        6.9532280,
        6.9526671,
        6.9520044,
        6.9513767,
        6.9507649,
        6.9502255,
        6.9498717,
        6.9495976,
        6.9495633,
        6.9498543,
        6.9500281,
        6.9494614,
        6.9494541,
        6.9497639,
        6.9504573,
        6.9508945,
        6.9518469,
        6.9525690,
        6.9530317,
        6.9532991,
        6.9532934,
        6.9530614,
        6.9520089,
        6.9513408,
        6.9510484,
        6.9509897,
        6.9509977,
        6.9511801,
        6.9512783,
        6.9516946,
        6.9520926,
        6.9535292,
        6.9540839,
        6.9548290,
        6.9558981,
        6.9563841,
        6.9570139,
        6.9573696,
        6.9576239,
        6.9597729,
        6.9600303,
        6.9600684,
        6.9598917,
        6.9599539,
        6.9601516,
        6.9622155,
        6.9624567,
        6.9627163,
        6.9627393,
        6.9632047,
        6.9647376,
        6.9655736,
        6.9663672,
        6.9674673,
        6.9675572,
        6.9677452,
        6.9680088,
        6.9683776,
        6.9690243,
        6.9716485,
        6.9677137,
        6.9663982,
        6.9641774,
        6.9640830,
        6.9638802,
        6.9639199,
        6.9708773,
        6.9780172,
        6.9792330,
        6.9816347,
        6.9852653
      ]
    }
  ]
}