{"id":2014099,"name":"Holzen","polygon":{"numberOfPoints":81,"box":{"min":{"x":51.9252357,"y":9.6497141},"max":{"x":51.9684908,"y":9.6949639},"center":{"x":51.94686325,"y":9.6723390},"area":{"x":0.0432551,"y":0.0452498}},"pointsx":[51.9665024,51.9661900,51.9667320,51.9669459,51.9671319,51.9672619,51.9674989,51.9677119,51.9679218,51.9681468,51.9683228,51.9680438,51.9684908,51.9679448,51.9679178,51.9676968,51.9675519,51.9673189,51.9670519,51.9667239,51.9665300,51.9664950,51.9662890,51.9660490,51.9659040,51.9662020,51.9659350,51.9656290,51.9651477,51.9627280,51.9607753,51.9595736,51.9585221,51.9566943,51.9544909,51.9504344,51.9480304,51.9474043,51.9437228,51.9437479,51.9356826,51.9325262,51.9322006,51.9302215,51.9265636,51.9257117,51.9266889,51.9252357,51.9267641,51.9264885,51.9294448,51.9265070,51.9295543,51.9320934,51.9319709,51.9322402,51.9334098,51.9346150,51.9391359,51.9399208,51.9461923,51.9434053,51.9443098,51.9468213,51.9539154,51.9567826,51.9621110,51.9626986,51.9634800,51.9638743,51.9640423,51.9641723,51.9643863,51.9646492,51.9648822,51.9650952,51.9650572,51.9652482,51.9656066,51.9656221,51.9660929],"pointsy":[9.6674365,9.6667741,9.6661482,9.6659322,9.6657172,9.6655413,9.6651903,9.6648584,9.6645664,9.6642345,9.6640005,9.6632136,9.6624737,9.6608270,9.6603450,9.6596941,9.6591962,9.6584873,9.6576645,9.6566306,9.6561507,9.6560567,9.6557697,9.6554268,9.6551798,9.6549429,9.6541400,9.6533351,9.6524455,9.6525175,9.6521112,9.6497141,9.6501610,9.6541427,9.6574336,9.6586525,9.6508924,9.6526800,9.6554022,9.6587744,9.6506892,9.6506486,9.6550772,9.6580837,9.6576368,9.6622685,9.6630404,9.6695817,9.6737259,9.6747416,9.6792108,9.6875160,9.6871071,9.6883642,9.6933717,9.6933749,9.6915006,9.6949639,9.6919736,9.6882881,9.6778755,9.6745365,9.6706490,9.6722528,9.6698700,9.6647280,9.6652485,9.6724307,9.6714585,9.6711725,9.6713424,9.6711854,9.6711445,9.6710615,9.6707095,9.6704176,9.6702256,9.6698566,9.6691657,9.6691357,9.6682269]}}