{"id":215965,"name":"Eschenburg","polygon":{"numberOfPoints":227,"box":{"min":{"x":50.7722842,"y":8.2914139},"max":{"x":50.8567615,"y":8.4326744},"center":{"x":50.81452285,"y":8.36204415},"area":{"x":0.0844773,"y":0.1412605}},"pointsx":[50.8424773,50.8412233,50.8386279,50.8368051,50.8347747,50.8339544,50.8333626,50.8317932,50.8312348,50.8313825,50.8314408,50.8312758,50.8309432,50.8307661,50.8305979,50.8305464,50.8302658,50.8294431,50.8291585,50.8259687,50.8249155,50.8242761,50.8242726,50.8240246,50.8239385,50.8217394,50.8212580,50.8192030,50.8160651,50.8146519,50.8128612,50.8091895,50.8061181,50.8052138,50.8022591,50.7936864,50.7905855,50.7886528,50.7868144,50.7801941,50.7780109,50.7778772,50.7797931,50.7798377,50.7832683,50.7896388,50.7899952,50.7894161,50.7903961,50.7899061,50.7853379,50.7851638,50.7827729,50.7779292,50.7758271,50.7740249,50.7743075,50.7758700,50.7766653,50.7751282,50.7722842,50.7722842,50.7743731,50.7750693,50.7780283,50.7782023,50.7764601,50.7807729,50.7841866,50.7883631,50.7917129,50.7927509,50.7928961,50.7930178,50.7936587,50.7943076,50.7939217,50.7936317,50.7935057,50.7935667,50.7937997,50.7941087,50.7940937,50.7941696,50.7940707,50.7940937,50.7939217,50.7939447,50.7939757,50.7942496,50.7944366,50.7946546,50.7949025,50.7946656,50.7943916,50.7935057,50.7929838,50.7927928,50.7925828,50.7922358,50.7916709,50.7907750,50.7905540,50.7904029,50.7903130,50.7898441,50.7897177,50.7896761,50.7897411,50.7897451,50.7898441,50.7900421,50.7902947,50.7904850,50.7915775,50.7917421,50.7918298,50.7921372,50.7924565,50.7928347,50.7930597,50.7950705,50.7958714,50.7965123,50.7966383,50.7990220,50.7994720,50.7998459,50.8003799,50.8006929,50.8014028,50.8037715,50.8067892,50.8072541,50.8078450,50.8098068,50.8106647,50.8119116,50.8122705,50.8126445,50.8127895,50.8134874,50.8143913,50.8149942,50.8155892,50.8165201,50.8180309,50.8184009,50.8188088,50.8189538,50.8193168,50.8200027,50.8204336,50.8207776,50.8209716,50.8230473,50.8248281,50.8259120,50.8271785,50.8277738,50.8282198,50.8284947,50.8288187,50.8291047,50.8294596,50.8295546,50.8296426,50.8298486,50.8305315,50.8308215,50.8310924,50.8313064,50.8315194,50.8316794,50.8329422,50.8335072,50.8342701,50.8347810,50.8351020,50.8351170,50.8349830,50.8349680,50.8350790,50.8352390,50.8372268,50.8373107,50.8374397,50.8384666,50.8386416,50.8387866,50.8393135,50.8415823,50.8417623,50.8427501,50.8434941,50.8449669,50.8478086,50.8482505,50.8489564,50.8488948,50.8488804,50.8488684,50.8486434,50.8496353,50.8512801,50.8529699,50.8535299,50.8536979,50.8540458,50.8543358,50.8544458,50.8544498,50.8563575,50.8561936,50.8562545,50.8565595,50.8567615,50.8554106,50.8538698,50.8538398,50.8539728,50.8546977,50.8509363,50.8503466,50.8484869,50.8446059,50.8435708],"pointsy":[8.3497448,8.3477129,8.3477590,8.3459349,8.3460582,8.3479791,8.3493648,8.3496931,8.3503905,8.3518968,8.3524912,8.3528936,8.3537047,8.3541367,8.3545469,8.3503068,8.3466354,8.3448566,8.3426936,8.3427714,8.3368937,8.3338139,8.3337808,8.3314111,8.3305883,8.3252924,8.3210900,8.3178574,8.3129217,8.3067424,8.2999728,8.2978486,8.2979598,8.2977303,8.2914139,8.3027155,8.3057325,8.3076128,8.3117499,8.3181934,8.3219281,8.3243944,8.3281291,8.3327093,8.3382761,8.3448998,8.3477184,8.3542012,8.3599089,8.3677306,8.3734019,8.3776684,8.3783015,8.3786889,8.3769378,8.3793199,8.3841877,8.3848504,8.3897055,8.3906753,8.3961105,8.3981749,8.4024414,8.4100109,8.4133139,8.4181309,8.4208914,8.4290908,8.4324521,8.4326744,8.4317751,8.4290554,8.4283309,8.4280047,8.4265079,8.4248251,8.4245972,8.4243112,8.4238643,8.4234674,8.4230814,8.4229564,8.4221285,8.4211107,8.4207967,8.4201568,8.4165374,8.4157655,8.4154825,8.4143427,8.4139967,8.4135358,8.4129049,8.4130099,8.4129459,8.4126289,8.4126899,8.4126419,8.4123910,8.4122940,8.4118841,8.4110222,8.4107492,8.4101932,8.4098624,8.4083056,8.4073751,8.4069578,8.4066169,8.4061119,8.4056750,8.4052151,8.4047023,8.4043872,8.4033608,8.4031073,8.4022379,8.4018571,8.4015495,8.4012536,8.4004737,8.4003447,8.4004957,8.4006747,8.4008857,8.3991809,8.3989159,8.3985040,8.3978031,8.3972852,8.3974221,8.3981610,8.3956384,8.3952034,8.3949315,8.3933217,8.3934147,8.3937716,8.3939236,8.3941255,8.3942025,8.3947155,8.3953324,8.3956623,8.3957853,8.3957803,8.3956563,8.3956783,8.3958283,8.3959352,8.3963502,8.3974100,8.3981049,8.3979769,8.3978250,8.3969291,8.3961132,8.3961212,8.3960415,8.3962421,8.3965421,8.3967551,8.3968730,8.3968410,8.3967111,8.3966891,8.3966191,8.3966841,8.3956382,8.3952683,8.3950683,8.3949643,8.3949733,8.3950963,8.3963351,8.3967250,8.3974049,8.3979658,8.3985897,8.3987587,8.3991967,8.3996866,8.4006614,8.4008984,8.4026161,8.4026861,8.4026051,8.4019772,8.4018752,8.4019052,8.4021452,8.4031920,8.4041399,8.4037589,8.4033490,8.4018532,8.3990166,8.3977738,8.3959161,8.3957815,8.3957501,8.3951492,8.3924696,8.3888501,8.3874193,8.3848417,8.3842337,8.3835488,8.3817071,8.3793245,8.3775687,8.3767198,8.3729634,8.3725005,8.3719165,8.3681211,8.3661544,8.3635078,8.3604922,8.3601373,8.3595834,8.3559739,8.3488558,8.3493265,8.3470394,8.3476667,8.3483825]}}