{
  "numberOfPolygons": 1,
  "box": {
    "min": {
      "x": 48.1067550,
      "y": 11.3999608
    },
    "max": {
      "x": 48.1375559,
      "y": 11.4656651
    },
    "center": {
      "x": 48.12215545,
      "y": 11.43281295
    }
  },
  "polygons": [
    {
      "numberOfPoints": 370,
      "box": {
        "min": {
          "x": 48.1067550,
          "y": 11.3999608
        },
        "max": {
          "x": 48.1375559,
          "y": 11.4656651
        },
        "center": {
          "x": 48.12215545,
          "y": 11.43281295
        }
      },
      "pointsx": [
        48.1334827,
        48.1334552,
        48.1332891,
        48.1331760,
        48.1331878,
        48.1330838,
        48.1329939,
        48.1328884,
        48.1326664,
        48.1324751,
        48.1322639,
        48.1321605,
        48.1320091,
        48.1318922,
        48.1317725,
        48.1315420,
        48.1311538,
        48.1312277,
        48.1311981,
        48.1313419,
        48.1314956,
        48.1315543,
        48.1315967,
        48.1318021,
        48.1319639,
        48.1321814,
        48.1325469,
        48.1326763,
        48.1329213,
        48.1328512,
        48.1326431,
        48.1324851,
        48.1329293,
        48.1332103,
        48.1332754,
        48.1332564,
        48.1332539,
        48.1332496,
        48.1332041,
        48.1331361,
        48.1330459,
        48.1329687,
        48.1328338,
        48.1327351,
        48.1326279,
        48.1325296,
        48.1324016,
        48.1323157,
        48.1322561,
        48.1324797,
        48.1320449,
        48.1315228,
        48.1312212,
        48.1308994,
        48.1307216,
        48.1305997,
        48.1303927,
        48.1302968,
        48.1300002,
        48.1299342,
        48.1299203,
        48.1299260,
        48.1298418,
        48.1294828,
        48.1294024,
        48.1293386,
        48.1292380,
        48.1288863,
        48.1284188,
        48.1282282,
        48.1281116,
        48.1275585,
        48.1272944,
        48.1269920,
        48.1266215,
        48.1258273,
        48.1253965,
        48.1248029,
        48.1243967,
        48.1240455,
        48.1239651,
        48.1237477,
        48.1235475,
        48.1234146,
        48.1232336,
        48.1231279,
        48.1230888,
        48.1227129,
        48.1223985,
        48.1223559,
        48.1222815,
        48.1219619,
        48.1218976,
        48.1215049,
        48.1211763,
        48.1208012,
        48.1203250,
        48.1199499,
        48.1195223,
        48.1192312,
        48.1188204,
        48.1185145,
        48.1181766,
        48.1179577,
        48.1172236,
        48.1158239,
        48.1148928,
        48.1147058,
        48.1145011,
        48.1146289,
        48.1146028,
        48.1145702,
        48.1145649,
        48.1145544,
        48.1145518,
        48.1145679,
        48.1146318,
        48.1146555,
        48.1148268,
        48.1149301,
        48.1150615,
        48.1150674,
        48.1151824,
        48.1150330,
        48.1149731,
        48.1149128,
        48.1147260,
        48.1145718,
        48.1135813,
        48.1131081,
        48.1126570,
        48.1119923,
        48.1118421,
        48.1115826,
        48.1105700,
        48.1104837,
        48.1093753,
        48.1080808,
        48.1082036,
        48.1080641,
        48.1080616,
        48.1080223,
        48.1072563,
        48.1067550,
        48.1070021,
        48.1071906,
        48.1070097,
        48.1069953,
        48.1069714,
        48.1069896,
        48.1071978,
        48.1076845,
        48.1077877,
        48.1079321,
        48.1081360,
        48.1082356,
        48.1083351,
        48.1085103,
        48.1087067,
        48.1089351,
        48.1091393,
        48.1092651,
        48.1093860,
        48.1094918,
        48.1097082,
        48.1097604,
        48.1099250,
        48.1101339,
        48.1104059,
        48.1107089,
        48.1108109,
        48.1114460,
        48.1116008,
        48.1116608,
        48.1118955,
        48.1123370,
        48.1124389,
        48.1128275,
        48.1131274,
        48.1131802,
        48.1132983,
        48.1133267,
        48.1132632,
        48.1128496,
        48.1127792,
        48.1126449,
        48.1122941,
        48.1121958,
        48.1121898,
        48.1121774,
        48.1121679,
        48.1121547,
        48.1121466,
        48.1119850,
        48.1118709,
        48.1115966,
        48.1116225,
        48.1116383,
        48.1116535,
        48.1117144,
        48.1118627,
        48.1123408,
        48.1126502,
        48.1127819,
        48.1130203,
        48.1135602,
        48.1135945,
        48.1133992,
        48.1132962,
        48.1132842,
        48.1130445,
        48.1131137,
        48.1131201,
        48.1132375,
        48.1132384,
        48.1132434,
        48.1132926,
        48.1133290,
        48.1133874,
        48.1134125,
        48.1134217,
        48.1134608,
        48.1134963,
        48.1135174,
        48.1135871,
        48.1137465,
        48.1138164,
        48.1139400,
        48.1141786,
        48.1142458,
        48.1142184,
        48.1144125,
        48.1145186,
        48.1146211,
        48.1146933,
        48.1148207,
        48.1148870,
        48.1151232,
        48.1151540,
        48.1151645,
        48.1151913,
        48.1150402,
        48.1151388,
        48.1155731,
        48.1156058,
        48.1156195,
        48.1155834,
        48.1156838,
        48.1157796,
        48.1159315,
        48.1160123,
        48.1160815,
        48.1161180,
        48.1161267,
        48.1161353,
        48.1161764,
        48.1162677,
        48.1163808,
        48.1164695,
        48.1166516,
        48.1166595,
        48.1167191,
        48.1167458,
        48.1169330,
        48.1170401,
        48.1177328,
        48.1176788,
        48.1176461,
        48.1177300,
        48.1178630,
        48.1181565,
        48.1185459,
        48.1189194,
        48.1191767,
        48.1197802,
        48.1203642,
        48.1208702,
        48.1214579,
        48.1215864,
        48.1220173,
        48.1227147,
        48.1229492,
        48.1242439,
        48.1243495,
        48.1245827,
        48.1251727,
        48.1259415,
        48.1266764,
        48.1274910,
        48.1277067,
        48.1281938,
        48.1286784,
        48.1290178,
        48.1294053,
        48.1297644,
        48.1303026,
        48.1303491,
        48.1306139,
        48.1308564,
        48.1312824,
        48.1315501,
        48.1316972,
        48.1321884,
        48.1323143,
        48.1324989,
        48.1327090,
        48.1330177,
        48.1333308,
        48.1334187,
        48.1337133,
        48.1338360,
        48.1339165,
        48.1345771,
        48.1349199,
        48.1353412,
        48.1356301,
        48.1360832,
        48.1365380,
        48.1366929,
        48.1368707,
        48.1368680,
        48.1369359,
        48.1369257,
        48.1370646,
        48.1373526,
        48.1375559,
        48.1375299,
        48.1373665,
        48.1371735,
        48.1371136,
        48.1370193,
        48.1369856,
        48.1369342,
        48.1369443,
        48.1369548,
        48.1369766,
        48.1369658,
        48.1369450,
        48.1369181,
        48.1368894,
        48.1366868,
        48.1364318,
        48.1363428,
        48.1361698,
        48.1361104,
        48.1366581,
        48.1361325,
        48.1353730,
        48.1349579,
        48.1348153,
        48.1346137,
        48.1345789,
        48.1344292,
        48.1344226,
        48.1342489,
        48.1340952,
        48.1339819,
        48.1339475,
        48.1339226,
        48.1339596,
        48.1339871,
        48.1340163,
        48.1340583,
        48.1340705,
        48.1340895,
        48.1340119,
        48.1338860,
        48.1338349,
        48.1334886,
        48.1335873
      ],