{"id":2179170,"name":"Keila","polygon":{"numberOfPoints":108,"box":{"min":{"x":50.6244101,"y":11.6423408},"max":{"x":50.6499514,"y":11.6763327},"center":{"x":50.63718075,"y":11.65933675},"area":{"x":0.0255413,"y":0.0339919}},"pointsx":[50.6422458,50.6443086,50.6457969,50.6477060,50.6494270,50.6499404,50.6499514,50.6497791,50.6488382,50.6487583,50.6483668,50.6479394,50.6479110,50.6478514,50.6469347,50.6460421,50.6455975,50.6450829,50.6446560,50.6441417,50.6433745,50.6432263,50.6428514,50.6425894,50.6420733,50.6414350,50.6411827,50.6409705,50.6392682,50.6391984,50.6391810,50.6389892,50.6385271,50.6377230,50.6370361,50.6367571,50.6358852,50.6355800,50.6351702,50.6348825,50.6345424,50.6338133,50.6331036,50.6328508,50.6326328,50.6321880,50.6318218,50.6314827,50.6312810,50.6301112,50.6296436,50.6296864,50.6296118,50.6301417,50.6298829,50.6273532,50.6267361,50.6264661,50.6264022,50.6264406,50.6266898,50.6269766,50.6269631,50.6267462,50.6262944,50.6255206,50.6248294,50.6244101,50.6246723,50.6251332,50.6257296,50.6261182,50.6269315,50.6276002,50.6282534,50.6289648,50.6294015,50.6275177,50.6269586,50.6266196,50.6274181,50.6279090,50.6271945,50.6262152,50.6268239,50.6276084,50.6293266,50.6307911,50.6313220,50.6328493,50.6341715,50.6343402,50.6349890,50.6357250,50.6359739,50.6367603,50.6372875,50.6380598,50.6386974,50.6383558,50.6382318,50.6388322,50.6397954,50.6397638,50.6405504,50.6414674,50.6419480,50.6419798],"pointsy":[11.6487344,11.6515818,11.6531720,11.6570037,11.6608966,11.6616700,11.6625961,11.6639357,11.6656625,11.6682304,11.6689180,11.6700401,11.6706765,11.6709265,11.6720002,11.6718304,11.6715142,11.6715505,11.6712667,11.6710330,11.6702357,11.6691634,11.6682285,11.6677023,11.6677164,11.6679974,11.6684234,11.6690030,11.6714867,11.6721191,11.6726277,11.6731227,11.6733014,11.6736821,11.6739475,11.6743187,11.6752948,11.6753635,11.6750611,11.6750611,11.6746074,11.6748668,11.6757897,11.6757759,11.6757209,11.6759547,11.6755422,11.6755987,11.6760059,11.6763327,11.6753768,11.6731253,11.6725428,11.6712927,11.6693704,11.6684875,11.6681942,11.6674858,11.6667907,11.6662065,11.6656862,11.6645035,11.6631114,11.6622852,11.6619291,11.6607183,11.6597318,11.6592684,11.6583711,11.6579580,11.6577159,11.6577159,11.6576161,11.6579153,11.6584969,11.6567757,11.6560179,11.6543814,11.6536417,11.6527985,11.6520841,11.6513875,11.6487802,11.6466386,11.6459295,11.6452105,11.6441468,11.6431814,11.6446988,11.6440498,11.6437712,11.6475410,11.6461111,11.6449542,11.6423408,11.6442371,11.6452652,11.6470445,11.6492545,11.6494946,11.6504703,11.6507561,11.6504178,11.6509350,11.6510422,11.6503591,11.6494734,11.6491076]}}