{"id":2179202,"name":"Oppurg","polygon":{"numberOfPoints":137,"box":{"min":{"x":50.7006815,"y":11.6190206},"max":{"x":50.7415089,"y":11.6906406},"center":{"x":50.7210952,"y":11.6548306},"area":{"x":0.0408274,"y":0.0716200}},"pointsx":[50.7006815,50.7043278,50.7045810,50.7045106,50.7042957,50.7035128,50.7083486,50.7103087,50.7103775,50.7104743,50.7115196,50.7122256,50.7133843,50.7132124,50.7150181,50.7184542,50.7192256,50.7201411,50.7209031,50.7222137,50.7240399,50.7247984,50.7252783,50.7258829,50.7270116,50.7278110,50.7298600,50.7325750,50.7329691,50.7344867,50.7352582,50.7360480,50.7368014,50.7376727,50.7377858,50.7368486,50.7368163,50.7376645,50.7378705,50.7382208,50.7380052,50.7379783,50.7381479,50.7390960,50.7396298,50.7415089,50.7399886,50.7387895,50.7382318,50.7377687,50.7374200,50.7371798,50.7369305,50.7368799,50.7368839,50.7369861,50.7374200,50.7379357,50.7390720,50.7399897,50.7406942,50.7413405,50.7406436,50.7393784,50.7389985,50.7381764,50.7335213,50.7328442,50.7325651,50.7323549,50.7319689,50.7318537,50.7316588,50.7315665,50.7308653,50.7287378,50.7271687,50.7263197,50.7251723,50.7261276,50.7261294,50.7260133,50.7258392,50.7252114,50.7235123,50.7221837,50.7216015,50.7212531,50.7202719,50.7191273,50.7187854,50.7185919,50.7185725,50.7181806,50.7179365,50.7176788,50.7172111,50.7164160,50.7152268,50.7149440,50.7143875,50.7135395,50.7127711,50.7122537,50.7116282,50.7107441,50.7096693,50.7085199,50.7079737,50.7075119,50.7079982,50.7068799,50.7057697,50.7071130,50.7062201,50.7053299,50.7039959,50.7024653,50.7028549,50.7030627,50.7046872,50.7053543,50.7045883,50.7041102,50.7046443,50.7049977,50.7034807,50.7047220,50.7046467,50.7038342,50.7041700,50.7036598,50.7036608,50.7041843,50.7039651,50.7029169,50.7022320],"pointsy":[11.6324311,11.6303625,11.6282952,11.6269540,11.6259217,11.6241468,11.6216816,11.6215295,11.6215656,11.6214089,11.6204312,11.6208838,11.6198990,11.6192231,11.6190206,11.6245722,11.6238104,11.6232022,11.6232005,11.6237541,11.6247691,11.6247283,11.6248613,11.6253218,11.6250377,11.6251201,11.6256341,11.6261639,11.6242423,11.6251610,11.6258661,11.6268280,11.6274817,11.6279954,11.6316515,11.6349568,11.6356930,11.6381422,11.6394649,11.6405293,11.6410685,11.6419626,11.6425045,11.6443405,11.6450493,11.6468862,11.6492853,11.6513416,11.6520026,11.6531319,11.6537291,11.6543253,11.6552346,11.6558314,11.6562915,11.6568496,11.6576515,11.6582040,11.6596128,11.6614911,11.6639380,11.6652635,11.6665396,11.6661303,11.6664235,11.6685305,11.6775712,11.6773044,11.6771586,11.6769900,11.6767408,11.6767624,11.6769947,11.6770146,11.6768338,11.6808376,11.6832805,11.6815818,11.6819387,11.6855130,11.6858042,11.6860691,11.6862321,11.6862732,11.6884221,11.6887635,11.6885951,11.6892266,11.6893905,11.6893862,11.6895390,11.6899364,11.6905477,11.6903050,11.6903496,11.6906406,11.6902788,11.6902938,11.6905801,11.6898525,11.6880226,11.6867032,11.6859795,11.6859363,11.6861771,11.6852647,11.6841037,11.6801943,11.6805022,11.6787422,11.6778068,11.6758465,11.6721836,11.6697839,11.6680859,11.6659303,11.6646329,11.6628400,11.6614270,11.6611146,11.6596693,11.6586729,11.6571801,11.6554865,11.6554571,11.6551640,11.6505396,11.6490085,11.6468579,11.6447969,11.6438742,11.6421332,11.6411031,11.6405984,11.6399300,11.6406533,11.6400195]}}