{
  "id": 2179218,
  "name": "Schöndorf",
  "polygon": {
    "numberOfPoints": 256,
    "box": {
      "min": {
        "x": 50.5987334,
        "y": 11.6553145
      },
      "max": {
        "x": 50.6379128,
        "y": 11.7195168
      },
      "center": {
        "x": 50.6183231,
        "y": 11.68741565
      },
      "area": {
        "x": 0.0391794,
        "y": 0.0642023
      }
    },
    "pointsx": [
      50.6267361,
      50.6252063,
      50.6247487,
      50.6246267,
      50.6241498,
      50.6240677,
      50.6243440,
      50.6229737,
      50.6221607,
      50.6216482,
      50.6212516,
      50.6208630,
      50.6206280,
      50.6198931,
      50.6197513,
      50.6194711,
      50.6191241,
      50.6183685,
      50.6157681,
      50.6127680,
      50.6129557,
      50.6125693,
      50.6129178,
      50.6131421,
      50.6131579,
      50.6133172,
      50.6132111,
      50.6130337,
      50.6129535,
      50.6133321,
      50.6132809,
      50.6133080,
      50.6134342,
      50.6133962,
      50.6127005,
      50.6125617,
      50.6124274,
      50.6122229,
      50.6117587,
      50.6112034,
      50.6109477,
      50.6105922,
      50.6101679,
      50.6099186,
      50.6098542,
      50.6096926,
      50.6095672,
      50.6097253,
      50.6098727,
      50.6101810,
      50.6108250,
      50.6112458,
      50.6115395,
      50.6116048,
      50.6110835,
      50.6110262,
      50.6111709,
      50.6110534,
      50.6107460,
      50.6099414,
      50.6086370,
      50.6082509,
      50.6077266,
      50.6072399,
      50.6067592,
      50.6061716,
      50.6057762,
      50.6054813,
      50.6049349,
      50.6031506,
      50.6027986,
      50.6027475,
      50.6027666,
      50.6029773,
      50.6032011,
      50.6035590,
      50.6038550,
      50.6040763,
      50.6039681,
      50.6036181,
      50.6016796,
      50.6011950,
      50.6008952,
      50.6007354,
      50.6007482,
      50.6009400,
      50.6012065,
      50.6014642,
      50.6015090,
      50.6015281,
      50.6013939,
      50.6012085,
      50.5999938,
      50.5989010,
      50.5987462,
      50.5987334,
      50.5989336,
      50.5999361,
      50.6002849,
      50.6003818,
      50.6005692,
      50.6006715,
      50.6007801,
      50.6012149,
      50.6014386,
      50.6016176,
      50.6016759,
      50.6019129,
      50.6019437,
      50.6020268,
      50.6023244,
      50.6029167,
      50.6031364,
      50.6033346,
      50.6036031,
      50.6038908,
      50.6040883,
      50.6041273,
      50.6038972,
      50.6041785,
      50.6044406,
      50.6047666,
      50.6050287,
      50.6055254,
      50.6052118,
      50.6051795,
      50.6055508,
      50.6056307,
      50.6057753,
      50.6059131,
      50.6060352,
      50.6060307,
      50.6058589,
      50.6058589,
      50.6058832,
      50.6059543,
      50.6060713,
      50.6061724,
      50.6063962,
      50.6064665,
      50.6066774,
      50.6068690,
      50.6069777,
      50.6071950,
      50.6072717,
      50.6074699,
      50.6076936,
      50.6078534,
      50.6081027,
      50.6083328,
      50.6085054,
      50.6087867,
      50.6092405,
      50.6097711,
      50.6104422,
      50.6108410,
      50.6114664,
      50.6124228,
      50.6124952,
      50.6126370,
      50.6131550,
      50.6133629,
      50.6135979,
      50.6140137,
      50.6144024,
      50.6146645,
      50.6152249,
      50.6156678,
      50.6164993,
      50.6168139,
      50.6171175,
      50.6171605,
      50.6177549,
      50.6190088,
      50.6198234,
      50.6199193,
      50.6197754,
      50.6200415,
      50.6211952,
      50.6216241,
      50.6217166,
      50.6218010,
      50.6229092,
      50.6234540,
      50.6239989,
      50.6244951,
      50.6250410,
      50.6254747,
      50.6256316,
      50.6260564,
      50.6288902,
      50.6293259,
      50.6299279,
      50.6302866,
      50.6307731,
      50.6322676,
      50.6312999,
      50.6316868,
      50.6310644,
      50.6314948,
      50.6335984,
      50.6346401,
      50.6348072,
      50.6356742,
      50.6370313,
      50.6377322,
      50.6379128,
      50.6375989,
      50.6373722,
      50.6373991,
      50.6372826,
      50.6369065,
      50.6364075,
      50.6363023,
      50.6361050,
      50.6358892,
      50.6356795,
      50.6355501,
      50.6351431,
      50.6344958,
      50.6341320,
      50.6339038,
      50.6337559,
      50.6335339,
      50.6333304,
      50.6331516,
      50.6332485,
      50.6331146,
      50.6329910,
      50.6327644,
      50.6327861,
      50.6327183,
      50.6324285,
      50.6324134,
      50.6318621,
      50.6315128,
      50.6312847,
      50.6311411,
      50.6310016,
      50.6309966,
      50.6309042,
      50.6309288,
      50.6310768,
      50.6312470,
      50.6315064,
      50.6315280,
      50.6315561,
      50.6314022,
      50.6312810,
      50.6301112,
      50.6296436,
      50.6296864,
      50.6296118,
      50.6301417,
      50.6298829,
      50.6273532
    ],