{"id":2179191,"name":"Löhma","polygon":{"numberOfPoints":286,"box":{"min":{"x":50.5838478,"y":11.8185614},"max":{"x":50.6382608,"y":11.8825568},"center":{"x":50.6110543,"y":11.8505591},"area":{"x":0.0544130,"y":0.0639954}},"pointsx":[50.6323753,50.6332002,50.6342181,50.6347474,50.6353143,50.6347318,50.6353034,50.6333240,50.6334453,50.6339473,50.6345132,50.6360416,50.6362836,50.6371148,50.6370447,50.6364356,50.6349045,50.6350592,50.6379937,50.6382608,50.6369995,50.6369580,50.6372826,50.6337073,50.6339483,50.6344176,50.6340327,50.6341629,50.6338358,50.6336990,50.6331887,50.6302993,50.6285141,50.6289442,50.6281710,50.6272045,50.6284287,50.6274848,50.6272317,50.6269597,50.6272227,50.6276152,50.6277577,50.6280617,50.6272288,50.6269571,50.6267330,50.6265085,50.6260778,50.6263078,50.6265244,50.6267744,50.6252277,50.6234975,50.6218693,50.6217030,50.6212729,50.6214070,50.6209929,50.6208499,50.6206886,50.6208114,50.6205919,50.6208476,50.6210594,50.6207981,50.6204448,50.6204459,50.6189695,50.6198530,50.6191838,50.6204184,50.6218602,50.6217576,50.6215944,50.6206230,50.6202069,50.6195992,50.6193750,50.6191080,50.6180837,50.6181194,50.6179655,50.6179911,50.6174608,50.6142159,50.6131164,50.6132797,50.6132239,50.6128171,50.6119191,50.6115109,50.6110302,50.6105131,50.6095627,50.6086717,50.6087805,50.6085813,50.6101596,50.6099461,50.6094109,50.6094142,50.6084040,50.6087708,50.6068803,50.6064727,50.6061543,50.6058912,50.6054648,50.6046121,50.6043221,50.6033057,50.6012734,50.6012439,50.6005930,50.6000577,50.6003843,50.6007744,50.6008652,50.5999670,50.5990805,50.5987384,50.5984741,50.5978502,50.5970454,50.5963944,50.5973890,50.5977326,50.5977326,50.5968104,50.5956406,50.5952660,50.5947958,50.5944703,50.5943022,50.5938514,50.5936836,50.5933988,50.5929647,50.5924040,50.5913822,50.5906497,50.5911742,50.5911290,50.5917439,50.5904926,50.5894469,50.5890671,50.5896368,50.5901432,50.5897092,50.5891485,50.5888707,50.5883797,50.5880632,50.5873488,50.5870503,50.5866343,50.5855846,50.5849520,50.5850425,50.5847599,50.5844003,50.5840295,50.5841785,50.5838478,50.5849973,50.5861504,50.5886903,50.5861786,50.5868694,50.5872131,50.5875568,50.5876368,50.5882440,50.5886871,50.5889675,50.5894830,50.5896910,50.5900618,50.5912012,50.5914254,50.5924107,50.5927342,50.5929964,50.5935271,50.5935937,50.5944848,50.5945928,50.5959463,50.5965423,50.5980942,50.5982986,50.5986432,50.5989364,50.5988161,50.5995101,50.6000796,50.6003859,50.6007510,50.6009660,50.6016240,50.6026050,50.6032705,50.6041666,50.6033551,50.6035204,50.6036378,50.6042237,50.6045166,50.6054296,50.6054438,50.6058799,50.6066146,50.6075883,50.6077681,50.6082909,50.6071951,50.6080201,50.6078578,50.6092839,50.6095408,50.6100970,50.6104237,50.6112406,50.6109912,50.6130504,50.6154213,50.6159564,50.6160862,50.6162855,50.6165832,50.6173475,50.6177361,50.6182236,50.6187162,50.6190052,50.6190311,50.6181148,50.6174519,50.6180078,50.6189587,50.6195236,50.6207453,50.6208235,50.6207075,50.6203616,50.6214246,50.6213533,50.6214342,50.6221530,50.6230040,50.6234702,50.6244337,50.6244863,50.6245702,50.6259056,50.6255805,50.6254490,50.6252449,50.6258358,50.6269207,50.6279494,50.6281997,50.6273465,50.6270773,50.6274944,50.6278571,50.6277664,50.6286732,50.6297885,50.6297480,50.6299789,50.6316653,50.6313933,50.6310725,50.6315598,50.6318034,50.6319509,50.6311302,50.6311559,50.6310918,50.6298159,50.6296364,50.6313252,50.6318766],"pointsy":[11.8185614,11.8189541,11.8189150,11.8220497,11.8240117,11.8243805,11.8262172,11.8268317,11.8280305,11.8280391,11.8284722,11.8275969,11.8276954,11.8270300,11.8275940,11.8283773,11.8296133,11.8300828,11.8278966,11.8285545,11.8296300,11.8307132,11.8317797,11.8337403,11.8345546,11.8360043,11.8371921,11.8381073,11.8388263,11.8381457,11.8369089,11.8386400,11.8359420,11.8344395,11.8344352,11.8365380,11.8378673,11.8392960,11.8388679,11.8395683,11.8407690,11.8404775,11.8418125,11.8431773,11.8435777,11.8433570,11.8434135,11.8439239,11.8442402,11.8456498,11.8456434,11.8467786,11.8481877,11.8493502,11.8501429,11.8498520,11.8503148,11.8507445,11.8512327,11.8509798,11.8511618,11.8514468,11.8516701,11.8535337,11.8539065,11.8550856,11.8552706,11.8554852,11.8569886,11.8583885,11.8590993,11.8620943,11.8634081,11.8642043,11.8646760,11.8659796,11.8656909,11.8656909,11.8659609,11.8684468,11.8710640,11.8721246,11.8746312,11.8760463,11.8782964,11.8825568,11.8815304,11.8811701,11.8801080,11.8803125,11.8804554,11.8806412,11.8810987,11.8814274,11.8814795,11.8791118,11.8790117,11.8784469,11.8775167,11.8769562,11.8766417,11.8762458,11.8757841,11.8733822,11.8719676,11.8732892,11.8734684,11.8735113,11.8732111,11.8732683,11.8723379,11.8731111,11.8738973,11.8736601,11.8742546,11.8752123,11.8762415,11.8762415,11.8768133,11.8775137,11.8758011,11.8759764,11.8754000,11.8757134,11.8743316,11.8750011,11.8761692,11.8789184,11.8796164,11.8806847,11.8799767,11.8796346,11.8787087,11.8778113,11.8774612,11.8767612,11.8765008,11.8751761,11.8751903,11.8737516,11.8744496,11.8728827,11.8722701,11.8720850,11.8714724,11.8686741,11.8689654,11.8685096,11.8680537,11.8673700,11.8662589,11.8664868,11.8660493,11.8667147,11.8674127,11.8682104,11.8682674,11.8679255,11.8665165,11.8666150,11.8661592,11.8659378,11.8668145,11.8664441,11.8661051,11.8657038,11.8643786,11.8637549,11.8605253,11.8568824,11.8557321,11.8547920,11.8535812,11.8522273,11.8517416,11.8517273,11.8515849,11.8516419,11.8518270,11.8519552,11.8537501,11.8543721,11.8539277,11.8543717,11.8542509,11.8532336,11.8519792,11.8510157,11.8513146,11.8495912,11.8491810,11.8477974,11.8473272,11.8473211,11.8468280,11.8463149,11.8450661,11.8444224,11.8438500,11.8439566,11.8435343,11.8440592,11.8446848,11.8459808,11.8449853,11.8433616,11.8431967,11.8433505,11.8426625,11.8428737,11.8430885,11.8424039,11.8424025,11.8425770,11.8413542,11.8416036,11.8410949,11.8393284,11.8383934,11.8379042,11.8355017,11.8356994,11.8350170,11.8354262,11.8344011,11.8337213,11.8314411,11.8298317,11.8305985,11.8305890,11.8303131,11.8305619,11.8306904,11.8301716,11.8296350,11.8292595,11.8307692,11.8317101,11.8318600,11.8323556,11.8368021,11.8372939,11.8374768,11.8375564,11.8360621,11.8349158,11.8331497,11.8323142,11.8313562,11.8301648,11.8298621,11.8308227,11.8318611,11.8337394,11.8343142,11.8348760,11.8337854,11.8329357,11.8329845,11.8324853,11.8318625,11.8316005,11.8300379,11.8281845,11.8254057,11.8246582,11.8243724,11.8233861,11.8228000,11.8221853,11.8229572,11.8250104,11.8269167,11.8264164,11.8245582,11.8231669,11.8227424,11.8221360,11.8212061,11.8206502,11.8201347,11.8195687,11.8213274,11.8210545,11.8185951,11.8193035]}}