{
  "numberOfPolygons": 1,
  "box": {
    "min": {
      "x": 51.2792145,
      "y": 11.3382112
    },
    "max": {
      "x": 51.3445121,
      "y": 11.4757498
    },
    "center": {
      "x": 51.3118633,
      "y": 11.4069805
    }
  },
  "polygons": [
    {
      "numberOfPoints": 261,
      "box": {
        "min": {
          "x": 51.2792145,
          "y": 11.3382112
        },
        "max": {
          "x": 51.3445121,
          "y": 11.4757498
        },
        "center": {
          "x": 51.3118633,
          "y": 11.4069805
        }
      },
      "pointsx": [
        51.2809722,
        51.2814347,
        51.2815379,
        51.2805435,
        51.2802869,
        51.2801251,
        51.2799564,
        51.2799283,
        51.2799283,
        51.2800267,
        51.2802658,
        51.2805365,
        51.2808389,
        51.2818655,
        51.2825124,
        51.2832577,
        51.2821714,
        51.2818418,
        51.2824411,
        51.2824855,
        51.2825437,
        51.2834771,
        51.2835754,
        51.2836628,
        51.2838827,
        51.2839053,
        51.2839150,
        51.2839797,
        51.2840864,
        51.2841608,
        51.2842061,
        51.2841829,
        51.2841606,
        51.2840879,
        51.2840272,
        51.2840232,
        51.2841000,
        51.2841364,
        51.2841445,
        51.2841162,
        51.2840410,
        51.2839160,
        51.2837797,
        51.2902106,
        51.2943594,
        51.2945032,
        51.2950352,
        51.2986947,
        51.2992246,
        51.2995608,
        51.2999446,
        51.3001043,
        51.3007878,
        51.3011856,
        51.3014630,
        51.3016170,
        51.3022894,
        51.3071017,
        51.3079002,
        51.3093089,
        51.3112274,
        51.3129975,
        51.3149089,
        51.3123249,
        51.3129448,
        51.3152675,
        51.3195667,
        51.3199279,
        51.3210919,
        51.3231571,
        51.3239187,
        51.3240223,
        51.3248175,
        51.3251226,
        51.3255258,
        51.3258842,
        51.3261474,
        51.3280568,
        51.3286168,
        51.3290622,
        51.3290382,
        51.3287710,
        51.3278497,
        51.3276007,
        51.3274270,
        51.3273271,
        51.3273338,
        51.3275409,
        51.3278950,
        51.3273605,
        51.3268059,
        51.3259908,
        51.3254296,
        51.3252959,
        51.3253427,
        51.3255699,
        51.3260910,
        51.3263182,
        51.3263893,
        51.3264250,
        51.3264299,
        51.3263984,
        51.3261779,
        51.3258639,
        51.3257169,
        51.3284762,
        51.3295051,
        51.3324379,
        51.3317275,
        51.3316858,
        51.3316367,
        51.3314361,
        51.3328892,
        51.3330389,
        51.3349783,
        51.3349759,
        51.3351187,
        51.3350789,
        51.3349791,
        51.3346932,
        51.3338381,
        51.3335012,
        51.3363453,
        51.3419265,
        51.3441198,
        51.3438646,
        51.3436377,
        51.3436320,
        51.3438078,
        51.3445121,
        51.3436155,
        51.3424596,
        51.3421365,
        51.3417660,
        51.3408412,
        51.3405714,
        51.3401475,
        51.3407256,
        51.3416375,
        51.3424519,
        51.3424853,
        51.3422412,
        51.3421128,
        51.3422926,
        51.3422926,
        51.3419843,
        51.3420357,
        51.3426394,
        51.3423697,
        51.3423311,
        51.3392833,
        51.3358828,
        51.3364681,
        51.3363416,
        51.3362076,
        51.3361318,
        51.3360425,
        51.3359484,
        51.3356663,
        51.3355480,
        51.3343780,
        51.3336131,
        51.3327793,
        51.3320936,
        51.3318325,
        51.3317399,
        51.3314644,
        51.3307184,
        51.3291767,
        51.3271338,
        51.3266070,
        51.3253686,
        51.3248416,
        51.3232607,
        51.3220613,
        51.3212617,
        51.3203712,
        51.3197533,
        51.3182086,
        51.3177703,
        51.3176088,
        51.3165002,
        51.3161006,
        51.3152718,
        51.3145016,
        51.3137575,
        51.3132131,
        51.3128687,
        51.3125957,
        51.3123553,
        51.3122774,
        51.3143340,
        51.3134255,
        51.3129759,
        51.3076339,
        51.3076792,
        51.3075726,
        51.3074649,
        51.3053580,
        51.3050434,
        51.3046466,
        51.3022954,
        51.3009005,
        51.2985405,
        51.2984603,
        51.2983369,
        51.2981741,
        51.2975070,
        51.2972507,
        51.2967753,
        51.2960471,
        51.2956807,
        51.2955154,
        51.2963860,
        51.2974663,
        51.2980675,
        51.2980064,
        51.2983525,
        51.2980779,
        51.2972495,
        51.2970124,
        51.2966951,
        51.2962121,
        51.2956600,
        51.2955887,
        51.2949567,
        51.2883159,
        51.2894892,
        51.2905505,
        51.2932456,
        51.2940706,
        51.2932486,
        51.2905033,
        51.2898107,
        51.2893735,
        51.2887653,
        51.2864522,
        51.2840352,
        51.2828830,
        51.2819697,
        51.2819411,
        51.2818320,
        51.2817749,
        51.2815969,
        51.2814962,
        51.2812628,
        51.2811259,
        51.2809902,
        51.2807124,
        51.2803813,
        51.2798207,
        51.2797103,
        51.2795912,
        51.2795193,
        51.2793949,
        51.2793424,
        51.2792145,
        51.2794291,
        51.2795669,
        51.2802362,
        51.2803418
      ],