{"id":2362539,"name":"Gehofen","polygon":{"numberOfPoints":93,"box":{"min":{"x":51.2874035,"y":11.2838209},"max":{"x":51.3377898,"y":11.3455548},"center":{"x":51.31259665,"y":11.31468785},"area":{"x":0.0503863,"y":0.0617339}},"pointsx":[51.3087030,51.3098897,51.3106260,51.3114706,51.3123015,51.3131097,51.3140981,51.3152667,51.3160624,51.3170043,51.3184157,51.3200511,51.3220896,51.3243072,51.3249904,51.3313961,51.3324711,51.3345875,51.3352145,51.3356960,51.3365917,51.3366029,51.3377898,51.3327287,51.3317545,51.3304331,51.3313961,51.3313177,51.3294924,51.3287533,51.3284173,51.3277230,51.3283613,51.3278014,51.3277118,51.3277230,51.3282494,51.3286168,51.3280568,51.3261474,51.3258842,51.3255258,51.3251226,51.3248175,51.3240223,51.3239187,51.3231571,51.3210919,51.3177739,51.3196360,51.3161329,51.3153720,51.3149755,51.3146568,51.3142302,51.3099071,51.3103620,51.3064472,51.3032656,51.3028130,51.2962721,51.2946469,51.2936360,51.2933589,51.2908725,51.2881889,51.2874035,51.2893324,51.2909791,51.2925824,51.2939689,51.2954204,51.2959187,51.2960703,51.2963953,51.2971535,51.2977601,51.2983666,51.2988432,51.2982150,51.2983016,51.2996956,51.2999263,51.3015942,51.3028289,51.3033487,51.3037170,51.3042152,51.3048433,51.3058179,51.3060779,51.3061645,51.3070092],"pointsy":[11.2872534,11.2869344,11.2858604,11.2852367,11.2851237,11.2847657,11.2839900,11.2838209,11.2843182,11.2857549,11.2876547,11.2884074,11.2908090,11.2922966,11.2949849,11.2987665,11.2956480,11.2932644,11.2945548,11.2952716,11.2957735,11.2989457,11.2999314,11.3185526,11.3210976,11.3236425,11.3250046,11.3329263,11.3328725,11.3331951,11.3337865,11.3366003,11.3371021,11.3399338,11.3410450,11.3421024,11.3446115,11.3455548,11.3450799,11.3435430,11.3436282,11.3434982,11.3431577,11.3425035,11.3394523,11.3388653,11.3382112,11.3420068,11.3399328,11.3354234,11.3318469,11.3330625,11.3338068,11.3345989,11.3358982,11.3331618,11.3306768,11.3298374,11.3275536,11.3216453,11.3213474,11.3138401,11.3138911,11.3133239,11.3082339,11.3071095,11.3035019,11.3000650,11.2990603,11.2973626,11.2969815,11.2948682,11.2932398,11.2917154,11.2914729,11.2915422,11.2918540,11.2916461,11.2907107,11.2889784,11.2867611,11.2873046,11.2874194,11.2876619,11.2916115,11.2925123,11.2910225,11.2901910,11.2902950,11.2908493,11.2905721,11.2876966,11.2876966]}}