{
  "numberOfPolygons": 1,
  "box": {
    "min": {
      "x": 51.2562590,
      "y": 11.1597590
    },
    "max": {
      "x": 51.2930942,
      "y": 11.2282636
    },
    "center": {
      "x": 51.2746766,
      "y": 11.1940113
    }
  },
  "polygons": [
    {
      "numberOfPoints": 74,
      "box": {
        "min": {
          "x": 51.2562590,
          "y": 11.1597590
        },
        "max": {
          "x": 51.2930942,
          "y": 11.2282636
        },
        "center": {
          "x": 51.2746766,
          "y": 11.1940113
        }
      },
      "pointsx": [
        51.2917088,
        51.2910806,
        51.2903398,
        51.2895261,
        51.2882150,
        51.2867497,
        51.2860556,
        51.2847830,
        51.2848858,
        51.2846930,
        51.2843845,
        51.2816129,
        51.2815512,
        51.2793923,
        51.2791269,
        51.2792122,
        51.2779611,
        51.2775575,
        51.2764364,
        51.2742389,
        51.2730728,
        51.2712788,
        51.2694623,
        51.2661960,
        51.2649713,
        51.2613435,
        51.2590334,
        51.2562590,
        51.2577740,
        51.2605106,
        51.2607237,
        51.2646153,
        51.2646713,
        51.2654675,
        51.2661292,
        51.2660507,
        51.2648283,
        51.2649293,
        51.2650948,
        51.2656023,
        51.2657315,
        51.2655751,
        51.2669029,
        51.2673403,
        51.2671496,
        51.2665777,
        51.2670092,
        51.2679053,
        51.2687822,
        51.2730159,
        51.2728695,
        51.2745116,
        51.2745465,
        51.2811302,
        51.2829485,
        51.2837970,
        51.2831297,
        51.2838471,
        51.2844300,
        51.2858312,
        51.2870754,
        51.2878600,
        51.2884765,
        51.2890929,
        51.2904155,
        51.2898887,
        51.2922088,
        51.2927804,
        51.2930718,
        51.2930942,
        51.2925786,
        51.2917044,
        51.2902138,
        51.2899672
      ],
      "pointsy": [
        11.1890514,
        11.1924278,
        11.1951824,
        11.1973428,
        11.1996652,
        11.2035702,
        11.2066120,
        11.2071053,
        11.2081124,
        11.2092633,
        11.2098594,
        11.2122229,
        11.2137767,
        11.2149491,
        11.2154795,
        11.2162978,
        11.2152900,
        11.2152520,
        11.2175102,
        11.2209154,
        11.2229586,
        11.2250734,
        11.2282636,
        11.2220841,
        11.2199038,
        11.2148248,
        11.2099935,
        11.2083923,
        11.2025215,
        11.2021451,
        11.1995464,
        11.1973061,
        11.1957648,
        11.1956752,
        11.1933453,
        11.1906928,
        11.1823948,
        11.1792047,
        11.1737200,
        11.1741856,
        11.1732388,
        11.1730199,
        11.1696521,
        11.1676449,
        11.1655659,
        11.1636840,
        11.1608969,
        11.1597590,
        11.1604629,
        11.1618325,
        11.1624678,
        11.1633539,
        11.1627821,
        11.1674647,
        11.1694415,
        11.1704880,
        11.1743997,
        11.1739337,
        11.1731809,
        11.1706181,
        11.1683061,
        11.1670336,
        11.1685749,
        11.1698116,
        11.1704926,
        11.1722311,
        11.1740233,
        11.1756901,
        11.1781275,
        11.1795971,
        11.1817299,
        11.1859774,
        11.1866405,
        11.1877159
      ]
    }
  ]
}