{"id":2393747,"name":"Ecklingerode","polygon":{"numberOfPoints":123,"box":{"min":{"x":51.4919501,"y":10.2990808},"max":{"x":51.5233340,"y":10.3592813},"center":{"x":51.50764205,"y":10.32918105},"area":{"x":0.0313839,"y":0.0602005}},"pointsx":[51.5084080,51.5073558,51.5069920,51.5065372,51.5061121,51.5056778,51.5047918,51.5045245,51.5036029,51.5051389,51.5052704,51.5050834,51.5017482,51.5032029,51.5009873,51.5003607,51.5002711,51.5002488,51.4995326,51.4946645,51.4947652,51.4950114,51.4939180,51.4940010,51.4936729,51.4933090,51.4927905,51.4935975,51.4935608,51.4950181,51.4949743,51.4934508,51.4926715,51.4931145,51.4933774,51.4942944,51.4944044,51.4937809,51.4937075,51.4919501,51.4931415,51.4943709,51.4953300,51.4960983,51.4965804,51.4967270,51.4968950,51.4969701,51.4970043,51.4977026,51.4981376,51.4985327,51.5000605,51.5019112,51.5034149,51.5048427,51.5054136,51.5058447,51.5075105,51.5076405,51.5080675,51.5088954,51.5091963,51.5094293,51.5099103,51.5102342,51.5104662,51.5118021,51.5124200,51.5134119,51.5141818,51.5148117,51.5151317,51.5149837,51.5151127,51.5153497,51.5155557,51.5156887,51.5156467,51.5155097,51.5153267,51.5150138,51.5145978,51.5141399,51.5139759,51.5142089,51.5144458,51.5146858,51.5148418,51.5151168,51.5161817,51.5172496,51.5173446,51.5173906,51.5173976,51.5174596,51.5175775,51.5183825,51.5186794,51.5186265,51.5186035,51.5187824,51.5189044,51.5190844,51.5192404,51.5194314,51.5197134,51.5200993,51.5205113,51.5207972,51.5210492,51.5215711,51.5220211,51.5228030,51.5229980,51.5230740,51.5233340,51.5228259,51.5194916,51.5160735,51.5150215,51.5121899,51.5121785],"pointsy":[10.3592813,10.3588070,10.3582675,10.3580779,10.3572150,10.3566445,10.3531884,10.3521009,10.3490539,10.3478308,10.3469532,10.3458803,10.3446319,10.3413602,10.3406412,10.3400660,10.3392391,10.3386639,10.3392391,10.3379268,10.3364348,10.3356978,10.3354903,10.3341879,10.3316191,10.3315513,10.3280619,10.3278851,10.3261766,10.3245011,10.3233288,10.3245271,10.3233416,10.3190200,10.3159846,10.3161613,10.3127444,10.3125087,10.3088561,10.3085306,10.3071926,10.3057291,10.3053775,10.3033810,10.3023810,10.3019732,10.3013671,10.3011257,10.3007108,10.3002866,10.2998737,10.2990808,10.2992792,10.2995062,10.2996199,10.2996848,10.3001091,10.3002802,10.3013213,10.3014013,10.3017633,10.3032690,10.3041069,10.3044728,10.3049378,10.3055257,10.3057476,10.3065275,10.3069894,10.3075873,10.3079873,10.3081932,10.3084022,10.3104809,10.3108288,10.3114177,10.3120296,10.3126245,10.3136114,10.3144763,10.3153631,10.3162100,10.3169959,10.3177048,10.3182007,10.3184847,10.3189106,10.3202414,10.3208553,10.3214462,10.3252087,10.3293010,10.3300179,10.3308818,10.3309618,10.3315377,10.3320906,10.3353131,10.3365019,10.3368309,10.3375088,10.3390186,10.3400154,10.3410833,10.3416792,10.3420681,10.3423351,10.3425380,10.3426800,10.3426910,10.3426990,10.3428810,10.3430849,10.3437358,10.3439418,10.3441068,10.3441867,10.3470435,10.3487488,10.3487229,10.3499502,10.3533226,10.3592710]}}