{
  "numberOfPolygons": 1,
  "box": {
    "min": {
      "x": 51.4278451,
      "y": 10.4080400
    },
    "max": {
      "x": 51.4860655,
      "y": 10.4907053
    },
    "center": {
      "x": 51.4569553,
      "y": 10.44937265
    }
  },
  "polygons": [
    {
      "numberOfPoints": 112,
      "box": {
        "min": {
          "x": 51.4278451,
          "y": 10.4080400
        },
        "max": {
          "x": 51.4860655,
          "y": 10.4907053
        },
        "center": {
          "x": 51.4569553,
          "y": 10.44937265
        }
      },
      "pointsx": [
        51.4292182,
        51.4291533,
        51.4290109,
        51.4290497,
        51.4292554,
        51.4298063,
        51.4298063,
        51.4296216,
        51.4302999,
        51.4315608,
        51.4313795,
        51.4306965,
        51.4300470,
        51.4307587,
        51.4315574,
        51.4328267,
        51.4359471,
        51.4356389,
        51.4347711,
        51.4333288,
        51.4327166,
        51.4322768,
        51.4326036,
        51.4317586,
        51.4297828,
        51.4286366,
        51.4278451,
        51.4287761,
        51.4295035,
        51.4311865,
        51.4323129,
        51.4369441,
        51.4409921,
        51.4443486,
        51.4455610,
        51.4456433,
        51.4458342,
        51.4485569,
        51.4493476,
        51.4507202,
        51.4522763,
        51.4532398,
        51.4542724,
        51.4562117,
        51.4575213,
        51.4589142,
        51.4615413,
        51.4629721,
        51.4669648,
        51.4688182,
        51.4700647,
        51.4705084,
        51.4714705,
        51.4735724,
        51.4757764,
        51.4760218,
        51.4763566,
        51.4766792,
        51.4784592,
        51.4809809,
        51.4795273,
        51.4801063,
        51.4809910,
        51.4828693,
        51.4848028,
        51.4860655,
        51.4855321,
        51.4820065,
        51.4813993,
        51.4808361,
        51.4767433,
        51.4743401,
        51.4716719,
        51.4716960,
        51.4698864,
        51.4685065,
        51.4681496,
        51.4621435,
        51.4617379,
        51.4605857,
        51.4601928,
        51.4610421,
        51.4612457,
        51.4543789,
        51.4547624,
        51.4552563,
        51.4552365,
        51.4551021,
        51.4548710,
        51.4525254,
        51.4523544,
        51.4515318,
        51.4512959,
        51.4491473,
        51.4492646,
        51.4486957,
        51.4467591,
        51.4461957,
        51.4446515,
        51.4446283,
        51.4458167,
        51.4467123,
        51.4493364,
        51.4458898,
        51.4434523,
        51.4411329,
        51.4407374,
        51.4401035,
        51.4391526,
        51.4384331,
        51.4353488,
        51.4320405
      ],
      "pointsy": [
        10.4706626,
        10.4690439,
        10.4680812,
        10.4671923,
        10.4657643,
        10.4647182,
        10.4626582,
        10.4578379,
        10.4576780,
        10.4576850,
        10.4550686,
        10.4550532,
        10.4488686,
        10.4482559,
        10.4489758,
        10.4478655,
        10.4448144,
        10.4431046,
        10.4425131,
        10.4440967,
        10.4439570,
        10.4430750,
        10.4425292,
        10.4412605,
        10.4381261,
        10.4364387,
        10.4332086,
        10.4324671,
        10.4331616,
        10.4342948,
        10.4343718,
        10.4343684,
        10.4328672,
        10.4238483,
        10.4208002,
        10.4215882,
        10.4232636,
        10.4232902,
        10.4230776,
        10.4222389,
        10.4203830,
        10.4195047,
        10.4189388,
        10.4184538,
        10.4175646,
        10.4167554,
        10.4156074,
        10.4148715,
        10.4125703,
        10.4137067,
        10.4142633,
        10.4142463,
        10.4142093,
        10.4160219,
        10.4180888,
        10.4187318,
        10.4204189,
        10.4205091,
        10.4179628,
        10.4165505,
        10.4127548,
        10.4107743,
        10.4080400,
        10.4088743,
        10.4135700,
        10.4246157,
        10.4289204,
        10.4317427,
        10.4322288,
        10.4320745,
        10.4311637,
        10.4298636,
        10.4286522,
        10.4233417,
        10.4254662,
        10.4281657,
        10.4257314,
        10.4256799,
        10.4383693,
        10.4576898,
        10.4663291,
        10.4709221,
        10.4721161,
        10.4769405,
        10.4778481,
        10.4830147,
        10.4833399,
        10.4855486,
        10.4893471,
        10.4904887,
        10.4896507,
        10.4902118,
        10.4893166,
        10.4897323,
        10.4907053,
        10.4901609,
        10.4904999,
        10.4863755,
        10.4866379,
        10.4846939,
        10.4843919,
        10.4814912,
        10.4750758,
        10.4733802,
        10.4729852,
        10.4716103,
        10.4706123,
        10.4702168,
        10.4702733,
        10.4707970,
        10.4730418,
        10.4705639
      ]
    }
  ]
}