{"id":2396265,"name":"Thalwenden","polygon":{"numberOfPoints":59,"box":{"min":{"x":51.3422149,"y":10.0262861},"max":{"x":51.3707892,"y":10.0515936},"center":{"x":51.35650205,"y":10.03893985},"area":{"x":0.0285743,"y":0.0253075}},"pointsx":[51.3450124,51.3459973,51.3444056,51.3434522,51.3422728,51.3422149,51.3425910,51.3426570,51.3429166,51.3423553,51.3426507,51.3437378,51.3469734,51.3485580,51.3494445,51.3492288,51.3502943,51.3504687,51.3506442,51.3512148,51.3511270,51.3515878,51.3519169,51.3524436,51.3530470,51.3525204,51.3530031,51.3538479,51.3542909,51.3559589,51.3577724,51.3618906,51.3616760,51.3613716,51.3612796,51.3614652,51.3616990,51.3658947,51.3680172,51.3707892,51.3702858,51.3682060,51.3624159,51.3622155,51.3589633,51.3587665,51.3567414,51.3544540,51.3544321,51.3540152,51.3540152,51.3536305,51.3527858,51.3518450,51.3506064,51.3496471,51.3492502,51.3486922,51.3468065],"pointsy":[10.0394885,10.0363151,10.0334762,10.0323897,10.0327375,10.0319308,10.0312374,10.0296954,10.0281135,10.0276615,10.0262861,10.0266876,10.0277337,10.0319581,10.0301731,10.0292474,10.0275325,10.0277893,10.0274379,10.0279474,10.0285623,10.0289136,10.0283690,10.0282636,10.0290717,10.0301785,10.0309690,10.0314609,10.0326170,10.0315057,10.0299665,10.0264711,10.0270920,10.0279728,10.0282389,10.0287946,10.0294946,10.0336882,10.0341413,10.0336250,10.0386790,10.0450481,10.0503704,10.0488534,10.0508072,10.0492405,10.0504517,10.0515936,10.0512861,10.0514355,10.0510841,10.0508867,10.0504007,10.0495085,10.0483588,10.0470011,10.0458933,10.0448127,10.0415365]}}