{
  "numberOfPolygons": 1,
  "box": {
    "min": {
      "x": 51.3937518,
      "y": 10.5204005
    },
    "max": {
      "x": 51.4697442,
      "y": 10.6470674
    },
    "center": {
      "x": 51.4317480,
      "y": 10.58373395
    }
  },
  "polygons": [
    {
      "numberOfPoints": 417,
      "box": {
        "min": {
          "x": 51.3937518,
          "y": 10.5204005
        },
        "max": {
          "x": 51.4697442,
          "y": 10.6470674
        },
        "center": {
          "x": 51.4317480,
          "y": 10.58373395
        }
      },
      "pointsx": [
        51.4472329,
        51.4465208,
        51.4465208,
        51.4464870,
        51.4463406,
        51.4456309,
        51.4454057,
        51.4449776,
        51.4448650,
        51.4439075,
        51.4476923,
        51.4491115,
        51.4486046,
        51.4485934,
        51.4486291,
        51.4487060,
        51.4487736,
        51.4489763,
        51.4489989,
        51.4489088,
        51.4509587,
        51.4533126,
        51.4533013,
        51.4534027,
        51.4537180,
        51.4541911,
        51.4543375,
        51.4541235,
        51.4584367,
        51.4583129,
        51.4617249,
        51.4617249,
        51.4632450,
        51.4630648,
        51.4633801,
        51.4636841,
        51.4638868,
        51.4658685,
        51.4697442,
        51.4693220,
        51.4690265,
        51.4688154,
        51.4680273,
        51.4669154,
        51.4665636,
        51.4663806,
        51.4662962,
        51.4664088,
        51.4664088,
        51.4662399,
        51.4660006,
        51.4656629,
        51.4646354,
        51.4643117,
        51.4640443,
        51.4634109,
        51.4628761,
        51.4620878,
        51.4610322,
        51.4607225,
        51.4603284,
        51.4593712,
        51.4599624,
        51.4594434,
        51.4577202,
        51.4572835,
        51.4565517,
        51.4554304,
        51.4551707,
        51.4547458,
        51.4545923,
        51.4549228,
        51.4541438,
        51.4539667,
        51.4531286,
        51.4526446,
        51.4523259,
        51.4520308,
        51.4519364,
        51.4516885,
        51.4516413,
        51.4515704,
        51.4515941,
        51.4515114,
        51.4513816,
        51.4512989,
        51.4511219,
        51.4510510,
        51.4510865,
        51.4512989,
        51.4513934,
        51.4512635,
        51.4510392,
        51.4508504,
        51.4507323,
        51.4506025,
        51.4504608,
        51.4503782,
        51.4502601,
        51.4501067,
        51.4500004,
        51.4499178,
        51.4490678,
        51.4497053,
        51.4490442,
        51.4494102,
        51.4495164,
        51.4495872,
        51.4490206,
        51.4489025,
        51.4489498,
        51.4477220,
        51.4474505,
        51.4472852,
        51.4459629,
        51.4450657,
        51.4449594,
        51.4442392,
        51.4445462,
        51.4447941,
        51.4459629,
        51.4449004,
        51.4440621,
        51.4437906,
        51.4435545,
        51.4429169,
        51.4425981,
        51.4411813,
        51.4408743,
        51.4406972,
        51.4391268,
        51.4391149,
        51.4388079,
        51.4388906,
        51.4386662,
        51.4383592,
        51.4379578,
        51.4380877,
        51.4379814,
        51.4377216,
        51.4376626,
        51.4376744,
        51.4377806,
        51.4379696,
        51.4376390,
        51.4377216,
        51.4362338,
        51.4366116,
        51.4369659,
        51.4373437,
        51.4376508,
        51.4368006,
        51.4341554,
        51.4333642,
        51.4337893,
        51.4323635,
        51.4315321,
        51.4310219,
        51.4306345,
        51.4302188,
        51.4291134,
        51.4288299,
        51.4282819,
        51.4279796,
        51.4282630,
        51.4296425,
        51.4296992,
        51.4299921,
        51.4285937,
        51.4265528,
        51.4263922,
        51.4263922,
        51.4255418,
        51.4254189,
        51.4243417,
        51.4244079,
        51.4245591,
        51.4248331,
        51.4244929,
        51.4242662,
        51.4240961,
        51.4265745,
        51.4276225,
        51.4278929,
        51.4282535,
        51.4286254,
        51.4288620,
        51.4292339,
        51.4304847,
        51.4303720,
        51.4306424,
        51.4307664,
        51.4319833,
        51.4322425,
        51.4324227,
        51.4325692,
        51.4328058,
        51.4328960,
        51.4331439,
        51.4341579,
        51.4345861,
        51.4346311,
        51.4346086,
        51.4345973,
        51.4346762,
        51.4353184,
        51.4340340,
        51.4339326,
        51.4337523,
        51.4340678,
        51.4345523,
        51.4342255,
        51.4339326,
        51.4314875,
        51.4312171,
        51.4302593,
        51.4302480,
        51.4312171,
        51.4309129,
        51.4311382,
        51.4310593,
        51.4301692,
        51.4302030,
        51.4299776,
        51.4295381,
        51.4286592,
        51.4283775,
        51.4282423,
        51.4278591,
        51.4276372,
        51.4270478,
        51.4265294,
        51.4257180,
        51.4246700,
        51.4243431,
        51.4239712,
        51.4235205,
        51.4232274,
        51.4226978,
        51.4223737,
        51.4213228,
        51.4196660,
        51.4193504,
        51.4191588,
        51.4189221,
        51.4187193,
        51.4185277,
        51.4164988,
        51.4166454,
        51.4150649,
        51.4136028,
        51.4105465,
        51.4101525,
        51.4098143,
        51.4096227,
        51.4093859,
        51.4091943,
        51.4077625,
        51.4071989,
        51.4066239,
        51.4060151,
        51.4058460,
        51.4052146,
        51.4050906,
        51.4049666,
        51.4039632,
        51.4037940,
        51.4037377,
        51.4037038,
        51.4036024,
        51.4033769,
        51.4025087,
        51.4015390,
        51.4011782,
        51.4009753,
        51.4002424,
        51.3998139,
        51.3997575,
        51.3997124,
        51.3995884,
        51.3992614,
        51.3988780,
        51.3981789,
        51.3981112,
        51.3979195,
        51.3978632,
        51.3977053,
        51.3975474,
        51.3971640,
        51.3958334,
        51.3937518,
        51.3948670,
        51.3962538,
        51.3972864,
        51.3982748,
        51.3987095,
        51.3991379,
        51.3996904,
        51.4000851,
        51.4004008,
        51.4006038,
        51.4007729,
        51.4008293,
        51.4008969,
        51.4010886,
        51.4013930,
        51.4017426,
        51.4022049,
        51.4041554,
        51.4039637,
        51.4035691,
        51.4035127,
        51.4047868,
        51.4047614,
        51.4072297,
        51.4070655,
        51.4107055,
        51.4107280,
        51.4113480,
        51.4113931,
        51.4115397,
        51.4116637,
        51.4116975,
        51.4116975,
        51.4117426,
        51.4117877,
        51.4119117,
        51.4136363,
        51.4138392,
        51.4150679,
        51.4149777,
        51.4164318,
        51.4164318,
        51.4174237,
        51.4173110,
        51.4207373,
        51.4208613,
        51.4218745,
        51.4219771,
        51.4220443,
        51.4223900,
        51.4225878,
        51.4226758,
        51.4227779,
        51.4228674,
        51.4229685,
        51.4231604,
        51.4233947,
        51.4237577,
        51.4239445,
        51.4240620,
        51.4241381,
        51.4243099,
        51.4244785,
        51.4245804,
        51.4278622,
        51.4279386,
        51.4279048,
        51.4270146,
        51.4267892,
        51.4268681,
        51.4266765,
        51.4268906,
        51.4276343,
        51.4282879,
        51.4282203,
        51.4282428,
        51.4284795,
        51.4285133,
        51.4286598,
