{
  "numberOfPolygons": 1,
  "box": {
    "min": {
      "x": 51.1220664,
      "y": 11.8324531
    },
    "max": {
      "x": 51.1467257,
      "y": 11.9132762
    },
    "center": {
      "x": 51.13439605,
      "y": 11.87286465
    }
  },
  "polygons": [
    {
      "numberOfPoints": 183,
      "box": {
        "min": {
          "x": 51.1220664,
          "y": 11.8324531
        },
        "max": {
          "x": 51.1467257,
          "y": 11.9132762
        },
        "center": {
          "x": 51.13439605,
          "y": 11.87286465
        }
      },
      "pointsx": [
        51.1392925,
        51.1405816,
        51.1413805,
        51.1422437,
        51.1431071,
        51.1440028,
        51.1451770,
        51.1454750,
        51.1461474,
        51.1464037,
        51.1467257,
        51.1457382,
        51.1449420,
        51.1443370,
        51.1440128,
        51.1437645,
        51.1431922,
        51.1429381,
        51.1430560,
        51.1433531,
        51.1430677,
        51.1428778,
        51.1426882,
        51.1422742,
        51.1417963,
        51.1413499,
        51.1407435,
        51.1392460,
        51.1388330,
        51.1380053,
        51.1374958,
        51.1367310,
        51.1350416,
        51.1351068,
        51.1352680,
        51.1353972,
        51.1359393,
        51.1359723,
        51.1359415,
        51.1360556,
        51.1370592,
        51.1381116,
        51.1390364,
        51.1390359,
        51.1398322,
        51.1403111,
        51.1405989,
        51.1405999,
        51.1404099,
        51.1402836,
        51.1404117,
        51.1406359,
        51.1414244,
        51.1415602,
        51.1416286,
        51.1416749,
        51.1417958,
        51.1419076,
        51.1419770,
        51.1397746,
        51.1396841,
        51.1390098,
        51.1382628,
        51.1377178,
        51.1374470,
        51.1371541,
        51.1366362,
        51.1367952,
        51.1363907,
        51.1360315,
        51.1356945,
        51.1354921,
        51.1351546,
        51.1349743,
        51.1339179,
        51.1336942,
        51.1334481,
        51.1334040,
        51.1334061,
        51.1333619,
        51.1331379,
        51.1325775,
        51.1337916,
        51.1332161,
        51.1328293,
        51.1327848,
        51.1328100,
        51.1324508,
        51.1324520,
        51.1329922,
        51.1329479,
        51.1286845,
        51.1286831,
        51.1279416,
        51.1278062,
        51.1264127,
        51.1264795,
        51.1256930,
        51.1254230,
        51.1252427,
        51.1250618,
        51.1251911,
        51.1253477,
        51.1256605,
        51.1257942,
        51.1259502,
        51.1259935,
        51.1260828,
        51.1263744,
        51.1268905,
        51.1271145,
        51.1275628,
        51.1279217,
        51.1286846,
        51.1289313,
        51.1291326,
        51.1287796,
        51.1284130,
        51.1298641,
        51.1290329,
        51.1283139,
        51.1266872,
        51.1265494,
        51.1257849,
        51.1259572,
        51.1271919,
        51.1272137,
        51.1272807,
        51.1275722,
        51.1261721,
        51.1255056,
        51.1250272,
        51.1273942,
        51.1276185,
        51.1279087,
        51.1278406,
        51.1276829,
        51.1273007,
        51.1269856,
        51.1267155,
        51.1266474,
        51.1266469,
        51.1268710,
        51.1272297,
        51.1273413,
        51.1277644,
        51.1280999,
        51.1285695,
        51.1269741,
        51.1269524,
        51.1258735,
        51.1251544,
        51.1243451,
        51.1235271,
        51.1230551,
        51.1227181,
        51.1220671,
        51.1220664,
        51.1225372,
        51.1227163,
        51.1230075,
        51.1234562,
        51.1240403,
        51.1246922,
        51.1256591,
        51.1251393,
        51.1260815,
        51.1264612,
        51.1269991,
        51.1274927,
        51.1310394,
        51.1308847,
        51.1327025,
        51.1325887,
        51.1342055,
        51.1345210,
        51.1348365,
        51.1351524,
        51.1355876,
        51.1374158,
        51.1377524,
        51.1383582,
        51.1388287
      ],
      "pointsy": [
        11.8376528,
        11.8394935,
        11.8409602,
        11.8428321,
        11.8449574,
        11.8473867,
        11.8508688,
        11.8520439,
        11.8544235,
        11.8554868,
        11.8581210,
        11.8586814,
        11.8591906,
        11.8597499,
        11.8603526,
        11.8607650,
        11.8619829,
        11.8627437,
        11.8629172,
        11.8632999,
        11.8645169,
        11.8657335,
        11.8671529,
        11.8675088,
        11.8676622,
        11.8675114,
        11.8669051,
        11.8674161,
        11.8685826,
        11.8695477,
        11.8700051,
        11.8701592,
        11.8701133,
        11.8714874,
        11.8731588,
        11.8746784,
        11.8748796,
        11.8759434,
        11.8770075,
        11.8786090,
        11.8790311,
        11.8795350,
        11.8799380,
        11.8794313,
        11.8788719,
        11.8796306,
        11.8805926,
        11.8815553,
        11.8827719,
        11.8839376,
        11.8845960,
        11.8856594,
        11.8860838,
        11.8870480,
        11.8880123,
        11.8894411,
        11.8905670,
        11.8918133,
        11.8940280,
        11.8937830,
        11.8931759,
        11.8929989,
        11.8930832,
        11.8931447,
        11.8918237,
        11.8910386,
        11.8899325,
        11.8917896,
        11.8917905,
        11.8921485,
        11.8921850,
        11.8920426,
        11.8916148,
        11.8910437,
        11.8907605,
        11.8918325,
        11.8930474,
        11.8940119,
        11.8963379,
        11.8971238,
        11.8979457,
        11.8995899,
        11.9003016,
        11.9031438,
        11.9050539,
        11.9056254,
        11.9091255,
        11.9095191,
        11.9110548,
        11.9123039,
        11.9131968,
        11.9132762,
        11.9113478,
        11.9114920,
        11.9107781,
        11.9104593,
        11.9096379,
        11.9096037,
        11.9092471,
        11.9085333,
        11.9070606,
        11.9063489,
        11.9053844,
        11.9032055,
        11.9018482,
        11.9003837,
        11.8984553,
        11.8977409,
        11.8971331,
        11.8963106,
        11.8955245,
        11.8942200,
        11.8935049,
        11.8922532,
        11.8917170,
        11.8906808,
        11.8904077,
        11.8901468,
        11.8804293,
        11.8806815,
        11.8807547,
        11.8804822,
        11.8775542,
        11.8771277,
        11.8702708,
        11.8691603,
        11.8685174,
        11.8681244,
        11.8676236,
        11.8641237,
        11.8648832,
        11.8634200,
        11.8616960,
        11.8613739,
        11.8597303,
        11.8591234,
        11.8588025,
        11.8586608,
        11.8583002,
        11.8579082,
        11.8573727,
        11.8569085,
        11.8564436,
        11.8557282,
        11.8550851,
        11.8520482,
        11.8507615,
        11.8489744,
        11.8490867,
        11.8496582,
        11.8494831,
        11.8494854,
        11.8492024,
        11.8488033,
        11.8486978,
        11.8487703,
        11.8492723,
        11.8487367,
        11.8479139,
        11.8473420,
        11.8466625,
        11.8460897,
        11.8459807,
        11.8461570,
        11.8466181,
        11.8443701,
        11.8431527,
        11.8414373,
        11.8403998,
        11.8398268,
        11.8370288,
        11.8360366,
        11.8343158,
        11.8333161,
        11.8324531,
        11.8330949,
        11.8337367,
        11.8346642,
        11.8344840,
        11.8402283,
        11.8399057,
        11.8391892,
        11.8381874
      ]
    }
  ]
}