{
  "id": 2410095,
  "name": "Kleinneuhausen",
  "polygon": {
    "numberOfPoints": 115,
    "box": {
      "min": {
        "x": 51.1285572,
        "y": 11.2346680
      },
      "max": {
        "x": 51.1569658,
        "y": 11.3007342
      },
      "center": {
        "x": 51.1427615,
        "y": 11.2677011
      },
      "area": {
        "x": 0.0284086,
        "y": 0.0660662
      }
    },
    "pointsx": [
      51.1328858,
      51.1327981,
      51.1325588,
      51.1323567,
      51.1322402,
      51.1321284,
      51.1320119,
      51.1314912,
      51.1313486,
      51.1311560,
      51.1310276,
      51.1309158,
      51.1307803,
      51.1307280,
      51.1307208,
      51.1307351,
      51.1306138,
      51.1303024,
      51.1302263,
      51.1298648,
      51.1297412,
      51.1295985,
      51.1291658,
      51.1290516,
      51.1290112,
      51.1290635,
      51.1291324,
      51.1290944,
      51.1289773,
      51.1288441,
      51.1288506,
      51.1286752,
      51.1285901,
      51.1285572,
      51.1285595,
      51.1285887,
      51.1290420,
      51.1483012,
      51.1481287,
      51.1538519,
      51.1542434,
      51.1551532,
      51.1555086,
      51.1556330,
      51.1556686,
      51.1556508,
      51.1556863,
      51.1558818,
      51.1564505,
      51.1567348,
      51.1569303,
      51.1569658,
      51.1567704,
      51.1564150,
      51.1557930,
      51.1552598,
      51.1549400,
      51.1547267,
      51.1546912,
      51.1552421,
      51.1541225,
      51.1532339,
      51.1510656,
      51.1530028,
      51.1556508,
      51.1563261,
      51.1552065,
      51.1552776,
      51.1551888,
      51.1484734,
      51.1483595,
      51.1480730,
      51.1479353,
      51.1478131,
      51.1476693,
      51.1476586,
      51.1482148,
      51.1481696,
      51.1482029,
      51.1482766,
      51.1488232,
      51.1490110,
      51.1492130,
      51.1495339,
      51.1483764,
      51.1485428,
      51.1470929,
      51.1481934,
      51.1453815,
      51.1446304,
      51.1442096,
      51.1433967,
      51.1420465,
      51.1392853,
      51.1377056,
      51.1353472,
      51.1353603,
      51.1352461,
      51.1351534,
      51.1350345,
      51.1348919,
      51.1348229,
      51.1348943,
      51.1348408,
      51.1347528,
      51.1342761,
      51.1341608,
      51.1340609,
      51.1341142,
      51.1339575,
      51.1337887,
      51.1336080,
      51.1334986,
      51.1333536,
      51.1332370
    ],
    "pointsy": [
      11.2689474,
      11.2693418,
      11.2704085,
      11.2712875,
      11.2721021,
      11.2725985,
      11.2729698,
      11.2740875,
      11.2743300,
      11.2747885,
      11.2752697,
      11.2757736,
      11.2771376,
      11.2776378,
      11.2782667,
      11.2789374,
      11.2790738,
      11.2798732,
      11.2802976,
      11.2837607,
      11.2843215,
      11.2847193,
      11.2855415,
      11.2859242,
      11.2862387,
      11.2866858,
      11.2874709,
      11.2880074,
      11.2887667,
      11.2895362,
      11.2905844,
      11.2908982,
      11.2910609,
      11.2912309,
      11.2914532,
      11.2917489,
      11.2935770,
      11.2982838,
      11.2990160,
      11.3007191,
      11.3007342,
      11.2975015,
      11.2955748,
      11.2941581,
      11.2923164,
      11.2903898,
      11.2882647,
      11.2863380,
      11.2823147,
      11.2796230,
      11.2776963,
      11.2764496,
      11.2745229,
      11.2731062,
      11.2716045,
      11.2700178,
      11.2689412,
      11.2675811,
      11.2665045,
      11.2657111,
      11.2626511,
      11.2619994,
      11.2541793,
      11.2548026,
      11.2547176,
      11.2434975,
      11.2430158,
      11.2407775,
      11.2377458,
      11.2346680,
      11.2352127,
      11.2357594,
      11.2361339,
      11.2366503,
      11.2376424,
      11.2379628,
      11.2381977,
      11.2429149,
      11.2435818,
      11.2441918,
      11.2461848,
      11.2470221,
      11.2480527,
      11.2491781,
      11.2500760,
      11.2504928,
      11.2507656,
      11.2550736,
      11.2565286,
      11.2563240,
      11.2581995,
      11.2576804,
      11.2568507,
      11.2558333,
      11.2552574,
      11.2543973,
      11.2550945,
      11.2564680,
      11.2571007,
      11.2575554,
      11.2579135,
      11.2583568,
      11.2599254,
      11.2610280,
      11.2616475,
      11.2632805,
      11.2643679,
      11.2647468,
      11.2648508,
      11.2649912,
      11.2652830,
      11.2655955,
      11.2658570,
      11.2664443,
      11.2670843
    ]
  }
}