{
  "id": 2410084,
  "name": "Frömmstedt",
  "polygon": {
    "numberOfPoints": 75,
    "box": {
      "min": {
        "x": 51.2438026,
        "y": 10.9931062
      },
      "max": {
        "x": 51.2750282,
        "y": 11.0579663
      },
      "center": {
        "x": 51.2594154,
        "y": 11.02553625
      },
      "area": {
        "x": 0.0312256,
        "y": 0.0648601
      }
    },
    "pointsx": [
      51.2466763,
      51.2468517,
      51.2493376,
      51.2555121,
      51.2563248,
      51.2563681,
      51.2656956,
      51.2661524,
      51.2665294,
      51.2703832,
      51.2704145,
      51.2703519,
      51.2711964,
      51.2716552,
      51.2720409,
      51.2725205,
      51.2728229,
      51.2737090,
      51.2742720,
      51.2743763,
      51.2749184,
      51.2749288,
      51.2750282,
      51.2734727,
      51.2730363,
      51.2709358,
      51.2722487,
      51.2719694,
      51.2717849,
      51.2683785,
      51.2665514,
      51.2643175,
      51.2624052,
      51.2621869,
      51.2601881,
      51.2599343,
      51.2593905,
      51.2547833,
      51.2547907,
      51.2513371,
      51.2514417,
      51.2499897,
      51.2494726,
      51.2484515,
      51.2486291,
      51.2468678,
      51.2478299,
      51.2456098,
      51.2457430,
      51.2439938,
      51.2444281,
      51.2444689,
      51.2441492,
      51.2441900,
      51.2440199,
      51.2442376,
      51.2438227,
      51.2439383,
      51.2438907,
      51.2438026,
      51.2439137,
      51.2440748,
      51.2441878,
      51.2456813,
      51.2457486,
      51.2458736,
      51.2460732,
      51.2467610,
      51.2469414,
      51.2471891,
      51.2474392,
      51.2475137,
      51.2475955,
      51.2476291,
      51.2475883
    ],
    "pointsy": [
      11.0542864,
      11.0544669,
      11.0544017,
      11.0534432,
      11.0566011,
      11.0571466,
      11.0579663,
      11.0579356,
      11.0578607,
      11.0566708,
      11.0560876,
      11.0556376,
      11.0554377,
      11.0553877,
      11.0554377,
      11.0556876,
      11.0544211,
      11.0546044,
      11.0498717,
      11.0483885,
      11.0408394,
      11.0400062,
      11.0299282,
      11.0301212,
      11.0273311,
      11.0265627,
      11.0186124,
      11.0179414,
      11.0173551,
      11.0181483,
      11.0040682,
      10.9998596,
      10.9986537,
      10.9978084,
      10.9960837,
      10.9958164,
      10.9951780,
      10.9946431,
      10.9931062,
      10.9934006,
      10.9951310,
      10.9934145,
      10.9943937,
      10.9944883,
      10.9980586,
      10.9981532,
      11.0042888,
      11.0048918,
      11.0076699,
      11.0081191,
      11.0121132,
      11.0128738,
      11.0193717,
      11.0253480,
      11.0258153,
      11.0325414,
      11.0324544,
      11.0357686,
      11.0375289,
      11.0391576,
      11.0395134,
      11.0400858,
      11.0406045,
      11.0428749,
      11.0430900,
      11.0438968,
      11.0448073,
      11.0472545,
      11.0478384,
      11.0486337,
      11.0500167,
      11.0511231,
      11.0514650,
      11.0516494,
      11.0518914
    ]
  }
}