{
  "id": 2410086,
  "name": "Großbrembach",
  "polygon": {
    "numberOfPoints": 162,
    "box": {
      "min": {
        "x": 51.0927868,
        "y": 11.2848680
      },
      "max": {
        "x": 51.1313976,
        "y": 11.3762224
      },
      "center": {
        "x": 51.1120922,
        "y": 11.3305452
      },
      "area": {
        "x": 0.0386108,
        "y": 0.0913544
      }
    },
    "pointsx": [
      51.0988821,
      51.0988810,
      51.0984718,
      51.0974867,
      51.0981693,
      51.0977378,
      51.0977818,
      51.0988105,
      51.0978572,
      51.0976203,
      51.0972653,
      51.0968844,
      51.0962014,
      51.0957165,
      51.0951526,
      51.0946716,
      51.0943247,
      51.0941067,
      51.0940227,
      51.0939237,
      51.0937067,
      51.0935078,
      51.0933558,
      51.0933598,
      51.0929628,
      51.0928558,
      51.0927868,
      51.0929398,
      51.0930768,
      51.0932378,
      51.0933667,
      51.0936417,
      51.0942716,
      51.0952515,
      51.0957285,
      51.0958654,
      51.0961254,
      51.0964994,
      51.0968043,
      51.0972813,
      51.0975712,
      51.0978222,
      51.0980322,
      51.0987691,
      51.0991391,
      51.0996770,
      51.0997380,
      51.1005309,
      51.1000079,
      51.1009508,
      51.1007108,
      51.1013547,
      51.1007372,
      51.1012186,
      51.1011398,
      51.1016299,
      51.1015459,
      51.1107618,
      51.1111923,
      51.1249870,
      51.1254388,
      51.1260413,
      51.1265362,
      51.1269020,
      51.1270096,
      51.1271602,
      51.1290635,
      51.1291324,
      51.1290944,
      51.1289773,
      51.1288441,
      51.1288506,
      51.1286752,
      51.1285901,
      51.1285572,
      51.1285595,
      51.1285887,
      51.1290420,
      51.1291423,
      51.1291615,
      51.1291359,
      51.1290909,
      51.1290268,
      51.1289241,
      51.1288021,
      51.1287187,
      51.1285839,
      51.1286545,
      51.1286930,
      51.1286353,
      51.1285775,
      51.1285262,
      51.1283465,
      51.1281347,
      51.1280320,
      51.1280063,
      51.1280063,
      51.1281283,
      51.1281347,
      51.1282181,
      51.1283722,
      51.1283689,
      51.1282151,
      51.1281828,
      51.1282085,
      51.1283144,
      51.1282213,
      51.1280384,
      51.1281058,
      51.1289880,
      51.1291060,
      51.1291378,
      51.1291400,
      51.1289812,
      51.1288587,
      51.1285251,
      51.1284548,
      51.1284434,
      51.1285637,
      51.1287180,
      51.1290742,
      51.1291741,
      51.1292920,
      51.1295462,
      51.1296505,
      51.1298366,
      51.1313976,
      51.1313454,
      51.1310550,
      51.1298752,
      51.1295121,
      51.1283686,
      51.1278966,
      51.1255458,
      51.1219060,
      51.1208076,
      51.1202448,
      51.1191373,
      51.1193824,
      51.1164229,
      51.1163503,
      51.1162050,
      51.1161960,
      51.1150248,
      51.1149885,
      51.1143167,
      51.1143167,
      51.1118835,
      51.1122216,
      51.1113863,
      51.1115134,
      51.1090256,
      51.1092254,
      51.1118221,
      51.1121694,
      51.1055093,
      51.1040093,
      51.1028454,
      51.1026149,
      51.1016362,
      51.1009183,
      51.0988553
    ],
    "pointsy": [
      11.3482113,
      11.3440246,
      11.3401483,
      11.3358493,
      11.3346593,
      11.3249483,
      11.3212441,
      11.3205424,
      11.3141278,
      11.3142648,
      11.3147057,
      11.3148747,
      11.3150327,
      11.3150287,
      11.3154037,
      11.3159726,
      11.3161696,
      11.3165455,
      11.3171604,
      11.3175524,
      11.3176944,
      11.3175594,
      11.3173044,
      11.3170095,
      11.3170145,
      11.3168495,
      11.3164576,
      11.3161896,
      11.3159176,
      11.3152197,
      11.3147978,
      11.3142639,
      11.3133620,
      11.3126261,
      11.3117762,
      11.3114902,
      11.3111483,
      11.3109583,
      11.3105984,
      11.3101474,
      11.3101564,
      11.3102184,
      11.3099974,
      11.3099864,
      11.3101164,
      11.3108133,
      11.3053091,
      11.3050931,
      11.2991880,
      11.2987130,
      11.2914761,
      11.2914041,
      11.2863872,
      11.2861920,
      11.2855509,
      11.2852582,
      11.2849022,
      11.2848680,
      11.2887078,
      11.2939190,
      11.2939190,
      11.2933361,
      11.2920676,
      11.2902849,
      11.2890507,
      11.2867879,
      11.2866858,
      11.2874709,
      11.2880074,
      11.2887667,
      11.2895362,
      11.2905844,
      11.2908982,
      11.2910609,
      11.2912309,
      11.2914532,
      11.2917489,
      11.2935770,
      11.2942408,
      11.2945373,
      11.2948339,
      11.2950384,
      11.2952838,
      11.2957849,
      11.2964599,
      11.2979529,
      11.3015525,
      11.3042215,
      11.3057146,
      11.3072076,
      11.3080359,
      11.3081893,
      11.3083427,
      11.3086188,
      11.3087722,
      11.3089767,
      11.3099584,
      11.3119935,
      11.3155420,
      11.3166566,
      11.3176281,
      11.3186712,
      11.3196992,
      11.3202307,
      11.3216623,
      11.3253898,
      11.3259420,
      11.3264380,
      11.3278748,
      11.3314187,
      11.3320622,
      11.3324274,
      11.3328215,
      11.3338628,
      11.3341737,
      11.3347377,
      11.3355042,
      11.3358368,
      11.3362381,
      11.3365057,
      11.3368058,
      11.3369793,
      11.3372179,
      11.3379447,
      11.3381254,
      11.3383134,
      11.3391602,
      11.3409101,
      11.3417055,
      11.3420381,
      11.3418501,
      11.3422551,
      11.3425009,
      11.3441785,
      11.3470999,
      11.3476494,
      11.3478808,
      11.3481556,
      11.3504117,
      11.3511492,
      11.3563845,
      11.3565725,
      11.3594938,
      11.3594504,
      11.3609400,
      11.3609400,
      11.3615185,
      11.3625164,
      11.3672891,
      11.3674048,
      11.3692415,
      11.3697766,
      11.3720182,
      11.3720760,
      11.3762224,
      11.3752519,
      11.3713240,
      11.3717061,
      11.3717666,
      11.3719154,
      11.3720407,
      11.3547694
    ]
  }
}