{
  "id": 2411295,
  "name": "Alperstedt",
  "polygon": {
    "numberOfPoints": 96,
    "box": {
      "min": {
        "x": 51.0774379,
        "y": 11.0298379
      },
      "max": {
        "x": 51.1167384,
        "y": 11.0810133
      },
      "center": {
        "x": 51.09708815,
        "y": 11.0554256
      },
      "area": {
        "x": 0.0393005,
        "y": 0.0511754
      }
    },
    "pointsx": [
      51.1150095,
      51.1142114,
      51.1116072,
      51.1105180,
      51.1097604,
      51.1090107,
      51.1090446,
      51.1111660,
      51.1110943,
      51.1147920,
      51.1147332,
      51.1155779,
      51.1155365,
      51.1158609,
      51.1164996,
      51.1167384,
      51.1164795,
      51.1161899,
      51.1163283,
      51.1149690,
      51.1141404,
      51.1134065,
      51.1126252,
      51.1116545,
      51.1106128,
      51.1098314,
      51.1086713,
      51.1076768,
      51.1068717,
      51.1058062,
      51.1052379,
      51.1045512,
      51.1040302,
      51.1035803,
      51.1028699,
      51.1021121,
      51.1016149,
      51.1011412,
      51.1001940,
      51.0995072,
      51.0986546,
      51.0983231,
      51.0981099,
      51.0980862,
      51.0981336,
      51.0981573,
      51.0977547,
      51.0974468,
      51.0972810,
      51.0956469,
      51.0955995,
      51.0903887,
      51.0904361,
      51.0888490,
      51.0888964,
      51.0867171,
      51.0867645,
      51.0808656,
      51.0808419,
      51.0795272,
      51.0774379,
      51.0798751,
      51.0799780,
      51.0794303,
      51.0802224,
      51.0807900,
      51.0822405,
      51.0835018,
      51.0848891,
      51.0874746,
      51.0874431,
      51.0926064,
      51.0933590,
      51.0971530,
      51.0972161,
      51.0986089,
      51.0997045,
      51.1000270,
      51.1008333,
      51.1014817,
      51.1023820,
      51.1034873,
      51.1054897,
      51.1056382,
      51.1065087,
      51.1066389,
      51.1068220,
      51.1071510,
      51.1073342,
      51.1073451,
      51.1076307,
      51.1075693,
      51.1097266,
      51.1101636,
      51.1108263,
      51.1111940
    ],
    "pointsy": [
      11.0421519,
      11.0470346,
      11.0466575,
      11.0467329,
      11.0473740,
      11.0476600,
      11.0478426,
      11.0488220,
      11.0496793,
      11.0523785,
      11.0527399,
      11.0532418,
      11.0534808,
      11.0544047,
      11.0540711,
      11.0547215,
      11.0559091,
      11.0558071,
      11.0565645,
      11.0577826,
      11.0579334,
      11.0577072,
      11.0572923,
      11.0569906,
      11.0569906,
      11.0574432,
      11.0585368,
      11.0595551,
      11.0601585,
      11.0606110,
      11.0610636,
      11.0618178,
      11.0626852,
      11.0636280,
      11.0655136,
      11.0683797,
      11.0692471,
      11.0698128,
      11.0706047,
      11.0707933,
      11.0713590,
      11.0720378,
      11.0728675,
      11.0736594,
      11.0750170,
      11.0765255,
      11.0782226,
      11.0791277,
      11.0804099,
      11.0798065,
      11.0810133,
      11.0798442,
      11.0753942,
      11.0751302,
      11.0725658,
      11.0721886,
      11.0709818,
      11.0699259,
      11.0668712,
      11.0666948,
      11.0466606,
      11.0466966,
      11.0435647,
      11.0434920,
      11.0337029,
      11.0322974,
      11.0312935,
      11.0305406,
      11.0301892,
      11.0298379,
      11.0312935,
      11.0322122,
      11.0327994,
      11.0340542,
      11.0364134,
      11.0368884,
      11.0371349,
      11.0373435,
      11.0379159,
      11.0385579,
      11.0395263,
      11.0407621,
      11.0431567,
      11.0433761,
      11.0450386,
      11.0451804,
      11.0452513,
      11.0453149,
      11.0453503,
      11.0435381,
      11.0435515,
      11.0420187,
      11.0419145,
      11.0418464,
      11.0416799,
      11.0416340
    ]
  }
}