{
  "id": 2506805,
  "name": "Endschütz",
  "polygon": {
    "numberOfPoints": 139,
    "box": {
      "min": {
        "x": 50.7726798,
        "y": 12.1245655
      },
      "max": {
        "x": 50.8032134,
        "y": 12.1747450
      },
      "center": {
        "x": 50.7879466,
        "y": 12.14965525
      },
      "area": {
        "x": 0.0305336,
        "y": 0.0501795
      }
    },
    "pointsx": [
      50.7807555,
      50.7808924,
      50.7811825,
      50.7812711,
      50.7815363,
      50.7817889,
      50.7819482,
      50.7815108,
      50.7816502,
      50.7816663,
      50.7814461,
      50.7809919,
      50.7804841,
      50.7797003,
      50.7790661,
      50.7786106,
      50.7780188,
      50.7774208,
      50.7760746,
      50.7758461,
      50.7753668,
      50.7750766,
      50.7746220,
      50.7743972,
      50.7743293,
      50.7739737,
      50.7736957,
      50.7734697,
      50.7726798,
      50.7727621,
      50.7727962,
      50.7727076,
      50.7730737,
      50.7731758,
      50.7741352,
      50.7748991,
      50.7750829,
      50.7752480,
      50.7760697,
      50.7763887,
      50.7765626,
      50.7768582,
      50.7770506,
      50.7771829,
      50.7777021,
      50.7781215,
      50.7796719,
      50.7803602,
      50.7811099,
      50.7822112,
      50.7822208,
      50.7820232,
      50.7820732,
      50.7821808,
      50.7820171,
      50.7819797,
      50.7820850,
      50.7825101,
      50.7828594,
      50.7829927,
      50.7831823,
      50.7831919,
      50.7831533,
      50.7831782,
      50.7833186,
      50.7833716,
      50.7835702,
      50.7838612,
      50.7840177,
      50.7842154,
      50.7844866,
      50.7845895,
      50.7842992,
      50.7843595,
      50.7847904,
      50.7849624,
      50.7851340,
      50.7855526,
      50.7860309,
      50.7862586,
      50.7874510,
      50.7878984,
      50.7882174,
      50.7883894,
      50.7898854,
      50.7900689,
      50.7903567,
      50.7904228,
      50.7905263,
      50.7911243,
      50.7916042,
      50.7916976,
      50.7919035,
      50.7919356,
      50.7920478,
      50.7923253,
      50.7926206,
      50.7929040,
      50.7932218,
      50.7932189,
      50.7931564,
      50.7937367,
      50.7950375,
      50.7956488,
      50.7962829,
      50.7970892,
      50.7977591,
      50.7978708,
      50.7986953,
      50.7996137,
      50.8021006,
      50.8027339,
      50.8031967,
      50.8032134,
      50.8028085,
      50.8023493,
      50.8017558,
      50.8015208,
      50.8015663,
      50.8012412,
      50.8001462,
      50.7999052,
      50.7986158,
      50.7981351,
      50.7974493,
      50.7968571,
      50.7959998,
      50.7938856,
      50.7911728,
      50.7893289,
      50.7885706,
      50.7877919,
      50.7875730,
      50.7876092,
      50.7860757,
      50.7838346,
      50.7835851,
      50.7833263,
      50.7816959
    ],
    "pointsy": [
      12.1295381,
      12.1298569,
      12.1302870,
      12.1303890,
      12.1303619,
      12.1304858,
      12.1306817,
      12.1321446,
      12.1342457,
      12.1354293,
      12.1353030,
      12.1354181,
      12.1353488,
      12.1349558,
      12.1339369,
      12.1335859,
      12.1334145,
      12.1332792,
      12.1334665,
      12.1333286,
      12.1331129,
      12.1330677,
      12.1331769,
      12.1332911,
      12.1333334,
      12.1333245,
      12.1331557,
      12.1332154,
      12.1339822,
      12.1345258,
      12.1350940,
      12.1355508,
      12.1359481,
      12.1362210,
      12.1384356,
      12.1388349,
      12.1389600,
      12.1383448,
      12.1384375,
      12.1385068,
      12.1386516,
      12.1388724,
      12.1391065,
      12.1393322,
      12.1394926,
      12.1395610,
      12.1401415,
      12.1403908,
      12.1406279,
      12.1409691,
      12.1410069,
      12.1418963,
      12.1418527,
      12.1418305,
      12.1423360,
      12.1427059,
      12.1432094,
      12.1440277,
      12.1446398,
      12.1450073,
      12.1457466,
      12.1461908,
      12.1466859,
      12.1472185,
      12.1476845,
      12.1481922,
      12.1487090,
      12.1493855,
      12.1496470,
      12.1496963,
      12.1502935,
      12.1507415,
      12.1508549,
      12.1512378,
      12.1510855,
      12.1511657,
      12.1513405,
      12.1533652,
      12.1554449,
      12.1557070,
      12.1563731,
      12.1566608,
      12.1570038,
      12.1573874,
      12.1601268,
      12.1605692,
      12.1616649,
      12.1624077,
      12.1644587,
      12.1644718,
      12.1643908,
      12.1660498,
      12.1660654,
      12.1665344,
      12.1667415,
      12.1674975,
      12.1687364,
      12.1700198,
      12.1713161,
      12.1718343,
      12.1730601,
      12.1732990,
      12.1740567,
      12.1747450,
      12.1724664,
      12.1713084,
      12.1699640,
      12.1682957,
      12.1647226,
      12.1596207,
      12.1529235,
      12.1504088,
      12.1478492,
      12.1474128,
      12.1468821,
      12.1465395,
      12.1463026,
      12.1460895,
      12.1458732,
      12.1443559,
      12.1378876,
      12.1321305,
      12.1280492,
      12.1284480,
      12.1287044,
      12.1291088,
      12.1300868,
      12.1315097,
      12.1273304,
      12.1256212,
      12.1251958,
      12.1245655,
      12.1256616,
      12.1265622,
      12.1275630,
      12.1281893,
      12.1282534,
      12.1282386,
      12.1290898
    ]
  }
}