{
  "id": 27020,
  "name": "Flensburg",
  "polygon": {
    "numberOfPoints": 523,
    "box": {
      "min": {
        "x": 54.7517986,
        "y": 9.3573409
      },
      "max": {
        "x": 54.8370717,
        "y": 9.5068117
      },
      "center": {
        "x": 54.79443515,
        "y": 9.4320763
      },
      "area": {
        "x": 0.0852731,
        "y": 0.1494708
      }
    },
    "pointsx": [
      54.8280068,
      54.8326867,
      54.8333102,
      54.8316638,
      54.8370717,
      54.8225432,
      54.8215554,
      54.8215432,
      54.8214883,
      54.8203792,
      54.8200824,
      54.8192622,
      54.8193571,
      54.8193571,
      54.8194561,
      54.8195061,
      54.8194071,
      54.8186212,
      54.8182433,
      54.8161493,
      54.8155206,
      54.8148223,
      54.8149147,
      54.8149586,
      54.8149356,
      54.8148217,
      54.8146957,
      54.8142187,
      54.8150087,
      54.8145587,
      54.8144817,
      54.8139668,
      54.8136658,
      54.8133299,
      54.8129069,
      54.8124830,
      54.8110261,
      54.8107552,
      54.8102282,
      54.8100192,
      54.8099193,
      54.8098133,
      54.8097673,
      54.8097023,
      54.8096223,
      54.8094543,
      54.8093053,
      54.8091913,
      54.8086684,
      54.8083704,
      54.8078025,
      54.8075435,
      54.8073145,
      54.8072646,
      54.8071736,
      54.8070926,
      54.8070286,
      54.8062387,
      54.8061427,
      54.8060207,
      54.8057007,
      54.8055857,
      54.8055408,
      54.8054758,
      54.8054448,
      54.8054408,
      54.8053798,
      54.8052738,
      54.8051628,
      54.8051477,
      54.8049228,
      54.8049028,
      54.8048998,
      54.8048808,
      54.8048663,
      54.8048078,
      54.8044948,
      54.8044309,
      54.8042874,
      54.8037699,
      54.8036599,
      54.8032820,
      54.8031680,
      54.8020921,
      54.8019851,
      54.8018362,
      54.8017032,
      54.8015542,
      54.8014512,
      54.8013592,
      54.8012682,
      54.8011842,
      54.8011302,
      54.8009593,
      54.8009473,
      54.8009473,
      54.8009323,
      54.8009213,
      54.8009013,
      54.8008713,
      54.8008103,
      54.8007563,
      54.8007033,
      54.8006343,
      54.8005503,
      54.8001314,
      54.7999904,
      54.7998904,
      54.7998034,
      54.7997004,
      54.7996164,
      54.7995584,
      54.7994404,
      54.7994294,
      54.7993914,
      54.7993944,
      54.7993914,
      54.7995744,
      54.7995324,
      54.7994104,
      54.7991085,
      54.7990855,
      54.7989185,
      54.7984335,
      54.7983535,
      54.7979266,
      54.7978496,
      54.7975636,
      54.7974956,
      54.7972777,
      54.7971597,
      54.7967897,
      54.7960688,
      54.7959808,
      54.7959958,
      54.7959728,
      54.7959538,
      54.7956638,
      54.7946040,
      54.7942530,
      54.7937191,
      54.7933371,
      54.7931421,
      54.7930472,
      54.7927492,
      54.7927232,
      54.7926162,
      54.7924942,
      54.7923372,
      54.7919333,
      54.7918153,
      54.7916473,
      54.7913304,
      54.7910871,
      54.7909304,
      54.7907624,
      54.7905254,
      54.7902515,
      54.7900485,
      54.7897855,
      54.7896255,
      54.7894956,
      54.7893316,
      54.7891406,
      54.7886796,
      54.7884997,
      54.7883477,
      54.7883017,
      54.7882257,
      54.7878477,
      54.7876528,
      54.7873058,
      54.7872488,
      54.7871608,
      54.7869818,
      54.7870998,
      54.7873748,
      54.7873898,
      54.7853950,
      54.7850211,
      54.7847201,
      54.7846821,
      54.7836592,
      54.7836592,
      54.7833542,
      54.7831253,
      54.7829510,
      54.7825343,
      54.7824423,
      54.7820764,
      54.7817254,
      54.7815075,
      54.7805846,
      54.7805576,
      54.7800386,
      54.7793337,
      54.7791887,
      54.7790857,
      54.7789707,
      54.7788028,
      54.7785898,
      54.7783228,
      54.7778039,
      54.7777539,
      54.7771129,
      54.7768880,
      54.7763500,
      54.7761821,
      54.7758431,
      54.7757891,
      54.7756641,
      54.7737833,
      54.7731914,
      54.7732224,
      54.7732644,
      54.7734094,
      54.7734394,
      54.7733444,
      54.7730204,
      54.7729204,
      54.7727564,
      54.7725475,
      54.7724555,
      54.7721235,
      54.7720545,
      54.7716046,
      54.7711206,
      54.7709796,
      54.7707386,
      54.7705597,
      54.7705177,
      54.7705177,
      54.7706017,
      54.7713076,
      54.7712806,
      54.7711316,
      54.7706626,
      54.7704417,
      54.7702847,
      54.7701057,
      54.7697657,
      54.7695178,
      54.7691868,
      54.7694378,
      54.7698727,
      54.7698997,
      54.7698917,
      54.7696747,
      54.7704146,
      54.7707459,
      54.7705709,
      54.7704968,
      54.7705441,
      54.7706844,
      54.7712018,
      54.7716411,
      54.7713565,
      54.7712155,
      54.7710055,
      54.7703686,
      54.7699456,
      54.7697017,
      54.7682248,
      54.7667140,
      54.7666420,
      54.7665730,
      54.7663370,
      54.7661730,
      54.7660581,
      54.7660311,
      54.7656391,
      54.7652801,
      54.7650132,
      54.7651041,
      54.7651961,
      54.7652571,
      54.7654401,
      54.7654211,
      54.7653371,
      54.7642992,
      54.7639412,
      54.7638993,
      54.7639183,
      54.7639263,
      54.7640862,
      54.7640902,
      54.7638003,
      54.7637353,
      54.7628154,
      54.7620105,
      54.7618655,
      54.7616215,
      54.7614955,
      54.7613316,
      54.7610036,
      54.7609766,
      54.7608586,
      54.7605006,
      54.7601107,
      54.7593218,
      54.7592568,
      54.7579519,
      54.7571240,
      54.7562501,
      54.7549420,
      54.7546998,
      54.7542309,
      54.7533625,
      54.7524583,
      54.7524860,
      54.7523105,
      54.7522035,
      54.7519856,
      54.7517986,
      54.7527715,
      54.7528934,
      54.7533094,
      54.7533244,
      54.7533934,
      54.7535803,
      54.7536183,
      54.7535193,
      54.7534163,
      54.7532472,
      54.7533513,
      54.7531494,
      54.7531764,
      54.7531874,
      54.7533023,
      54.7533473,
      54.7533893,
      54.7534053,
      54.7535043,
      54.7536223,
      54.7536143,
      54.7535383,
      54.7535303,
      54.7534123,
      54.7534083,
      54.7534053,
      54.7533783,
      54.7532750,
      54.7531528,
      54.7532682,
      54.7532633,
      54.7532673,
      54.7532673,
      54.7532183,
      54.7532143,
      54.7531603,
      54.7531573,
      54.7531453,
      54.7531493,
      54.7531833,
      54.7533087,
      54.7533966,
      54.7534117,
      54.7533475,
      54.7533136,
      54.7533362,
      54.7532341,
      54.7531677,
      54.7532416,
      54.7532963,
      54.7533555,
      54.7532222,
      54.7531572,
      54.7531412,
      54.7531262,
      54.7531492,
      54.7531992,
      54.7533252,
      54.7533552,
      54.7533282,
      54.7533684,
      54.7532594,
      54.7532718,
      54.7532098,
      54.7532676,
      54.7532483,
      54.7532226,
      54.7531406,
      54.7536531,
      54.7536791,
      54.7562770,
      54.7565442,
      54.7566248,
      54.7576276,
      54.7584135,
      54.7589815,
      54.7592198,
      54.7607072,
      54.7614280,
      54.7626251,
      54.7641819,
      54.7656687,
      54.7667444,
      54.7668824,
      54.7680746,
      54.7682094,
      54.7714600,
      54.7731998,
      54.7751336,
      54.7754846,
      54.7762855,
      54.7794171,
      54.7808060,
      54.7811529,
      54.7827548,
      54.7842806,
      54.7843916,
      54.7841206,
      54.7840867,
      54.7841706,
      54.7842086,
      54.7844975,
      54.7850268,
      54.7855815,
      54.7858795,
      54.7858715,
      54.7861924,
