{
  "numberOfPolygons": 1,
  "box": {
    "min": {
      "x": 51.0356445,
      "y": 12.4544883
    },
    "max": {
      "x": 51.0664880,
      "y": 12.5089160
    },
    "center": {
      "x": 51.05106625,
      "y": 12.48170215
    }
  },
  "polygons": [
    {
      "numberOfPoints": 200,
      "box": {
        "min": {
          "x": 51.0356445,
          "y": 12.4544883
        },
        "max": {
          "x": 51.0664880,
          "y": 12.5089160
        },
        "center": {
          "x": 51.05106625,
          "y": 12.48170215
        }
      },
      "pointsx": [
        51.0485983,
        51.0478072,
        51.0413933,
        51.0410839,
        51.0407961,
        51.0408004,
        51.0401044,
        51.0395561,
        51.0375952,
        51.0372601,
        51.0365554,
        51.0357605,
        51.0356445,
        51.0357605,
        51.0362761,
        51.0368089,
        51.0369593,
        51.0368905,
        51.0373890,
        51.0374319,
        51.0379475,
        51.0376725,
        51.0376940,
        51.0379690,
        51.0378272,
        51.0377155,
        51.0376897,
        51.0372987,
        51.0374534,
        51.0376554,
        51.0375608,
        51.0376296,
        51.0378874,
        51.0379690,
        51.0378960,
        51.0379905,
        51.0380420,
        51.0382053,
        51.0383471,
        51.0383600,
        51.0381881,
        51.0382913,
        51.0385104,
        51.0391720,
        51.0395888,
        51.0399884,
        51.0401817,
        51.0402118,
        51.0401946,
        51.0400184,
        51.0396146,
        51.0393955,
        51.0391334,
        51.0391205,
        51.0391076,
        51.0392322,
        51.0395458,
        51.0398853,
        51.0402676,
        51.0404352,
        51.0405684,
        51.0408514,
        51.0409994,
        51.0412571,
        51.0414113,
        51.0416408,
        51.0418213,
        51.0418665,
        51.0418477,
        51.0417066,
        51.0417329,
        51.0419699,
        51.0421883,
        51.0424910,
        51.0427836,
        51.0430334,
        51.0431355,
        51.0432555,
        51.0434394,
        51.0435922,
        51.0437390,
        51.0440564,
        51.0442533,
        51.0444285,
        51.0445269,
        51.0446782,
        51.0450347,
        51.0455081,
        51.0460262,
        51.0459698,
        51.0460864,
        51.0463491,
        51.0465187,
        51.0466008,
        51.0466282,
        51.0466336,
        51.0466331,
        51.0466282,
        51.0466063,
        51.0466446,
        51.0466841,
        51.0467486,
        51.0468252,
        51.0469321,
        51.0470311,
        51.0471918,
        51.0473669,
        51.0475639,
        51.0476788,
        51.0479195,
        51.0482424,
        51.0486497,
        51.0488849,
        51.0490770,
        51.0492535,
        51.0496183,
        51.0498632,
        51.0497913,
        51.0497623,
        51.0499093,
        51.0500809,
        51.0504006,
        51.0505849,
        51.0505586,
        51.0504608,
        51.0509761,
        51.0512145,
        51.0513813,
        51.0515546,
        51.0515606,
        51.0519520,
        51.0520995,
        51.0522515,
        51.0522965,
        51.0525441,
        51.0527762,
        51.0533525,
        51.0533685,
        51.0539110,
        51.0539110,
        51.0577084,
        51.0579849,
        51.0583195,
        51.0586164,
        51.0593986,
        51.0601488,
        51.0598893,
        51.0611283,
        51.0592857,
        51.0598423,
        51.0609854,
        51.0609124,
        51.0643298,
        51.0645022,
        51.0646198,
        51.0648146,
        51.0651689,
        51.0657600,
        51.0658050,
        51.0658890,
        51.0659850,
        51.0660800,
        51.0661330,
        51.0655420,
        51.0652641,
        51.0656790,
        51.0653821,
        51.0657521,
        51.0661560,
        51.0664880,
        51.0664580,
        51.0664040,
        51.0663850,
        51.0661411,
        51.0639743,
        51.0640273,
        51.0640543,
        51.0642793,
        51.0637374,
        51.0629975,
        51.0620326,
        51.0604188,
        51.0600568,
        51.0593129,
        51.0586410,
        51.0577221,
        51.0546624,
        51.0539470,
        51.0534432,
        51.0531444,
        51.0528677,
        51.0524679,
        51.0522530,
        51.0520431,
        51.0520224,
        51.0519840,
        51.0516087,
        51.0511577,
        51.0504060,
        51.0491818
      ],