{"id":2748639,"name":"Kleineutersdorf","polygon":{"numberOfPoints":97,"box":{"min":{"x":50.7656827,"y":11.5608956},"max":{"x":50.7952075,"y":11.6032738},"center":{"x":50.7804451,"y":11.5820847},"area":{"x":0.0295248,"y":0.0423782}},"pointsx":[50.7774926,50.7787897,50.7792793,50.7797165,50.7806433,50.7816342,50.7832487,50.7842435,50.7850471,50.7858222,50.7865630,50.7872412,50.7881017,50.7886203,50.7888936,50.7890078,50.7897657,50.7910592,50.7915265,50.7917373,50.7923755,50.7929739,50.7932635,50.7937887,50.7941078,50.7945009,50.7948371,50.7950935,50.7951961,50.7952075,50.7951790,50.7950764,50.7949055,50.7944667,50.7940451,50.7934981,50.7931163,50.7926946,50.7920564,50.7916576,50.7913897,50.7912644,50.7913100,50.7914524,50.7917886,50.7921134,50.7925867,50.7929796,50.7935527,50.7938045,50.7939643,50.7932962,50.7931288,50.7930135,50.7906761,50.7896736,50.7889592,50.7887860,50.7887061,50.7886301,50.7883836,50.7883950,50.7871413,50.7866794,50.7864420,50.7862377,50.7864167,50.7859579,50.7845774,50.7842124,50.7841565,50.7839533,50.7841677,50.7845481,50.7846583,50.7845452,50.7833718,50.7798074,50.7801848,50.7790762,50.7774117,50.7767646,50.7757066,50.7735467,50.7693809,50.7662949,50.7657739,50.7656827,50.7664085,50.7689344,50.7729697,50.7738986,50.7743921,50.7736083,50.7740147,50.7759016,50.7770627],"pointsy":[11.5608956,11.5616162,11.5619665,11.5624274,11.5635521,11.5646675,11.5659397,11.5666647,11.5671155,11.5673138,11.5674219,11.5673138,11.5671155,11.5671425,11.5672633,11.5673138,11.5679808,11.5689814,11.5690986,11.5690896,11.5689363,11.5687651,11.5687890,11.5691166,11.5694862,11.5701713,11.5709465,11.5718570,11.5723618,11.5728936,11.5732451,11.5736868,11.5741195,11.5748226,11.5753455,11.5757601,11.5759134,11.5757962,11.5756339,11.5756610,11.5759584,11.5764092,11.5769140,11.5772745,11.5777613,11.5783202,11.5792719,11.5805106,11.5824651,11.5833129,11.5838848,11.5843037,11.5844082,11.5843154,11.5824262,11.5823881,11.5833232,11.5835596,11.5837661,11.5840731,11.5853152,11.5862821,11.5867394,11.5876482,11.5892564,11.5905956,11.5916221,11.5913566,11.5929928,11.5941175,11.5957988,11.5992403,11.6006658,11.6019046,11.6029078,11.6032738,11.6025194,11.5982851,11.5972301,11.5960992,11.5967009,11.5958306,11.5970292,11.5935323,11.5946709,11.5882464,11.5840511,11.5798460,11.5758982,11.5693798,11.5648353,11.5666256,11.5658452,11.5629532,11.5625401,11.5620351,11.5627696]}}