{"id":2748747,"name":"Bibra","polygon":{"numberOfPoints":37,"box":{"min":{"x":50.7962782,"y":11.5321006},"max":{"x":50.8239108,"y":11.5673369},"center":{"x":50.8100945,"y":11.54971875},"area":{"x":0.0276326,"y":0.0352363}},"pointsx":[50.8173445,50.8163364,50.8156486,50.8150570,50.8130151,50.8021881,50.8021560,50.8002575,50.8005197,50.7970857,50.7977689,50.7962782,50.7972524,50.7977537,50.7977755,50.7980589,50.7978409,50.7983423,50.7974565,50.7993712,50.7994539,50.8006770,50.8008340,50.8016139,50.8020982,50.8038650,50.8041551,50.8050837,50.8045637,50.8058637,50.8076746,50.8090462,50.8196633,50.8239108,50.8200495,50.8195346,50.8184162],"pointsy":[11.5673369,11.5670592,11.5660368,11.5650091,11.5628884,11.5627874,11.5591013,11.5594416,11.5634784,11.5622838,11.5590479,11.5586627,11.5519794,11.5519794,11.5484615,11.5482201,11.5474614,11.5470820,11.5446051,11.5418323,11.5402212,11.5403510,11.5384986,11.5392139,11.5367679,11.5384620,11.5377047,11.5386263,11.5401584,11.5412508,11.5365409,11.5321006,11.5359402,11.5389963,11.5492853,11.5576387,11.5595112]}}