{"id":2778909,"name":"Dettenhausen","polygon":{"numberOfPoints":442,"box":{"min":{"x":48.5785573,"y":9.0777752},"max":{"x":48.6227917,"y":9.1318157},"center":{"x":48.6006745,"y":9.10479545},"area":{"x":0.0442344,"y":0.0540405}},"pointsx":[48.6016906,48.6013417,48.6012962,48.6011893,48.6011578,48.6009291,48.6001749,48.6000992,48.6000169,48.5999118,48.5996654,48.5986492,48.5974623,48.5959258,48.5952682,48.5946808,48.5943472,48.5939248,48.5935871,48.5932311,48.5926497,48.5923297,48.5921448,48.5915446,48.5906569,48.5894177,48.5891438,48.5879639,48.5877677,48.5870898,48.5864031,48.5858419,48.5853241,48.5843124,48.5838439,48.5835231,48.5828863,48.5825768,48.5823421,48.5821115,48.5820389,48.5818296,48.5818147,48.5818973,48.5820396,48.5824025,48.5828363,48.5827177,48.5829094,48.5831057,48.5833043,48.5829597,48.5830538,48.5830899,48.5830328,48.5828424,48.5831392,48.5832030,48.5831780,48.5831970,48.5832031,48.5823700,48.5823015,48.5822558,48.5821212,48.5820458,48.5820641,48.5821211,48.5821257,48.5820139,48.5819362,48.5819202,48.5818518,48.5818745,48.5818974,48.5818814,48.5818198,48.5817787,48.5816988,48.5816531,48.5816508,48.5816211,48.5814909,48.5814476,48.5814590,48.5815252,48.5815594,48.5815343,48.5814338,48.5813446,48.5812533,48.5811173,48.5810873,48.5810044,48.5808989,48.5807866,48.5808253,48.5809325,48.5808707,48.5807105,48.5806533,48.5805437,48.5804089,48.5802008,48.5800454,48.5799288,48.5798576,48.5796564,48.5790829,48.5787219,48.5785848,48.5785573,48.5785891,48.5785867,48.5785637,48.5789723,48.5791640,48.5796073,48.5800459,48.5802402,48.5804776,48.5807311,48.5809730,48.5812355,48.5816030,48.5818060,48.5822876,48.5824586,48.5826916,48.5846690,48.5854382,48.5855702,48.5856479,48.5856706,48.5856726,48.5857066,48.5858250,48.5859073,48.5859827,48.5860486,48.5861857,48.5862380,48.5862603,48.5863103,48.5863714,48.5863779,48.5863249,48.5862121,48.5861976,48.5861943,48.5859924,48.5859576,48.5859802,48.5860690,48.5865179,48.5869989,48.5880576,48.5876400,48.5871519,48.5866632,48.5858375,48.5848854,48.5854505,48.5859593,48.5862920,48.5872769,48.5879975,48.5887311,48.5899098,48.5900184,48.5910047,48.5918897,48.5921547,48.5925167,48.5930904,48.5934819,48.5935969,48.5938270,48.5939118,48.5941013,48.5943355,48.5951120,48.5952739,48.5959787,48.5961057,48.5961699,48.5971109,48.5975490,48.5979389,48.5980707,48.5978642,48.5977630,48.5977438,48.5976803,48.5976105,48.5975228,48.5974786,48.5974836,48.5976332,48.5978127,48.5981394,48.5984284,48.5994714,48.6000544,48.6000110,48.5999727,48.6000184,48.6003779,48.6007600,48.6013382,48.6016365,48.6018434,48.6020614,48.6022222,48.6014420,48.6017542,48.6018877,48.6020505,48.6023114,48.6029747,48.6031523,48.6033779,48.6036039,48.6038254,48.6040336,48.6042032,48.6045999,48.6053615,48.6057170,48.6063250,48.6066152,48.6068049,48.6082220,48.6095465,48.6101090,48.6106056,48.6114706,48.6115719,48.6121981,48.6120669,48.6120123,48.6121575,48.6120706,48.6120224,48.6125567,48.6127927,48.6131896,48.6130752,48.6131189,48.6129212,48.6127569,48.6126012,48.6125066,48.6126094,48.6131969,48.6133957,48.6136218,48.6140145,48.6142445,48.6143989,48.6146742,48.6154798,48.6157015,48.6159413,48.6160359,48.6170065,48.6172524,48.6172626,48.6173622,48.6178283,48.6189977,48.6197009,48.6200115,48.6207862,48.6211152,48.6213321,48.6215563,48.6217791,48.6216839,48.6216912,48.6218557,48.6220700,48.6221644,48.6223579,48.6226116,48.6227042,48.6227778,48.6227917,48.6223343,48.6218685,48.6215879,48.6213508,48.6211548,48.6208676,48.6206256,48.6203127,48.6198651,48.6192828,48.6190132,48.6188809,48.6186144,48.6181679,48.6176001,48.6173216,48.6170658,48.6167525,48.6165419,48.6162757,48.6161742,48.6161364,48.6161716,48.6163551,48.6164454,48.6164916,48.6165009,48.6165253,48.6156356,48.6156147,48.6155821,48.6154288,48.6152461,48.6149991,48.6148685,48.6147130,48.6145784,48.6144370,48.6143279,48.6142190,48.6140026,48.6138048,48.6135487,48.6132494,48.6130232,48.6127996,48.6126285,48.6124413,48.6122488,48.6120059,48.6117723,48.6117567,48.6116777,48.6116467,48.6116480,48.6112097,48.6109141,48.6106218,48.6104206,48.6104148,48.6094230,48.6085621,48.6083386,48.6080479,48.6077147,48.6074678,48.6074125,48.6072536,48.6070343,48.6067865,48.6065946,48.6064383,48.6062272,48.6060384,48.6056720,48.6054077,48.6052296,48.6051035,48.6047847,48.6043212,48.6038928,48.6035582,48.6034091,48.6033051,48.6030583,48.6028859,48.6026850,48.6024749,48.6023045,48.6022231,48.6021077,48.6015876,48.6012751,48.6009508,48.6007366,48.6005995,48.6004237,48.6002730,48.6001602,48.6001232,48.6001418,48.6002191,48.6002452,48.6002737,48.6003296,48.6003944,48.6004931,48.6005147,48.6005779,48.6006619,48.6007117,48.6007362,48.6007080,48.6006525,48.6005214,48.6004592,48.6004200,48.6004149,48.6004667,48.6005277,48.6006026,48.6007747,48.6008900,48.6009556,48.6009671,48.6009630,48.6010068,48.6010732,48.6011758,48.6012711,48.6013455,48.6014070,48.6014291,48.6014837,48.6015613,48.6016067,48.6016565,48.6016764,48.6016321,48.6015561,48.6014713,48.6014505,48.6014824,48.6015530,48.6016235,48.6016481,48.6016590,48.6016153,48.6015239,48.6013830,48.6012864,48.6012554,48.6012883,48.6013767],