{
  "id": 2778358,
  "name": "Bollberg",
  "polygon": {
    "numberOfPoints": 66,
    "box": {
      "min": {
        "x": 50.8716969,
        "y": 11.7714537
      },
      "max": {
        "x": 50.8874989,
        "y": 11.8163059
      },
      "center": {
        "x": 50.8795979,
        "y": 11.7938798
      },
      "area": {
        "x": 0.0158020,
        "y": 0.0448522
      }
    },
    "pointsx": [
      50.8717484,
      50.8716969,
      50.8723114,
      50.8728736,
      50.8747106,
      50.8771947,
      50.8767405,
      50.8782183,
      50.8842638,
      50.8842405,
      50.8838353,
      50.8836392,
      50.8836850,
      50.8838700,
      50.8842013,
      50.8848026,
      50.8851556,
      50.8851136,
      50.8859241,
      50.8855123,
      50.8854731,
      50.8865254,
      50.8865450,
      50.8864404,
      50.8861267,
      50.8854993,
      50.8851594,
      50.8846496,
      50.8846085,
      50.8848858,
      50.8850522,
      50.8851446,
      50.8855513,
      50.8868360,
      50.8874989,
      50.8874543,
      50.8871732,
      50.8867550,
      50.8861668,
      50.8851995,
      50.8843237,
      50.8838269,
      50.8836047,
      50.8820883,
      50.8813508,
      50.8803293,
      50.8789082,
      50.8778223,
      50.8769720,
      50.8767814,
      50.8762969,
      50.8764818,
      50.8772350,
      50.8762828,
      50.8746464,
      50.8755709,
      50.8764399,
      50.8770383,
      50.8760987,
      50.8752733,
      50.8775756,
      50.8771887,
      50.8764827,
      50.8757571,
      50.8742797,
      50.8729853
    ],
    "pointsy": [
      11.7811539,
      11.7808073,
      11.7807348,
      11.7803307,
      11.7797920,
      11.7787975,
      11.7763896,
      11.7760087,
      11.7755105,
      11.7747171,
      11.7737640,
      11.7727383,
      11.7723136,
      11.7719964,
      11.7724483,
      11.7714848,
      11.7714537,
      11.7753214,
      11.7829670,
      11.7879604,
      11.7883852,
      11.7894004,
      11.7901360,
      11.7905193,
      11.7909026,
      11.7915139,
      11.7919956,
      11.7951450,
      11.7974745,
      11.7992619,
      11.8011079,
      11.8034961,
      11.8053274,
      11.8074958,
      11.8082246,
      11.8104659,
      11.8107249,
      11.8106006,
      11.8101654,
      11.8103726,
      11.8104452,
      11.8109217,
      11.8119370,
      11.8127036,
      11.8137708,
      11.8163059,
      11.8140360,
      11.8144736,
      11.8155575,
      11.8152174,
      11.8129206,
      11.8119683,
      11.8101659,
      11.8087155,
      11.8074408,
      11.8050234,
      11.8037927,
      11.8024431,
      11.8003504,
      11.7965380,
      11.7933006,
      11.7924458,
      11.7884365,
      11.7862195,
      11.7845930,
      11.7825210
    ]
  }
}