{
  "numberOfPolygons": 1,
  "box": {
    "min": {
      "x": 50.8308385,
      "y": 11.4382892
    },
    "max": {
      "x": 50.8697108,
      "y": 11.5598635
    },
    "center": {
      "x": 50.85027465,
      "y": 11.49907635
    }
  },
  "polygons": [
    {
      "numberOfPoints": 82,
      "box": {
        "min": {
          "x": 50.8308385,
          "y": 11.4382892
        },
        "max": {
          "x": 50.8697108,
          "y": 11.5598635
        },
        "center": {
          "x": 50.85027465,
          "y": 11.49907635
        }
      },
      "pointsx": [
        50.8546754,
        50.8538224,
        50.8525817,
        50.8530470,
        50.8543652,
        50.8557868,
        50.8568723,
        50.8569469,
        50.8578318,
        50.8594836,
        50.8592896,
        50.8583857,
        50.8591176,
        50.8588276,
        50.8590676,
        50.8594225,
        50.8610703,
        50.8618372,
        50.8626081,
        50.8621352,
        50.8620622,
        50.8618912,
        50.8620741,
        50.8626081,
        50.8630320,
        50.8622531,
        50.8633209,
        50.8662742,
        50.8657512,
        50.8676970,
        50.8674070,
        50.8675330,
        50.8697108,
        50.8689938,
        50.8670481,
        50.8668501,
        50.8666631,
        50.8661562,
        50.8664381,
        50.8653582,
        50.8655001,
        50.8650762,
        50.8647927,
        50.8645422,
        50.8625285,
        50.8621775,
        50.8599268,
        50.8591638,
        50.8570691,
        50.8574581,
        50.8552573,
        50.8557223,
        50.8512938,
        50.8466663,
        50.8459994,
        50.8422838,
        50.8405780,
        50.8399261,
        50.8404641,
        50.8407380,
        50.8392852,
        50.8395562,
        50.8396432,
        50.8383813,
        50.8370995,
        50.8324910,
        50.8328297,
        50.8358551,
        50.8340968,
        50.8327004,
        50.8312264,
        50.8324160,
        50.8324160,
        50.8308385,
        50.8330107,
        50.8344991,
        50.8389850,
        50.8435341,
        50.8446457,
        50.8448784,
        50.8489112,
        50.8516512
      ],
      "pointsy": [
        11.5301658,
        11.5378630,
        11.5421620,
        11.5459697,
        11.5509238,
        11.5532985,
        11.5560416,
        11.5598635,
        11.5596555,
        11.5592675,
        11.5582417,
        11.5534334,
        11.5530594,
        11.5501779,
        11.5490930,
        11.5474883,
        11.5451826,
        11.5444877,
        11.5416981,
        11.5411181,
        11.5396114,
        11.5358569,
        11.5352220,
        11.5354910,
        11.5314955,
        11.5282480,
        11.5268072,
        11.4628336,
        11.4612078,
        11.4605379,
        11.4580463,
        11.4579553,
        11.4565794,
        11.4541038,
        11.4551307,
        11.4552307,
        11.4553267,
        11.4555837,
        11.4509473,
        11.4470519,
        11.4410468,
        11.4397940,
        11.4391983,
        11.4382892,
        11.4407279,
        11.4411528,
        11.4409959,
        11.4397871,
        11.4413019,
        11.4438875,
        11.4454303,
        11.4479109,
        11.4502047,
        11.4526084,
        11.4495859,
        11.4509217,
        11.4524405,
        11.4530214,
        11.4562180,
        11.4578437,
        11.4582627,
        11.4598555,
        11.4603634,
        11.4609573,
        11.4607594,
        11.4577139,
        11.4642068,
        11.4653123,
        11.4732961,
        11.4791919,
        11.4841869,
        11.4944227,
        11.5017924,
        11.5073606,
        11.5098172,
        11.5235067,
        11.5232635,
        11.5224933,
        11.5232874,
        11.5264809,
        11.5293879,
        11.5308618
      ]
    }
  ]
}