{
  "id": 2778449,
  "name": "Waltersdorf",
  "polygon": {
    "numberOfPoints": 79,
    "box": {
      "min": {
        "x": 50.8142225,
        "y": 11.7299541
      },
      "max": {
        "x": 50.8409493,
        "y": 11.7661213
      },
      "center": {
        "x": 50.8275859,
        "y": 11.7480377
      },
      "area": {
        "x": 0.0267268,
        "y": 0.0361672
      }
    },
    "pointsx": [
      50.8248078,
      50.8245990,
      50.8250155,
      50.8253857,
      50.8249738,
      50.8247399,
      50.8237189,
      50.8231823,
      50.8224755,
      50.8221483,
      50.8215069,
      50.8213250,
      50.8210380,
      50.8208159,
      50.8198625,
      50.8190943,
      50.8177429,
      50.8173078,
      50.8152899,
      50.8142225,
      50.8159934,
      50.8181039,
      50.8190238,
      50.8194866,
      50.8196995,
      50.8201716,
      50.8207639,
      50.8209028,
      50.8213656,
      50.8226984,
      50.8239478,
      50.8242995,
      50.8243083,
      50.8253637,
      50.8267691,
      50.8271359,
      50.8273950,
      50.8281539,
      50.8283575,
      50.8294471,
      50.8300023,
      50.8304650,
      50.8306223,
      50.8306409,
      50.8326489,
      50.8332469,
      50.8334161,
      50.8347322,
      50.8353432,
      50.8353888,
      50.8355507,
      50.8357959,
      50.8360347,
      50.8363863,
      50.8365621,
      50.8374318,
      50.8375521,
      50.8379037,
      50.8378610,
      50.8378297,
      50.8384033,
      50.8387774,
      50.8392353,
      50.8397587,
      50.8403867,
      50.8409493,
      50.8404914,
      50.8401605,
      50.8398326,
      50.8396760,
      50.8396701,
      50.8350486,
      50.8314398,
      50.8308401,
      50.8288631,
      50.8274895,
      50.8262194,
      50.8264345,
      50.8255830
    ],
    "pointsy": [
      11.7598698,
      11.7592995,
      11.7588819,
      11.7582446,
      11.7575486,
      11.7560483,
      11.7539763,
      11.7533340,
      11.7530439,
      11.7532304,
      11.7530232,
      11.7528137,
      11.7521837,
      11.7512899,
      11.7509383,
      11.7496637,
      11.7494805,
      11.7491143,
      11.7491143,
      11.7482169,
      11.7408217,
      11.7399427,
      11.7380796,
      11.7366438,
      11.7357647,
      11.7345340,
      11.7335817,
      11.7332008,
      11.7325268,
      11.7315159,
      11.7303438,
      11.7302852,
      11.7299541,
      11.7299785,
      11.7316693,
      11.7316755,
      11.7319393,
      11.7320565,
      11.7317928,
      11.7312919,
      11.7324494,
      11.7329914,
      11.7335189,
      11.7350279,
      11.7345591,
      11.7343034,
      11.7357083,
      11.7347489,
      11.7347598,
      11.7350898,
      11.7352656,
      11.7352583,
      11.7349025,
      11.7357669,
      11.7364262,
      11.7391806,
      11.7410266,
      11.7417738,
      11.7441429,
      11.7467698,
      11.7491140,
      11.7509475,
      11.7522943,
      11.7556716,
      11.7578679,
      11.7626749,
      11.7635037,
      11.7643176,
      11.7648306,
      11.7659113,
      11.7661213,
      11.7648582,
      11.7645798,
      11.7646041,
      11.7638250,
      11.7632486,
      11.7624575,
      11.7614758,
      11.7592782
    ]
  }
}