{"id":2778410,"name":"Schöngleina","polygon":{"numberOfPoints":38,"box":{"min":{"x":50.8918464,"y":11.7064765},"max":{"x":50.9299002,"y":11.7443485},"center":{"x":50.9108733,"y":11.7254125},"area":{"x":0.0380538,"y":0.0378720}},"pointsx":[50.8918464,50.8983636,50.9001650,50.9088352,50.9190744,50.9203196,50.9196779,50.9203135,50.9194355,50.9205158,50.9259647,50.9272873,50.9299002,50.9239646,50.9228355,50.9190608,50.9173185,50.9162215,50.9149631,50.9118328,50.9108856,50.9094722,50.9084744,50.9074490,50.9064881,50.9057583,50.9038735,50.8990965,50.8988563,50.8981588,50.8951533,50.8945328,50.8951441,50.8958920,50.8974602,50.8970159,50.8963232,50.8949772],"pointsy":[11.7141954,11.7134110,11.7123518,11.7072532,11.7064765,11.7134017,11.7135937,11.7163449,11.7170635,11.7187056,11.7270465,11.7260229,11.7311408,11.7432701,11.7433213,11.7388175,11.7386128,11.7389711,11.7407623,11.7420249,11.7422836,11.7417269,11.7411115,11.7408332,11.7410090,11.7409064,11.7402178,11.7424448,11.7430894,11.7433154,11.7443485,11.7405675,11.7393818,11.7383505,11.7379154,11.7360921,11.7348489,11.7317409]}}