{"id":2778444,"name":"Waldeck","polygon":{"numberOfPoints":47,"box":{"min":{"x":50.9067624,"y":11.7615920},"max":{"x":50.9351912,"y":11.8309698},"center":{"x":50.9209768,"y":11.7962809},"area":{"x":0.0284288,"y":0.0693778}},"pointsx":[50.9090900,50.9156045,50.9190324,50.9202506,50.9218818,50.9237194,50.9249014,50.9255466,50.9247724,50.9254176,50.9286112,50.9280022,50.9289015,50.9297724,50.9300305,50.9300627,50.9278370,50.9301272,50.9311594,50.9315787,50.9301595,50.9309336,50.9312884,50.9351912,50.9329012,50.9328128,50.9300579,50.9299280,50.9296423,50.9293351,50.9287256,50.9281821,50.9273232,50.9271125,50.9223206,50.9194169,50.9157065,50.9134478,50.9118021,50.9067839,50.9069103,50.9067624,50.9068641,50.9072059,50.9075385,50.9080097,50.9084901],"pointsy":[11.7717490,11.7699423,11.7704664,11.7693855,11.7660445,11.7668306,11.7690129,11.7673240,11.7655839,11.7634856,11.7615920,11.7641778,11.7663004,11.7704971,11.7748472,11.7774062,11.7808863,11.7825240,11.7863624,11.7900473,11.8023813,11.8121052,11.8150736,11.8167113,11.8241834,11.8277715,11.8283682,11.8301430,11.8306197,11.8309698,11.8308251,11.8304107,11.8297559,11.8297407,11.8163531,11.8122076,11.8105699,11.8084204,11.8093035,11.7857516,11.7842749,11.7833226,11.7814766,11.7801433,11.7762169,11.7744587,11.7733892]}}