{
  "numberOfPolygons": 1,
  "box": {
    "min": {
      "x": 50.7984286,
      "y": 11.7747408
    },
    "max": {
      "x": 50.8221150,
      "y": 11.8246183
    },
    "center": {
      "x": 50.8102718,
      "y": 11.79967955
    }
  },
  "polygons": [
    {
      "numberOfPoints": 104,
      "box": {
        "min": {
          "x": 50.7984286,
          "y": 11.7747408
        },
        "max": {
          "x": 50.8221150,
          "y": 11.8246183
        },
        "center": {
          "x": 50.8102718,
          "y": 11.79967955
        }
      },
      "pointsx": [
        50.7984286,
        50.7990317,
        50.7993506,
        50.8008130,
        50.8049432,
        50.8100832,
        50.8098344,
        50.8100556,
        50.8107912,
        50.8116167,
        50.8122405,
        50.8129393,
        50.8141914,
        50.8155327,
        50.8166254,
        50.8172776,
        50.8155251,
        50.8157018,
        50.8157460,
        50.8157460,
        50.8153704,
        50.8156024,
        50.8156150,
        50.8170468,
        50.8176039,
        50.8179753,
        50.8184992,
        50.8189634,
        50.8190894,
        50.8193083,
        50.8196465,
        50.8198255,
        50.8201173,
        50.8205285,
        50.8207075,
        50.8207937,
        50.8208003,
        50.8207606,
        50.8207606,
        50.8212380,
        50.8213905,
        50.8214966,
        50.8217553,
        50.8218928,
        50.8219923,
        50.8221150,
        50.8213058,
        50.8208317,
        50.8206427,
        50.8205034,
        50.8204206,
        50.8200492,
        50.8195320,
        50.8190818,
        50.8174687,
        50.8165363,
        50.8141694,
        50.8136392,
        50.8132282,
        50.8128329,
        50.8116731,
        50.8112644,
        50.8105574,
        50.8084343,
        50.8077170,
        50.8069827,
        50.8049595,
        50.8043424,
        50.8034440,
        50.8028659,
        50.8023113,
        50.8009567,
        50.8011750,
        50.8012523,
        50.8015098,
        50.8017012,
        50.8017733,
        50.8028560,
        50.8035962,
        50.8038732,
        50.8040372,
        50.8041388,
        50.8047600,
        50.8052091,
        50.8056289,
        50.8057836,
        50.8062697,
        50.8067285,
        50.8052919,
        50.8047920,
        50.8043623,
        50.8039092,
        50.8034327,
        50.8034561,
        50.8028390,
        50.8027374,
        50.8012219,
        50.8008518,
        50.8014196,
        50.8007469,
        50.7996641,
        50.7990895,
        50.7992442,
        50.7987028
      ],
      "pointsy": [
        11.8226867,
        11.8235257,
        11.8246183,
        11.8233526,
        11.8225241,
        11.8220869,
        11.8192074,
        11.8180831,
        11.8189105,
        11.8193929,
        11.8191480,
        11.8185839,
        11.8174260,
        11.8164611,
        11.8158747,
        11.8149656,
        11.8141556,
        11.8132117,
        11.8119705,
        11.8099951,
        11.8071981,
        11.8042438,
        11.8029738,
        11.8010593,
        11.7988024,
        11.7979732,
        11.7975953,
        11.7975008,
        11.7973749,
        11.7967503,
        11.7945879,
        11.7941680,
        11.7939476,
        11.7939581,
        11.7938374,
        11.7934595,
        11.7925043,
        11.7913496,
        11.7905991,
        11.7874500,
        11.7863688,
        11.7844374,
        11.7825690,
        11.7793001,
        11.7781848,
        11.7774342,
        11.7766537,
        11.7760291,
        11.7759137,
        11.7754728,
        11.7753993,
        11.7755725,
        11.7764079,
        11.7768087,
        11.7772986,
        11.7778490,
        11.7778904,
        11.7781176,
        11.7781616,
        11.7780302,
        11.7772261,
        11.7765968,
        11.7759325,
        11.7747408,
        11.7775345,
        11.7786222,
        11.7805567,
        11.7809523,
        11.7814467,
        11.7818547,
        11.7821019,
        11.7830917,
        11.7836381,
        11.7843373,
        11.7848136,
        11.7858519,
        11.7865315,
        11.7899928,
        11.7925101,
        11.7930560,
        11.7938224,
        11.7950956,
        11.7970290,
        11.7996512,
        11.8012944,
        11.8022209,
        11.8041613,
        11.8054804,
        11.8067427,
        11.8074102,
        11.8081766,
        11.8087328,
        11.8089429,
        11.8091902,
        11.8097464,
        11.8095363,
        11.8105252,
        11.8111026,
        11.8138163,
        11.8152891,
        11.8173170,
        11.8191525,
        11.8214076,
        11.8220719
      ]
    }
  ]
}