{
  "id": 2778322,
  "name": "Walddorfhäslach",
  "polygon": {
    "numberOfPoints": 538,
    "box": {
      "min": {
        "x": 48.5732573,
        "y": 9.1258411
      },
      "max": {
        "x": 48.6059181,
        "y": 9.2073516
      },
      "center": {
        "x": 48.5895877,
        "y": 9.16659635
      },
      "area": {
        "x": 0.0326608,
        "y": 0.0815105
      }
    },
    "pointsx": [
      48.6045609,
      48.6053454,
      48.6052820,
      48.6051246,
      48.6049520,
      48.6048527,
      48.6048102,
      48.6047623,
      48.6047660,
      48.6047724,
      48.6047779,
      48.6047009,
      48.6046612,
      48.6046612,
      48.6046826,
      48.6050693,
      48.6052500,
      48.6053276,
      48.6053575,
      48.6053862,
      48.6053866,
      48.6053982,
      48.6053723,
      48.6053367,
      48.6052710,
      48.6050081,
      48.6048349,
      48.6047913,
      48.6047866,
      48.6047953,
      48.6048148,
      48.6048348,
      48.6048888,
      48.6049920,
      48.6051788,
      48.6052861,
      48.6052965,
      48.6052928,
      48.6052931,
      48.6052931,
      48.6052986,
      48.6052882,
      48.6052547,
      48.6051671,
      48.6050616,
      48.6050197,
      48.6049464,
      48.6049428,
      48.6049759,
      48.6050294,
      48.6050623,
      48.6050612,
      48.6050718,
      48.6050982,
      48.6051546,
      48.6052272,
      48.6053229,
      48.6053992,
      48.6055076,
      48.6057473,
      48.6058603,
      48.6059181,
      48.6059120,
      48.6058558,
      48.6057724,
      48.6054171,
      48.6053628,
      48.6053317,
      48.6053007,
      48.6052789,
      48.6052797,
      48.6052644,
      48.6052536,
      48.6052059,
      48.6050969,
      48.6048765,
      48.6046853,
      48.6045451,
      48.6044411,
      48.6043306,
      48.6039368,
      48.6038775,
      48.6038576,
      48.6038714,
      48.6039195,
      48.6039550,
      48.6039627,
      48.6039499,
      48.6039008,
      48.6037499,
      48.6037056,
      48.6036608,
      48.6035648,
      48.6033787,
      48.6032100,
      48.6031365,
      48.6030909,
      48.6030844,
      48.6031078,
      48.6032234,
      48.6034492,
      48.6037672,
      48.6038580,
      48.6039163,
      48.6039649,
      48.6039701,
      48.6039499,
      48.6039228,
      48.6038841,
      48.6038432,
      48.6037908,
      48.6037291,
      48.6036649,
      48.6034358,
      48.6033177,
      48.6032359,
      48.6031886,
      48.6031621,
      48.6031408,
      48.6031352,
      48.6031347,
      48.6031590,
      48.6031922,
      48.6031962,
      48.6028108,
      48.6027925,
      48.6027481,
      48.6026666,
      48.6024933,
      48.6022662,
      48.6021451,
      48.6020585,
      48.6019939,
      48.6019274,
      48.6017532,
      48.6017240,
      48.6017221,
      48.6017544,
      48.6017893,
      48.6017899,
      48.6017448,
      48.6016655,
      48.6014613,
      48.6013820,
      48.6013417,
      48.6012522,
      48.6012124,
      48.6012044,
      48.6012369,
      48.6012990,
      48.6014183,
      48.6015744,
      48.6016367,
      48.6017332,
      48.6018318,
      48.6019166,
      48.6019723,
      48.6019925,
      48.6019962,
      48.6019768,
      48.6019319,
      48.6018419,
      48.6017569,
      48.6017221,
      48.6017357,
      48.6017362,
      48.6016906,
      48.6013417,
      48.6012962,
      48.6011893,
      48.6011578,
      48.6009291,
      48.6001749,
      48.6000992,
      48.6000169,
      48.5999118,
      48.5996654,
      48.5986492,
      48.5974623,
      48.5959258,
      48.5952682,
      48.5946808,
      48.5943472,
      48.5939248,
      48.5935871,
      48.5932311,
      48.5926497,
      48.5923297,
      48.5921448,
      48.5915446,
      48.5906569,
      48.5894177,
      48.5891438,
      48.5879639,
      48.5877677,
      48.5870898,
      48.5864031,
      48.5858419,
      48.5853241,
      48.5843124,
      48.5838439,
      48.5835231,
      48.5828863,
      48.5825768,
      48.5823421,
      48.5821115,
      48.5820536,
      48.5819652,
      48.5818662,
      48.5818195,
      48.5818624,
      48.5819941,
      48.5819863,
      48.5819147,
      48.5817770,
      48.5817020,
      48.5816965,
      48.5817456,
      48.5817496,
      48.5817487,
      48.5817666,
      48.5818206,
      48.5818040,
      48.5817574,
      48.5817998,
      48.5818491,
      48.5818278,
      48.5817032,
      48.5815326,
      48.5814425,
      48.5815833,
      48.5815735,
      48.5814820,
      48.5814268,
      48.5813055,
      48.5812891,
      48.5814119,
      48.5814457,
      48.5814219,
      48.5814199,
      48.5814548,
      48.5814084,
      48.5812704,
      48.5811361,
      48.5810944,
      48.5810735,
      48.5807619,
      48.5804589,
      48.5802454,
      48.5800886,
      48.5800340,
      48.5800557,
      48.5801082,
      48.5802109,
      48.5802222,
      48.5800782,
      48.5796295,
      48.5793513,
      48.5789935,
      48.5793085,
      48.5794382,
      48.5786916,
      48.5778747,
      48.5776583,
      48.5773308,
      48.5769294,
      48.5766533,
      48.5764980,
      48.5762503,
      48.5762038,
      48.5759345,
      48.5755039,
      48.5751566,
      48.5747098,
      48.5745478,
      48.5745104,
      48.5745633,
      48.5745892,
      48.5748089,
      48.5752056,
      48.5755417,
      48.5757443,
      48.5760570,
      48.5770450,
      48.5764612,
      48.5756312,
      48.5747829,
      48.5742796,
      48.5744490,
      48.5744260,
      48.5742178,
      48.5739761,
      48.5742381,
      48.5744132,
      48.5737343,
      48.5735224,
      48.5733442,
      48.5732688,
      48.5732573,
      48.5733188,
      48.5733895,
      48.5734053,
      48.5733528,
      48.5738124,
      48.5739836,
      48.5741909,
      48.5743453,
      48.5750578,
      48.5757382,
      48.5766463,
      48.5767031,
      48.5767595,
      48.5768511,
      48.5772159,
      48.5773629,
      48.5777938,
      48.5781450,
      48.5784904,
      48.5787639,
      48.5797469,
      48.5799186,
      48.5802408,
      48.5796170,
      48.5795308,
      48.5792043,
      48.5790886,
      48.5785263,
      48.5783970,
      48.5780612,
      48.5777947,
      48.5779031,
      48.5779930,
      48.5782427,
      48.5784509,
      48.5785785,
      48.5787560,
      48.5790865,
      48.5793031,
      48.5798530,
      48.5800679,
      48.5802572,
      48.5803502,
      48.5809132,
      48.5813140,
      48.5813807,
      48.5820404,
      48.5823318,
      48.5819854,
      48.5817466,
      48.5813630,
      48.5811229,
      48.5806838,
      48.5800586,
      48.5807973,
      48.5805811,
      48.5804942,
      48.5790157,
      48.5785770,
      48.5779970,
      48.5778239,
      48.5777902,
      48.5777043,
      48.5776681,
      48.5776894,
      48.5777547,
      48.5777876,
      48.5778258,
      48.5779021,
      48.5779628,
      48.5781275,
      48.5781893,
      48.5781131,
      48.5780283,
      48.5780378,
      48.5780659,
      48.5779932,
      48.5777253,
      48.5775033,
      48.5775223,
      48.5775926,
      48.5776464,
      48.5786048,
      48.5789085,
      48.5791923,
      48.5792337,
      48.5792165,
      48.5791069,
      48.5789558,
      48.5788644,
      48.5788214,
      48.5788041,
      48.5787739,
      48.5791146,
      48.5793271,
      48.5794369,
      48.5796845,
      48.5798894,
      48.5805979,
      48.5802749,
      48.5815924,
      48.5815342,
      48.5815344,
      48.5816513,
      48.5816373,
      48.5815131,
      48.5818866,
      48.5818034,
      48.5821704,
      48.5820511,
      48.5819546,
      48.5818529,
      48.5816282,
      48.5815984,
      48.5813772,
      48.5812893,
      48.5812198,
      48.5811278,
      48.5810062,
      48.5809023,
      48.5807824,
      48.5806378,
