{
  "numberOfPolygons": 1,
  "box": {
    "min": {
      "x": 48.5495207,
      "y": 9.1254371
    },
    "max": {
      "x": 48.5823318,
      "y": 9.2221215
    },
    "center": {
      "x": 48.56592625,
      "y": 9.1737793
    }
  },
  "polygons": [
    {
      "numberOfPoints": 459,
      "box": {
        "min": {
          "x": 48.5495207,
          "y": 9.1254371
        },
        "max": {
          "x": 48.5823318,
          "y": 9.2221215
        },
        "center": {
          "x": 48.56592625,
          "y": 9.1737793
        }
      },
      "pointsx": [
        48.5635978,
        48.5635146,
        48.5635144,
        48.5636032,
        48.5636875,
        48.5637714,
        48.5637186,
        48.5635402,
        48.5633663,
        48.5632656,
        48.5631329,
        48.5629797,
        48.5628382,
        48.5623452,
        48.5620051,
        48.5613387,
        48.5612163,
        48.5608676,
        48.5606939,
        48.5604540,
        48.5601505,
        48.5599840,
        48.5595950,
        48.5592444,
        48.5584884,
        48.5586405,
        48.5577176,
        48.5570207,
        48.5564521,
        48.5555160,
        48.5550613,
        48.5548946,
        48.5534163,
        48.5532883,
        48.5527975,
        48.5529070,
        48.5530964,
        48.5534777,
        48.5550688,
        48.5559271,
        48.5543743,
        48.5538920,
        48.5536360,
        48.5528084,
        48.5522358,
        48.5512754,
        48.5503382,
        48.5504499,
        48.5505206,
        48.5505583,
        48.5507756,
        48.5495539,
        48.5497637,
        48.5499849,
        48.5495207,
        48.5500888,
        48.5510940,
        48.5511600,
        48.5512211,
        48.5515568,
        48.5514971,
        48.5511763,
        48.5517837,
        48.5518217,
        48.5518806,
        48.5520081,
        48.5514735,
        48.5512267,
        48.5514570,
        48.5519838,
        48.5524696,
        48.5528664,
        48.5533683,
        48.5533363,
        48.5539864,
        48.5543788,
        48.5547892,
        48.5550080,
        48.5551172,
        48.5551374,
        48.5550789,
        48.5562024,
        48.5563714,
        48.5555223,
        48.5538609,
        48.5537191,
        48.5534973,
        48.5534582,
        48.5535061,
        48.5535539,
        48.5533141,
        48.5529890,
        48.5529318,
        48.5528398,
        48.5527429,
        48.5526622,
        48.5526574,
        48.5526692,
        48.5527389,
        48.5538115,
        48.5538591,
        48.5538935,
        48.5535959,
        48.5535224,
        48.5536632,
        48.5537925,
        48.5538322,
        48.5538113,
        48.5537265,
        48.5534483,
        48.5533171,
        48.5532841,
        48.5533519,
        48.5537318,
        48.5541285,
        48.5544116,
        48.5548575,
        48.5552054,
        48.5557307,
        48.5558287,
        48.5559470,
        48.5563680,
        48.5568051,
        48.5572882,
        48.5577445,
        48.5583751,
        48.5590018,
        48.5595939,
        48.5599846,
        48.5603342,
        48.5605943,
        48.5607972,
        48.5610461,
        48.5612487,
        48.5613410,
        48.5615314,
        48.5616548,
        48.5619260,
        48.5622770,
        48.5625915,
        48.5629237,
        48.5632091,
        48.5635410,
        48.5637262,
        48.5639644,
        48.5641888,
        48.5642813,
        48.5642624,
        48.5642464,
        48.5645299,
        48.5646488,
        48.5648254,
        48.5651046,
        48.5653778,
        48.5657513,
        48.5663051,
        48.5665174,
        48.5669432,
        48.5679622,
        48.5677777,
        48.5678017,
        48.5680872,
        48.5683126,
        48.5693976,
        48.5691839,
        48.5698717,
        48.5701614,
        48.5703346,
        48.5705758,
        48.5704788,
        48.5706552,
        48.5708891,
        48.5711349,
        48.5714140,
        48.5714577,
        48.5716116,
        48.5717491,
        48.5717998,
        48.5718485,
        48.5721694,
        48.5720602,
        48.5721290,
        48.5724016,
        48.5724712,
        48.5726889,
        48.5728038,
        48.5730191,
        48.5730976,
        48.5731824,
        48.5735118,
        48.5736610,
        48.5740917,
        48.5742356,
        48.5745600,
        48.5746672,
        48.5748117,
        48.5749403,
        48.5751819,
        48.5755294,
        48.5756994,
        48.5758465,
        48.5761551,
        48.5764002,
        48.5765142,
        48.5771578,
        48.5782472,
        48.5783795,
        48.5791353,
        48.5807560,
        48.5812389,
        48.5812331,
        48.5812025,
        48.5807039,
        48.5802035,
        48.5799611,
        48.5798865,
        48.5798304,
        48.5798088,
        48.5798834,
        48.5800013,
        48.5806228,
        48.5801811,
        48.5804844,
        48.5806378,
        48.5807824,
        48.5809023,
        48.5810062,
        48.5811278,
        48.5812198,
        48.5812893,
        48.5813772,
        48.5815984,
        48.5816282,
        48.5818529,
        48.5819546,
        48.5820511,
        48.5821704,
        48.5818034,
        48.5818866,
        48.5815131,
        48.5816373,
        48.5816513,
        48.5815344,
        48.5815342,
        48.5815924,
        48.5802749,
        48.5805979,
        48.5798894,
        48.5796845,
        48.5794369,
        48.5793271,
        48.5791146,
        48.5787739,
        48.5788041,
        48.5788214,
        48.5788644,
        48.5789558,
        48.5791069,
        48.5792165,
        48.5792337,
        48.5791923,
        48.5789085,
        48.5786048,
        48.5776464,
        48.5775926,
        48.5775223,
        48.5775033,
        48.5777253,
        48.5779932,
        48.5780659,
        48.5780378,
        48.5780283,
        48.5781131,
        48.5781893,
        48.5781275,
        48.5779628,
        48.5779021,
        48.5778258,
        48.5777876,
        48.5777547,
        48.5776894,
        48.5776681,
        48.5777043,
        48.5777902,
        48.5778239,
        48.5779970,
        48.5785770,
        48.5790157,
        48.5804942,
        48.5805811,
        48.5807973,
        48.5800586,
        48.5806838,
        48.5811229,
        48.5813630,
        48.5817466,
        48.5819854,
        48.5823318,
        48.5820404,
        48.5813807,
        48.5813140,
        48.5809132,
        48.5803502,
        48.5802572,
        48.5800679,
        48.5798530,
        48.5793031,
        48.5790865,
        48.5787560,
        48.5785785,
        48.5784509,
        48.5782427,
        48.5779930,
        48.5779031,
        48.5777947,
        48.5780612,
        48.5783970,
        48.5785263,
        48.5790886,
        48.5792043,
        48.5795308,
        48.5796170,
        48.5802408,
        48.5799186,
        48.5797469,
        48.5787639,
        48.5784904,
        48.5781450,
        48.5777938,
        48.5773629,
        48.5772159,
        48.5768511,
        48.5767595,
        48.5767031,
        48.5766463,
        48.5757382,
        48.5750578,
        48.5743453,
        48.5741909,
        48.5739836,
        48.5738124,
        48.5733528,
        48.5734053,
        48.5733895,
        48.5733188,
        48.5732573,
        48.5732688,
        48.5733442,
        48.5735224,
        48.5737343,
        48.5744132,
        48.5742381,
        48.5739761,
        48.5742178,
        48.5744260,
        48.5744490,
        48.5742796,
        48.5747829,
        48.5756312,
        48.5764612,
        48.5770450,
        48.5760570,
        48.5757443,
        48.5755417,
        48.5752056,
        48.5748089,
        48.5745892,
        48.5745633,
        48.5745104,
        48.5745478,
        48.5747098,
