{"id":2785261,"name":"Wutach","polygon":{"numberOfPoints":779,"box":{"min":{"x":47.7810413,"y":8.3705325},"max":{"x":47.8565184,"y":8.4733287},"center":{"x":47.81877985,"y":8.4219306},"area":{"x":0.0754771,"y":0.1027962}},"pointsx":[47.8292940,47.8288900,47.8286338,47.8282672,47.8281861,47.8275689,47.8274324,47.8269650,47.8265182,47.8263043,47.8265064,47.8264670,47.8264997,47.8266429,47.8263018,47.8264173,47.8261331,47.8262317,47.8264213,47.8264988,47.8265100,47.8265644,47.8266575,47.8261487,47.8256540,47.8251539,47.8246786,47.8243633,47.8245277,47.8246799,47.8247895,47.8249919,47.8251457,47.8255079,47.8249988,47.8249048,47.8242038,47.8239385,47.8240008,47.8237611,47.8234402,47.8230751,47.8227066,47.8224596,47.8224108,47.8224386,47.8223533,47.8222003,47.8218653,47.8218373,47.8217316,47.8215718,47.8213335,47.8212878,47.8212955,47.8213303,47.8217405,47.8215598,47.8215073,47.8211074,47.8217325,47.8213394,47.8211765,47.8210499,47.8211327,47.8211862,47.8211780,47.8209037,47.8208742,47.8208540,47.8207787,47.8207348,47.8206176,47.8198672,47.8187313,47.8174880,47.8171704,47.8169454,47.8167604,47.8165418,47.8163361,47.8161159,47.8162004,47.8162401,47.8161972,47.8160524,47.8160255,47.8159059,47.8157799,47.8155917,47.8153214,47.8150287,47.8147236,47.8144292,47.8141005,47.8137392,47.8134365,47.8132524,47.8131536,47.8130803,47.8129930,47.8128931,47.8128169,47.8126540,47.8124357,47.8121540,47.8118963,47.8116175,47.8114904,47.8112033,47.8109507,47.8108220,47.8105244,47.8099858,47.8099208,47.8098348,47.8097620,47.8096324,47.8094863,47.8093174,47.8090454,47.8088056,47.8086957,47.8086080,47.8086853,47.8085930,47.8085155,47.8083839,47.8081197,47.8078157,47.8075371,47.8072002,47.8068483,47.8065636,47.8061809,47.8052122,47.8045712,47.8047361,47.8040023,47.8029765,47.8028326,47.8017919,47.8012187,47.8010679,47.8004225,47.8000210,47.7996647,47.7994868,47.7992623,47.7981255,47.7976944,47.7975271,47.7973662,47.7970349,47.7967311,47.7955131,47.7954149,47.7947409,47.7941042,47.7939456,47.7938971,47.7939227,47.7939630,47.7939430,47.7938957,47.7938608,47.7939104,47.7936716,47.7933589,47.7933986,47.7932607,47.7934254,47.7933528,47.7932637,47.7931264,47.7929459,47.7928830,47.7928274,47.7927489,47.7926707,47.7925719,47.7919117,47.7910914,47.7901705,47.7898167,47.7894231,47.7888637,47.7877332,47.7874527,47.7869681,47.7868717,47.7864719,47.7861247,47.7858560,47.7856350,47.7855002,47.7852784,47.7851025,47.7847097,47.7842964,47.7842340,47.7841996,47.7838086,47.7834861,47.7832227,47.7829179,47.7825558,47.7820816,47.7819410,47.7815253,47.7814316,47.7813790,47.7812420,47.7811461,47.7810960,47.7810413,47.7814960,47.7829948,47.7829973,47.7834017,47.7842038,47.7842061,47.7843455,47.7846448,47.7847956,47.7848930,47.7850813,47.7851543,47.7849833,47.7852370,47.7855432,47.7855686,47.7855549,47.7854179,47.7852786,47.7852443,47.7852033,47.7853586,47.7856328,47.7858202,47.7859962,47.7863823,47.7866224,47.7868007,47.7870567,47.7872555,47.7875686,47.7877903,47.7879868,47.7883204,47.7883090,47.7886426,47.7891500,47.7896252,47.7899429,47.7903725,47.7906581,47.7910008,47.7913321,47.7917602,47.7915997,47.7918897,47.7916415,47.7915688,47.7924078,47.7928683,47.7928754,47.7931284,47.7931023,47.7935171,47.7934431,47.7933434,47.7932764,47.7932206,47.7931985,47.7931932,47.7932011,47.7936531,47.7937456,47.7938950,47.7940980,47.7945174,47.7950531,47.7953472,47.7955927,47.7959207,47.7958744,47.7962289,47.7964084,47.7965512,47.7967435,47.7968254,47.7970736,47.7974652,47.7976609,47.7978933,47.7982558,47.7984244,47.7986159,47.7984443,47.7977833,47.7980187,47.7982539,47.7986556,47.7990163,47.7992583,47.7993541,47.7994074,47.8000512,47.8008618,47.8016473,47.8017636,47.8018321,47.8019370,47.8021325,47.8025222,47.8027733,47.8029919,47.8031514,47.8034743,47.8036841,47.8045192,47.8052540,47.8055910,47.8059445,47.8061428,47.8065898,47.8068453,47.8070088,47.8072744,47.8074953,47.8077088,47.8079099,47.8080709,47.8082922,47.8087130,47.8092643,47.8097649,47.8103789,47.8107609,47.8109955,47.8112370,47.8114969,47.8115486,47.8113003,47.8122552,47.8134662,47.8145926,47.8146407,47.8147114,47.8147349,47.8147596,47.8147756,47.8148011,47.8148271,47.8148770,47.8149508,47.8149652,47.8150299,47.8150966,47.8151227,47.8150653,47.8149701,47.8149625,47.8149399,47.8149507,47.8150053,47.8152756,47.8155493,47.8157148,47.8157628,47.8158193,47.8158674,47.8158697,47.8158674,47.8158346,47.8157996,47.8157675,47.8157200,47.8156554,47.8155871,47.8155619,47.8156188,47.8156328,47.8156266,47.8155608,47.8154334,47.8153292,47.8155596,47.8159702,47.8165892,47.8175276,47.8193162,47.8192844,47.8199625,47.8204058,47.8208249,47.8207756,47.8220947,47.8220272,47.8230967,47.8230857,47.8230813,47.8231879,47.8244266,47.8248285,47.8252725,47.8255682,47.8258525,47.8260658,47.8264109,47.8264369,47.8265710,47.8266006,47.8266120,47.8265673,47.8265922,47.8266024,47.8265809,47.8265800,47.8266356,47.8268684,47.8272248,47.8275746,47.8275415,47.8278638,47.8288583,47.8300014,47.8304724,47.8310553,47.8318185,47.8326995,47.8332865,47.8335582,47.8354290,47.8365805,47.8372556,47.8374199,47.8375706,47.8379197,47.8382301,47.8384629,47.8386842,47.8389032,47.8391518,47.8394199,47.8395144,47.8395484,47.8398633,47.8398909,47.8401349,47.8403721,47.8405705,47.8406850,47.8413128,47.8408996,47.8406822,47.8403312,47.8401125,47.8400699,47.8400796,47.8403115,47.8403949,47.8406498,47.8409578,47.8412616,47.8413701,47.8415046,47.8415883,47.8416521,47.8416764,47.8416567,47.8416118,47.8415076,47.8413512,47.8411248,47.8408194,47.8405844,47.8405102,47.8405570,47.8407732,47.8409599,47.8411627,47.8413748,47.8415984,47.8421617,47.8426691,47.8431571,47.8433182,47.8433889,47.8433880,47.8433137,47.8431700,47.8430491,47.8427822,47.8426266,47.8425134,47.8424652,47.8425290,47.8426586,47.8427944,47.8429339,47.8430710,47.8431999,47.8434019,47.8437113,47.8440751,47.8450745,47.8455237,47.8457140,47.8459183,47.8460061,47.8460210,47.8459959,47.8459412,47.8458229,47.8456600,47.8455869,47.8455725,47.8456009,47.8456906,47.8458116,47.8459773,47.8462275,47.8465945,47.8468625,47.8471789,47.8475277,47.8477768,47.8480170,47.8481467,47.8482353,47.8482758,47.8483388,47.8483354,47.8483183,47.8482491,47.8481350,47.8480433,47.8479690,47.8479742,47.8480075,47.8480588,47.8483764,47.8486315,47.8490302,47.8493354,47.8496469,47.8500786,47.8504073,47.8505704,47.8506718,47.8507575,47.8508253,47.8508894,47.8509211,47.8508652,47.8508157,47.8507016,47.8506137,47.8505416,47.8504521,47.8503786,47.8503517,47.8503777,47.8505116,47.8506873,47.8509530,47.8512222,47.8513350,47.8515860,47.8517662,47.8519145,47.8520515,47.8521642,47.8522708,47.8523388,47.8523567,47.8523311,47.8523074,47.8522623,47.8522049,47.8521113,47.8520398,47.8519405,47.8517842,47.8516579,47.8515896,47.8515597,47.8515698,47.8516145,47.8516374,47.8517825,47.8519307,47.8520437,47.8521462,47.8523283,47.8525419,47.8528625,47.8531810,47.8534351,47.8536301,47.8536906,47.8536621,47.8535810,47.8532358,47.8528024,47.8525644,47.8525228,47.8525742,47.8527395,47.8530919,47.8534234,47.8536295,47.8537673,47.8538399,47.8537910,47.8537161,47.8537129,47.8537899,47.8539066,47.8539561,47.8539229,47.8538325,47.8536757,47.8531222,47.8527015,47.8525245,47.8524825,47.8524802,47.8525500,47.8527904,47.8529921,47.8530021,47.8529641,47.8528082,47.8525606,47.8522694,47.8519785,47.8517467,47.8516338,47.8516072,47.8516833,47.8517255,47.8517926,47.8520069,47.8522143,47.8525191,47.8527416,47.8531423,47.8534343,47.8536046,47.8536830,47.8538989,47.8539580,47.8541832,47.8550927,47.8555011,47.8558012,47.8562457,47.8565184,47.8562955,47.8559987,47.8559196,47.8558711,47.8556716,47.8554565,47.8551633,47.8549455,47.8548060,47.8547455,47.8545233,47.8542238,47.8534639,47.8532365,47.8530233,47.8527192,47.8527023,47.8527233,47.8527186,47.8527598,47.8527346,47.8526388,47.8525156,47.8524578,47.8524728,47.8524086,47.8523507,47.8521777,47.8520152,47.8518961,47.8518147,47.8516985,47.8515253,47.8513842,47.8511888,47.8509973,47.8508926,47.8507944,47.8506458,47.8504885,47.8503390,47.8501913,47.8500550,47.8497716,47.8496047,