{"id":2788808,"name":"Crimla","polygon":{"numberOfPoints":53,"box":{"min":{"x":50.7949667,"y":12.0309796},"max":{"x":50.8064357,"y":12.0627115},"center":{"x":50.8007012,"y":12.04684555},"area":{"x":0.0114690,"y":0.0317319}},"pointsx":[50.8024963,50.8027197,50.8031697,50.8033194,50.8031087,50.8032206,50.8035416,50.8035512,50.8044948,50.8059200,50.8053600,50.8062195,50.8056569,50.8064357,50.8056656,50.8063466,50.8060768,50.8061816,50.8055513,50.8044529,50.8037107,50.8023895,50.8022803,50.8006466,50.7999393,50.7997695,50.7976463,50.7957516,50.7949667,50.7951885,50.7961734,50.7961576,50.7984289,50.7981466,50.7986145,50.7990624,50.7995948,50.7996346,50.7995837,50.7991088,50.7987369,50.7985050,50.7983467,50.7996765,50.7986782,50.7981667,50.7986239,50.7984371,50.7994413,50.7992329,50.8000376,50.8003467,50.8025468],"pointsy":[12.0309981,12.0309796,12.0335367,12.0353140,12.0355124,12.0376781,12.0395733,12.0407437,12.0439427,12.0454730,12.0479075,12.0492495,12.0502285,12.0514278,12.0528535,12.0540140,12.0543808,12.0565084,12.0608222,12.0627115,12.0587588,12.0590324,12.0576609,12.0582446,12.0589907,12.0584031,12.0585384,12.0578904,12.0579554,12.0559843,12.0559843,12.0512943,12.0515908,12.0460062,12.0460472,12.0458883,12.0455541,12.0445717,12.0440185,12.0435482,12.0429125,12.0429123,12.0421830,12.0411562,12.0394311,12.0370796,12.0360705,12.0358981,12.0340468,12.0335647,12.0324552,12.0321885,12.0316634]}}