{
  "id": 2788301,
  "name": "Heroldstatt",
  "polygon": {
    "numberOfPoints": 547,
    "box": {
      "min": {
        "x": 48.4135270,
        "y": 9.6188166
      },
      "max": {
        "x": 48.4690442,
        "y": 9.7085486
      },
      "center": {
        "x": 48.4412856,
        "y": 9.6636826
      },
      "area": {
        "x": 0.0555172,
        "y": 0.0897320
      }
    },
    "pointsx": [
      48.4322868,
      48.4325061,
      48.4327275,
      48.4330172,
      48.4333751,
      48.4337219,
      48.4342039,
      48.4349347,
      48.4352428,
      48.4355189,
      48.4358338,
      48.4376929,
      48.4389111,
      48.4400426,
      48.4408021,
      48.4406352,
      48.4403971,
      48.4401269,
      48.4398016,
      48.4394787,
      48.4392473,
      48.4393750,
      48.4393154,
      48.4392626,
      48.4423971,
      48.4423689,
      48.4423501,
      48.4422585,
      48.4421053,
      48.4418584,
      48.4418139,
      48.4419873,
      48.4427308,
      48.4430450,
      48.4432910,
      48.4436279,
      48.4438055,
      48.4441199,
      48.4447221,
      48.4450979,
      48.4454890,
      48.4455351,
      48.4455797,
      48.4456898,
      48.4458411,
      48.4469110,
      48.4476800,
      48.4478464,
      48.4481018,
      48.4483804,
      48.4490102,
      48.4491110,
      48.4493115,
      48.4496749,
      48.4502089,
      48.4507655,
      48.4515135,
      48.4521857,
      48.4527397,
      48.4532715,
      48.4537013,
      48.4540742,
      48.4543353,
      48.4554382,
      48.4562453,
      48.4570630,
      48.4574601,
      48.4576107,
      48.4580143,
      48.4587814,
      48.4591898,
      48.4597304,
      48.4600292,
      48.4599959,
      48.4604146,
      48.4610101,
      48.4615904,
      48.4623649,
      48.4624245,
      48.4626036,
      48.4626876,
      48.4629415,
      48.4632085,
      48.4635007,
      48.4639030,
      48.4642612,
      48.4646627,
      48.4651022,
      48.4654056,
      48.4661565,
      48.4665381,
      48.4669099,
      48.4671902,
      48.4673389,
      48.4675716,
      48.4680590,
      48.4684606,
      48.4686091,
      48.4686932,
      48.4683701,
      48.4679704,
      48.4679304,
      48.4677818,
      48.4675361,
      48.4674675,
      48.4674206,
      48.4673378,
      48.4670510,
      48.4670035,
      48.4670430,
      48.4672652,
      48.4674661,
      48.4676127,
      48.4679238,
      48.4683127,
      48.4689257,
      48.4689651,
      48.4685756,
      48.4685901,
      48.4687834,
      48.4689922,
      48.4690442,
      48.4685699,
      48.4681248,
      48.4676937,
      48.4673711,
      48.4674228,
      48.4674049,
      48.4678367,
      48.4679743,
      48.4680913,
      48.4680854,
      48.4680242,
      48.4670041,
      48.4669167,
      48.4670259,
      48.4670344,
      48.4669364,
      48.4669025,
      48.4668333,
      48.4667922,
      48.4648051,
      48.4648323,
      48.4649367,
      48.4651874,
      48.4650938,
      48.4649372,
      48.4648855,
      48.4648466,
      48.4648035,
      48.4650587,
      48.4654939,
      48.4658125,
      48.4662049,
      48.4661864,
      48.4659700,
      48.4657833,
      48.4656291,
      48.4655934,
      48.4632618,
      48.4629801,
      48.4632303,
      48.4632354,
      48.4630582,
      48.4626886,
      48.4623659,
      48.4622226,
      48.4620603,
      48.4618572,
      48.4616992,
      48.4615714,
      48.4614336,
      48.4613000,
      48.4611016,
      48.4609118,
      48.4607192,
      48.4603717,
      48.4599664,
      48.4599309,
      48.4599819,
      48.4600539,
      48.4601730,
      48.4603231,
      48.4606384,
      48.4603873,
      48.4599976,
      48.4597074,
      48.4593758,
      48.4590919,
      48.4587220,
      48.4584589,
      48.4581908,
      48.4578275,
      48.4575252,
      48.4572312,
      48.4569950,
      48.4568120,
      48.4566384,
      48.4564662,
      48.4563043,
      48.4576111,
      48.4574786,
      48.4576670,
      48.4574906,
      48.4576886,
      48.4577996,
      48.4579899,
      48.4582247,
      48.4583810,
      48.4585516,
      48.4588021,
      48.4589090,
      48.4590135,
      48.4590831,
      48.4582807,
      48.4583211,
      48.4584536,
      48.4587428,
      48.4589030,
      48.4589454,
      48.4590229,
      48.4590673,
      48.4590536,
      48.4589276,
      48.4590606,
      48.4595296,
      48.4598909,
      48.4602088,
      48.4601441,
      48.4600988,
      48.4599452,
      48.4598038,
      48.4596100,
      48.4594337,
      48.4592346,
      48.4591159,
      48.4589132,
      48.4588789,
      48.4583022,
      48.4580670,
      48.4575127,
      48.4573598,
      48.4571044,
      48.4566514,
      48.4565265,
      48.4562436,
      48.4556922,
      48.4551799,
      48.4550006,
      48.4548223,
      48.4538598,
      48.4534724,
      48.4533742,
      48.4531297,
      48.4530006,
      48.4528356,
      48.4524870,
      48.4521779,
      48.4519628,
      48.4517758,
      48.4514289,
      48.4510281,
      48.4505341,
      48.4500604,
      48.4497208,
      48.4492724,
      48.4488093,
      48.4486310,
      48.4485241,
      48.4481415,
      48.4479993,
      48.4478774,
      48.4474709,
      48.4470590,
      48.4468610,
      48.4466486,
      48.4463482,
      48.4461468,
      48.4458274,
      48.4452824,
      48.4450773,
      48.4446947,
      48.4444862,
      48.4426127,
      48.4423112,
      48.4418708,
      48.4418269,
      48.4414492,
      48.4410593,
      48.4403153,
      48.4398430,
      48.4396846,
      48.4394336,
      48.4391289,
      48.4386564,
      48.4385056,
      48.4381808,
      48.4376295,
      48.4371351,
      48.4365562,
      48.4360550,
      48.4359684,
      48.4354872,
      48.4349821,
      48.4345551,
      48.4343753,
      48.4341976,
      48.4339003,
      48.4331785,
      48.4328980,
      48.4325442,
      48.4322931,
      48.4319573,
      48.4316433,
      48.4313408,
      48.4309391,
      48.4305467,
      48.4302834,
      48.4299906,
      48.4296296,
      48.4291872,
      48.4288429,
      48.4284208,
      48.4279633,
      48.4278209,
      48.4274865,
      48.4271808,
      48.4268540,
      48.4265860,
      48.4262955,
      48.4259354,
      48.4257050,
      48.4251128,
      48.4246799,
      48.4241364,
      48.4235606,
      48.4230335,
      48.4225404,
      48.4223067,
      48.4206071,
      48.4199203,
      48.4195427,
      48.4192970,
      48.4190581,
      48.4176556,
      48.4175502,
      48.4175028,
      48.4176500,
      48.4179427,
      48.4178837,
      48.4175121,
      48.4170551,
      48.4166183,
      48.4164537,
      48.4161802,
      48.4156921,
      48.4152658,
      48.4141646,
      48.4135665,
      48.4135270,
      48.4141875,
      48.4148457,
      48.4149924,
      48.4157924,
      48.4152325,
      48.4154284,
      48.4157940,
      48.4157465,
      48.4156791,
      48.4156467,
      48.4156439,
      48.4154754,
      48.4153446,
      48.4151847,
      48.4151336,
      48.4150377,
      48.4149250,
      48.4148806,
      48.4151047,
      48.4152967,
      48.4154655,
      48.4154647,
      48.4154768,
      48.4159948,
      48.4160427,
      48.4162232,
      48.4162545,
      48.4153058,
      48.4152003,
      48.4151937,
      48.4151892,
      48.4156918,
      48.4158452,
      48.4161661,
      48.4169052,
      48.4174114,
      48.4177750,
      48.4183112,
      48.4186610,
      48.4189565,
      48.4200374,
      48.4211390,
      48.4211909,
      48.4214875,
      48.4217501,
      48.4217884,
      48.4218519,
      48.4227320,
      48.4230999,
      48.4235700,
      48.4248925,
      48.4248084,
      48.4247654,
      48.4252902,
      48.4256710,
      48.4258511,
      48.4259830,
      48.4266763,
      48.4272307,
      48.4275292,
      48.4276423,
