{
  "id": 2792009,
  "name": "Oberkochen",
  "polygon": {
    "numberOfPoints": 497,
    "box": {
      "min": {
        "x": 48.7532880,
        "y": 10.0564492
      },
      "max": {
        "x": 48.8089863,
        "y": 10.1484558
      },
      "center": {
        "x": 48.78113715,
        "y": 10.1024525
      },
      "area": {
        "x": 0.0556983,
        "y": 0.0920066
      }
    },
    "pointsx": [
      48.7867214,
      48.7870471,
      48.7876311,
      48.7878387,
      48.7882303,
      48.7885408,
      48.7888494,
      48.7895884,
      48.7895612,
      48.7891804,
      48.7890404,
      48.7888334,
      48.7884209,
      48.7877450,
      48.7875683,
      48.7874716,
      48.7874002,
      48.7873474,
      48.7873979,
      48.7874753,
      48.7876005,
      48.7877439,
      48.7881462,
      48.7884393,
      48.7888537,
      48.7893229,
      48.7900655,
      48.7907171,
      48.7911241,
      48.7916816,
      48.7920974,
      48.7928457,
      48.7937005,
      48.7938559,
      48.7940596,
      48.7941817,
      48.7943365,
      48.7943847,
      48.7943981,
      48.7936197,
      48.7938291,
      48.7928122,
      48.7927682,
      48.7929442,
      48.7930175,
      48.7931774,
      48.7933964,
      48.7935692,
      48.7938132,
      48.7940663,
      48.7942733,
      48.7944495,
      48.7945008,
      48.7947170,
      48.7950088,
      48.7952850,
      48.7954699,
      48.7956845,
      48.7957209,
      48.7957816,
      48.7958797,
      48.7963911,
      48.7965252,
      48.7967168,
      48.7967810,
      48.7969172,
      48.7970885,
      48.7971127,
      48.7973916,
      48.7978426,
      48.7980526,
      48.7983215,
      48.7977101,
      48.7978366,
      48.7978717,
      48.7974839,
      48.7975381,
      48.7971778,
      48.7971333,
      48.7956872,
      48.7953083,
      48.7951520,
      48.7948772,
      48.7949411,
      48.7960572,
      48.7962081,
      48.7962408,
      48.7962891,
      48.7965142,
      48.7966502,
      48.7967812,
      48.7969809,
      48.7971576,
      48.7973983,
      48.7976633,
      48.7980566,
      48.7984450,
      48.7987196,
      48.7991420,
      48.7993772,
      48.7995927,
      48.7997614,
      48.8000833,
      48.8010054,
      48.8018081,
      48.8028669,
      48.8037787,
      48.8039752,
      48.8046746,
      48.8051881,
      48.8054586,
      48.8062072,
      48.8063485,
      48.8065975,
      48.8069611,
      48.8070564,
      48.8071951,
      48.8072543,
      48.8066088,
      48.8061555,
      48.8055510,
      48.8051621,
      48.8046392,
      48.8037344,
      48.8034768,
      48.8032135,
      48.8030378,
      48.8029223,
      48.8028918,
      48.8025315,
      48.8027241,
      48.8027482,
      48.8031999,
      48.8037711,
      48.8045938,
      48.8047870,
      48.8051614,
      48.8054497,
      48.8055811,
      48.8058413,
      48.8059896,
      48.8063577,
      48.8065674,
      48.8071504,
      48.8076033,
      48.8079793,
      48.8077265,
      48.8080245,
      48.8081460,
      48.8082652,
      48.8082058,
      48.8081265,
      48.8081464,
      48.8080275,
      48.8082899,
      48.8089863,
      48.8088871,
      48.8086047,
      48.8085080,
      48.8082941,
      48.8081263,
      48.8075755,
      48.8073706,
      48.8072529,
      48.8072143,
      48.8062494,
      48.8061445,
      48.8061753,
      48.8063760,
      48.8065853,
      48.8068479,
      48.8070162,
      48.8071624,
      48.8075601,
      48.8078633,
      48.8080782,
      48.8081419,
      48.8069646,
      48.8058117,
      48.8057189,
      48.8056151,
      48.8053734,
      48.8050851,
      48.8045365,
      48.8042668,
      48.8041244,
      48.8036532,
      48.8029504,
      48.8020486,
      48.8017312,
      48.8014198,
      48.8010350,
      48.8003900,
      48.8002865,
      48.8001308,
      48.7998003,
      48.7991350,
      48.7989961,
      48.7986102,
      48.7977273,
      48.7973865,
      48.7965709,
      48.7964670,
      48.7962091,
      48.7959199,
      48.7955762,
      48.7950503,
      48.7947005,
      48.7941721,
      48.7936365,
      48.7933015,
      48.7927452,
      48.7922705,
      48.7919728,
      48.7917840,
      48.7915662,
      48.7913396,
      48.7911431,
      48.7908957,
      48.7906286,
      48.7904800,
      48.7902627,
      48.7900287,
      48.7897212,
      48.7891638,
      48.7890448,
      48.7889960,
      48.7888898,
      48.7886342,
      48.7882687,
      48.7878626,
      48.7876403,
      48.7874697,
      48.7874931,
      48.7875350,
      48.7875186,
      48.7874017,
      48.7873420,
      48.7872551,
      48.7872362,
      48.7872165,
      48.7871499,
      48.7869466,
      48.7866727,
      48.7863781,
      48.7861854,
      48.7859653,
      48.7857903,
      48.7855302,
      48.7854453,
      48.7851994,
      48.7848141,
      48.7845780,
      48.7844096,
      48.7842978,
      48.7842696,
      48.7842302,
      48.7839765,
      48.7835166,
      48.7829438,
      48.7825411,
      48.7822698,
      48.7818341,
      48.7813504,
      48.7809058,
      48.7806348,
      48.7802800,
      48.7798431,
      48.7795745,
      48.7793714,
      48.7791610,
      48.7786655,
      48.7781419,
      48.7779188,
      48.7778120,
      48.7775305,
      48.7774415,
      48.7773994,
      48.7773986,
      48.7774325,
      48.7774393,
      48.7773315,
      48.7772308,
      48.7770297,
      48.7769988,
      48.7767738,
      48.7765869,
      48.7762932,
      48.7762159,
      48.7760566,
      48.7758590,
      48.7754313,
      48.7747524,
      48.7743640,
      48.7741866,
      48.7734526,
      48.7728292,
      48.7724539,
      48.7720277,
      48.7716186,
      48.7712054,
      48.7707880,
      48.7700254,
      48.7696945,
      48.7688819,
      48.7684916,
      48.7681124,
      48.7669929,
      48.7668608,
      48.7666139,
      48.7664354,
      48.7662449,
      48.7658371,
      48.7651162,
      48.7648094,
      48.7646367,
      48.7644099,
      48.7641384,
      48.7639524,
      48.7635302,
      48.7633063,
      48.7629388,
      48.7625474,
      48.7621248,
      48.7617426,
      48.7612083,
      48.7605895,
      48.7602815,
      48.7601897,
      48.7602772,
      48.7601994,
      48.7602414,
      48.7601493,
      48.7603729,
      48.7607432,
      48.7608401,
      48.7608145,
      48.7606940,
      48.7605370,
      48.7602007,
      48.7596587,
      48.7589161,
      48.7585369,
      48.7570075,
      48.7569805,
      48.7568844,
      48.7569483,
      48.7570941,
      48.7567787,
      48.7561080,
      48.7552707,
      48.7547161,
      48.7546497,
      48.7540598,
      48.7538415,
      48.7532880,
      48.7532990,
      48.7534597,
      48.7542551,
      48.7543039,
      48.7549012,
      48.7555882,
      48.7558118,
      48.7564789,
      48.7568520,
      48.7571584,
      48.7573590,
      48.7578714,
      48.7580630,
      48.7593322,
      48.7603707,
      48.7609623,
      48.7610177,
      48.7609815,
      48.7609818,
      48.7619796,
      48.7630394,
      48.7630252,
      48.7630331,
      48.7621319,
      48.7612443,
      48.7612948,
      48.7608941,
      48.7607765,
      48.7604278,
      48.7602781,
      48.7601590,
      48.7596268,
      48.7590197,
      48.7588623,
      48.7588667,
      48.7588691,
      48.7588049,
      48.7584126,
      48.7588351,
      48.7596530,
      48.7600781,
      48.7602857,
      48.7603272,
      48.7602776,
      48.7601079,
      48.7600186,
      48.7600135,
      48.7600999,
      48.7597710,
      48.7594659,
      48.7592825,
      48.7592058,
      48.7591930,
      48.7592384,
      48.7592408,
      48.7593510,
      48.7593490,
      48.7593388,
      48.7594861,
      48.7595623,
      48.7597752,
      48.7601266,
      48.7602084,
      48.7608554,
      48.7616493,
