{
  "numberOfPolygons": 1,
  "box": {
    "min": {
      "x": 50.8028624,
      "y": 11.9512481
    },
    "max": {
      "x": 50.8319408,
      "y": 11.9977298
    },
    "center": {
      "x": 50.8174016,
      "y": 11.97448895
    }
  },
  "polygons": [
    {
      "numberOfPoints": 52,
      "box": {
        "min": {
          "x": 50.8028624,
          "y": 11.9512481
        },
        "max": {
          "x": 50.8319408,
          "y": 11.9977298
        },
        "center": {
          "x": 50.8174016,
          "y": 11.97448895
        }
      },
      "pointsx": [
        50.8114317,
        50.8120271,
        50.8133625,
        50.8145833,
        50.8164877,
        50.8174666,
        50.8175923,
        50.8179893,
        50.8195034,
        50.8208098,
        50.8227642,
        50.8243712,
        50.8264455,
        50.8283907,
        50.8304603,
        50.8311895,
        50.8319408,
        50.8307884,
        50.8300088,
        50.8286373,
        50.8268243,
        50.8250797,
        50.8239697,
        50.8201671,
        50.8203906,
        50.8200124,
        50.8161719,
        50.8151295,
        50.8145019,
        50.8143214,
        50.8138227,
        50.8133918,
        50.8117301,
        50.8111675,
        50.8099874,
        50.8084223,
        50.8067239,
        50.8060522,
        50.8045742,
        50.8030156,
        50.8032815,
        50.8028624,
        50.8042325,
        50.8061835,
        50.8051980,
        50.8068746,
        50.8069347,
        50.8082159,
        50.8099614,
        50.8103046,
        50.8119971,
        50.8118025
      ],
      "pointsy": [
        11.9539128,
        11.9542462,
        11.9543572,
        11.9547978,
        11.9558207,
        11.9565399,
        11.9547624,
        11.9535572,
        11.9518747,
        11.9512481,
        11.9515837,
        11.9525135,
        11.9549487,
        11.9575934,
        11.9612064,
        11.9618992,
        11.9661021,
        11.9677298,
        11.9697366,
        11.9724660,
        11.9767410,
        11.9792762,
        11.9813156,
        11.9881984,
        11.9899673,
        11.9910558,
        11.9977298,
        11.9948113,
        11.9940357,
        11.9924437,
        11.9917090,
        11.9894198,
        11.9875386,
        11.9862484,
        11.9869069,
        11.9880503,
        11.9833967,
        11.9833436,
        11.9803488,
        11.9806369,
        11.9788290,
        11.9783040,
        11.9715769,
        11.9670146,
        11.9642614,
        11.9615571,
        11.9611081,
        11.9601012,
        11.9593664,
        11.9589651,
        11.9586026,
        11.9559855
      ]
    }
  ]
}