{
  "id": 2800660,
  "name": "Schnürpflingen",
  "polygon": {
    "numberOfPoints": 462,
    "box": {
      "min": {
        "x": 48.2435337,
        "y": 9.9576392
      },
      "max": {
        "x": 48.2855221,
        "y": 10.0289404
      },
      "center": {
        "x": 48.2645279,
        "y": 9.9932898
      },
      "area": {
        "x": 0.0419884,
        "y": 0.0713012
      }
    },
    "pointsx": [
      48.2821928,
      48.2820324,
      48.2816548,
      48.2814353,
      48.2812115,
      48.2810959,
      48.2809937,
      48.2808729,
      48.2803909,
      48.2799111,
      48.2799557,
      48.2807215,
      48.2804797,
      48.2801619,
      48.2799746,
      48.2797836,
      48.2795146,
      48.2792705,
      48.2790906,
      48.2790046,
      48.2788667,
      48.2787534,
      48.2786899,
      48.2786598,
      48.2783107,
      48.2777811,
      48.2775356,
      48.2767674,
      48.2763169,
      48.2759433,
      48.2754481,
      48.2754614,
      48.2754171,
      48.2753247,
      48.2752096,
      48.2750255,
      48.2748641,
      48.2746889,
      48.2746000,
      48.2745036,
      48.2743474,
      48.2742361,
      48.2741239,
      48.2738845,
      48.2736787,
      48.2736326,
      48.2735179,
      48.2733592,
      48.2732214,
      48.2730791,
      48.2730056,
      48.2729179,
      48.2727332,
      48.2726754,
      48.2725668,
      48.2724665,
      48.2723882,
      48.2723025,
      48.2722183,
      48.2720588,
      48.2719200,
      48.2718164,
      48.2717358,
      48.2716578,
      48.2715473,
      48.2714646,
      48.2712958,
      48.2711716,
      48.2709973,
      48.2708033,
      48.2706742,
      48.2706232,
      48.2705581,
      48.2705146,
      48.2705344,
      48.2705692,
      48.2706179,
      48.2707289,
      48.2710939,
      48.2709120,
      48.2704897,
      48.2704648,
      48.2704505,
      48.2704044,
      48.2703677,
      48.2703295,
      48.2703012,
      48.2702656,
      48.2702112,
      48.2701591,
      48.2700790,
      48.2701218,
      48.2701559,
      48.2691777,
      48.2691604,
      48.2668242,
      48.2666468,
      48.2648864,
      48.2643179,
      48.2644315,
      48.2644145,
      48.2642962,
      48.2635073,
      48.2634366,
      48.2632738,
      48.2630016,
      48.2628864,
      48.2624745,
      48.2621971,
      48.2619212,
      48.2617970,
      48.2614474,
      48.2613395,
      48.2609550,
      48.2604907,
      48.2603121,
      48.2600203,
      48.2596914,
      48.2595390,
      48.2599600,
      48.2598321,
      48.2594126,
      48.2590421,
      48.2591270,
      48.2590383,
      48.2590422,
      48.2590395,
      48.2590234,
      48.2590077,
      48.2589519,
      48.2588277,
      48.2586668,
      48.2586457,
      48.2584244,
      48.2582705,
      48.2579769,
      48.2577769,
      48.2574562,
      48.2572839,
      48.2571421,
      48.2570037,
      48.2568652,
      48.2566816,
      48.2564647,
      48.2563376,
      48.2562901,
      48.2562510,
      48.2559582,
      48.2558679,
      48.2557249,
      48.2556556,
      48.2556147,
      48.2555789,
      48.2555971,
      48.2556926,
      48.2558220,
      48.2567818,
      48.2568083,
      48.2568857,
      48.2569730,
      48.2569937,
      48.2569866,
      48.2569826,
      48.2568724,
      48.2568621,
      48.2567814,
      48.2565381,
      48.2562152,
      48.2560394,
      48.2559026,
      48.2558370,
      48.2554207,
      48.2549762,
      48.2548462,
      48.2547128,
      48.2545291,
      48.2543607,
      48.2541373,
      48.2539069,
      48.2538155,
      48.2537034,
      48.2535673,
      48.2535001,
      48.2533952,
      48.2533910,
      48.2533912,
      48.2533386,
      48.2532869,
      48.2531985,
      48.2529904,
      48.2527963,
      48.2525167,
      48.2524752,
      48.2525246,
      48.2522764,
      48.2519963,
      48.2517949,
      48.2516442,
      48.2514458,
      48.2512771,
      48.2509846,
      48.2506810,
      48.2504115,
      48.2499365,
      48.2499721,
      48.2500053,
      48.2500492,
      48.2500696,
      48.2500409,
      48.2500043,
      48.2500649,
      48.2500848,
      48.2500817,
      48.2499940,
      48.2498737,
      48.2496851,
      48.2496403,
      48.2495567,
      48.2494754,
      48.2493752,
      48.2492703,
      48.2491263,
      48.2489370,
      48.2488225,
      48.2487823,
      48.2487700,
      48.2487758,
      48.2488261,
      48.2489194,
      48.2489815,
      48.2496849,
      48.2496068,
      48.2494917,
      48.2494140,
      48.2493782,
      48.2493725,
      48.2493642,
      48.2494239,
      48.2493079,
      48.2491112,
      48.2490069,
      48.2489262,
      48.2488201,
      48.2486762,
      48.2486361,
      48.2486099,
      48.2485843,
      48.2485063,
      48.2483652,
      48.2480627,
      48.2479867,
      48.2478802,
      48.2477137,
      48.2475265,
      48.2472634,
      48.2472352,
      48.2471043,
      48.2468344,
      48.2464458,
      48.2460750,
      48.2458340,
      48.2458045,
      48.2457387,
      48.2456764,
      48.2456241,
      48.2456106,
      48.2454621,
      48.2452867,
      48.2451180,
      48.2449940,
      48.2448730,
      48.2448087,
      48.2446994,
      48.2447701,
      48.2448602,
      48.2450494,
      48.2451301,
      48.2452107,
      48.2454648,
      48.2455505,
      48.2454615,
      48.2453791,
      48.2454780,
      48.2454901,
      48.2454904,
      48.2453893,
      48.2453243,
      48.2452579,
      48.2452094,
      48.2451499,
      48.2450135,
      48.2447439,
      48.2447428,
      48.2445732,
      48.2444857,
      48.2443644,
      48.2440092,
      48.2437466,
      48.2435337,
      48.2437501,
      48.2437925,
      48.2438786,
      48.2441530,
      48.2454427,
      48.2457965,
      48.2463371,
      48.2467843,
      48.2471198,
      48.2473099,
      48.2480572,
      48.2484088,
      48.2487810,
      48.2490327,
      48.2490921,
      48.2491503,
      48.2494884,
      48.2500218,
      48.2517148,
      48.2525095,
      48.2529854,
      48.2533213,
      48.2537653,
      48.2546152,
      48.2547803,
      48.2549031,
      48.2553170,
      48.2551957,
      48.2552474,
      48.2551771,
      48.2554874,
      48.2563431,
      48.2574974,
      48.2578495,
      48.2582245,
      48.2584879,
      48.2589851,
      48.2592728,
      48.2595670,
      48.2601552,
      48.2607205,
      48.2609362,
      48.2611054,
      48.2613962,
      48.2617202,
      48.2618245,
      48.2623141,
      48.2624755,
      48.2626095,
      48.2634918,
      48.2635139,
      48.2633638,
      48.2633410,
      48.2633313,
      48.2633289,
      48.2632939,
      48.2632160,
      48.2629320,
      48.2635148,
      48.2641953,
      48.2642871,
      48.2645191,
      48.2648165,
      48.2650159,
      48.2651344,
      48.2653821,
      48.2661750,
      48.2666087,
      48.2675524,
      48.2691225,
      48.2689796,
      48.2687542,
      48.2682232,
      48.2680202,
      48.2677497,
      48.2674620,
      48.2672612,
      48.2667707,
      48.2668627,
      48.2664914,
      48.2661576,
      48.2670440,
      48.2666413,
      48.2669324,
      48.2687410,
      48.2698220,
      48.2736782,
      48.2753713,
      48.2733590,
      48.2761980,
      48.2792406,
      48.2801384,
      48.2804070,
      48.2811933,
      48.2821269,
      48.2835516,
      48.2840147,
      48.2828811,
      48.2823248,
      48.2840088,
      48.2842707,
      48.2846930,
      48.2855067,
      48.2855221,
      48.2848357,
      48.2839557,
      48.2842470,
      48.2844127,
      48.2845009,
      48.2847659,
      48.2854290,
      48.2850529,
      48.2844101,
      48.2841991,
      48.2829461,
      48.2841957,
      48.2837303,
      48.2828633,
      48.2822088,
      48.2844355,
      48.2838729,
      48.2835068,
