{
  "id": 2806736,
  "name": "Aitrach",
  "polygon": {
    "numberOfPoints": 527,
    "box": {
      "min": {
        "x": 47.9034737,
        "y": 9.9949639
      },
      "max": {
        "x": 47.9812587,
        "y": 10.1125146
      },
      "center": {
        "x": 47.9423662,
        "y": 10.05373925
      },
      "area": {
        "x": 0.0777850,
        "y": 0.1175507
      }
    },
    "pointsx": [
      47.9034737,
      47.9037254,
      47.9040172,
      47.9047390,
      47.9052225,
      47.9054305,
      47.9057156,
      47.9061288,
      47.9072499,
      47.9081659,
      47.9084587,
      47.9088371,
      47.9090762,
      47.9092646,
      47.9101352,
      47.9103198,
      47.9103753,
      47.9122550,
      47.9123339,
      47.9124623,
      47.9128830,
      47.9134707,
      47.9138855,
      47.9139760,
      47.9141012,
      47.9142146,
      47.9143675,
      47.9145333,
      47.9145933,
      47.9146262,
      47.9148194,
      47.9150029,
      47.9151680,
      47.9152499,
      47.9154183,
      47.9156072,
      47.9157733,
      47.9160020,
      47.9162829,
      47.9166048,
      47.9168285,
      47.9169834,
      47.9171816,
      47.9173228,
      47.9172721,
      47.9172303,
      47.9171347,
      47.9170333,
      47.9169325,
      47.9169063,
      47.9161091,
      47.9158257,
      47.9156106,
      47.9156511,
      47.9152917,
      47.9152992,
      47.9147723,
      47.9145323,
      47.9127554,
      47.9126875,
      47.9128617,
      47.9130181,
      47.9131602,
      47.9138233,
      47.9149553,
      47.9160234,
      47.9170256,
      47.9173341,
      47.9176916,
      47.9177184,
      47.9180748,
      47.9185025,
      47.9185568,
      47.9190656,
      47.9196885,
      47.9205146,
      47.9213472,
      47.9222539,
      47.9222524,
      47.9229922,
      47.9231858,
      47.9232668,
      47.9235011,
      47.9238505,
      47.9245119,
      47.9248398,
      47.9249942,
      47.9255447,
      47.9258567,
      47.9284516,
      47.9287677,
      47.9295451,
      47.9286105,
      47.9301675,
      47.9308615,
      47.9322504,
      47.9345201,
      47.9344416,
      47.9345487,
      47.9340705,
      47.9337611,
      47.9333578,
      47.9326073,
      47.9315487,
      47.9314417,
      47.9306845,
      47.9307247,
      47.9315784,
      47.9318790,
      47.9327028,
      47.9330418,
      47.9339494,
      47.9352348,
      47.9359058,
      47.9360051,
      47.9370530,
      47.9374473,
      47.9381418,
      47.9384510,
      47.9389377,
      47.9392712,
      47.9398104,
      47.9401175,
      47.9402278,
      47.9405037,
      47.9406879,
      47.9409973,
      47.9410424,
      47.9412909,
      47.9413734,
      47.9412555,
      47.9415185,
      47.9421848,
      47.9430748,
      47.9425402,
      47.9467529,
      47.9456589,
      47.9460239,
      47.9465046,
      47.9467255,
      47.9468209,
      47.9469368,
      47.9480293,
      47.9486997,
      47.9492220,
      47.9493098,
      47.9493904,
      47.9497701,
      47.9506935,
      47.9507445,
      47.9513553,
      47.9514845,
      47.9512774,
      47.9520938,
      47.9525582,
      47.9546479,
      47.9550398,
      47.9556473,
      47.9567427,
      47.9581508,
      47.9582919,
      47.9587937,
      47.9590910,
      47.9605791,
      47.9627637,
      47.9630816,
      47.9633064,
      47.9633509,
      47.9643710,
      47.9649378,
      47.9661456,
      47.9667136,
      47.9671864,
      47.9686704,
      47.9692802,
      47.9697883,
      47.9702010,
      47.9706682,
      47.9711290,
      47.9721437,
      47.9723552,
      47.9736450,
      47.9735716,
      47.9738880,
      47.9748776,
      47.9752284,
      47.9757712,
      47.9759336,
      47.9759243,
      47.9759031,
      47.9759312,
      47.9759633,
      47.9760994,
      47.9763539,
      47.9764787,
      47.9767465,
      47.9767803,
      47.9769990,
      47.9772039,
      47.9761804,
      47.9755953,
      47.9752085,
      47.9752779,
      47.9755384,
      47.9761944,
      47.9763319,
      47.9766928,
      47.9767505,
      47.9769815,
      47.9770531,
      47.9771768,
      47.9772643,
      47.9772714,
      47.9777627,
      47.9784158,
      47.9784953,
      47.9792668,
      47.9798544,
      47.9805617,
      47.9810440,
      47.9812587,
      47.9807924,
      47.9807403,
      47.9803426,
      47.9798695,
      47.9791016,
      47.9778049,
      47.9776585,
      47.9770059,
      47.9766933,
      47.9763757,
      47.9760251,
      47.9759119,
      47.9758234,
      47.9757062,
      47.9752953,
      47.9747320,
      47.9743979,
      47.9737539,
      47.9733824,
      47.9731923,
      47.9728618,
      47.9724774,
      47.9718498,
      47.9712232,
      47.9707447,
      47.9702875,
      47.9696272,
      47.9690667,
      47.9683642,
      47.9677353,
      47.9674497,
      47.9668693,
      47.9664784,
      47.9654919,
      47.9654076,
      47.9640907,
      47.9620288,
      47.9610539,
      47.9607211,
      47.9603984,
      47.9595339,
      47.9579841,
      47.9574042,
      47.9566091,
      47.9557252,
      47.9551168,
      47.9543477,
      47.9533883,
      47.9523803,
      47.9514053,
      47.9504570,
      47.9492582,
      47.9480911,
      47.9473557,
      47.9456469,
      47.9445023,
      47.9439310,
      47.9433313,
      47.9422893,
      47.9422293,
      47.9417961,
      47.9416434,
      47.9416138,
      47.9415961,
      47.9415784,
      47.9415620,
      47.9412983,
      47.9407544,
      47.9402949,
      47.9399849,
      47.9397750,
      47.9397116,
      47.9395446,
      47.9390359,
      47.9389494,
      47.9387663,
      47.9386381,
      47.9379551,
      47.9376146,
      47.9372966,
      47.9370435,
      47.9364937,
      47.9363356,
      47.9360032,
      47.9356432,
      47.9349321,
      47.9342755,
      47.9336225,
      47.9331785,
      47.9323337,
      47.9316187,
      47.9314035,
      47.9312640,
      47.9310646,
      47.9308207,
      47.9305900,
      47.9292573,
      47.9289533,
      47.9287340,
      47.9284974,
      47.9268393,
      47.9254822,
      47.9242999,
      47.9234131,
      47.9226664,
      47.9222013,
      47.9218454,
      47.9211418,
      47.9205252,
      47.9200745,
      47.9196675,
      47.9193698,
      47.9191203,
      47.9188318,
      47.9186498,
      47.9186010,
      47.9184035,
      47.9180907,
      47.9179726,
      47.9178727,
      47.9177294,
      47.9171574,
      47.9167134,
      47.9165273,
      47.9159239,
      47.9157257,
      47.9155611,
      47.9169115,
      47.9174438,
      47.9179080,
      47.9180145,
      47.9173104,
      47.9173883,
      47.9180419,
      47.9182222,
      47.9187273,
      47.9200517,
      47.9204762,
      47.9214010,
      47.9220773,
      47.9224469,
      47.9226168,
      47.9227565,
      47.9229191,
      47.9230272,
      47.9229030,
      47.9229097,
      47.9227084,
      47.9225770,
      47.9224423,
      47.9223403,
      47.9224005,
      47.9211587,
      47.9211764,
      47.9215780,
      47.9215672,
      47.9224400,
      47.9226195,
      47.9224227,
      47.9222898,
      47.9219544,
      47.9213474,
      47.9207093,
      47.9203145,
      47.9201057,
      47.9197475,
      47.9196862,
      47.9189950,
      47.9158883,
      47.9159127,
      47.9147425,
      47.9147792,
      47.9148340,
      47.9150363,
      47.9151828,
      47.9153002,
      47.9155181,
      47.9157500,
      47.9160672,
      47.9164331,
      47.9169143,
      47.9172218,
      47.9175018,
      47.9176516,
      47.9177297,
      47.9177740,
      47.9177828,
      47.9178318,
      47.9181105,
      47.9183706,
      47.9186453,
      47.9189279,
      47.9188707,
      47.9189456,
      47.9191790,
      47.9191797,
      47.9191415,
      47.9191378,
      47.9191362,
      47.9190911,
