{"id":2815165,"name":"Uder","polygon":{"numberOfPoints":229,"box":{"min":{"x":51.3269500,"y":10.0321514},"max":{"x":51.3835487,"y":10.1125699},"center":{"x":51.35524935,"y":10.07236065},"area":{"x":0.0565987,"y":0.0804185}},"pointsx":[51.3707892,51.3712113,51.3713894,51.3719787,51.3727085,51.3729434,51.3727085,51.3725519,51.3730532,51.3731650,51.3734984,51.3742522,51.3748838,51.3753487,51.3758283,51.3751310,51.3753943,51.3762395,51.3768791,51.3771058,51.3782482,51.3797266,51.3806673,51.3816753,51.3821456,51.3826160,51.3827769,51.3835487,51.3813841,51.3816504,51.3802318,51.3791654,51.3787253,51.3785441,51.3775863,51.3783888,51.3778452,51.3773337,51.3770168,51.3771462,51.3771552,51.3767333,51.3764100,51.3755655,51.3750322,51.3740326,51.3740860,51.3747569,51.3754745,51.3732963,51.3723381,51.3723104,51.3716455,51.3717494,51.3712300,51.3711538,51.3716524,51.3713477,51.3704127,51.3705443,51.3704612,51.3698795,51.3698886,51.3700372,51.3700114,51.3703635,51.3703725,51.3698812,51.3698358,51.3691838,51.3696768,51.3706468,51.3709858,51.3711423,51.3705324,51.3696344,51.3682094,51.3663804,51.3638588,51.3624517,51.3596484,51.3589773,51.3570180,51.3540845,51.3534241,51.3501692,51.3494437,51.3490749,51.3474734,51.3471650,51.3465768,51.3463487,51.3453382,51.3432593,51.3421375,51.3423494,51.3429320,51.3431196,51.3433021,51.3438446,51.3446480,51.3449246,51.3450930,51.3445069,51.3450263,51.3448561,51.3440891,51.3442935,51.3443812,51.3422123,51.3421456,51.3416795,51.3414334,51.3414630,51.3415906,51.3417022,51.3421129,51.3421484,51.3418087,51.3413827,51.3403077,51.3402469,51.3390825,51.3386353,51.3400197,51.3405465,51.3412242,51.3420518,51.3431673,51.3434727,51.3432863,51.3430608,51.3424473,51.3413927,51.3407366,51.3399994,51.3382406,51.3371977,51.3367666,51.3358386,51.3334270,51.3330416,51.3327931,51.3322859,51.3320272,51.3318548,51.3316874,51.3314947,51.3313809,51.3314390,51.3310333,51.3305971,51.3300756,51.3269500,51.3272300,51.3271849,51.3276468,51.3282196,51.3284691,51.3289425,51.3295629,51.3299323,51.3306742,51.3313386,51.3322948,51.3328984,51.3340547,51.3346054,51.3359392,51.3377531,51.3382981,51.3380471,51.3374805,51.3387929,51.3424338,51.3435127,51.3438318,51.3440525,51.3470558,51.3478611,51.3480762,51.3486784,51.3491373,51.3494600,51.3496607,51.3499505,51.3496638,51.3496086,51.3498452,51.3492309,51.3482320,51.3474026,51.3478684,51.3471908,51.3469307,51.3468395,51.3469867,51.3472554,51.3477429,51.3480950,51.3485545,51.3478410,51.3472070,51.3458736,51.3438851,51.3435764,51.3437316,51.3432815,51.3444578,51.3450124,51.3468065,51.3486922,51.3492502,51.3496471,51.3506064,51.3518450,51.3527858,51.3536305,51.3540152,51.3540152,51.3544321,51.3544540,51.3567414,51.3587665,51.3589633,51.3622155,51.3624159,51.3682060,51.3702858],"pointsy":[10.0336250,10.0329827,10.0328417,10.0321514,10.0328375,10.0334332,10.0340916,10.0344992,10.0364122,10.0369819,10.0386576,10.0400482,10.0397742,10.0395725,10.0397554,10.0416698,10.0423901,10.0421706,10.0419510,10.0422943,10.0414330,10.0408408,10.0409485,10.0417021,10.0424558,10.0435862,10.0452285,10.0471661,10.0496978,10.0499206,10.0507331,10.0507500,10.0528651,10.0544411,10.0547314,10.0563903,10.0565147,10.0605688,10.0610767,10.0614915,10.0635107,10.0631563,10.0628847,10.0634103,10.0632725,10.0634049,10.0650640,10.0651742,10.0678936,10.0684809,10.0702267,10.0724788,10.0742427,10.0761509,10.0767388,10.0783253,10.0784695,10.0799339,10.0831511,10.0834617,10.0843049,10.0841496,10.0863198,10.0875827,10.0883583,10.0887032,10.0888815,10.0888033,10.0890071,10.0890325,10.0895129,10.0919690,10.0935140,10.0956165,10.1000338,10.0999079,10.0944748,10.0924813,10.0961562,10.0972829,10.0996577,10.1010271,10.1030899,10.1061753,10.1087755,10.1109580,10.1119216,10.1112739,10.1112797,10.1114880,10.1122997,10.1125699,10.1115815,10.1086756,10.1065864,10.1043627,10.1041989,10.1031680,10.1028189,10.1036631,10.1032588,10.1024293,10.1014259,10.1008010,10.0990609,10.0978026,10.0973083,10.0958562,10.0925837,10.0918386,10.0915463,10.0913052,10.0916238,10.0893715,10.0894322,10.0891400,10.0889371,10.0887017,10.0886124,10.0886773,10.0888072,10.0886448,10.0889434,10.0878788,10.0876840,10.0874383,10.0871054,10.0865139,10.0859294,10.0853223,10.0851444,10.0855966,10.0859781,10.0865257,10.0868758,10.0872132,10.0874456,10.0875830,10.0875018,10.0865683,10.0851396,10.0850909,10.0850828,10.0853101,10.0857403,10.0862029,10.0864871,10.0865114,10.0863117,10.0851006,10.0840535,10.0839723,10.0835405,10.0791853,10.0766171,10.0757720,10.0740172,10.0728822,10.0722904,10.0731111,10.0739204,10.0740352,10.0741841,10.0744926,10.0747555,10.0747879,10.0756565,10.0761905,10.0778465,10.0802672,10.0807608,10.0810823,10.0825287,10.0831026,10.0852690,10.0844211,10.0840888,10.0837251,10.0733989,10.0726082,10.0716210,10.0714488,10.0716324,10.0720113,10.0711445,10.0688231,10.0688576,10.0649127,10.0647749,10.0631066,10.0626168,10.0618520,10.0601897,10.0586913,10.0577755,10.0567972,10.0560282,10.0555459,10.0551556,10.0549947,10.0545921,10.0532108,10.0496771,10.0515460,10.0507233,10.0480665,10.0464268,10.0441659,10.0397568,10.0394885,10.0415365,10.0448127,10.0458933,10.0470011,10.0483588,10.0495085,10.0504007,10.0508867,10.0510841,10.0514355,10.0512861,10.0515936,10.0504517,10.0492405,10.0508072,10.0488534,10.0503704,10.0450481,10.0386790]}}