{
  "id": 2818241,
  "name": "Brüheim",
  "polygon": {
    "numberOfPoints": 25,
    "box": {
      "min": {
        "x": 50.9957992,
        "y": 10.5532314
      },
      "max": {
        "x": 51.0233524,
        "y": 10.5953730
      },
      "center": {
        "x": 51.0095758,
        "y": 10.5743022
      },
      "area": {
        "x": 0.0275532,
        "y": 0.0421416
      }
    },
    "pointsx": [
      51.0213416,
      51.0143116,
      51.0105658,
      51.0072776,
      51.0025705,
      51.0017000,
      51.0006145,
      50.9992065,
      50.9981532,
      50.9965301,
      50.9957992,
      50.9976498,
      51.0020350,
      51.0129034,
      51.0137283,
      51.0147503,
      51.0168790,
      51.0167680,
      51.0187018,
      51.0188588,
      51.0197247,
      51.0210326,
      51.0233254,
      51.0233524,
      51.0214756
    ],
    "pointsy": [
      10.5806622,
      10.5935055,
      10.5932553,
      10.5929820,
      10.5953730,
      10.5949119,
      10.5924184,
      10.5886782,
      10.5855529,
      10.5820859,
      10.5783286,
      10.5724365,
      10.5617112,
      10.5532314,
      10.5553581,
      10.5623640,
      10.5630559,
      10.5639198,
      10.5641127,
      10.5650326,
      10.5649236,
      10.5648776,
      10.5769438,
      10.5801653,
      10.5798603
    ]
  }
}