{
  "numberOfPolygons": 1,
  "box": {
    "min": {
      "x": 50.9671208,
      "y": 10.6609154
    },
    "max": {
      "x": 50.9919149,
      "y": 10.7260362
    },
    "center": {
      "x": 50.97951785,
      "y": 10.6934758
    }
  },
  "polygons": [
    {
      "numberOfPoints": 81,
      "box": {
        "min": {
          "x": 50.9671208,
          "y": 10.6609154
        },
        "max": {
          "x": 50.9919149,
          "y": 10.7260362
        },
        "center": {
          "x": 50.97951785,
          "y": 10.6934758
        }
      },
      "pointsx": [
        50.9899403,
        50.9899143,
        50.9893418,
        50.9893332,
        50.9884010,
        50.9878632,
        50.9870133,
        50.9868336,
        50.9868856,
        50.9875622,
        50.9877653,
        50.9880234,
        50.9876153,
        50.9873006,
        50.9869580,
        50.9864130,
        50.9862554,
        50.9859793,
        50.9841085,
        50.9820783,
        50.9801084,
        50.9797571,
        50.9797839,
        50.9791755,
        50.9786262,
        50.9781569,
        50.9770773,
        50.9755400,
        50.9750593,
        50.9744109,
        50.9741743,
        50.9739530,
        50.9735143,
        50.9723928,
        50.9694745,
        50.9691388,
        50.9689710,
        50.9689328,
        50.9688909,
        50.9688108,
        50.9695355,
        50.9689214,
        50.9693258,
        50.9689786,
        50.9682309,
        50.9671208,
        50.9681699,
        50.9684979,
        50.9683760,
        50.9690838,
        50.9698377,
        50.9705726,
        50.9716320,
        50.9729153,
        50.9757537,
        50.9766883,
        50.9775992,
        50.9786745,
        50.9790906,
        50.9793422,
        50.9797413,
        50.9801837,
        50.9806088,
        50.9810079,
        50.9814070,
        50.9822918,
        50.9833388,
        50.9846514,
        50.9852554,
        50.9874093,
        50.9884224,
        50.9896101,
        50.9898861,
        50.9901967,
        50.9911391,
        50.9919149,
        50.9911084,
        50.9914089,
        50.9903785,
        50.9903969,
        50.9899308
      ],
      "pointsy": [
        10.6772169,
        10.6777634,
        10.6777496,
        10.6795547,
        10.6823567,
        10.6839551,
        10.6877516,
        10.6890458,
        10.6914021,
        10.6914848,
        10.6920061,
        10.6985873,
        10.7056874,
        10.7103938,
        10.7129054,
        10.7129408,
        10.7146554,
        10.7145741,
        10.7260362,
        10.7259171,
        10.7255550,
        10.7216134,
        10.7208188,
        10.7128604,
        10.7069356,
        10.7030807,
        10.6964916,
        10.6964689,
        10.6943230,
        10.6913915,
        10.6911740,
        10.6909566,
        10.6905228,
        10.6884398,
        10.6811984,
        10.6803395,
        10.6799093,
        10.6797948,
        10.6796947,
        10.6794802,
        10.6786342,
        10.6760602,
        10.6759230,
        10.6741367,
        10.6707635,
        10.6682514,
        10.6660590,
        10.6632848,
        10.6609154,
        10.6628112,
        10.6622628,
        10.6656700,
        10.6648782,
        10.6643713,
        10.6620537,
        10.6650058,
        10.6682219,
        10.6711201,
        10.6708073,
        10.6710278,
        10.6703939,
        10.6697601,
        10.6690849,
        10.6687128,
        10.6686302,
        10.6685888,
        10.6682306,
        10.6675096,
        10.6673193,
        10.6677440,
        10.6676751,
        10.6672756,
        10.6674802,
        10.6679413,
        10.6712583,
        10.6745797,
        10.6746743,
        10.6762137,
        10.6761747,
        10.6765353,
        10.6765450
      ]
    }
  ]
}