{"id":2825742,"name":"Börtlingen","polygon":{"numberOfPoints":577,"box":{"min":{"x":48.7421475,"y":9.6129471},"max":{"x":48.7745299,"y":9.6587515},"center":{"x":48.7583387,"y":9.6358493},"area":{"x":0.0323824,"y":0.0458044}},"pointsx":[48.7606501,48.7605099,48.7604444,48.7603792,48.7603343,48.7602919,48.7602544,48.7602191,48.7601927,48.7601823,48.7601878,48.7600040,48.7597111,48.7594265,48.7589383,48.7588973,48.7588610,48.7588203,48.7587908,48.7587683,48.7587526,48.7587394,48.7587297,48.7586650,48.7585959,48.7585906,48.7585332,48.7583758,48.7582113,48.7580581,48.7570839,48.7569532,48.7568882,48.7568051,48.7567150,48.7566383,48.7565907,48.7565248,48.7563949,48.7562536,48.7561441,48.7560916,48.7560229,48.7559197,48.7557797,48.7556514,48.7555689,48.7555095,48.7554159,48.7553087,48.7552086,48.7550948,48.7549950,48.7548544,48.7547434,48.7546414,48.7545550,48.7543867,48.7543137,48.7541744,48.7540713,48.7539450,48.7538361,48.7537521,48.7536450,48.7535171,48.7533959,48.7532151,48.7530153,48.7528311,48.7526721,48.7525476,48.7524023,48.7519120,48.7517759,48.7512194,48.7508479,48.7506822,48.7502845,48.7501752,48.7500454,48.7498950,48.7497560,48.7496259,48.7494865,48.7494293,48.7494143,48.7488066,48.7486528,48.7485312,48.7484047,48.7483136,48.7481672,48.7479911,48.7478891,48.7478024,48.7477157,48.7476167,48.7473744,48.7471766,48.7469878,48.7466781,48.7465971,48.7465145,48.7463551,48.7462070,48.7460429,48.7458557,48.7456891,48.7456047,48.7455177,48.7451474,48.7450414,48.7450109,48.7449965,48.7449667,48.7449424,48.7449241,48.7449012,48.7448789,48.7444782,48.7444333,48.7444319,48.7444307,48.7444323,48.7444247,48.7443987,48.7443681,48.7443374,48.7443158,48.7443168,48.7443179,48.7443075,48.7442604,48.7441930,48.7441209,48.7441013,48.7440911,48.7440647,48.7439809,48.7437916,48.7436815,48.7435712,48.7434855,48.7433680,48.7432594,48.7431554,48.7430765,48.7430091,48.7429403,48.7428785,48.7428167,48.7427751,48.7427286,48.7426862,48.7426115,48.7424910,48.7424003,48.7423420,48.7422665,48.7421475,48.7424361,48.7426621,48.7428653,48.7429796,48.7430759,48.7432136,48.7433751,48.7443526,48.7445255,48.7447169,48.7449977,48.7451269,48.7452656,48.7455118,48.7455462,48.7455876,48.7456313,48.7456821,48.7457376,48.7458048,48.7459115,48.7468759,48.7469933,48.7470946,48.7472033,48.7472679,48.7473000,48.7473352,48.7473423,48.7473307,48.7473033,48.7472644,48.7472069,48.7471354,48.7470409,48.7469620,48.7468604,48.7467337,48.7460692,48.7458656,48.7458298,48.7456414,48.7458226,48.7462348,48.7462587,48.7462779,48.7462905,48.7463006,48.7447166,48.7447315,48.7447319,48.7447503,48.7447771,48.7448086,48.7448752,48.7450841,48.7453621,48.7445094,48.7443374,48.7438376,48.7441178,48.7442750,48.7445920,48.7446362,48.7446741,48.7447027,48.7447287,48.7447662,48.7448172,48.7448658,48.7449350,48.7449581,48.7446793,48.7445263,48.7446411,48.7448333,48.7449652,48.7452762,48.7456873,48.7454802,48.7454045,48.7453483,48.7452576,48.7451647,48.7451467,48.7452423,48.7453521,48.7454509,48.7456212,48.7457595,48.7459614,48.7461035,48.7462099,48.7463066,48.7463891,48.7464964,48.7466239,48.7467190,48.7468360,48.7469854,48.7471470,48.7473777,48.7475852,48.7477943,48.7483482,48.7487726,48.7488880,48.7489764,48.7495437,48.7497781,48.7498520,48.7499137,48.7501498,48.7502794,48.7504731,48.7505620,48.7506852,48.7508499,48.7510946,48.7518431,48.7521473,48.7523135,48.7524415,48.7525078,48.7525814,48.7526368,48.7527038,48.7528008,48.7527133,48.7527845,48.7528810,48.7529568,48.7530259,48.7531254,48.7535860,48.7537197,48.7538074,48.7544318,48.7548699,48.7545972,48.7552045,48.7554440,48.7556365,48.7558170,48.7564317,48.7570160,48.7574420,48.7575057,48.7576029,48.7578660,48.7580833,48.7582843,48.7585016,48.7589723,48.7589261,48.7591248,48.7594888,48.7595711,48.7597016,48.7598300,48.7599214,48.7600928,48.7601363,48.7601593,48.7603117,48.7603439,48.7603830,48.7604402,48.7605382,48.7606410,48.7607620,48.7611345,48.7612442,48.7614385,48.7615619,48.7617655,48.7617480,48.7617869,48.7619243,48.7620022,48.7621330,48.7621837,48.7622872,48.7623975,48.7624777,48.7626060,48.7627340,48.7628484,48.7629145,48.7629806,48.7630763,48.7631926,48.7633250,48.7634331,48.7635523,48.7635996,48.7636469,48.7637736,48.7640046,48.7640294,48.7640953,48.7643951,48.7644782,48.7645432,48.7646376,48.7647096,48.7647816,48.7651364,48.7654070,48.7654516,48.7654837,48.7656056,48.7656779,48.7657429,48.7658429,48.7660820,48.7666390,48.7670267,48.7671412,48.7672036,48.7672615,48.7673634,48.7674587,48.7675238,48.7676003,48.7679586,48.7680740,48.7681379,48.7692216,48.7702172,48.7702108,48.7702112,48.7702145,48.7702203,48.7702352,48.7702544,48.7702631,48.7703135,48.7710795,48.7711354,48.7711823,48.7712112,48.7712245,48.7712262,48.7712277,48.7712222,48.7712054,48.7711978,48.7711970,48.7712055,48.7712430,48.7712695,48.7713480,48.7714064,48.7714739,48.7715460,48.7714108,48.7714964,48.7716181,48.7717649,48.7722962,48.7723617,48.7724520,48.7725469,48.7726327,48.7726802,48.7731830,48.7733517,48.7741109,48.7740290,48.7733461,48.7735795,48.7738256,48.7742638,48.7743911,48.7745299,48.7740955,48.7741220,48.7738498,48.7735684,48.7735507,48.7735444,48.7735197,48.7736906,48.7736666,48.7734982,48.7733026,48.7732534,48.7732008,48.7731697,48.7731340,48.7722097,48.7720883,48.7721033,48.7720934,48.7723109,48.7723527,48.7723948,48.7724819,48.7725290,48.7726488,48.7727217,48.7727469,48.7727756,48.7728156,48.7728621,48.7729270,48.7730319,48.7731368,48.7726601,48.7721896,48.7717672,48.7714862,48.7714346,48.7714449,48.7712916,48.7712315,48.7711093,48.7709839,48.7715781,48.7714942,48.7714489,48.7713910,48.7712601,48.7709658,48.7704056,48.7701153,48.7699272,48.7698775,48.7698397,48.7697952,48.7697438,48.7696879,48.7696433,48.7696031,48.7695430,48.7695054,48.7694810,48.7694089,48.7693229,48.7692049,48.7691074,48.7690371,48.7689782,48.7689332,48.7688457,48.7688032,48.7687743,48.7687387,48.7686761,48.7686041,48.7682767,48.7682498,48.7682345,48.7682328,48.7682248,48.7682234,48.7681942,48.7681308,48.7679424,48.7678791,48.7677766,48.7676333,48.7675698,48.7675360,48.7675206,48.7675121,48.7674744,48.7673446,48.7673027,48.7672632,48.7672241,48.7671760,48.7671213,48.7670572,48.7669931,48.7669200,48.7667311,48.7664745,48.7662679,48.7661594,48.7661118,48.7658840,48.7656153,48.7655782,48.7654560,48.7653904,48.7652319,48.7651482,48.7650737,48.7648664,48.7646958,48.7646148,48.7645382,48.7644728,48.7644234,48.7643874,48.7643585,48.7643338,48.7643092,48.7642758,48.7642310,48.7641982,48.7641494,48.7640659,48.7638940,48.7637208,48.7635639,48.7632708,48.7627591,48.7622379,48.7620705,48.7617764,48.7613373,48.7609230,48.7607248],