{
  "id": 2828435,
  "name": "Rohr",
  "polygon": {
    "numberOfPoints": 166,
    "box": {
      "min": {
        "x": 50.5512370,
        "y": 10.4561177
      },
      "max": {
        "x": 50.5952661,
        "y": 10.5292165
      },
      "center": {
        "x": 50.57325155,
        "y": 10.4926671
      },
      "area": {
        "x": 0.0440291,
        "y": 0.0730988
      }
    },
    "pointsx": [
      50.5669325,
      50.5692255,
      50.5717094,
      50.5728336,
      50.5745507,
      50.5747105,
      50.5760751,
      50.5766840,
      50.5767692,
      50.5768130,
      50.5768029,
      50.5778259,
      50.5795099,
      50.5799213,
      50.5815651,
      50.5815890,
      50.5818108,
      50.5821395,
      50.5832799,
      50.5840790,
      50.5832559,
      50.5842297,
      50.5854847,
      50.5855103,
      50.5861201,
      50.5862421,
      50.5871263,
      50.5877360,
      50.5875226,
      50.5876751,
      50.5883153,
      50.5881019,
      50.5883763,
      50.5887156,
      50.5891995,
      50.5898702,
      50.5904799,
      50.5906085,
      50.5914289,
      50.5919433,
      50.5934371,
      50.5932237,
      50.5937419,
      50.5930322,
      50.5923432,
      50.5920105,
      50.5912009,
      50.5905756,
      50.5916994,
      50.5900836,
      50.5901141,
      50.5903885,
      50.5912116,
      50.5918213,
      50.5922481,
      50.5926312,
      50.5936197,
      50.5952661,
      50.5948393,
      50.5948393,
      50.5942558,
      50.5939858,
      50.5944126,
      50.5945345,
      50.5942297,
      50.5933258,
      50.5933151,
      50.5930103,
      50.5931381,
      50.5918823,
      50.5909758,
      50.5882848,
      50.5877278,
      50.5875226,
      50.5874921,
      50.5863951,
      50.5860896,
      50.5854643,
      50.5846871,
      50.5850530,
      50.5849310,
      50.5842907,
      50.5842297,
      50.5841687,
      50.5838192,
      50.5829893,
      50.5823088,
      50.5817599,
      50.5814753,
      50.5809976,
      50.5791440,
      50.5786195,
      50.5790992,
      50.5793575,
      50.5791703,
      50.5786053,
      50.5770458,
      50.5748032,
      50.5745880,
      50.5735048,
      50.5729482,
      50.5722966,
      50.5719008,
      50.5716300,
      50.5714634,
      50.5715259,
      50.5685982,
      50.5687344,
      50.5691927,
      50.5694635,
      50.5697968,
      50.5701301,
      50.5700676,
      50.5696718,
      50.5692552,
      50.5687552,
      50.5686927,
      50.5690677,
      50.5689372,
      50.5680677,
      50.5673802,
      50.5669427,
      50.5663802,
      50.5659219,
      50.5647344,
      50.5638709,
      50.5633176,
      50.5635885,
      50.5636726,
      50.5625795,
      50.5624425,
      50.5618826,
      50.5624452,
      50.5626671,
      50.5629106,
      50.5639744,
      50.5639374,
      50.5609514,
      50.5587085,
      50.5561517,
      50.5556077,
      50.5549954,
      50.5512370,
      50.5513967,
      50.5516136,
      50.5520019,
      50.5526122,
      50.5535830,
      50.5544428,
      50.5544428,
      50.5549078,
      50.5556077,
      50.5565230,
      50.5577517,
      50.5584644,
      50.5593484,
      50.5615983,
      50.5620975,
      50.5636753,
      50.5637059,
      50.5640664,
      50.5646487,
      50.5652865,
      50.5651594,
      50.5654843,
      50.5667556
    ],
    "pointsy": [
      10.4643185,
      10.4637113,
      10.4613331,
      10.4615012,
      10.4619732,
      10.4621187,
      10.4627358,
      10.4631325,
      10.4632459,
      10.4633431,
      10.4601665,
      10.4561177,
      10.4572551,
      10.4570507,
      10.4585886,
      10.4606166,
      10.4618389,
      10.4624136,
      10.4634542,
      10.4646244,
      10.4662383,
      10.4677283,
      10.4685784,
      10.4698413,
      10.4698413,
      10.4707056,
      10.4717621,
      10.4744993,
      10.4752197,
      10.4763722,
      10.4770925,
      10.4780529,
      10.4792054,
      10.4795138,
      10.4793975,
      10.4793495,
      10.4797337,
      10.4802929,
      10.4813442,
      10.4804060,
      10.4820867,
      10.4823748,
      10.4829991,
      10.4842283,
      10.4830044,
      10.4832492,
      10.4819182,
      10.4829765,
      10.4849200,
      10.4867928,
      10.4873691,
      10.4876092,
      10.4866007,
      10.4881854,
      10.4885216,
      10.4898533,
      10.4891419,
      10.4893860,
      10.4909227,
      10.4926995,
      10.4935537,
      10.4949565,
      10.4962530,
      10.4979338,
      10.4991343,
      10.5006291,
      10.5015354,
      10.5020636,
      10.5027593,
      10.5044647,
      10.5051520,
      10.5058093,
      10.5062113,
      10.5071539,
      10.5079703,
      10.5095934,
      10.5098431,
      10.5122561,
      10.5128204,
      10.5135408,
      10.5158938,
      10.5153656,
      10.5159418,
      10.5167582,
      10.5176429,
      10.5178832,
      10.5176226,
      10.5168062,
      10.5160214,
      10.5159899,
      10.5184666,
      10.5197277,
      10.5205993,
      10.5213546,
      10.5222630,
      10.5239723,
      10.5222302,
      10.5208026,
      10.5219679,
      10.5210823,
      10.5230783,
      10.5230830,
      10.5225582,
      10.5217383,
      10.5208527,
      10.5196719,
      10.5201435,
      10.5208199,
      10.5211807,
      10.5216727,
      10.5222958,
      10.5225254,
      10.5231814,
      10.5240342,
      10.5240342,
      10.5236734,
      10.5260678,
      10.5276093,
      10.5279171,
      10.5281341,
      10.5284293,
      10.5288229,
      10.5288885,
      10.5292165,
      10.5288885,
      10.5289875,
      10.5286261,
      10.5270845,
      10.5258748,
      10.5262684,
      10.5222958,
      10.5185532,
      10.5180392,
      10.5167093,
      10.5150935,
      10.5138206,
      10.5105288,
      10.5063849,
      10.5040329,
      10.4983356,
      10.4965453,
      10.4953881,
      10.4889205,
      10.4863249,
      10.4859369,
      10.4838415,
      10.4820516,
      10.4808729,
      10.4816150,
      10.4803490,
      10.4804689,
      10.4803927,
      10.4817023,
      10.4822981,
      10.4805673,
      10.4763736,
      10.4773804,
      10.4769438,
      10.4782803,
      10.4770748,
      10.4757651,
      10.4748047,
      10.4749357,
      10.4738367,
      10.4656288,
      10.4659862
    ]
  }
}