{
  "id": 2829530,
  "name": "Rotterode",
  "polygon": {
    "numberOfPoints": 185,
    "box": {
      "min": {
        "x": 50.7064791,
        "y": 10.5244157
      },
      "max": {
        "x": 50.7366550,
        "y": 10.5852665
      },
      "center": {
        "x": 50.72156705,
        "y": 10.5548411
      },
      "area": {
        "x": 0.0301759,
        "y": 0.0608508
      }
    },
    "pointsx": [
      50.7064791,
      50.7072425,
      50.7076210,
      50.7079301,
      50.7084522,
      50.7087713,
      50.7091424,
      50.7093354,
      50.7094689,
      50.7098012,
      50.7097287,
      50.7099736,
      50.7103655,
      50.7100681,
      50.7113927,
      50.7119489,
      50.7119557,
      50.7116199,
      50.7129237,
      50.7127360,
      50.7132200,
      50.7141409,
      50.7145778,
      50.7152735,
      50.7158636,
      50.7162309,
      50.7162297,
      50.7175396,
      50.7182744,
      50.7188718,
      50.7192901,
      50.7197920,
      50.7203655,
      50.7210705,
      50.7211665,
      50.7210227,
      50.7212617,
      50.7214170,
      50.7215246,
      50.7219906,
      50.7224566,
      50.7229704,
      50.7228867,
      50.7233766,
      50.7240577,
      50.7241533,
      50.7254078,
      50.7257163,
      50.7258144,
      50.7306168,
      50.7310588,
      50.7316920,
      50.7324087,
      50.7327313,
      50.7335794,
      50.7338281,
      50.7336033,
      50.7335675,
      50.7329821,
      50.7327910,
      50.7326357,
      50.7328030,
      50.7323729,
      50.7321220,
      50.7314053,
      50.7305929,
      50.7303779,
      50.7304870,
      50.7306905,
      50.7313096,
      50.7312118,
      50.7308100,
      50.7303104,
      50.7305493,
      50.7313808,
      50.7312335,
      50.7317590,
      50.7323196,
      50.7326171,
      50.7333324,
      50.7336056,
      50.7337095,
      50.7334497,
      50.7336056,
      50.7339433,
      50.7338654,
      50.7338914,
      50.7336835,
      50.7338134,
      50.7342984,
      50.7343414,
      50.7340709,
      50.7343542,
      50.7341316,
      50.7343879,
      50.7340133,
      50.7338126,
      50.7346374,
      50.7351228,
      50.7351835,
      50.7365877,
      50.7366550,
      50.7365017,
      50.7358645,
      50.7352819,
      50.7345095,
      50.7343686,
      50.7343440,
      50.7342643,
      50.7343318,
      50.7339701,
      50.7337985,
      50.7332345,
      50.7340743,
      50.7343073,
      50.7350674,
      50.7350612,
      50.7353003,
      50.7351716,
      50.7355700,
      50.7361693,
      50.7360893,
      50.7326250,
      50.7294146,
      50.7262848,
      50.7244790,
      50.7225420,
      50.7224610,
      50.7216958,
      50.7201071,
      50.7194809,
      50.7197904,
      50.7201035,
      50.7201502,
      50.7201704,
      50.7203579,
      50.7204846,
      50.7206012,
      50.7209407,
      50.7210958,
      50.7211920,
      50.7204559,
      50.7206513,
      50.7204086,
      50.7202112,
      50.7199931,
      50.7198056,
      50.7194914,
      50.7191613,
      50.7189187,
      50.7182396,
      50.7176670,
      50.7175603,
      50.7168409,
      50.7160655,
      50.7153357,
      50.7144589,
      50.7142916,
      50.7139383,
      50.7139166,
      50.7132729,
      50.7127085,
      50.7123200,
      50.7115648,
      50.7111542,
      50.7107814,
      50.7107044,
      50.7103111,
      50.7101739,
      50.7101678,
      50.7097611,
      50.7097203,
      50.7095805,
      50.7095823,
      50.7096027,
      50.7092871,
      50.7092146,
      50.7089687,
      50.7090406,
      50.7090089,
      50.7091357,
      50.7088160,
      50.7084870,
      50.7082508,
      50.7074392
    ],
    "pointsy": [
      10.5581483,
      10.5560367,
      10.5545952,
      10.5527719,
      10.5514544,
      10.5510560,
      10.5506458,
      10.5506341,
      10.5504817,
      10.5495618,
      10.5492512,
      10.5488528,
      10.5484390,
      10.5473211,
      10.5464424,
      10.5457885,
      10.5451946,
      10.5445394,
      10.5439623,
      10.5431512,
      10.5426832,
      10.5417759,
      10.5426590,
      10.5438824,
      10.5445621,
      10.5432518,
      10.5416067,
      10.5391170,
      10.5395903,
      10.5403830,
      10.5398734,
      10.5381181,
      10.5373254,
      10.5370989,
      10.5370678,
      10.5365138,
      10.5357589,
      10.5350983,
      10.5345510,
      10.5338149,
      10.5332675,
      10.5330788,
      10.5338715,
      10.5347397,
      10.5344943,
      10.5338149,
      10.5317576,
      10.5307565,
      10.5310926,
      10.5270580,
      10.5273222,
      10.5272656,
      10.5266994,
      10.5257368,
      10.5244157,
      10.5247122,
      10.5254726,
      10.5259067,
      10.5262464,
      10.5260577,
      10.5266050,
      10.5267372,
      10.5280772,
      10.5279073,
      10.5287567,
      10.5304931,
      10.5333808,
      10.5341695,
      10.5353986,
      10.5378693,
      10.5396709,
      10.5398597,
      10.5414897,
      10.5434972,
      10.5452142,
      10.5455905,
      10.5474683,
      10.5481127,
      10.5482456,
      10.5491393,
      10.5497649,
      10.5505448,
      10.5521045,
      10.5534590,
      10.5553060,
      10.5570299,
      10.5581381,
      10.5590411,
      10.5601083,
      10.5607099,
      10.5616612,
      10.5658005,
      10.5660349,
      10.5668872,
      10.5673346,
      10.5696123,
      10.5709020,
      10.5709569,
      10.5713192,
      10.5715962,
      10.5721356,
      10.5729942,
      10.5747376,
      10.5764890,
      10.5780015,
      10.5794059,
      10.5797836,
      10.5801323,
      10.5805391,
      10.5808878,
      10.5812268,
      10.5810040,
      10.5817982,
      10.5832510,
      10.5824277,
      10.5825343,
      10.5831154,
      10.5832219,
      10.5837352,
      10.5841130,
      10.5851483,
      10.5852665,
      10.5827307,
      10.5805787,
      10.5800368,
      10.5767662,
      10.5735577,
      10.5732695,
      10.5717407,
      10.5704125,
      10.5692402,
      10.5689071,
      10.5682295,
      10.5673943,
      10.5669861,
      10.5664338,
      10.5663857,
      10.5660335,
      10.5659135,
      10.5656190,
      10.5650836,
      10.5636383,
      10.5626289,
      10.5622955,
      10.5621837,
      10.5623835,
      10.5627998,
      10.5633601,
      10.5636164,
      10.5636642,
      10.5633853,
      10.5629438,
      10.5627766,
      10.5628478,
      10.5631360,
      10.5634241,
      10.5634081,
      10.5631920,
      10.5630592,
      10.5626477,
      10.5627357,
      10.5626848,
      10.5626317,
      10.5632880,
      10.5637043,
      10.5643439,
      10.5644781,
      10.5651679,
      10.5651469,
      10.5652051,
      10.5652324,
      10.5652744,
      10.5655729,
      10.5657468,
      10.5664957,
      10.5659028,
      10.5657026,
      10.5647634,
      10.5637119,
      10.5634853,
      10.5624888,
      10.5619615,
      10.5613522,
      10.5612248,
      10.5598012
    ]
  }
}