{
  "id": 2831169,
  "name": "Schwallungen",
  "polygon": {
    "numberOfPoints": 216,
    "box": {
      "min": {
        "x": 50.6458077,
        "y": 10.2275176
      },
      "max": {
        "x": 50.7194645,
        "y": 10.4077518
      },
      "center": {
        "x": 50.6826361,
        "y": 10.3176347
      },
      "area": {
        "x": 0.0736568,
        "y": 0.1802342
      }
    },
    "pointsx": [
      50.7001470,
      50.6998344,
      50.7000926,
      50.7002829,
      50.7002421,
      50.6999567,
      50.6994946,
      50.6983394,
      50.7013973,
      50.7015967,
      50.7024373,
      50.7038308,
      50.7040148,
      50.7039599,
      50.7026840,
      50.7037068,
      50.7051832,
      50.7060238,
      50.7072374,
      50.7082786,
      50.7076748,
      50.7029818,
      50.7030572,
      50.7088058,
      50.7105674,
      50.7094767,
      50.7089802,
      50.7054844,
      50.7035452,
      50.7022274,
      50.7024112,
      50.7037076,
      50.7035527,
      50.7058890,
      50.7066980,
      50.7076496,
      50.7087709,
      50.7093396,
      50.7104930,
      50.7117657,
      50.7131526,
      50.7149960,
      50.7148930,
      50.7166117,
      50.7165404,
      50.7194645,
      50.7187465,
      50.7178125,
      50.7172110,
      50.7174108,
      50.7134396,
      50.7134145,
      50.7127655,
      50.7091251,
      50.7081813,
      50.7056867,
      50.7031920,
      50.7011064,
      50.6998881,
      50.7017097,
      50.7027999,
      50.7030891,
      50.7024503,
      50.6994835,
      50.6999555,
      50.6977302,
      50.6949763,
      50.6914585,
      50.6912426,
      50.6891654,
      50.6879514,
      50.6865026,
      50.6829612,
      50.6821564,
      50.6810602,
      50.6809012,
      50.6802797,
      50.6805856,
      50.6796546,
      50.6789125,
      50.6774221,
      50.6760054,
      50.6808049,
      50.6821010,
      50.6829467,
      50.6856145,
      50.6850793,
      50.6842988,
      50.6839407,
      50.6833511,
      50.6794381,
      50.6797117,
      50.6796554,
      50.6771585,
      50.6746805,
      50.6730203,
      50.6686574,
      50.6698809,
      50.6708166,
      50.6708705,
      50.6691714,
      50.6695792,
      50.6651585,
      50.6646319,
      50.6558191,
      50.6488712,
      50.6458077,
      50.6459324,
      50.6459802,
      50.6464528,
      50.6521104,
      50.6527980,
      50.6510430,
      50.6518530,
      50.6535411,
      50.6574559,
      50.6567512,
      50.6553748,
      50.6550773,
      50.6518972,
      50.6515341,
      50.6520457,
      50.6527163,
      50.6529678,
      50.6529368,
      50.6551362,
      50.6572527,
      50.6591430,
      50.6609290,
      50.6633947,
      50.6637009,
      50.6651560,
      50.6667944,
      50.6681146,
      50.6688598,
      50.6690974,
      50.6697223,
      50.6708840,
      50.6710930,
      50.6759151,
      50.6801802,
      50.6794799,
      50.6836299,
      50.6839037,
      50.6840241,
      50.6834082,
      50.6841741,
      50.6855896,
      50.6874118,
      50.6876141,
      50.6861977,
      50.6859990,
      50.6816964,
      50.6814988,
      50.6764151,
      50.6740970,
      50.6748751,
      50.6762140,
      50.6762486,
      50.6757885,
      50.6771585,
      50.6785752,
      50.6782379,
      50.6806387,
      50.6807181,
      50.6804641,
      50.6810242,
      50.6810863,
      50.6817184,
      50.6824261,
      50.6818369,
      50.6818369,
      50.6818994,
      50.6814161,
      50.6815002,
      50.6803292,
      50.6792941,
      50.6790536,
      50.6799291,
      50.6812308,
      50.6849563,
      50.6853717,
      50.6852595,
      50.6859048,
      50.6861292,
      50.6858204,
      50.6850351,
      50.6839410,
      50.6835202,
      50.6821734,
      50.6813689,
      50.6843777,
      50.6843036,
      50.6833519,
      50.6807542,
      50.6796485,
      50.6786946,
      50.6781726,
      50.6775495,
      50.6778248,
      50.6785543,
      50.6792675,
      50.6802851,
      50.6810710,
      50.6820188,
      50.6819786,
      50.6816286,
      50.6820911,
      50.6830384,
      50.6838521,
      50.6862422,
      50.6880188,
      50.6921673,
      50.6948291,
      50.6959095,
      50.6980674
    ],