{
  "numberOfPolygons": 1,
  "box": {
    "min": {
      "x": 50.9120785,
      "y": 11.2229058
    },
    "max": {
      "x": 50.9541366,
      "y": 11.2687827
    },
    "center": {
      "x": 50.93310755,
      "y": 11.24584425
    }
  },
  "polygons": [
    {
      "numberOfPoints": 64,
      "box": {
        "min": {
          "x": 50.9120785,
          "y": 11.2229058
        },
        "max": {
          "x": 50.9541366,
          "y": 11.2687827
        },
        "center": {
          "x": 50.93310755,
          "y": 11.24584425
        }
      },
      "pointsx": [
        50.9264665,
        50.9246992,
        50.9216761,
        50.9181643,
        50.9131870,
        50.9130009,
        50.9130939,
        50.9148151,
        50.9154431,
        50.9158173,
        50.9161498,
        50.9160786,
        50.9158353,
        50.9156431,
        50.9152395,
        50.9146235,
        50.9144927,
        50.9143456,
        50.9143147,
        50.9136696,
        50.9133099,
        50.9128956,
        50.9125849,
        50.9120785,
        50.9121515,
        50.9135228,
        50.9144526,
        50.9154199,
        50.9165828,
        50.9202575,
        50.9209552,
        50.9204203,
        50.9215133,
        50.9260521,
        50.9376129,
        50.9405412,
        50.9405141,
        50.9421127,
        50.9448748,
        50.9504182,
        50.9504647,
        50.9507087,
        50.9521031,
        50.9525215,
        50.9519172,
        50.9541366,
        50.9532884,
        50.9515918,
        50.9521380,
        50.9520450,
        50.9480839,
        50.9478209,
        50.9459309,
        50.9449283,
        50.9443201,
        50.9449283,
        50.9392739,
        50.9386493,
        50.9361012,
        50.9350491,
        50.9327475,
        50.9292620,
        50.9284070,
        50.9274863
      ],
      "pointsy": [
        11.2232009,
        11.2229058,
        11.2260784,
        11.2323500,
        11.2337150,
        11.2358916,
        11.2374779,
        11.2435282,
        11.2546694,
        11.2589328,
        11.2623565,
        11.2631036,
        11.2637546,
        11.2642131,
        11.2647081,
        11.2647081,
        11.2645957,
        11.2645179,
        11.2646393,
        11.2645438,
        11.2644833,
        11.2648723,
        11.2651749,
        11.2659998,
        11.2661404,
        11.2687827,
        11.2679470,
        11.2685406,
        11.2668436,
        11.2675446,
        11.2647408,
        11.2604983,
        11.2589119,
        11.2596501,
        11.2615307,
        11.2598198,
        11.2609699,
        11.2611700,
        11.2614759,
        11.2581188,
        11.2559975,
        11.2536918,
        11.2528064,
        11.2493755,
        11.2493939,
        11.2426796,
        11.2392303,
        11.2399497,
        11.2302472,
        11.2276094,
        11.2284082,
        11.2300516,
        11.2304168,
        11.2336515,
        11.2333646,
        11.2288256,
        11.2280951,
        11.2303125,
        11.2309907,
        11.2279647,
        11.2262691,
        11.2261387,
        11.2271299,
        11.2267647
      ]
    }
  ]
}