{
  "id": 2857009,
  "name": "Mönchenholzhausen",
  "polygon": {
    "numberOfPoints": 97,
    "box": {
      "min": {
        "x": 50.9203737,
        "y": 11.1340401
      },
      "max": {
        "x": 50.9806774,
        "y": 11.2003259
      },
      "center": {
        "x": 50.95052555,
        "y": 11.1671830
      },
      "area": {
        "x": 0.0603037,
        "y": 0.0662858
      }
    },
    "pointsx": [
      50.9806774,
      50.9803715,
      50.9802115,
      50.9777548,
      50.9771558,
      50.9770988,
      50.9768318,
      50.9766789,
      50.9764119,
      50.9754335,
      50.9756898,
      50.9754850,
      50.9746221,
      50.9743533,
      50.9750312,
      50.9747220,
      50.9731815,
      50.9724812,
      50.9717243,
      50.9713154,
      50.9704733,
      50.9702175,
      50.9689924,
      50.9686375,
      50.9667365,
      50.9644694,
      50.9644030,
      50.9630060,
      50.9626621,
      50.9562895,
      50.9561655,
      50.9523835,
      50.9490907,
      50.9488758,
      50.9482410,
      50.9480270,
      50.9462762,
      50.9459522,
      50.9462222,
      50.9456813,
      50.9444834,
      50.9432816,
      50.9425456,
      50.9421027,
      50.9414428,
      50.9408628,
      50.9402829,
      50.9398290,
      50.9391730,
      50.9387111,
      50.9382462,
      50.9378302,
      50.9371973,
      50.9369303,
      50.9361934,
      50.9351445,
      50.9339696,
      50.9336227,
      50.9334087,
      50.9328828,
      50.9320509,
      50.9314899,
      50.9311050,
      50.9306400,
      50.9294002,
      50.9291212,
      50.9282403,
      50.9273394,
      50.9261225,
      50.9248177,
      50.9256062,
      50.9249783,
      50.9218854,
      50.9203737,
      50.9219552,
      50.9211877,
      50.9223040,
      50.9315739,
      50.9342709,
      50.9355961,
      50.9381767,
      50.9447088,
      50.9471494,
      50.9471494,
      50.9505649,
      50.9530760,
      50.9523090,
      50.9581653,
      50.9580956,
      50.9589928,
      50.9674826,
      50.9684248,
      50.9681228,
      50.9801362,
      50.9794534,
      50.9803772,
      50.9801719
    ],
    "pointsy": [
      11.1575587,
      11.1563309,
      11.1547473,
      11.1558590,
      11.1562240,
      11.1552141,
      11.1528235,
      11.1518716,
      11.1507078,
      11.1489165,
      11.1483232,
      11.1473013,
      11.1447932,
      11.1439723,
      11.1435103,
      11.1422421,
      11.1361880,
      11.1340401,
      11.1353591,
      11.1357251,
      11.1362816,
      11.1353512,
      11.1359694,
      11.1346846,
      11.1356773,
      11.1368679,
      11.1365114,
      11.1367282,
      11.1342874,
      11.1355383,
      11.1344429,
      11.1349245,
      11.1360270,
      11.1357830,
      11.1376012,
      11.1379981,
      11.1401258,
      11.1408057,
      11.1412646,
      11.1415976,
      11.1418706,
      11.1422635,
      11.1429035,
      11.1433904,
      11.1437564,
      11.1438763,
      11.1437204,
      11.1468369,
      11.1469269,
      11.1468639,
      11.1471689,
      11.1475598,
      11.1483277,
      11.1485707,
      11.1488137,
      11.1490537,
      11.1490507,
      11.1492327,
      11.1495086,
      11.1507585,
      11.1511844,
      11.1513054,
      11.1515484,
      11.1520353,
      11.1527952,
      11.1531772,
      11.1531752,
      11.1530502,
      11.1531062,
      11.1535116,
      11.1614813,
      11.1648753,
      11.1700770,
      11.1743196,
      11.1839483,
      11.1925071,
      11.1963438,
      11.1921728,
      11.1921728,
      11.1966367,
      11.2003259,
      11.1976328,
      11.1950135,
      11.1933165,
      11.1905739,
      11.1885574,
      11.1851265,
      11.1809947,
      11.1790763,
      11.1788753,
      11.1769735,
      11.1771321,
      11.1700489,
      11.1626521,
      11.1596743,
      11.1586754,
      11.1578748
    ]
  }
}