{"id":2857020,"name":"Umpferstedt","polygon":{"numberOfPoints":48,"box":{"min":{"x":50.9620958,"y":11.3881426},"max":{"x":50.9908023,"y":11.4359575},"center":{"x":50.97644905,"y":11.41205005},"area":{"x":0.0287065,"y":0.0478149}},"pointsx":[50.9896946,50.9896778,50.9890841,50.9872094,50.9866036,50.9850324,50.9841418,50.9836860,50.9836998,50.9828955,50.9822153,50.9818070,50.9814494,50.9813278,50.9812995,50.9798152,50.9780305,50.9766498,50.9767421,50.9746901,50.9731630,50.9723894,50.9719031,50.9717937,50.9671540,50.9670884,50.9680088,50.9674119,50.9645637,50.9640181,50.9636409,50.9630949,50.9627580,50.9628393,50.9620958,50.9622933,50.9652441,50.9670911,50.9716330,50.9756347,50.9771446,50.9774814,50.9819990,50.9818248,50.9842054,50.9850414,50.9849253,50.9908023],"pointsy":[11.3931602,11.3930360,11.3932075,11.3940274,11.3942970,11.3952547,11.3959353,11.3964112,11.3957317,11.3950111,11.3945205,11.3942901,11.3941454,11.3938042,11.3937993,11.3935393,11.3933271,11.3929100,11.3921145,11.3917052,11.3916446,11.3917630,11.3893406,11.3881426,11.3884271,11.3936774,11.3941594,11.3976347,11.3982991,11.4019598,11.4087684,11.4129003,11.4203708,11.4235989,11.4257939,11.4282656,11.4322130,11.4341498,11.4359575,11.4354476,11.4351709,11.4309099,11.4296003,11.4283091,11.4271839,11.4162640,11.4137000,11.4100687]}}