{"id":2857000,"name":"Kapellendorf","polygon":{"numberOfPoints":44,"box":{"min":{"x":50.9606806,"y":11.4357122},"max":{"x":50.9925120,"y":11.4850732},"center":{"x":50.9765963,"y":11.4603927},"area":{"x":0.0318314,"y":0.0493610}},"pointsx":[50.9754373,50.9754257,50.9732421,50.9757393,50.9727659,50.9712907,50.9688979,50.9712675,50.9677595,50.9665746,50.9660635,50.9653665,50.9627990,50.9630198,50.9625783,50.9621601,50.9606806,50.9674303,50.9665125,50.9659977,50.9714024,50.9713514,50.9756085,50.9757614,50.9849413,50.9864920,50.9875084,50.9875996,50.9859186,50.9842636,50.9883945,50.9882121,50.9865441,50.9925120,50.9916390,50.9911752,50.9900176,50.9855840,50.9830303,50.9805586,50.9799674,50.9810349,50.9804108,50.9804026],"pointsy":[11.4373660,11.4396717,11.4403911,11.4497615,11.4523255,11.4524362,11.4535245,11.4642968,11.4644075,11.4610319,11.4603310,11.4633376,11.4627474,11.4609397,11.4609581,11.4608659,11.4653851,11.4667317,11.4722101,11.4848303,11.4850732,11.4824418,11.4826442,11.4809844,11.4766068,11.4741641,11.4745160,11.4733982,11.4730256,11.4684093,11.4671673,11.4646832,11.4598807,11.4576244,11.4551196,11.4534769,11.4545073,11.4552247,11.4439815,11.4445815,11.4415164,11.4409555,11.4386208,11.4357122]}}