{
  "numberOfPolygons": 1,
  "box": {
    "min": {
      "x": 50.8612844,
      "y": 10.1136647
    },
    "max": {
      "x": 50.9561861,
      "y": 10.3389397
    },
    "center": {
      "x": 50.90873525,
      "y": 10.2263022
    }
  },
  "polygons": [
    {
      "numberOfPoints": 209,
      "box": {
        "min": {
          "x": 50.8612844,
          "y": 10.1136647
        },
        "max": {
          "x": 50.9561861,
          "y": 10.3389397
        },
        "center": {
          "x": 50.90873525,
          "y": 10.2263022
        }
      },
      "pointsx": [
        50.9522657,
        50.9514915,
        50.9487321,
        50.9480610,
        50.9416961,
        50.9418519,
        50.9391539,
        50.9409232,
        50.9406281,
        50.9402481,
        50.9396722,
        50.9403156,
        50.9400050,
        50.9391812,
        50.9386950,
        50.9381355,
        50.9374663,
        50.9369979,
        50.9345024,
        50.9344278,
        50.9333023,
        50.9310253,
        50.9308099,
        50.9289838,
        50.9242700,
        50.9225333,
        50.9231670,
        50.9213874,
        50.9222231,
        50.9260914,
        50.9254846,
        50.9261191,
        50.9242088,
        50.9242985,
        50.9219608,
        50.9229304,
        50.9234310,
        50.9236588,
        50.9234084,
        50.9242027,
        50.9247042,
        50.9263169,
        50.9277488,
        50.9258167,
        50.9254003,
        50.9264071,
        50.9269991,
        50.9296040,
        50.9320404,
        50.9317413,
        50.9316653,
        50.9314123,
        50.9313438,
        50.9312653,
        50.9308125,
        50.9311564,
        50.9320661,
        50.9318256,
        50.9297625,
        50.9264196,
        50.9224483,
        50.9211704,
        50.9162226,
        50.9110840,
        50.9053160,
        50.9019341,
        50.9018445,
        50.9004938,
        50.8991117,
        50.8982157,
        50.8970733,
        50.8975373,
        50.8993623,
        50.9011956,
        50.9017923,
        50.9024568,
        50.9034966,
        50.9040923,
        50.9044145,
        50.9052194,
        50.9055765,
        50.9103875,
        50.9117806,
        50.9132311,
        50.9135560,
        50.9127878,
        50.9115108,
        50.9097633,
        50.9098133,
        50.9100866,
        50.9084169,
        50.9077783,
        50.9071190,
        50.9037036,
        50.9036140,
        50.9008589,
        50.8983277,
        50.8982605,
        50.9002317,
        50.9006125,
        50.9016429,
        50.9013293,
        50.9009942,
        50.8988207,
        50.8984836,
        50.8985394,
        50.8988897,
        50.8992759,
        50.8992982,
        50.8988002,
        50.8987428,
        50.8981904,
        50.8980516,
        50.8975377,
        50.8971374,
        50.8964702,
        50.8957151,
        50.8950899,
        50.8950899,
        50.8922799,
        50.8899017,
        50.8902031,
        50.8869020,
        50.8866165,
        50.8829399,
        50.8860211,
        50.8856222,
        50.8790799,
        50.8623825,
        50.8612844,
        50.8618729,
        50.8630377,
        50.8641427,
        50.8649553,
        50.8638905,
        50.8640586,
        50.8680655,
        50.8678133,
        50.8693544,
        50.8681073,
        50.8693128,
        50.8699427,
        50.8723242,
        50.8728005,
        50.8717078,
        50.8717358,
        50.8735849,
        50.8748736,
        50.8773949,
        50.8819608,
        50.8839495,
        50.8849859,
        50.8819888,
        50.8806443,
        50.8788796,
        50.8758541,
        50.8745094,
        50.8735849,
        50.8743413,
        50.8773108,
        50.8766385,
        50.8801121,
        50.8801401,
        50.8790756,
        50.8769482,
        50.8776654,
        50.8799064,
        50.8814526,
        50.8821472,
        50.8823713,
        50.8812061,
        50.8812509,
        50.8804666,
        50.8794358,
        50.8801977,
        50.8779791,
        50.8775981,
        50.8780463,
        50.8804442,
        50.8835365,
        50.8848099,
        50.8855935,
        50.8884583,
        50.8886224,
        50.8914987,
        50.8945583,
        50.8959927,
        50.8972476,
        50.8988652,
        50.8992276,
        50.9012036,
        50.9047658,
        50.9049803,
        50.9101094,
        50.9134339,
        50.9145097,
        50.9168596,
        50.9177523,
        50.9197322,
        50.9261945,
        50.9470380,
        50.9551097,
        50.9561861,
        50.9555375,
        50.9546341,
        50.9544554,
        50.9540205,
        50.9537115,
        50.9525787
      ],