{
  "numberOfPolygons": 1,
  "box": {
    "min": {
      "x": 50.8496627,
      "y": 10.0587010
    },
    "max": {
      "x": 50.9029280,
      "y": 10.1577709
    },
    "center": {
      "x": 50.87629535,
      "y": 10.10823595
    }
  },
  "polygons": [
    {
      "numberOfPoints": 102,
      "box": {
        "min": {
          "x": 50.8496627,
          "y": 10.0587010
        },
        "max": {
          "x": 50.9029280,
          "y": 10.1577709
        },
        "center": {
          "x": 50.87629535,
          "y": 10.10823595
        }
      },
      "pointsx": [
        50.8538468,
        50.8521543,
        50.8496627,
        50.8496694,
        50.8535343,
        50.8535313,
        50.8548156,
        50.8562351,
        50.8565711,
        50.8560323,
        50.8565711,
        50.8582792,
        50.8586223,
        50.8591242,
        50.8581930,
        50.8588941,
        50.8564344,
        50.8566514,
        50.8578543,
        50.8575960,
        50.8588386,
        50.8584520,
        50.8577221,
        50.8580059,
        50.8579376,
        50.8600556,
        50.8622419,
        50.8598507,
        50.8592699,
        50.8590202,
        50.8585525,
        50.8560090,
        50.8593692,
        50.8621996,
        50.8622527,
        50.8638047,
        50.8661117,
        50.8663467,
        50.8652780,
        50.8648184,
        50.8645478,
        50.8660484,
        50.8668188,
        50.8679574,
        50.8687116,
        50.8671313,
        50.8674675,
        50.8687455,
        50.8688807,
        50.8697242,
        50.8691480,
        50.8697462,
        50.8726228,
        50.8746399,
        50.8769482,
        50.8776654,
        50.8799064,
        50.8814526,
        50.8821472,
        50.8823713,
        50.8812061,
        50.8812509,
        50.8804666,
        50.8794358,
        50.8801977,
        50.8779791,
        50.8775981,
        50.8780463,
        50.8804442,
        50.8835365,
        50.8848099,
        50.8843713,
        50.8889116,
        50.8934515,
        50.8970065,
        50.8994561,
        50.9020600,
        50.9029280,
        50.9029000,
        50.9008841,
        50.9004641,
        50.8989521,
        50.9002401,
        50.8954239,
        50.8923155,
        50.8897391,
        50.8881707,
        50.8869664,
        50.8862942,
        50.8830452,
        50.8829051,
        50.8783113,
        50.8756780,
        50.8772388,
        50.8765624,
        50.8759582,
        50.8718155,
        50.8709905,
        50.8708053,
        50.8702597,
        50.8653195,
        50.8603137
      ],
      "pointsy": [
        10.0783989,
        10.0805950,
        10.0846026,
        10.0909389,
        10.0911554,
        10.0946214,
        10.0950260,
        10.0976814,
        10.0972227,
        10.0942765,
        10.0934343,
        10.0905118,
        10.0931368,
        10.0939821,
        10.0986298,
        10.1002534,
        10.1025264,
        10.1047399,
        10.1068832,
        10.1096702,
        10.1140126,
        10.1158410,
        10.1174685,
        10.1186892,
        10.1195200,
        10.1244991,
        10.1343489,
        10.1379208,
        10.1385830,
        10.1388945,
        10.1392197,
        10.1429707,
        10.1469508,
        10.1520564,
        10.1559403,
        10.1577709,
        10.1542940,
        10.1516124,
        10.1484984,
        10.1485412,
        10.1472674,
        10.1459459,
        10.1459928,
        10.1456033,
        10.1480978,
        10.1503693,
        10.1528111,
        10.1526163,
        10.1514745,
        10.1502999,
        10.1521912,
        10.1535058,
        10.1501917,
        10.1501474,
        10.1487778,
        10.1470729,
        10.1509443,
        10.1509443,
        10.1495591,
        10.1460785,
        10.1442316,
        10.1411416,
        10.1394368,
        10.1331147,
        10.1311258,
        10.1299182,
        10.1253010,
        10.1207192,
        10.1183041,
        10.1164927,
        10.1138131,
        10.1067828,
        10.0989788,
        10.0961173,
        10.0965508,
        10.0936850,
        10.0856937,
        10.0808544,
        10.0788122,
        10.0801885,
        10.0819200,
        10.0820531,
        10.0782795,
        10.0798777,
        10.0748165,
        10.0750829,
        10.0800997,
        10.0808544,
        10.0743726,
        10.0754381,
        10.0740174,
        10.0741506,
        10.0674467,
        10.0616023,
        10.0616971,
        10.0613633,
        10.0587010,
        10.0593341,
        10.0661967,
        10.0689284,
        10.0654655,
        10.0645358
      ]
    }
  ]
}