{"id":2902834,"name":"Menteroda","polygon":{"numberOfPoints":163,"box":{"min":{"x":51.2841309,"y":10.4625218},"max":{"x":51.3279496,"y":10.6455405},"center":{"x":51.30604025,"y":10.55403115},"area":{"x":0.0438187,"y":0.1830187}},"pointsx":[51.2899022,51.2868906,51.2860333,51.2860538,51.2866778,51.2849735,51.2852288,51.2867991,51.2868820,51.2841309,51.2842394,51.2865757,51.2883310,51.2888607,51.2852735,51.2861033,51.2869906,51.2873799,51.2867735,51.2883310,51.2882097,51.2888097,51.2892820,51.2870927,51.2869586,51.2850948,51.2856054,51.2846862,51.2848139,51.2855607,51.2863650,51.2895339,51.2893951,51.2910559,51.2923873,51.2946527,51.2966022,51.2977393,51.2995849,51.3010197,51.3010841,51.3023598,51.2979063,51.2906513,51.2916923,51.2937727,51.3002739,51.3001060,51.3015632,51.3001670,51.3031121,51.3020439,51.3010037,51.2986372,51.3030369,51.3032188,51.3021469,51.3006428,51.3001355,51.3005714,51.3005943,51.3006476,51.3007545,51.2982482,51.2982940,51.3000907,51.3006476,51.3055116,51.3071215,51.3107188,51.3143018,51.3144695,51.3140983,51.3141616,51.3149209,51.3150212,51.3150681,51.3150747,51.3149577,51.3175659,51.3178635,51.3192378,51.3194183,51.3219260,51.3241760,51.3241894,51.3242730,51.3243934,51.3246642,51.3250486,51.3251790,51.3252559,51.3261318,51.3262589,51.3262756,51.3262254,51.3259413,51.3264561,51.3267302,51.3268773,51.3272624,51.3279496,51.3248136,51.3211713,51.3208928,51.3200665,51.3160714,51.3112272,51.3105387,51.3100930,51.3098590,51.3092024,51.3089569,51.3068580,51.3057272,51.3050029,51.3053799,51.3068580,51.3071389,51.3093486,51.3092155,51.3117281,51.3130140,51.3147209,51.3149795,51.3130731,51.3141747,51.3160244,51.3161707,51.3182815,51.3179157,51.3194100,51.3192428,51.3257126,51.3260820,51.3235776,51.3240726,51.3233559,51.3231565,51.3222625,51.3222404,51.3211100,51.3208588,51.3203711,51.3182284,51.3199869,51.3187530,51.3182580,51.3160044,51.3144674,51.3133442,51.3126718,51.3063902,51.3032564,51.3022660,51.3014160,51.3009134,51.2998933,51.2992428,51.2959238,51.2959460,51.2895808,51.2905641],"pointsy":[10.6412355,10.6435676,10.6455405,10.6312590,10.6208922,10.6208412,10.6189020,10.6191266,10.6180039,10.6176263,10.6103698,10.6026133,10.6034400,10.6003068,10.5986024,10.5960305,10.5962550,10.5937137,10.5932238,10.5915092,10.5884066,10.5873248,10.5834567,10.5827627,10.5856510,10.5855387,10.5810991,10.5810073,10.5790784,10.5743020,10.5741285,10.5724908,10.5675618,10.5664937,10.5669989,10.5672515,10.5674607,10.5683340,10.5681680,10.5634266,10.5631785,10.5582594,10.5536985,10.5513951,10.5502273,10.5495344,10.5484077,10.5458222,10.5415339,10.5323147,10.5176929,10.5153839,10.5143161,10.5118868,10.4959318,10.4952721,10.4915270,10.4895731,10.4883194,10.4872333,10.4861137,10.4838878,10.4794400,10.4762414,10.4656070,10.4656250,10.4636213,10.4625218,10.4654076,10.4660189,10.4629888,10.4642896,10.4644394,10.4647465,10.4684305,10.4690886,10.4696717,10.4705277,10.4739464,10.4775683,10.4796815,10.4797297,10.4797618,10.4806231,10.4812384,10.4818055,10.4825331,10.4830467,10.4838759,10.4850476,10.4855612,10.4860052,10.4911252,10.4919223,10.4924091,10.4930190,10.4945170,10.4945010,10.4973793,10.4987756,10.5017694,10.5067511,10.5063432,10.5016853,10.4989531,10.4988627,10.4984254,10.4956208,10.4982613,10.5002079,10.5013920,10.5049048,10.5087431,10.5184845,10.5210263,10.5251167,10.5281668,10.5295736,10.5307677,10.5325646,10.5335459,10.5357802,10.5433582,10.5433818,10.5455216,10.5461837,10.5523925,10.5529108,10.5539641,10.5544657,10.5580770,10.5584615,10.5594479,10.5614073,10.5680158,10.5695172,10.5729102,10.5747781,10.5764213,10.5789040,10.5821314,10.5866120,10.5881134,10.5874868,10.5940481,10.6037658,10.6048298,10.6097242,10.6137910,10.6133299,10.6126679,10.6145949,10.6242181,10.6226812,10.6256367,10.6252111,10.6288050,10.6289587,10.6313822,10.6317724,10.6326236,10.6341604,10.6405917]}}