{
  "id": 310393,
  "name": "Großbarkau",
  "polygon": {
    "numberOfPoints": 135,
    "box": {
      "min": {
        "x": 54.2108103,
        "y": 10.1506637
      },
      "max": {
        "x": 54.2331998,
        "y": 10.1869985
      },
      "center": {
        "x": 54.22200505,
        "y": 10.1688311
      },
      "area": {
        "x": 0.0223895,
        "y": 0.0363348
      }
    },
    "pointsx": [
      54.2178035,
      54.2178649,
      54.2177513,
      54.2173122,
      54.2170256,
      54.2164431,
      54.2158076,
      54.2123716,
      54.2116281,
      54.2111072,
      54.2111024,
      54.2108103,
      54.2108351,
      54.2131400,
      54.2130449,
      54.2158744,
      54.2152886,
      54.2159475,
      54.2161496,
      54.2170773,
      54.2179234,
      54.2184520,
      54.2186554,
      54.2217907,
      54.2213550,
      54.2208891,
      54.2207169,
      54.2204886,
      54.2202946,
      54.2192965,
      54.2210127,
      54.2214678,
      54.2220071,
      54.2222853,
      54.2231288,
      54.2231921,
      54.2233853,
      54.2236375,
      54.2233876,
      54.2238988,
      54.2257134,
      54.2277242,
      54.2290294,
      54.2296183,
      54.2298436,
      54.2299909,
      54.2303852,
      54.2306885,
      54.2308054,
      54.2309528,
      54.2312994,
      54.2314783,
      54.2315872,
      54.2316204,
      54.2316725,
      54.2320109,
      54.2328405,
      54.2331000,
      54.2331998,
      54.2331752,
      54.2329226,
      54.2324509,
      54.2323228,
      54.2321038,
      54.2320345,
      54.2321010,
      54.2323949,
      54.2324088,
      54.2322813,
      54.2318284,
      54.2317218,
      54.2304559,
      54.2303307,
      54.2301907,
      54.2299064,
      54.2297308,
      54.2294774,
      54.2293221,
      54.2291927,
      54.2289880,
      54.2288631,
      54.2286312,
      54.2283949,
      54.2288158,
      54.2283878,
      54.2296536,
      54.2302735,
      54.2309591,
      54.2312409,
      54.2311824,
      54.2321096,
      54.2317205,
      54.2316705,
      54.2312937,
      54.2308020,
      54.2304983,
      54.2301539,
      54.2300412,
      54.2298471,
      54.2294245,
      54.2289898,
      54.2287026,
      54.2285477,
      54.2281093,
      54.2273530,
      54.2269448,
      54.2266352,
      54.2260253,
      54.2254167,
      54.2252539,
      54.2252450,
      54.2243107,
      54.2239904,
      54.2234391,
      54.2232260,
      54.2231930,
      54.2230716,
      54.2226667,
      54.2222150,
      54.2220531,
      54.2219752,
      54.2218599,
      54.2214021,
      54.2216295,
      54.2215298,
      54.2210377,
      54.2205922,
      54.2198264,
      54.2195131,
      54.2188940,
      54.2187577,
      54.2186253,
      54.2186759,
      54.2183800,
      54.2181308
    ],
    "pointsy": [
      10.1572832,
      10.1578750,
      10.1582091,
      10.1588390,
      10.1588336,
      10.1584447,
      10.1583648,
      10.1610277,
      10.1619971,
      10.1623550,
      10.1629128,
      10.1634788,
      10.1646457,
      10.1657915,
      10.1667020,
      10.1681008,
      10.1723111,
      10.1737039,
      10.1754567,
      10.1751965,
      10.1757655,
      10.1770287,
      10.1784156,
      10.1792039,
      10.1808869,
      10.1809914,
      10.1813835,
      10.1812519,
      10.1814087,
      10.1830744,
      10.1847247,
      10.1858417,
      10.1858447,
      10.1863851,
      10.1869985,
      10.1869894,
      10.1868466,
      10.1865852,
      10.1851984,
      10.1841010,
      10.1828618,
      10.1801979,
      10.1806925,
      10.1807250,
      10.1804359,
      10.1798578,
      10.1792944,
      10.1795094,
      10.1794278,
      10.1791462,
      10.1789016,
      10.1783965,
      10.1781199,
      10.1775582,
      10.1773366,
      10.1771825,
      10.1764234,
      10.1759111,
      10.1755467,
      10.1751630,
      10.1748864,
      10.1741262,
      10.1736772,
      10.1734448,
      10.1732455,
      10.1728328,
      10.1725150,
      10.1721639,
      10.1717559,
      10.1712827,
      10.1713004,
      10.1726495,
      10.1724824,
      10.1721304,
      10.1719347,
      10.1719310,
      10.1718610,
      10.1713042,
      10.1709669,
      10.1708534,
      10.1708970,
      10.1709122,
      10.1707722,
      10.1633966,
      10.1620614,
      10.1582304,
      10.1573039,
      10.1573199,
      10.1564683,
      10.1553595,
      10.1549383,
      10.1545002,
      10.1538120,
      10.1530807,
      10.1530193,
      10.1528265,
      10.1522909,
      10.1515411,
      10.1512090,
      10.1512305,
      10.1506637,
      10.1508848,
      10.1511802,
      10.1511272,
      10.1513815,
      10.1517029,
      10.1523255,
      10.1527074,
      10.1542654,
      10.1548179,
      10.1559714,
      10.1567598,
      10.1562019,
      10.1567719,
      10.1579696,
      10.1580771,
      10.1581730,
      10.1579120,
      10.1580931,
      10.1579120,
      10.1576509,
      10.1576829,
      10.1585726,
      10.1590308,
      10.1592332,
      10.1597020,
      10.1593664,
      10.1597355,
      10.1587294,
      10.1586961,
      10.1585762,
      10.1582765,
      10.1578836,
      10.1574108,
      10.1574774
    ]
  }
}