{
  "id": 310415,
  "name": "Wankendorf",
  "polygon": {
    "numberOfPoints": 158,
    "box": {
      "min": {
        "x": 54.1046983,
        "y": 10.1511690
      },
      "max": {
        "x": 54.1578453,
        "y": 10.2253794
      },
      "center": {
        "x": 54.1312718,
        "y": 10.1882742
      },
      "area": {
        "x": 0.0531470,
        "y": 0.0742104
      }
    },
    "pointsx": [
      54.1577865,
      54.1577381,
      54.1575999,
      54.1572638,
      54.1570377,
      54.1568837,
      54.1567235,
      54.1564879,
      54.1564628,
      54.1564942,
      54.1565256,
      54.1565256,
      54.1564974,
      54.1564565,
      54.1564188,
      54.1564408,
      54.1565099,
      54.1566167,
      54.1566844,
      54.1567289,
      54.1566960,
      54.1562478,
      54.1565179,
      54.1566440,
      54.1578453,
      54.1576032,
      54.1569852,
      54.1571644,
      54.1541377,
      54.1531288,
      54.1517667,
      54.1496982,
      54.1488153,
      54.1506820,
      54.1520189,
      54.1532297,
      54.1538098,
      54.1505811,
      54.1494964,
      54.1494964,
      54.1480837,
      54.1388245,
      54.1370330,
      54.1328692,
      54.1323171,
      54.1316850,
      54.1310913,
      54.1293760,
      54.1301689,
      54.1240931,
      54.1220416,
      54.1205522,
      54.1204616,
      54.1186478,
      54.1173966,
      54.1166898,
      54.1162606,
      54.1158819,
      54.1157809,
      54.1130795,
      54.1122210,
      54.1119856,
      54.1107061,
      54.1103399,
      54.1099233,
      54.1074488,
      54.1046983,
      54.1049054,
      54.1060491,
      54.1073633,
      54.1078342,
      54.1074558,
      54.1076889,
      54.1078146,
      54.1079367,
      54.1080482,
      54.1081596,
      54.1054357,
      54.1077735,
      54.1078599,
      54.1135339,
      54.1150488,
      54.1156547,
      54.1170180,
      54.1180379,
      54.1181644,
      54.1183363,
      54.1191767,
      54.1194644,
      54.1198041,
      54.1199555,
      54.1201055,
      54.1204125,
      54.1208358,
      54.1213538,
      54.1229562,
      54.1244010,
      54.1251629,
      54.1260710,
      54.1265978,
      54.1268412,
      54.1271733,
      54.1272246,
      54.1277194,
      54.1282026,
      54.1283572,
      54.1286578,
      54.1288554,
      54.1293526,
      54.1299901,
      54.1304496,
      54.1312631,
      54.1315923,
      54.1316209,
      54.1315744,
      54.1315923,
      54.1316854,
      54.1322131,
      54.1335506,
      54.1328692,
      54.1350395,
      54.1354937,
      54.1370834,
      54.1381180,
      54.1406916,
      54.1409440,
      54.1429624,
      54.1462169,
      54.1485126,
      54.1500102,
      54.1502120,
      54.1516498,
      54.1523561,
      54.1529615,
      54.1534659,
      54.1541470,
      54.1546140,
      54.1551058,
      54.1555018,
      54.1557857,
      54.1559519,
      54.1562358,
      54.1565066,
      54.1565906,
      54.1566560,
      54.1570744,
      54.1573900,
      54.1570912,
      54.1570725,
      54.1569362,
      54.1569362,
      54.1569866,
      54.1575432,
      54.1574479,
      54.1574610,
      54.1575525,
      54.1575936,
      54.1576982
    ],
    "pointsy": [
      10.1642309,
      10.1644617,
      10.1645905,
      10.1647192,
      10.1648694,
      10.1649552,
      10.1649874,
      10.1651537,
      10.1654917,
      10.1658243,
      10.1663124,
      10.1666987,
      10.1669776,
      10.1672834,
      10.1675892,
      10.1678252,
      10.1681042,
      10.1685387,
      10.1687967,
      10.1689881,
      10.1691720,
      10.1705058,
      10.1710250,
      10.1736093,
      10.1773545,
      10.1784548,
      10.1786262,
      10.1810156,
      10.1795511,
      10.1786466,
      10.1788189,
      10.1778283,
      10.1809725,
      10.1819201,
      10.1858827,
      10.1867872,
      10.1883808,
      10.1915681,
      10.1887254,
      10.1867872,
      10.1832122,
      10.1901467,
      10.1856242,
      10.1833414,
      10.1826778,
      10.1821113,
      10.1828961,
      10.1842469,
      10.1882085,
      10.2056290,
      10.2115103,
      10.2104766,
      10.2108413,
      10.2181449,
      10.2231827,
      10.2233119,
      10.2237427,
      10.2249917,
      10.2253794,
      10.2234842,
      10.2216321,
      10.2213242,
      10.2196508,
      10.2172126,
      10.2144392,
      10.2137070,
      10.2183334,
      10.2017261,
      10.1982339,
      10.1972420,
      10.1955904,
      10.1930256,
      10.1921900,
      10.1918248,
      10.1917403,
      10.1915683,
      10.1914838,
      10.1679148,
      10.1672503,
      10.1672257,
      10.1672757,
      10.1670603,
      10.1663712,
      10.1666727,
      10.1649748,
      10.1645544,
      10.1639833,
      10.1631163,
      10.1630196,
      10.1626432,
      10.1624714,
      10.1623395,
      10.1621772,
      10.1617243,
      10.1605659,
      10.1603153,
      10.1594545,
      10.1598644,
      10.1603492,
      10.1609795,
      10.1611602,
      10.1609941,
      10.1608430,
      10.1594820,
      10.1596622,
      10.1599944,
      10.1601752,
      10.1610596,
      10.1612927,
      10.1618763,
      10.1647612,
      10.1647632,
      10.1648770,
      10.1655183,
      10.1660741,
      10.1666665,
      10.1668864,
      10.1665435,
      10.1679648,
      10.1700323,
      10.1711091,
      10.1697308,
      10.1694723,
      10.1670603,
      10.1665435,
      10.1605134,
      10.1599104,
      10.1577138,
      10.1529759,
      10.1540117,
      10.1564668,
      10.1545286,
      10.1521166,
      10.1515136,
      10.1511690,
      10.1513843,
      10.1540324,
      10.1543053,
      10.1542862,
      10.1545605,
      10.1548220,
      10.1558554,
      10.1561807,
      10.1563913,
      10.1568633,
      10.1577532,
      10.1587260,
      10.1597658,
      10.1602889,
      10.1609268,
      10.1610767,
      10.1612170,
      10.1622664,
      10.1628979,
      10.1631435,
      10.1635837,
      10.1639855,
      10.1641578
    ]
  }
}