{
  "id": 310409,
  "name": "Ruhwinkel",
  "polygon": {
    "numberOfPoints": 222,
    "box": {
      "min": {
        "x": 54.0717960,
        "y": 10.1679148
      },
      "max": {
        "x": 54.1081596,
        "y": 10.2488159
      },
      "center": {
        "x": 54.0899778,
        "y": 10.20836535
      },
      "area": {
        "x": 0.0363636,
        "y": 0.0809011
      }
    },
    "pointsx": [
      54.1054357,
      54.1081596,
      54.1080482,
      54.1079367,
      54.1078146,
      54.1076889,
      54.1074558,
      54.1078342,
      54.1073633,
      54.1060491,
      54.1049054,
      54.1046983,
      54.1024159,
      54.1022775,
      54.1024486,
      54.1029508,
      54.1030980,
      54.1032423,
      54.1023009,
      54.1009667,
      54.0993191,
      54.1001020,
      54.1001020,
      54.0987887,
      54.0955304,
      54.0940149,
      54.0913120,
      54.0897710,
      54.0891142,
      54.0874724,
      54.0876070,
      54.0866789,
      54.0856756,
      54.0855123,
      54.0852246,
      54.0850511,
      54.0848823,
      54.0846428,
      54.0844485,
      54.0844151,
      54.0844231,
      54.0844700,
      54.0845298,
      54.0847203,
      54.0849319,
      54.0851102,
      54.0852847,
      54.0853943,
      54.0854077,
      54.0853375,
      54.0852803,
      54.0852315,
      54.0851463,
      54.0849986,
      54.0847722,
      54.0845876,
      54.0842042,
      54.0839147,
      54.0834631,
      54.0834322,
      54.0835057,
      54.0834864,
      54.0830890,
      54.0831464,
      54.0832074,
      54.0832344,
      54.0832954,
      54.0833944,
      54.0834324,
      54.0832874,
      54.0831044,
      54.0829634,
      54.0829253,
      54.0828370,
      54.0827824,
      54.0827944,
      54.0827654,
      54.0827744,
      54.0826576,
      54.0824814,
      54.0822208,
      54.0819865,
      54.0817155,
      54.0815215,
      54.0810366,
      54.0806105,
      54.0803041,
      54.0801853,
      54.0800031,
      54.0798112,
      54.0796931,
      54.0792127,
      54.0790094,
      54.0788577,
      54.0787132,
      54.0784360,
      54.0782584,
      54.0781355,
      54.0780720,
      54.0780316,
      54.0779899,
      54.0779216,
      54.0778025,
      54.0776490,
      54.0775845,
      54.0772810,
      54.0770112,
      54.0768514,
      54.0768292,
      54.0768624,
      54.0769521,
      54.0770102,
      54.0770105,
      54.0770109,
      54.0770770,
      54.0773315,
      54.0773378,
      54.0774510,
      54.0779134,
      54.0782266,
      54.0785443,
      54.0785953,
      54.0786140,
      54.0786296,
      54.0788737,
      54.0789554,
      54.0786410,
      54.0783305,
      54.0780718,
      54.0780217,
      54.0779335,
      54.0780299,
      54.0776529,
      54.0773522,
      54.0771991,
      54.0767092,
      54.0761782,
      54.0758090,
      54.0753577,
      54.0748064,
      54.0745914,
      54.0744251,
      54.0742616,
      54.0741536,
      54.0740255,
      54.0734305,
      54.0729287,
      54.0725925,
      54.0726162,
      54.0726444,
      54.0726175,
      54.0725154,
      54.0720059,
      54.0717960,
      54.0721775,
      54.0723306,
      54.0728245,
      54.0730635,
      54.0732259,
      54.0739582,
      54.0751044,
      54.0761124,
      54.0768564,
      54.0782153,
      54.0785434,
      54.0787020,
      54.0788965,
      54.0791265,
      54.0793821,
      54.0797694,
      54.0799268,
      54.0801836,
      54.0802414,
      54.0803628,
      54.0812641,
      54.0816941,
      54.0819820,
      54.0820715,
      54.0821817,
      54.0823025,
      54.0829711,
      54.0832766,
      54.0837709,
      54.0846126,
      54.0846511,
      54.0860982,
      54.0873047,
      54.0894077,
      54.0897255,
      54.0923274,
      54.0945302,
      54.0945787,
      54.0946612,
      54.0948001,
      54.0948912,
      54.0949607,
      54.0950953,
      54.0950866,
      54.0953081,
      54.0966618,
      54.0969533,
      54.0970879,
      54.0974482,
      54.0976131,
      54.0977911,
      54.0981688,
      54.0982903,
      54.0982903,
      54.0983337,
      54.0985638,
      54.0987895,
      54.0990977,
      54.0996751,
      54.1001873,
      54.1005736,
      54.1007429,
      54.1010068,
      54.1013115,
      54.1015415,
      54.1020509,
      54.1022722,
      54.1023575
    ],