{
  "numberOfPolygons": 1,
  "box": {
    "min": {
      "x": 54.1029667,
      "y": 10.0190874
    },
    "max": {
      "x": 54.1340119,
      "y": 10.1159920
    },
    "center": {
      "x": 54.1184893,
      "y": 10.0675397
    }
  },
  "polygons": [
    {
      "numberOfPoints": 231,
      "box": {
        "min": {
          "x": 54.1029667,
          "y": 10.0190874
        },
        "max": {
          "x": 54.1340119,
          "y": 10.1159920
        },
        "center": {
          "x": 54.1184893,
          "y": 10.0675397
        }
      },
      "pointsx": [
        54.1295021,
        54.1292737,
        54.1291694,
        54.1288652,
        54.1283542,
        54.1280296,
        54.1271983,
        54.1267177,
        54.1263944,
        54.1259597,
        54.1258920,
        54.1253087,
        54.1251074,
        54.1241627,
        54.1235910,
        54.1232567,
        54.1228352,
        54.1223360,
        54.1224538,
        54.1227965,
        54.1215423,
        54.1200489,
        54.1200510,
        54.1201465,
        54.1194310,
        54.1160482,
        54.1140032,
        54.1141799,
        54.1135487,
        54.1123873,
        54.1108218,
        54.1066302,
        54.1058727,
        54.1077896,
        54.1089565,
        54.1097645,
        54.1093605,
        54.1084010,
        54.1086535,
        54.1076940,
        54.1076940,
        54.1058758,
        54.1035454,
        54.1029667,
        54.1032358,
        54.1035823,
        54.1039202,
        54.1041121,
        54.1044673,
        54.1049627,
        54.1048739,
        54.1046878,
        54.1043957,
        54.1042095,
        54.1034821,
        54.1036482,
        54.1036001,
        54.1042359,
        54.1046756,
        54.1056608,
        54.1067676,
        54.1071161,
        54.1081161,
        54.1098022,
        54.1101243,
        54.1108452,
        54.1109402,
        54.1113182,
        54.1114441,
        54.1122681,
        54.1128780,
        54.1130810,
        54.1137059,
        54.1148808,
        54.1153467,
        54.1156787,
        54.1164676,
        54.1167505,
        54.1171885,
        54.1178874,
        54.1184093,
        54.1187183,
        54.1196382,
        54.1201200,
        54.1202941,
        54.1214040,
        54.1218120,
        54.1220450,
        54.1221479,
        54.1220990,
        54.1224109,
        54.1257645,
        54.1258745,
        54.1259625,
        54.1259816,
        54.1260196,
        54.1274654,
        54.1278854,
        54.1288692,
        54.1321239,
        54.1322569,
        54.1296552,
        54.1295332,
        54.1295982,
        54.1296892,
        54.1298692,
        54.1312121,
        54.1312880,
        54.1314250,
        54.1315930,
        54.1315700,
        54.1316120,
        54.1320090,
        54.1320740,
        54.1320890,
        54.1320280,
        54.1318870,
        54.1316580,
        54.1314561,
        54.1313681,
        54.1311511,
        54.1308071,
        54.1303762,
        54.1290833,
        54.1290713,
        54.1275995,
        54.1278435,
        54.1269016,
        54.1269276,
        54.1259937,
        54.1257648,
        54.1254058,
        54.1270553,
        54.1264545,
        54.1265829,
        54.1270607,
        54.1277952,
        54.1300403,
        54.1305223,
        54.1304541,
        54.1304409,
        54.1304435,
        54.1304635,
        54.1306511,
        54.1313676,
        54.1314691,
        54.1318558,
        54.1316852,
        54.1318912,
        54.1321081,
        54.1322451,
        54.1323101,
        54.1323751,
        54.1326541,
        54.1327411,
        54.1329210,
        54.1330500,
        54.1331500,
        54.1333670,
        54.1334430,
        54.1335200,
        54.1336110,
        54.1337260,
        54.1337520,
        54.1339849,
        54.1340119,
        54.1337600,
        54.1337980,
        54.1336970,
        54.1336840,
        54.1335690,
        54.1333020,
        54.1330351,
        54.1330121,
        54.1330594,
        54.1330771,
        54.1330391,
        54.1329471,
        54.1326841,
        54.1324291,
        54.1321232,
        54.1319062,
        54.1317272,
        54.1310513,
        54.1311626,
        54.1311168,
        54.1310557,
        54.1308216,
        54.1304552,
        54.1304133,
        54.1304601,
        54.1304601,
        54.1303989,
        54.1303126,
        54.1303467,
        54.1302640,
        54.1305465,
        54.1305375,
        54.1304583,
        54.1302262,
        54.1300570,
        54.1298933,
        54.1298645,
        54.1298483,
        54.1296701,
        54.1295622,
        54.1293678,
        54.1293084,
        54.1293408,
        54.1294560,
        54.1294416,
        54.1293642,
        54.1291519,
        54.1291162,
        54.1292407,
        54.1293958,
        54.1300117,
        54.1300052,
        54.1298588,
        54.1295006,
        54.1298981,
        54.1299178,
        54.1297758,
        54.1296445,
        54.1297412,
        54.1295885,
        54.1295905,
        54.1295149,
        54.1295203,
        54.1294699,
        54.1294555
      ],