{
  "id": 331249,
  "name": "Brunstorf",
  "polygon": {
    "numberOfPoints": 111,
    "box": {
      "min": {
        "x": 53.4633393,
        "y": 10.3898460
      },
      "max": {
        "x": 53.5227141,
        "y": 10.4573034
      },
      "center": {
        "x": 53.4930267,
        "y": 10.4235747
      },
      "area": {
        "x": 0.0593748,
        "y": 0.0674574
      }
    },
    "pointsx": [
      53.4829199,
      53.4834417,
      53.4837992,
      53.4843355,
      53.4850760,
      53.4887020,
      53.4912042,
      53.4974592,
      53.4979187,
      53.4991696,
      53.5007267,
      53.5017733,
      53.5022327,
      53.5029730,
      53.5035297,
      53.5042472,
      53.5035938,
      53.5030909,
      53.5029301,
      53.5021333,
      53.5034686,
      53.5041355,
      53.5050609,
      53.5070262,
      53.5076771,
      53.5092722,
      53.5113649,
      53.5130332,
      53.5160732,
      53.5169151,
      53.5181698,
      53.5197775,
      53.5205000,
      53.5214857,
      53.5225227,
      53.5227141,
      53.5226274,
      53.5216878,
      53.5199643,
      53.5174433,
      53.5173362,
      53.5174697,
      53.5119215,
      53.5070775,
      53.5066515,
      53.5062861,
      53.5074751,
      53.5070238,
      53.5067602,
      53.5047542,
      53.5034175,
      53.5032290,
      53.5027405,
      53.4968697,
      53.4975351,
      53.4956300,
      53.4952890,
      53.4942874,
      53.4949103,
      53.4929811,
      53.4906241,
      53.4892835,
      53.4865953,
      53.4860690,
      53.4823639,
      53.4813281,
      53.4806745,
      53.4794453,
      53.4788813,
      53.4784924,
      53.4779233,
      53.4762125,
      53.4739274,
      53.4730434,
      53.4712526,
      53.4699206,
      53.4683620,
      53.4644635,
      53.4633393,
      53.4658430,
      53.4649233,
      53.4665073,
      53.4674525,
      53.4680912,
      53.4696764,
      53.4691284,
      53.4696721,
      53.4709712,
      53.4710317,
      53.4746305,
      53.4738554,
      53.4753217,
      53.4764386,
      53.4759928,
      53.4761119,
      53.4793300,
      53.4831352,
      53.4851016,
      53.4851526,
      53.4852292,
      53.4848207,
      53.4842844,
      53.4840035,
      53.4842078,
      53.4840546,
      53.4839269,
      53.4797131,
      53.4798153,
      53.4795088,
      53.4795929,
      53.4814502
    ],
    "pointsy": [
      10.3898460,
      10.3912545,
      10.3912115,
      10.3950739,
      10.3951168,
      10.3953743,
      10.3958464,
      10.3988076,
      10.3990221,
      10.3995800,
      10.3996659,
      10.4000092,
      10.3997517,
      10.3990221,
      10.3988561,
      10.4026146,
      10.4032497,
      10.4061213,
      10.4114552,
      10.4146432,
      10.4145722,
      10.4162623,
      10.4153452,
      10.4126416,
      10.4118047,
      10.4087792,
      10.4140363,
      10.4134806,
      10.4128796,
      10.4126999,
      10.4127721,
      10.4133302,
      10.4127456,
      10.4105874,
      10.4104786,
      10.4152180,
      10.4171074,
      10.4167083,
      10.4198728,
      10.4248029,
      10.4248081,
      10.4267602,
      10.4340955,
      10.4406935,
      10.4419825,
      10.4434119,
      10.4436374,
      10.4464801,
      10.4476380,
      10.4478987,
      10.4481346,
      10.4497667,
      10.4484087,
      10.4489828,
      10.4536721,
      10.4537898,
      10.4502380,
      10.4508975,
      10.4564749,
      10.4535612,
      10.4554945,
      10.4573034,
      10.4567882,
      10.4560886,
      10.4504584,
      10.4488710,
      10.4479193,
      10.4490965,
      10.4495591,
      10.4500340,
      10.4482036,
      10.4463625,
      10.4454486,
      10.4446231,
      10.4424074,
      10.4428547,
      10.4456335,
      10.4401350,
      10.4382039,
      10.4322386,
      10.4308224,
      10.4274321,
      10.4275108,
      10.4319382,
      10.4339424,
      10.4354758,
      10.4362284,
      10.4354580,
      10.4366264,
      10.4351139,
      10.4309154,
      10.4307750,
      10.4289319,
      10.4281237,
      10.4276896,
      10.4147292,
      10.4159308,
      10.4133130,
      10.4125405,
      10.4065323,
      10.4061032,
      10.4052020,
      10.4043436,
      10.3991080,
      10.3985930,
      10.3976489,
      10.3944302,
      10.3937006,
      10.3934431,
      10.3927757,
      10.3912806
    ]
  }
}