{
  "numberOfPolygons": 1,
  "box": {
    "min": {
      "x": 50.2003246,
      "y": 8.4960683
    },
    "max": {
      "x": 50.2743799,
      "y": 8.7124249
    },
    "center": {
      "x": 50.23735225,
      "y": 8.6042466
    }
  },
  "polygons": [
    {
      "numberOfPoints": 327,
      "box": {
        "min": {
          "x": 50.2003246,
          "y": 8.4960683
        },
        "max": {
          "x": 50.2743799,
          "y": 8.7124249
        },
        "center": {
          "x": 50.23735225,
          "y": 8.6042466
        }
      },
      "pointsx": [
        50.2647246,
        50.2651021,
        50.2652999,
        50.2653346,
        50.2666441,
        50.2672683,
        50.2682568,
        50.2691988,
        50.2706274,
        50.2706891,
        50.2743116,
        50.2743799,
        50.2743181,
        50.2742036,
        50.2710110,
        50.2705374,
        50.2693600,
        50.2692413,
        50.2683223,
        50.2653765,
        50.2631611,
        50.2607807,
        50.2587226,
        50.2569422,
        50.2569152,
        50.2546523,
        50.2523028,
        50.2512342,
        50.2487117,
        50.2467549,
        50.2456409,
        50.2455017,
        50.2452253,
        50.2365689,
        50.2268052,
        50.2266637,
        50.2305788,
        50.2327249,
        50.2315929,
        50.2356963,
        50.2344701,
        50.2337862,
        50.2335032,
        50.2316363,
        50.2324870,
        50.2323098,
        50.2322844,
        50.2311277,
        50.2322642,
        50.2322769,
        50.2322949,
        50.2324122,
        50.2323781,
        50.2319634,
        50.2317034,
        50.2313629,
        50.2309172,
        50.2304064,
        50.2302517,
        50.2300443,
        50.2300908,
        50.2300319,
        50.2298400,
        50.2298710,
        50.2277600,
        50.2255622,
        50.2247573,
        50.2235531,
        50.2228101,
        50.2223674,
        50.2219928,
        50.2216647,
        50.2215254,
        50.2215068,
        50.2216151,
        50.2215130,
        50.2213087,
        50.2209464,
        50.2207947,
        50.2208164,
        50.2206864,
        50.2203458,
        50.2201972,
        50.2197236,
        50.2196616,
        50.2194790,
        50.2193923,
        50.2192251,
        50.2192251,
        50.2191663,
        50.2190084,
        50.2185502,
        50.2183861,
        50.2181105,
        50.2178505,
        50.2169371,
        50.2161125,
        50.2160191,
        50.2159085,
        50.2155910,
        50.2154398,
        50.2149761,
        50.2144587,
        50.2142091,
        50.2138084,
        50.2135293,
        50.2122252,
        50.2121913,
        50.2110785,
        50.2106940,
        50.2105415,
        50.2097152,
        50.2089461,
        50.2088946,
        50.2088744,
        50.2088669,
        50.2088986,
        50.2089679,
        50.2087975,
        50.2084626,
        50.2081039,
        50.2078818,
        50.2076262,
        50.2074102,
        50.2073795,
        50.2069088,
        50.2064410,
        50.2059852,
        50.2057691,
        50.2051151,
        50.2048693,
        50.2046473,
        50.2046116,
        50.2045839,
        50.2044194,
        50.2036821,
        50.2035354,
        50.2033174,
        50.2031826,
        50.2022867,
        50.2018229,
        50.2016830,
        50.2013668,
        50.2003246,
        50.2011188,
        50.2019166,
        50.2023429,
        50.2031697,
        50.2068972,
        50.2068812,
        50.2065913,
        50.2065043,
        50.2065153,
        50.2069583,
        50.2073122,
        50.2086481,
        50.2095020,
        50.2095590,
        50.2094750,
        50.2093310,
        50.2092310,
        50.2083811,
        50.2083041,
        50.2087701,
        50.2093990,
        50.2094720,
        50.2095440,
        50.2101539,
        50.2102349,
        50.2107878,
        50.2116807,
        50.2117377,
        50.2117067,
        50.2116473,
        50.2121837,
        50.2127216,
        50.2134696,
        50.2138494,
        50.2142435,
        50.2154493,
        50.2168832,
        50.2160983,
        50.2170512,
        50.2164942,
        50.2148924,
        50.2134546,
        50.2133206,
        50.2124346,
        50.2151324,
        50.2138626,
        50.2146365,
        50.2147585,
        50.2149385,
        50.2155634,
        50.2156554,
        50.2156244,
        50.2155524,
        50.2164103,
        50.2156324,
        50.2158304,
        50.2161513,
        50.2165743,
        50.2160783,
        50.2161013,
        50.2166353,
        50.2168153,
        50.2170053,
        50.2168913,
        50.2168913,
        50.2170093,
        50.2171542,
        50.2172152,
        50.2174902,
        50.2175322,
        50.2175822,
        50.2178072,
        50.2175742,
        50.2172882,
        50.2171732,
        50.2170823,
        50.2170443,
        50.2174822,
        50.2176122,
        50.2178292,
        50.2181541,
        50.2184861,
        50.2185281,
        50.2190200,
        50.2191080,
        50.2192370,
        50.2196530,
        50.2203629,
        50.2205229,
        50.2208318,
        50.2213738,
        50.2213968,
        50.2214688,
        50.2221978,
        50.2228134,
        50.2229623,
        50.2271408,
        50.2271218,
        50.2272821,
        50.2287970,
        50.2292889,
        50.2293079,
        50.2292889,
        50.2293269,
        50.2293079,
        50.2293199,
        50.2293349,
        50.2294489,
        50.2297888,
        50.2306587,
        50.2314366,
        50.2324435,
        50.2336344,
        50.2342487,
        50.2357051,
        50.2363678,
        50.2366510,
        50.2380655,
        50.2381284,
        50.2392145,
        50.2388553,
        50.2388531,
        50.2397559,
        50.2407741,
        50.2410600,
        50.2415854,
        50.2409518,
        50.2399474,
        50.2378071,
        50.2374825,
        50.2371503,
        50.2355773,
        50.2351279,
        50.2348966,
        50.2349356,
        50.2346345,
        50.2346447,
        50.2339229,
        50.2332633,
        50.2320300,
        50.2312927,
        50.2324940,
        50.2319362,
        50.2322787,
        50.2325195,
        50.2321803,
        50.2326586,
        50.2326985,
        50.2332761,
        50.2337751,
        50.2356545,
        50.2360808,
        50.2362366,
        50.2383561,
        50.2429060,
        50.2444548,
        50.2471305,
        50.2485870,
        50.2488280,
        50.2490842,
        50.2490970,
        50.2493077,
        50.2499069,
        50.2503905,
        50.2509260,
        50.2518840,
        50.2525619,
        50.2528979,
        50.2545748,
        50.2556348,
        50.2558122,
        50.2562765,
        50.2565062,
        50.2572389,
        50.2576186,
        50.2583368,
        50.2602756,
        50.2614378,
        50.2621558,
        50.2633222,
        50.2641109,
        50.2643389,
        50.2647277
      ],