{
  "numberOfPolygons": 1,
  "box": {
    "min": {
      "x": 54.2852660,
      "y": 12.5852770
    },
    "max": {
      "x": 54.3296620,
      "y": 12.6536690
    },
    "center": {
      "x": 54.3074640,
      "y": 12.6194730
    }
  },
  "polygons": [
    {
      "numberOfPoints": 173,
      "box": {
        "min": {
          "x": 54.2852660,
          "y": 12.5852770
        },
        "max": {
          "x": 54.3296620,
          "y": 12.6536690
        },
        "center": {
          "x": 54.3074640,
          "y": 12.6194730
        }
      },
      "pointsx": [
        54.2875910,
        54.2878630,
        54.2885730,
        54.2889200,
        54.2894530,
        54.2898570,
        54.2902230,
        54.2904890,
        54.2905940,
        54.2930150,
        54.2944340,
        54.2951600,
        54.2955150,
        54.2970620,
        54.2983140,
        54.2989320,
        54.2993290,
        54.2998650,
        54.3000800,
        54.3014070,
        54.3026900,
        54.3033230,
        54.3035980,
        54.3055000,
        54.3065330,
        54.3096830,
        54.3096730,
        54.3111740,
        54.3125910,
        54.3131610,
        54.3140570,
        54.3139713,
        54.3134970,
        54.3132660,
        54.3128900,
        54.3129870,
        54.3115690,
        54.3231160,
        54.3236120,
        54.3235600,
        54.3235750,
        54.3235020,
        54.3235480,
        54.3245190,
        54.3249424,
        54.3253630,
        54.3254910,
        54.3255180,
        54.3261890,
        54.3262820,
        54.3263400,
        54.3265410,
        54.3273700,
        54.3278660,
        54.3280700,
        54.3282680,
        54.3284330,
        54.3284390,
        54.3294910,
        54.3295370,
        54.3295940,
        54.3296620,
        54.3296510,
        54.3288830,
        54.3287440,
        54.3287050,
        54.3282080,
        54.3280687,
        54.3280090,
        54.3263080,
        54.3259770,
        54.3258440,
        54.3256175,
        54.3252870,
        54.3250020,
        54.3248820,
        54.3247410,
        54.3246390,
        54.3246240,
        54.3246130,
        54.3246190,
        54.3246002,
        54.3243530,
        54.3242284,
        54.3239460,
        54.3237840,
        54.3237190,
        54.3234910,
        54.3234730,
        54.3234780,
        54.3235230,
        54.3234830,
        54.3233980,
        54.3233260,
        54.3233050,
        54.3233040,
        54.3230450,
        54.3227400,
        54.3222820,
        54.3220750,
        54.3217590,
        54.3213900,
        54.3210190,
        54.3204970,
        54.3196640,
        54.3189440,
        54.3186210,
        54.3185340,
        54.3184900,
        54.3178790,
        54.3175520,
        54.3174232,
        54.3163620,
        54.3124900,
        54.3123920,
        54.3120120,
        54.3096000,
        54.3091290,
        54.3085010,
        54.3077524,
        54.3068330,
        54.3061320,
        54.3058550,
        54.3052410,
        54.3042340,
        54.3034360,
        54.3030090,
        54.3021150,
        54.3009480,
        54.2996990,
        54.2992800,
        54.2967540,
        54.2958110,
        54.2955470,
        54.2952110,
        54.2948780,
        54.2944300,
        54.2933200,
        54.2924970,
        54.2923770,
        54.2917698,
        54.2894470,
        54.2889520,
        54.2879260,
        54.2881920,
        54.2882460,
        54.2882320,
        54.2880950,
        54.2885100,
        54.2887400,
        54.2887350,
        54.2887840,
        54.2886020,
        54.2881310,
        54.2880530,
        54.2884180,
        54.2898170,
        54.2889810,
        54.2879450,
        54.2871402,
        54.2860520,
        54.2852660,
        54.2853570,
        54.2857690,
        54.2858540,
        54.2859810,
        54.2860650,
        54.2861470,
        54.2862850,
        54.2863700,
        54.2864590,
        54.2869510,
        54.2871930
      ],
      "pointsy": [
        12.6077170,
        12.6073130,
        12.6068840,
        12.6065840,
        12.6055910,
        12.6052430,
        12.6050640,
        12.6048420,
        12.6046120,
        12.6034170,
        12.6029170,
        12.6027400,
        12.6018460,
        12.6024340,
        12.6032500,
        12.6035790,
        12.6039190,
        12.6020190,
        12.6009850,
        12.5966230,
        12.5907910,
        12.5908830,
        12.5907780,
        12.5898040,
        12.5890950,
        12.5858880,
        12.5855830,
        12.5855660,
        12.5852770,
        12.5853020,
        12.5853580,
        12.5858330,
        12.5884630,
        12.5894050,
        12.5914440,
        12.5914850,
        12.5991540,
        12.6001560,
        12.6002780,
        12.6005690,
        12.6009230,
        12.6011360,
        12.6013250,
        12.6021320,
        12.6022704,
        12.6023470,
        12.6023700,
        12.6023750,
        12.6024720,
        12.6024670,
        12.6024820,
        12.6024720,
        12.6022060,
        12.6020560,
        12.6019890,
        12.6019250,
        12.6018710,
        12.6018690,
        12.6015600,
        12.6015640,
        12.6016290,
        12.6019380,
        12.6019430,
        12.6024080,
        12.6035210,
        12.6038350,
        12.6079180,
        12.6130250,
        12.6149460,
        12.6152880,
        12.6168510,
        12.6173480,
        12.6184938,
        12.6202360,
        12.6213640,
        12.6219440,
        12.6225100,
        12.6231910,
        12.6234090,
        12.6236350,
        12.6237780,
        12.6238351,
        12.6247610,
        12.6254209,
        12.6269220,
        12.6283390,
        12.6287310,
        12.6304200,
        12.6343150,
        12.6349820,
        12.6370720,
        12.6387280,
        12.6396650,
        12.6403970,
        12.6406080,
        12.6406190,
        12.6406590,
        12.6407890,
        12.6410090,
        12.6411140,
        12.6412830,
        12.6414800,
        12.6416590,
        12.6419110,
        12.6422210,
        12.6425470,
        12.6426940,
        12.6427330,
        12.6427530,
        12.6430300,
        12.6431790,
        12.6432374,
        12.6437180,
        12.6459020,
        12.6459570,
        12.6461750,
        12.6475600,
        12.6479270,
        12.6488410,
        12.6497234,
        12.6504980,
        12.6511770,
        12.6513870,
        12.6517740,
        12.6518850,
        12.6522640,
        12.6523600,
        12.6524690,
        12.6528390,
        12.6533150,
        12.6536230,
        12.6536690,
        12.6533660,
        12.6530390,
        12.6527980,
        12.6526140,
        12.6524310,
        12.6516320,
        12.6515130,
        12.6515390,
        12.6514452,
        12.6508930,
        12.6507970,
        12.6510250,
        12.6503300,
        12.6501120,
        12.6499240,
        12.6491720,
        12.6467450,
        12.6465060,
        12.6460670,
        12.6457790,
        12.6444810,
        12.6428750,
        12.6427820,
        12.6402690,
        12.6408470,
        12.6355090,
        12.6366890,
        12.6285765,
        12.6176080,
        12.6094680,
        12.6093750,
        12.6093750,
        12.6094600,
        12.6094250,
        12.6091350,
        12.6091060,
        12.6092160,
        12.6091720,
        12.6089560,
        12.6084870,
        12.6080920
      ]
    }
  ]
}