{
  "numberOfPolygons": 1,
  "box": {
    "min": {
      "x": 54.3489880,
      "y": 10.9226460
    },
    "max": {
      "x": 54.3847846,
      "y": 11.0233832
    },
    "center": {
      "x": 54.3668863,
      "y": 10.9730146
    }
  },
  "polygons": [
    {
      "numberOfPoints": 148,
      "box": {
        "min": {
          "x": 54.3489880,
          "y": 10.9226460
        },
        "max": {
          "x": 54.3847846,
          "y": 11.0233832
        },
        "center": {
          "x": 54.3668863,
          "y": 10.9730146
        }
      },
      "pointsx": [
        54.3507825,
        54.3504349,
        54.3501795,
        54.3501517,
        54.3498877,
        54.3509258,
        54.3510879,
        54.3508893,
        54.3509101,
        54.3511741,
        54.3515145,
        54.3518516,
        54.3516771,
        54.3520258,
        54.3519777,
        54.3528944,
        54.3524447,
        54.3524447,
        54.3524434,
        54.3522273,
        54.3523372,
        54.3520173,
        54.3519362,
        54.3519604,
        54.3512729,
        54.3511131,
        54.3514118,
        54.3510436,
        54.3508630,
        54.3511339,
        54.3512659,
        54.3512520,
        54.3510714,
        54.3509325,
        54.3513234,
        54.3515665,
        54.3515040,
        54.3493493,
        54.3494976,
        54.3495323,
        54.3495393,
        54.3498032,
        54.3498449,
        54.3499839,
        54.3496700,
        54.3494338,
        54.3494269,
        54.3489880,
        54.3496214,
        54.3500104,
        54.3502889,
        54.3510062,
        54.3524182,
        54.3532865,
        54.3541201,
        54.3562151,
        54.3565630,
        54.3573448,
        54.3590021,
        54.3602248,
        54.3605173,
        54.3618985,
        54.3632166,
        54.3640926,
        54.3668550,
        54.3669630,
        54.3674734,
        54.3677234,
        54.3682303,
        54.3685428,
        54.3695079,
        54.3702889,
        54.3707510,
        54.3713303,
        54.3721060,
        54.3720864,
        54.3744347,
        54.3752331,
        54.3755459,
        54.3772485,
        54.3775298,
        54.3776756,
        54.3777625,
        54.3778046,
        54.3782104,
        54.3789427,
        54.3802218,
        54.3809518,
        54.3817709,
        54.3819405,
        54.3822655,
        54.3823695,
        54.3832788,
        54.3847846,
        54.3846063,
        54.3845499,
        54.3837450,
        54.3835741,
        54.3835740,
        54.3832010,
        54.3827395,
        54.3823598,
        54.3814274,
        54.3813713,
        54.3818737,
        54.3818269,
        54.3814001,
        54.3809399,
        54.3807681,
        54.3800502,
        54.3801562,
        54.3807384,
        54.3807723,
        54.3808100,
        54.3806238,
        54.3798869,
        54.3767667,
        54.3767075,
        54.3767746,
        54.3764191,
        54.3677876,
        54.3676833,
        54.3674237,
        54.3666241,
        54.3645176,
        54.3635003,
        54.3630207,
        54.3586187,
        54.3587513,
        54.3587406,
        54.3585753,
        54.3587489,
        54.3585301,
        54.3586135,
        54.3589399,
        54.3592011,
        54.3593163,
        54.3590511,
        54.3590260,
        54.3581712,
        54.3570407,
        54.3566800,
        54.3552500,
        54.3539387,
        54.3533117,
        54.3530612,
        54.3528945,
        54.3525999
      ],
      "pointsy": [
        10.9987771,
        10.9954539,
        10.9937104,
        10.9923397,
        10.9884898,
        10.9879053,
        10.9860278,
        10.9837560,
        10.9823615,
        10.9811100,
        10.9802280,
        10.9798829,
        10.9784946,
        10.9783513,
        10.9770627,
        10.9717562,
        10.9716248,
        10.9715863,
        10.9701856,
        10.9682808,
        10.9644102,
        10.9643687,
        10.9633574,
        10.9620637,
        10.9624848,
        10.9615194,
        10.9612333,
        10.9604705,
        10.9593978,
        10.9585992,
        10.9583370,
        10.9578721,
        10.9573596,
        10.9564418,
        10.9547623,
        10.9534392,
        10.9527003,
        10.9505803,
        10.9501972,
        10.9493987,
        10.9484809,
        10.9466334,
        10.9432841,
        10.9405427,
        10.9399062,
        10.9391076,
        10.9383210,
        10.9343086,
        10.9340539,
        10.9336129,
        10.9331348,
        10.9323869,
        10.9342644,
        10.9342644,
        10.9348842,
        10.9345957,
        10.9379168,
        10.9383041,
        10.9382213,
        10.9379402,
        10.9378194,
        10.9372489,
        10.9363300,
        10.9354622,
        10.9349063,
        10.9344344,
        10.9343850,
        10.9328951,
        10.9328712,
        10.9332884,
        10.9332646,
        10.9330221,
        10.9315763,
        10.9313234,
        10.9311717,
        10.9304637,
        10.9293830,
        10.9280123,
        10.9281823,
        10.9245737,
        10.9238792,
        10.9237958,
        10.9229073,
        10.9226460,
        10.9231671,
        10.9241921,
        10.9266087,
        10.9282123,
        10.9304688,
        10.9312013,
        10.9358989,
        10.9390231,
        10.9429505,
        10.9494515,
        10.9512098,
        10.9517923,
        10.9528551,
        10.9533940,
        10.9536272,
        10.9537801,
        10.9549974,
        10.9715752,
        10.9743945,
        10.9755209,
        10.9799904,
        10.9804804,
        10.9826850,
        10.9893397,
        10.9906913,
        10.9948755,
        11.0033293,
        11.0145698,
        11.0171332,
        11.0201060,
        11.0212708,
        11.0227966,
        11.0233832,
        11.0227525,
        11.0209611,
        11.0188174,
        11.0221562,
        11.0222333,
        11.0225911,
        11.0226512,
        11.0222994,
        11.0224833,
        11.0145361,
        11.0134502,
        11.0108694,
        11.0108635,
        11.0098409,
        11.0094893,
        11.0088933,
        11.0082378,
        11.0076776,
        11.0075551,
        11.0071736,
        11.0066595,
        11.0057600,
        11.0018469,
        11.0022663,
        11.0013250,
        11.0018927,
        11.0020346,
        10.9987858,
        10.9986501,
        10.9981852,
        10.9979676
      ]
    }
  ]
}