{"id":387432,"name":"Rödelmaier","polygon":{"numberOfPoints":374,"box":{"min":{"x":50.3001533,"y":10.2594869},"max":{"x":50.3360617,"y":10.2951133},"center":{"x":50.3181075,"y":10.2773001},"area":{"x":0.0359084,"y":0.0356264}},"pointsx":[50.3346132,50.3346758,50.3347395,50.3351435,50.3352037,50.3352014,50.3351864,50.3351590,50.3351523,50.3351492,50.3349757,50.3349834,50.3350074,50.3350804,50.3349805,50.3349345,50.3348385,50.3346991,50.3346689,50.3345601,50.3344385,50.3345575,50.3346397,50.3346493,50.3346204,50.3348942,50.3349332,50.3351941,50.3354154,50.3356857,50.3360617,50.3359119,50.3357308,50.3354475,50.3351492,50.3350241,50.3344949,50.3337467,50.3336684,50.3335912,50.3330456,50.3328950,50.3327013,50.3324648,50.3323063,50.3321989,50.3321253,50.3320281,50.3319355,50.3317092,50.3314994,50.3313891,50.3313243,50.3310416,50.3310229,50.3310119,50.3309974,50.3308828,50.3308162,50.3307965,50.3306927,50.3305057,50.3304314,50.3301882,50.3301411,50.3297215,50.3294220,50.3288370,50.3287544,50.3286135,50.3281037,50.3276053,50.3272916,50.3270755,50.3267638,50.3264318,50.3263687,50.3262500,50.3252009,50.3250959,50.3245653,50.3244788,50.3243611,50.3240197,50.3238346,50.3237925,50.3236719,50.3234578,50.3233468,50.3231931,50.3229854,50.3227769,50.3227408,50.3225376,50.3217447,50.3216112,50.3214509,50.3214684,50.3215088,50.3215666,50.3215754,50.3215809,50.3215875,50.3216392,50.3206845,50.3205698,50.3205354,50.3205119,50.3204366,50.3203099,50.3200661,50.3199808,50.3196441,50.3193328,50.3190883,50.3190300,50.3188959,50.3185530,50.3185018,50.3184865,50.3184742,50.3184706,50.3184620,50.3184681,50.3184853,50.3185222,50.3186399,50.3188105,50.3188747,50.3188322,50.3187507,50.3187018,50.3188378,50.3189752,50.3185587,50.3184551,50.3183697,50.3183464,50.3181090,50.3174749,50.3172827,50.3164955,50.3161078,50.3159815,50.3163474,50.3161560,50.3161088,50.3156835,50.3154750,50.3151683,50.3150525,50.3149743,50.3149210,50.3146670,50.3144532,50.3143596,50.3139434,50.3138127,50.3136243,50.3135253,50.3134611,50.3132254,50.3122657,50.3120099,50.3114814,50.3113926,50.3108147,50.3102513,50.3095575,50.3090986,50.3084659,50.3081303,50.3079265,50.3078314,50.3077800,50.3076170,50.3074264,50.3072368,50.3070661,50.3067895,50.3067678,50.3067496,50.3064025,50.3063136,50.3058861,50.3051174,50.3049527,50.3046812,50.3045772,50.3038656,50.3031255,50.3029950,50.3028934,50.3028867,50.3028524,50.3027741,50.3026396,50.3022151,50.3018638,50.3017132,50.3016536,50.3015905,50.3013758,50.3011725,50.3009606,50.3006980,50.3004801,50.3004721,50.3003130,50.3002040,50.3001533,50.3003084,50.3014790,50.3014552,50.3011652,50.3011395,50.3011245,50.3010761,50.3010647,50.3018978,50.3023179,50.3022149,50.3020689,50.3020690,50.3020690,50.3020689,50.3020691,50.3020856,50.3021237,50.3023014,50.3023716,50.3024806,50.3025652,50.3029260,50.3031630,50.3033590,50.3034231,50.3034819,50.3035015,50.3035408,50.3036121,50.3044516,50.3045959,50.3050366,50.3055255,50.3050522,50.3050082,50.3046903,50.3044128,50.3044020,50.3042905,50.3041955,50.3041640,50.3046577,50.3047601,50.3052806,50.3065996,50.3066948,50.3066381,50.3066005,50.3065806,50.3065853,50.3066112,50.3067708,50.3068675,50.3068914,50.3073512,50.3079670,50.3080045,50.3080260,50.3080491,50.3082628,50.3082983,50.3083633,50.3085655,50.3085903,50.3087636,50.3096381,50.3104950,50.3105686,50.3108624,50.3110821,50.3113114,50.3117792,50.3139201,50.3140262,50.3140453,50.3141418,50.3150496,50.3152454,50.3153077,50.3155698,50.3158023,50.3168622,50.3171577,50.3174086,50.3174932,50.3175371,50.3175980,50.3176430,50.3176821,50.3177011,50.3177837,50.3178777,50.3180382,50.3181677,50.3183315,50.3186592,50.3188870,50.3191330,50.3193602,50.3195731,50.3196201,50.3197358,50.3199355,50.3201692,50.3203465,50.3204117,50.3207333,50.3209408,50.3210376,50.3210785,50.3211612,50.3211833,50.3213882,50.3216622,50.3218896,50.3219051,50.3221363,50.3224170,50.3224947,50.3225665,50.3227146,50.3227563,50.3228267,50.3228502,50.3238019,50.3239624,50.3240644,50.3241561,50.3251470,50.3251994,50.3260826,50.3262446,50.3264440,50.3266707,50.3270893,50.3272783,50.3278991,50.3279606,50.3280266,50.3280955,50.3281620,50.3282529,50.3283815,50.3286727,50.3287093,50.3288478,50.3289716,50.3289194,50.3289005,50.3293242,50.3296107,50.3298917,50.3299229,50.3316936,50.3317302,50.3319345,50.3324721,50.3325692,50.3326367,50.3328280,50.3333892,50.3341039],