{
  "id": 387542,
  "name": "Weibersbrunn",
  "polygon": {
    "numberOfPoints": 247,
    "box": {
      "min": {
        "x": 49.9242013,
        "y": 9.3460818
      },
      "max": {
        "x": 49.9405314,
        "y": 9.3974383
      },
      "center": {
        "x": 49.93236635,
        "y": 9.37176005
      },
      "area": {
        "x": 0.0163301,
        "y": 0.0513565
      }
    },
    "pointsx": [
      49.9394338,
      49.9393076,
      49.9392969,
      49.9392778,
      49.9391112,
      49.9389579,
      49.9388894,
      49.9388193,
      49.9386837,
      49.9386626,
      49.9384425,
      49.9381242,
      49.9380523,
      49.9377670,
      49.9375462,
      49.9358214,
      49.9352901,
      49.9350788,
      49.9348309,
      49.9340567,
      49.9338855,
      49.9336999,
      49.9335144,
      49.9333481,
      49.9331839,
      49.9331534,
      49.9329624,
      49.9328250,
      49.9325810,
      49.9320298,
      49.9318257,
      49.9316949,
      49.9315206,
      49.9310374,
      49.9302386,
      49.9293673,
      49.9292182,
      49.9287727,
      49.9286900,
      49.9286375,
      49.9281317,
      49.9280025,
      49.9273357,
      49.9268654,
      49.9260264,
      49.9259297,
      49.9258331,
      49.9259242,
      49.9260471,
      49.9261348,
      49.9261881,
      49.9262588,
      49.9263166,
      49.9263508,
      49.9264557,
      49.9270467,
      49.9273477,
      49.9280359,
      49.9277617,
      49.9273718,
      49.9272833,
      49.9272126,
      49.9262580,
      49.9261857,
      49.9261271,
      49.9255779,
      49.9253612,
      49.9252921,
      49.9252160,
      49.9242353,
      49.9242166,
      49.9242013,
      49.9246169,
      49.9257223,
      49.9257422,
      49.9265798,
      49.9266042,
      49.9275521,
      49.9273210,
      49.9273119,
      49.9272288,
      49.9272178,
      49.9271814,
      49.9271503,
      49.9271509,
      49.9271449,
      49.9271491,
      49.9271764,
      49.9272203,
      49.9272598,
      49.9273439,
      49.9274754,
      49.9275071,
      49.9275518,
      49.9276054,
      49.9277248,
      49.9277891,
      49.9278826,
      49.9279163,
      49.9279244,
      49.9279258,
      49.9279187,
      49.9278883,
      49.9275461,
      49.9271820,
      49.9270374,
      49.9271998,
      49.9273569,
      49.9274486,
      49.9273984,
      49.9270786,
      49.9269691,
      49.9269427,
      49.9271381,
      49.9272503,
      49.9272127,
      49.9270954,
      49.9270224,
      49.9268453,
      49.9267883,
      49.9267046,
      49.9266637,
      49.9266192,
      49.9265548,
      49.9264787,
      49.9263933,
      49.9263074,
      49.9262617,
      49.9262536,
      49.9262493,
      49.9262490,
      49.9262617,
      49.9262700,
      49.9262724,
      49.9262994,
      49.9263683,
      49.9265011,
      49.9266793,
      49.9268171,
      49.9268360,
      49.9269564,
      49.9269985,
      49.9270315,
      49.9270428,
      49.9270514,
      49.9270784,
      49.9271161,
      49.9271290,
      49.9271553,
      49.9271847,
      49.9271946,
      49.9272102,
      49.9272732,
      49.9273246,
      49.9273993,
      49.9274298,
      49.9275007,
      49.9274905,
      49.9274891,
      49.9274882,
      49.9274786,
      49.9274740,
      49.9274994,
      49.9275521,
      49.9275769,
      49.9275803,
      49.9275951,
      49.9275089,
      49.9274570,
      49.9273713,
      49.9272734,
      49.9272046,
      49.9271782,
      49.9271449,
      49.9271458,
      49.9271752,
      49.9272190,
      49.9272371,
      49.9273145,
      49.9274495,
      49.9274553,
      49.9275158,
      49.9276046,
      49.9276107,
      49.9276935,
      49.9277885,
      49.9278222,
      49.9278214,
      49.9279004,
      49.9282708,
      49.9283761,
      49.9285102,
      49.9286788,
      49.9287534,
      49.9287849,
      49.9288448,
      49.9289150,
      49.9289659,
      49.9290042,
      49.9290312,
      49.9290418,
      49.9290304,
      49.9290259,
      49.9289910,
      49.9291324,
      49.9292144,
      49.9286708,
      49.9282294,
      49.9281940,
      49.9281231,
      49.9280598,
      49.9280600,
      49.9280777,
      49.9281231,
      49.9282154,
      49.9282801,
      49.9283709,
      49.9284902,
      49.9285757,
      49.9286670,
      49.9288425,
      49.9307621,
      49.9315876,
      49.9336549,
      49.9366957,
      49.9367158,
      49.9379109,
      49.9379780,
      49.9380024,
      49.9380219,
      49.9384243,
      49.9384954,
      49.9391582,
      49.9394366,
      49.9403660,
      49.9405314,
      49.9404531,
      49.9404328,
      49.9400583,
      49.9399637,
      49.9398361,
      49.9397705,
      49.9396735,
      49.9395919,
      49.9395082,
      49.9394792,
      49.9394637
    ],