{"id":389267,"name":"Barby","polygon":{"numberOfPoints":488,"box":{"min":{"x":51.8375272,"y":11.7620003},"max":{"x":52.0268839,"y":12.0201596},"center":{"x":51.93220555,"y":11.89107995},"area":{"x":0.1893567,"y":0.2581593}},"pointsx":[51.8588768,51.8586653,51.8561607,51.8533270,51.8521671,51.8502690,51.8495308,51.8483181,51.8453124,51.8430449,51.8375272,51.8384338,51.8414651,51.8433085,51.8453539,51.8461893,51.8493508,51.8503964,51.8529083,51.8504985,51.8522842,51.8537241,51.8539852,51.8541641,51.8543034,51.8567182,51.8545512,51.8546656,51.8548782,51.8560856,51.8587969,51.8586397,51.8595123,51.8612235,51.8609943,51.8621208,51.8629445,51.8631849,51.8641341,51.8648856,51.8650805,51.8653231,51.8653842,51.8657204,51.8659234,51.8662437,51.8663289,51.8680171,51.8688791,51.8697321,51.8704161,51.8708851,51.8714431,51.8718749,51.8709888,51.8721816,51.8732154,51.8727210,51.8731126,51.8733012,51.8741027,51.8742729,51.8743656,51.8747018,51.8750735,51.8757737,51.8766159,51.8780736,51.8790115,51.8794354,51.8798244,51.8808203,51.8810753,51.8812173,51.8810753,51.8809423,51.8811863,51.8813411,51.8797729,51.8776755,51.8774247,51.8772927,51.8771440,51.8769312,51.8768668,51.8764497,51.8762219,51.8760520,51.8759490,51.8758610,51.8758190,51.8753536,51.8747739,51.8736982,51.8733291,51.8726542,51.8723104,51.8718752,51.8712406,51.8702698,51.8700156,51.8697864,51.8690882,51.8688845,51.8685571,51.8681967,51.8674916,51.8670114,51.8672736,51.8675290,51.8681577,51.8687995,51.8690268,51.8712701,51.8726433,51.8735223,51.8730996,51.8730796,51.8731715,51.8735335,51.8736675,51.8757923,51.8737366,51.8723587,51.8720197,51.8718518,51.8716308,51.8720388,51.8727367,51.8732327,51.8736826,51.8747205,51.8785461,51.8791870,51.8793700,51.8793250,51.8790161,51.8789321,51.8786491,51.8783924,51.8781936,51.8781612,51.8777643,51.8774063,51.8766426,51.8760176,51.8752090,51.8737876,51.8737214,51.8732890,51.8733940,51.8735444,51.8750486,51.8772069,51.8782263,51.8790901,51.8799921,51.8824148,51.8844056,51.8865303,51.8881591,51.8896049,51.8910927,51.8955482,51.8969070,51.8983978,51.8996594,51.9015604,51.9019384,51.9033309,51.9045696,51.9055359,51.9069374,51.9083396,51.9090945,51.9098245,51.9103026,51.9118221,51.9130310,51.9138169,51.9146948,51.9157397,51.9181394,51.9221030,51.9224269,51.9231099,51.9239068,51.9250206,51.9265964,51.9270164,51.9280762,51.9295531,51.9301164,51.9301905,51.9307451,51.9313265,51.9316704,51.9320553,51.9322684,51.9329304,51.9341283,51.9352403,51.9390155,51.9408826,51.9434998,51.9456890,51.9491082,51.9501064,51.9512474,51.9520863,51.9529412,51.9543060,51.9547041,51.9558823,51.9572786,51.9601773,51.9602693,51.9636718,51.9662575,51.9685273,51.9702630,51.9722818,51.9733117,51.9740516,51.9750664,51.9752534,51.9764353,51.9779581,51.9784800,51.9794339,51.9808488,51.9819287,51.9840654,51.9859762,51.9897188,51.9912286,51.9933667,51.9949275,51.9957680,51.9970620,51.9975785,51.9994108,52.0000739,52.0005294,52.0011867,52.0027344,52.0040312,52.0051531,52.0059580,52.0081319,52.0111839,52.0133586,52.0139485,52.0148104,52.0170628,52.0178890,52.0199764,52.0229220,52.0239939,52.0248174,52.0255914,52.0261223,52.0266071,52.0268462,52.0268839,52.0268157,52.0266405,52.0264948,52.0263001,52.0261378,52.0259768,52.0259406,52.0258355,52.0254017,52.0247464,52.0223369,52.0211193,52.0159922,52.0131386,52.0104281,52.0092101,52.0088398,52.0085878,52.0085883,52.0087773,52.0090452,52.0094548,52.0100628,52.0106969,52.0117588,52.0130177,52.0146594,52.0162633,52.0183327,52.0180304,52.0179309,52.0181810,52.0178917,52.0176017,52.0177146,52.0157886,52.0159870,52.0164862,52.0126848,52.0111766,52.0110174,52.0105770,52.0086708,52.0085615,52.0085359,52.0081946,52.0062829,52.0060330,52.0056061,52.0048425,52.0045439,52.0022890,52.0010526,51.9998433,51.9986583,51.9973214,51.9947425,51.9951141,51.9916687,51.9902660,51.9890256,51.9871949,51.9853156,51.9816238,51.9824440,51.9834076,51.9800030,51.9794995,51.9782785,51.9789193,51.9795105,51.9798490,51.9806728,51.9779087,51.9777064,51.9771539,51.9764060,51.9754835,51.9757183,51.9739696,51.9740157,51.9695454,51.9695717,51.9652356,51.9654122,51.9654308,51.9651612,51.9641757,51.9627068,51.9620563,51.9620393,51.9623181,51.9627471,51.9629661,51.9601351,51.9603587,51.9565715,51.9590437,51.9613054,51.9639220,51.9645040,51.9648187,51.9623913,51.9619360,51.9618965,51.9616200,51.9616076,51.9616360,51.9611493,51.9596646,51.9590995,51.9588056,51.9578873,51.9577904,51.9566068,51.9543843,51.9524661,51.9498604,51.9472762,51.9474225,51.9457567,51.9449142,51.9431367,51.9429229,51.9410658,51.9401917,51.9396726,51.9391504,51.9389383,51.9385636,51.9379204,51.9369976,51.9363929,51.9359371,51.9354494,51.9347463,51.9339203,51.9333601,51.9328167,51.9323741,51.9314373,51.9309150,51.9302898,51.9295254,51.9273589,51.9255662,51.9239285,51.9228709,51.9236047,51.9235558,51.9242207,51.9235592,51.9220414,51.9204102,51.9203180,51.9201964,51.9199244,51.9192163,51.9190204,51.9189549,51.9191205,51.9189450,51.9201236,51.9210799,51.9218699,51.9226829,51.9232812,51.9233879,51.9231127,51.9223298,51.9202862,51.9188244,51.9175752,51.9156883,51.9153744,51.9160465,51.9162976,51.9128372,51.9128584,51.9125314,51.9113334,51.9097065,51.9059947,51.9041874,51.9041874,51.8985281,51.8985394,51.8967084,51.8958712,51.8940072,51.8922216,51.8908277,51.8902747,51.8894655,51.8879474,51.8873163,51.8860469,51.8859996,51.8859047,51.8846352,51.8844114,51.8838977,51.8793726,51.8786232,51.8780881,51.8730018,51.8706506,51.8695570,51.8707088,51.8707455,51.8694082,51.8694543,51.8698759,51.8703239,51.8703021,51.8679523,51.8676295,51.8647636,51.8643985,51.8616962,51.8614726,51.8593020,51.8591602],