{
  "id": 391188,
  "name": "Ermershausen",
  "polygon": {
    "numberOfPoints": 489,
    "box": {
      "min": {
        "x": 50.1978285,
        "y": 10.5915387
      },
      "max": {
        "x": 50.2314305,
        "y": 10.6623689
      },
      "center": {
        "x": 50.2146295,
        "y": 10.6269538
      },
      "area": {
        "x": 0.0336020,
        "y": 0.0708302
      }
    },
    "pointsx": [
      50.2168983,
      50.2168290,
      50.2167688,
      50.2167051,
      50.2165822,
      50.2164565,
      50.2168588,
      50.2170598,
      50.2170878,
      50.2169649,
      50.2166669,
      50.2160897,
      50.2159283,
      50.2157375,
      50.2156534,
      50.2152023,
      50.2142135,
      50.2141237,
      50.2139390,
      50.2137914,
      50.2143348,
      50.2140410,
      50.2139544,
      50.2132491,
      50.2131288,
      50.2130077,
      50.2126610,
      50.2125065,
      50.2124529,
      50.2122548,
      50.2121235,
      50.2120510,
      50.2119763,
      50.2118819,
      50.2117067,
      50.2110546,
      50.2107533,
      50.2106261,
      50.2103721,
      50.2102203,
      50.2094606,
      50.2091803,
      50.2090950,
      50.2089970,
      50.2088908,
      50.2085844,
      50.2084011,
      50.2082247,
      50.2080192,
      50.2077027,
      50.2075485,
      50.2073828,
      50.2071575,
      50.2070479,
      50.2070205,
      50.2069894,
      50.2068394,
      50.2066708,
      50.2060282,
      50.2054756,
      50.2050600,
      50.2048177,
      50.2046391,
      50.2046127,
      50.2043631,
      50.2042523,
      50.2041148,
      50.2036044,
      50.2033022,
      50.2031037,
      50.2023386,
      50.2015461,
      50.2015197,
      50.2014935,
      50.2012208,
      50.2007267,
      50.2001100,
      50.2001213,
      50.2002021,
      50.2002099,
      50.2006314,
      50.2007490,
      50.2007986,
      50.2008587,
      50.2008650,
      50.2008165,
      50.2001738,
      50.2001877,
      50.2001129,
      50.2000231,
      50.1999084,
      50.1998009,
      50.1998201,
      50.1998431,
      50.1997608,
      50.1997000,
      50.1995066,
      50.1993940,
      50.1992738,
      50.1991088,
      50.1989602,
      50.1988642,
      50.1988184,
      50.1984463,
      50.1984222,
      50.1981848,
      50.1978285,
      50.1980079,
      50.1980852,
      50.1981595,
      50.1981289,
      50.1981100,
      50.1981017,
      50.1980795,
      50.1982735,
      50.1985488,
      50.1988631,
      50.1989944,
      50.1988629,
      50.1983772,
      50.1982927,
      50.1983065,
      50.1985909,
      50.1986581,
      50.1987951,
      50.1988619,
      50.1990184,
      50.1991473,
      50.1992905,
      50.1993062,
      50.1993829,
      50.1996665,
      50.1997756,
      50.1998363,
      50.1998166,
      50.1998069,
      50.2000041,
      50.1999330,
      50.1999836,
      50.2000607,
      50.2004903,
      50.2007722,
      50.2005710,
      50.2004702,
      50.1997779,
      50.1988582,
      50.1988421,
      50.1987464,
      50.1987851,
      50.1988580,
      50.1989531,
      50.1989627,
      50.1991125,
      50.1992421,
      50.1994345,
      50.1995031,
      50.1995577,
      50.1997143,
      50.1997514,
      50.1998437,
      50.1998799,
      50.2003344,
      50.2005613,
      50.2009276,
      50.2014568,
      50.2019988,
      50.2021192,
      50.2022551,
      50.2023904,
      50.2025074,
      50.2025857,
      50.2027423,
      50.2033645,
      50.2035667,
      50.2035697,
      50.2037325,
      50.2038321,
      50.2040739,
      50.2043453,
      50.2045322,
      50.2049690,
      50.2051686,
      50.2054216,
      50.2061163,
      50.2067193,
      50.2067364,
      50.2070199,
      50.2072329,
      50.2074519,
      50.2077034,
      50.2080075,
      50.2084596,
      50.2085639,
      50.2089082,
      50.2091901,
      50.2096982,
      50.2098287,
      50.2100324,
      50.2101526,
      50.2102762,
      50.2103820,
      50.2104775,
      50.2106111,
      50.2108190,
      50.2107889,
      50.2107993,
      50.2108161,
      50.2108460,
      50.2109186,
      50.2109238,
      50.2109699,
      50.2109847,
      50.2110448,
      50.2111991,
      50.2114260,
      50.2118518,
      50.2120003,
      50.2122027,
      50.2123763,
      50.2124870,
      50.2125560,
      50.2126837,
      50.2130716,
      50.2131628,
      50.2131968,
      50.2132355,
      50.2134027,
      50.2134222,
      50.2138945,
      50.2139461,
      50.2139569,
      50.2140155,
      50.2141017,
      50.2144119,
      50.2145606,
      50.2147385,
      50.2148475,
      50.2149004,
      50.2149563,
      50.2150625,
      50.2151281,
      50.2151886,
      50.2157432,
      50.2158938,
      50.2162424,
      50.2165749,
      50.2168241,
      50.2172408,
      50.2177761,
      50.2181310,
      50.2183984,
      50.2186001,
      50.2186406,
      50.2187498,
      50.2188122,
      50.2188587,
      50.2189332,
      50.2192430,
      50.2194212,
      50.2198415,
      50.2202512,
      50.2204582,
      50.2205574,
      50.2206981,
      50.2207398,
      50.2208504,
      50.2216418,
      50.2217741,
      50.2219558,
      50.2220804,
      50.2222459,
      50.2224568,
      50.2226133,
      50.2230018,
      50.2232841,
      50.2233308,
      50.2233920,
      50.2235188,
      50.2235413,
      50.2235660,
      50.2235864,
      50.2235970,
      50.2236326,
      50.2237377,
      50.2238615,
      50.2240792,
      50.2240795,
      50.2240686,
      50.2241487,
      50.2243092,
      50.2243851,
      50.2244747,
      50.2248346,
      50.2254031,
      50.2256666,
      50.2258643,
      50.2260589,
      50.2262651,
      50.2263933,
      50.2264462,
      50.2264993,
      50.2267556,
      50.2269387,
      50.2270144,
      50.2271032,
      50.2272379,
      50.2273295,
      50.2274509,
      50.2276064,
      50.2277777,
      50.2279556,
      50.2280946,
      50.2282295,
      50.2283250,
      50.2284920,
      50.2286040,
      50.2288533,
      50.2289835,
      50.2291569,
      50.2293028,
      50.2294809,
      50.2296043,
      50.2296727,
      50.2299798,
      50.2301368,
      50.2302556,
      50.2303927,
      50.2305347,
      50.2307979,
      50.2309506,
      50.2309603,
      50.2311546,
      50.2313556,
      50.2314240,
      50.2314305,
      50.2314142,
      50.2313611,
      50.2310350,
      50.2305681,
      50.2302587,
      50.2301360,
      50.2298349,
      50.2295564,
      50.2293195,
      50.2291768,
      50.2290024,
      50.2289377,
      50.2287818,
      50.2286548,
      50.2284958,
      50.2283296,
      50.2282371,
      50.2281106,
      50.2279708,
      50.2277758,
      50.2275644,
      50.2273068,
      50.2270190,
      50.2267313,
      50.2266804,
      50.2266586,
      50.2266218,
      50.2266066,
      50.2265072,
      50.2263920,
      50.2260477,
      50.2257236,
      50.2254061,
      50.2251623,
      50.2249993,
      50.2249121,
      50.2245839,
      50.2241825,
      50.2236340,
      50.2233769,
      50.2232546,
      50.2230995,
      50.2230477,
      50.2230318,
      50.2230117,
      50.2230433,
      50.2231103,
      50.2231382,
      50.2231881,
      50.2231786,
      50.2230772,
      50.2230760,
      50.2229938,
      50.2229212,
      50.2229539,
      50.2229637,
      50.2229864,
      50.2229936,
      50.2229943,
      50.2230791,
      50.2231954,
      50.2232525,
      50.2232697,
      50.2232988,
      50.2233459,
      50.2234143,
      50.2234358,
      50.2235820,
      50.2236515,
      50.2237220,
      50.2237772,
      50.2238460,
      50.2238238,
      50.2238601,
      50.2238718,
      50.2238740,
      50.2238749,
      50.2238750,
      50.2239040,
      50.2238908,
      50.2238352,
      50.2238311,
      50.2238627,
      50.2239249,
      50.2239484,
      50.2240353,
