{
  "id": 400939,
  "name": "Allmersbach im Tal",
  "polygon": {
    "numberOfPoints": 349,
    "box": {
      "min": {
        "x": 48.8911000,
        "y": 9.4412293
      },
      "max": {
        "x": 48.9224349,
        "y": 9.4983656
      },
      "center": {
        "x": 48.90676745,
        "y": 9.46979745
      },
      "area": {
        "x": 0.0313349,
        "y": 0.0571363
      }
    },
    "pointsx": [
      48.8926792,
      48.8929085,
      48.8928633,
      48.8928675,
      48.8931198,
      48.8932067,
      48.8933016,
      48.8932926,
      48.8931583,
      48.8947231,
      48.8954805,
      48.8959053,
      48.8964886,
      48.8969571,
      48.8977263,
      48.8980841,
      48.8983748,
      48.8984181,
      48.8984738,
      48.8982477,
      48.8982101,
      48.8981874,
      48.8980566,
      48.8978505,
      48.8992144,
      48.8992833,
      48.8993393,
      48.8994006,
      48.8995883,
      48.8997610,
      48.9000784,
      48.9004825,
      48.9008806,
      48.9011355,
      48.9013985,
      48.9015690,
      48.9017140,
      48.9018302,
      48.9018686,
      48.9020757,
      48.9024424,
      48.9025589,
      48.9027262,
      48.9028989,
      48.9029389,
      48.9031202,
      48.9033721,
      48.9036050,
      48.9040577,
      48.9045111,
      48.9050849,
      48.9055182,
      48.9058375,
      48.9061225,
      48.9063584,
      48.9064122,
      48.9069007,
      48.9068846,
      48.9068664,
      48.9068608,
      48.9069723,
      48.9069873,
      48.9070676,
      48.9071517,
      48.9072339,
      48.9072837,
      48.9073393,
      48.9073681,
      48.9074524,
      48.9074926,
      48.9075158,
      48.9075335,
      48.9075676,
      48.9075979,
      48.9076257,
      48.9076603,
      48.9076906,
      48.9077439,
      48.9077740,
      48.9077966,
      48.9078107,
      48.9078439,
      48.9078615,
      48.9078875,
      48.9079479,
      48.9080135,
      48.9081643,
      48.9083935,
      48.9085313,
      48.9088128,
      48.9090867,
      48.9091242,
      48.9094362,
      48.9099591,
      48.9102135,
      48.9102955,
      48.9107265,
      48.9102846,
      48.9101996,
      48.9102810,
      48.9105214,
      48.9104556,
      48.9102834,
      48.9101254,
      48.9100493,
      48.9098674,
      48.9099176,
      48.9102647,
      48.9107374,
      48.9113128,
      48.9112488,
      48.9109606,
      48.9105260,
      48.9106588,
      48.9107387,
      48.9110286,
      48.9115196,
      48.9118621,
      48.9117571,
      48.9121350,
      48.9121390,
      48.9121391,
      48.9121402,
      48.9121465,
      48.9120270,
      48.9117248,
      48.9115005,
      48.9114071,
      48.9112859,
      48.9116904,
      48.9116684,
      48.9116010,
      48.9114601,
      48.9114388,
      48.9120464,
      48.9125621,
      48.9134419,
      48.9136001,
      48.9141502,
      48.9141792,
      48.9152557,
      48.9151986,
      48.9156580,
      48.9156414,
      48.9156139,
      48.9155636,
      48.9154538,
      48.9152389,
      48.9152160,
      48.9159723,
      48.9159498,
      48.9161603,
      48.9163684,
      48.9166139,
      48.9167730,
      48.9168072,
      48.9179279,
      48.9191597,
      48.9193483,
      48.9197499,
      48.9198608,
      48.9201602,
      48.9203033,
      48.9204838,
      48.9205064,
      48.9205076,
      48.9205285,
      48.9206053,
      48.9208727,
      48.9209689,
      48.9211568,
      48.9211429,
      48.9211928,
      48.9213886,
      48.9216309,
      48.9216948,
      48.9218456,
      48.9220827,
      48.9223041,
      48.9224349,
      48.9224297,
      48.9223445,
      48.9221486,
      48.9220167,
      48.9217256,
      48.9212953,
      48.9211171,
      48.9194240,
      48.9190958,
      48.9190923,
      48.9190632,
      48.9182832,
      48.9179764,
      48.9175499,
      48.9169520,
      48.9167184,
      48.9161194,
      48.9160613,
      48.9158602,
      48.9150007,
      48.9147532,
      48.9145935,
      48.9143951,
      48.9140259,
      48.9139236,
      48.9137896,
      48.9136693,
      48.9135828,
      48.9134372,
      48.9133437,
      48.9132708,
      48.9131028,
      48.9129872,
      48.9128989,
      48.9128587,
      48.9128163,
      48.9128011,
      48.9127817,
      48.9126960,
      48.9125894,
      48.9124891,
      48.9123931,
      48.9123042,
      48.9122293,
      48.9121296,
      48.9119901,
      48.9118340,
      48.9116765,
      48.9116626,
      48.9115220,
      48.9113994,
      48.9109858,
      48.9109227,
      48.9110424,
      48.9110616,
      48.9106622,
      48.9095790,
      48.9097344,
      48.9098697,
      48.9096800,
      48.9097244,
      48.9097493,
      48.9097255,
      48.9095489,
      48.9094152,
      48.9092956,
      48.9091176,
      48.9086424,
      48.9084937,
      48.9083603,
      48.9082609,
      48.9080813,
      48.9077706,
      48.9076277,
      48.9075397,
      48.9074626,
      48.9072793,
      48.9071598,
      48.9066708,
      48.9065825,
      48.9065669,
      48.9065469,
      48.9064555,
      48.9063638,
      48.9062500,
      48.9061477,
      48.9060670,
      48.9058879,
      48.9055439,
      48.9050188,
      48.9049948,
      48.9048873,
      48.9047050,
      48.9045796,
      48.9044906,
      48.9045377,
      48.9046071,
      48.9047111,
      48.9048247,
      48.9048574,
      48.9048632,
      48.9048544,
      48.9048751,
      48.9051019,
      48.9052724,
      48.9054983,
      48.9056625,
      48.9057384,
      48.9057424,
      48.9056042,
      48.9055313,
      48.9044724,
      48.9034962,
      48.9030228,
      48.9022136,
      48.9018337,
      48.9014890,
      48.9013605,
      48.9012037,
      48.9009890,
      48.9008125,
      48.9005893,
      48.9004085,
      48.9001868,
      48.9000399,
      48.8998633,
      48.8997835,
      48.8997072,
      48.8996471,
      48.8996013,
      48.8995406,
      48.8994714,
      48.8993899,
      48.8990642,
      48.8990024,
      48.8988993,
      48.8987962,
      48.8986899,
      48.8987263,
      48.8987987,
      48.8988951,
      48.8990938,
      48.8982496,
      48.8978011,
      48.8973457,
      48.8972112,
      48.8971948,
      48.8970442,
      48.8968315,
      48.8963433,
      48.8960251,
      48.8945361,
      48.8940650,
      48.8933035,
      48.8931337,
      48.8924360,
      48.8917591,
      48.8916870,
      48.8914994,
      48.8913740,
      48.8912640,
      48.8911729,
      48.8911000,
      48.8911004,
      48.8911431,
      48.8912358,
      48.8914582,
      48.8912869,
      48.8924575
    ],