{"id":403746,"name":"Obrigheim","polygon":{"numberOfPoints":667,"box":{"min":{"x":49.3195236,"y":9.0112708},"max":{"x":49.3757320,"y":9.1038234},"center":{"x":49.3476278,"y":9.0575471},"area":{"x":0.0562084,"y":0.0925526}},"pointsx":[49.3230499,49.3233563,49.3235113,49.3237519,49.3241212,49.3241093,49.3231917,49.3231412,49.3225092,49.3223250,49.3219092,49.3216397,49.3213541,49.3212192,49.3211690,49.3211338,49.3211701,49.3209925,49.3206893,49.3205492,49.3205307,49.3204582,49.3204582,49.3195236,49.3195450,49.3196703,49.3197409,49.3206745,49.3215422,49.3221361,49.3221609,49.3223757,49.3224208,49.3225992,49.3227005,49.3227974,49.3228536,49.3229029,49.3229611,49.3230197,49.3231215,49.3232300,49.3233485,49.3235172,49.3236746,49.3239438,49.3242952,49.3246420,49.3251213,49.3251760,49.3254862,49.3256120,49.3259088,49.3257509,49.3261297,49.3263922,49.3266737,49.3267676,49.3268362,49.3269209,49.3272827,49.3275344,49.3275728,49.3278149,49.3285193,49.3288475,49.3293126,49.3296943,49.3297798,49.3300600,49.3304336,49.3306662,49.3308986,49.3311038,49.3313341,49.3315965,49.3318153,49.3319635,49.3321823,49.3324033,49.3324717,49.3326565,49.3330513,49.3336720,49.3338911,49.3341057,49.3342975,49.3345030,49.3347701,49.3347885,49.3349072,49.3351241,49.3354665,49.3358943,49.3360542,49.3360930,49.3361090,49.3360954,49.3360657,49.3360497,49.3362894,49.3362904,49.3383350,49.3391607,49.3391191,49.3390576,49.3404815,49.3411250,49.3412209,49.3413099,49.3413738,49.3414354,49.3414947,49.3415335,49.3416060,49.3416852,49.3417275,49.3416591,49.3416454,49.3416659,49.3417298,49.3417937,49.3417230,49.3417641,49.3417777,49.3417914,49.3418120,49.3418417,49.3419056,49.3419262,49.3419239,49.3419193,49.3419585,49.3425583,49.3433134,49.3439411,49.3443769,49.3449748,49.3451985,49.3456662,49.3460131,49.3460724,49.3461592,49.3463007,49.3463806,49.3464536,49.3465494,49.3466818,49.3467800,49.3468484,49.3469853,49.3470241,49.3470561,49.3470880,49.3471428,49.3472500,49.3473116,49.3474439,49.3476060,49.3477908,49.3478730,49.3479209,49.3479231,49.3480031,49.3480761,49.3482221,49.3484685,49.3488017,49.3489249,49.3493949,49.3497371,49.3498504,49.3500521,49.3502120,49.3503600,49.3503894,49.3508308,49.3509631,49.3510794,49.3512323,49.3513418,49.3513965,49.3520806,49.3521467,49.3522037,49.3522902,49.3525431,49.3525818,49.3528534,49.3532629,49.3534726,49.3536824,49.3537394,49.3539883,49.3542076,49.3543332,49.3544611,49.3546003,49.3548492,49.3550980,49.3551830,49.3552605,49.3553975,49.3556507,49.3559063,49.3561299,49.3565201,49.3567278,49.3569446,49.3572619,49.3576201,49.3578574,49.3584415,49.3588592,49.3592060,49.3595391,49.3597102,49.3599634,49.3602212,49.3605384,49.3607574,49.3610471,49.3611954,49.3613642,49.3615558,49.3617132,49.3618569,49.3620394,49.3621808,49.3623312,49.3624726,49.3626368,49.3627941,49.3629423,49.3630403,49.3631383,49.3632226,49.3633251,49.3634071,49.3634890,49.3635983,49.3639021,49.3640643,49.3640979,49.3641673,49.3642539,49.3644136,49.3645435,49.3646917,49.3649400,49.3651383,49.3653206,49.3654710,49.3656237,49.3657788,49.3659499,49.3661894,49.3664382,49.3665500,49.3667166,49.3668535,49.3670133,49.3671297,49.3672667,49.3673604,49.3674769,49.3676391,49.3677990,49.3679497,49.3681233,49.3683630,49.3683587,49.3685459,49.3687057,49.3688929,49.3691028,49.3692762,49.3694040,49.3695500,49.3697256,49.3698557,49.3699812,49.3700953,49.3702437,49.3703965,49.3705723,49.3707092,49.3708370,49.3709967,49.3711951,49.3717242,49.3719568,49.3721166,49.3728100,49.3736360,49.3739234,49.3740534,49.3741538,49.3742290,49.3743497,49.3744568,49.3745615,49.3747435,49.3750188,49.3750869,49.3751415,49.3751914,49.3752345,49.3752753,49.3753480,49.3754207,49.3755026,49.3755686,49.3756346,49.3756914,49.3757186,49.3757320,49.3757319,49.3757019,49.3756652,49.3755986,49.3753168,49.3751426,49.3750213,49.3749207,49.3747516,49.3746212,49.3745275,49.3743971,49.3742873,49.3741523,49.3741157,49.3741041,49.3740719,49.3739804,49.3736991,49.3735505,49.3730785,49.3725767,49.3724677,49.3723676,49.3722357,49.3720878,49.3719308,49.3718102,49.3716645,49.3715052,49.3713481,49.3711978,49.3710066,49.3708722,49.3707219,49.3705624,49.3703960,49.3702410,49.3701203,49.3699699,49.3698058,49.3696417,49.3694752,49.3692767,49.3690874,49.3688981,49.3687270,49.3685650,49.3684098,49.3681907,49.3679739,49.3677617,49.3675721,49.3673873,49.3672296,49.3670675,49.3669054,49.3667661,49.3666016,49.3664144,49.3662750,49.3661447,49.3660305,49.3659117,49.3657928,49.3656876,49.3655710,49.3654224,49.3651454,49.3646968,49.3643877,49.3641794,49.3640717,49.3639914,49.3639249,49.3638721,49.3638330,49.3638007,49.3637774,49.3637610,49.3637560,49.3637845,49.3639854,49.3643802,49.3649910,49.3656244,49.3661080,49.3667755,49.3673935,49.3675206,49.3681317,49.3683839,49.3684905,49.3685767,49.3686628,49.3687218,49.3687829,49.3688507,49.3689139,49.3689453,49.3689676,49.3689898,49.3689984,49.3689956,49.3689928,49.3689856,49.3689737,49.3689457,49.3689245,49.3688827,49.3688456,49.3688017,49.3687510,49.3686449,49.3685205,49.3683619,49.3681862,49.3680269,49.3677984,49.3676370,49.3674505,49.3672619,49.3670296,49.3667770,49.3664049,49.3658195,49.3653305,49.3645684,49.3642423,49.3638382,49.3631286,49.3624261,49.3620588,49.3616321,49.3611161,49.3607538,49.3604353,49.3600872,49.3598123,49.3595398,49.3593223,49.3591026,49.3588898,49.3586999,49.3584964,49.3583294,49.3581718,49.3580186,49.3578655,49.3577193,49.3575868,49.3574498,49.3572032,49.3570115,49.3568175,49.3565552,49.3561218,49.3555379,49.3550680,49.3545641,49.3541102,49.3537201,49.3533824,49.3529580,49.3525975,49.3520657,49.3514952,49.3508607,49.3503882,49.3498174,49.3491096,49.3481760,49.3471419,49.3470208,49.3465460,49.3458566,49.3453111,49.3449321,49.3446650,49.3443431,49.3440098,49.3436011,49.3430941,49.3422767,49.3413861,49.3406142,49.3398857,49.3392782,49.3386342,49.3381706,49.3378052,49.3375037,49.3372206,49.3369420,49.3366201,49.3363826,49.3361955,49.3360060,49.3358074,49.3356407,49.3354672,49.3352595,49.3350016,49.3346957,49.3343511,49.3340704,49.3338080,49.3335707,49.3333334,49.3330024,49.3326579,49.3324070,49.3321948,49.3319598,49.3316952,49.3313075,49.3309016,49.3305868,49.3303634,49.3301366,49.3296171,49.3294812,49.3289859,49.3291115,49.3292051,49.3293101,49.3294150,49.3295337,49.3296752,49.3297939,49.3299444,49.3307060,49.3310412,49.3311871,49.3313033,49.3313899,49.3314650,49.3315493,49.3316403,49.3317359,49.3318248,49.3319525,49.3325113,49.3326295,49.3326841,49.3327913,49.3328827,49.3329716,49.3330676,49.3331750,49.3332777,49.3333759,49.3334649,49.3342864,49.3342451,49.3334664,49.3340579,49.3340896,49.3341691,49.3342872,49.3344003,49.3349856,49.3356094,49.3361524,49.3365912,49.3364111,49.3361945,49.3360554,49.3358753,49.3352435,49.3346504,49.3344477,49.3344109,49.3343695,49.3342893,49.3342205,49.3341448,49.3340326,49.3336776,49.3336045,49.3334813,49.3328630,49.3326390,49.3324918,49.3322735,49.3319079,49.3316566,49.3315535,49.3304531,49.3293916,49.3290239,49.3288253,49.3285445,49.3283481,49.3281905,49.3280237,49.3278365,49.3276332,49.3273888,49.3270734,49.3267810,49.3264908,49.3260909,49.3259537,49.3258051,49.3256427,49.3254643,49.3252930,49.3248999,49.3244758,49.3239766,49.3231907,49.3232775,49.3235519,49.3238765,49.3242696,49.3244592,49.3246580,49.3250030,49.3252863,49.3256198,49.3259967,49.3261955,49.3263401,49.3266793,49.3269936,49.3272644,49.3270145,49.3267455,49.3263906,49.3263608,49.3258301,49.3254459,49.3251211,49.3247572,49.3244621,49.3243064,49.3242010,49.3240063,49.3235229,49.3229597,49.3230988,49.3226900,49.3224387,49.3221419,49.3217923,49.3220365,49.3220867,49.3222967,49.3226505],