{
  "numberOfPolygons": 1,
  "box": {
    "min": {
      "x": 49.3652755,
      "y": 8.9467827
    },
    "max": {
      "x": 49.3998714,
      "y": 9.0075668
    },
    "center": {
      "x": 49.38257345,
      "y": 8.97717475
    }
  },
  "polygons": [
    {
      "numberOfPoints": 341,
      "box": {
        "min": {
          "x": 49.3652755,
          "y": 8.9467827
        },
        "max": {
          "x": 49.3998714,
          "y": 9.0075668
        },
        "center": {
          "x": 49.38257345,
          "y": 8.97717475
        }
      },
      "pointsx": [
        49.3761978,
        49.3764279,
        49.3766507,
        49.3768801,
        49.3770665,
        49.3772529,
        49.3774167,
        49.3775645,
        49.3776851,
        49.3790643,
        49.3792010,
        49.3793767,
        49.3797008,
        49.3800180,
        49.3800750,
        49.3801274,
        49.3801887,
        49.3802744,
        49.3803986,
        49.3804955,
        49.3806625,
        49.3808253,
        49.3809542,
        49.3810695,
        49.3812056,
        49.3813233,
        49.3814978,
        49.3816156,
        49.3817473,
        49.3818494,
        49.3819558,
        49.3820738,
        49.3821714,
        49.3822942,
        49.3824442,
        49.3826036,
        49.3827605,
        49.3829245,
        49.3840372,
        49.3852019,
        49.3866676,
        49.3866357,
        49.3866157,
        49.3865824,
        49.3865928,
        49.3866129,
        49.3866486,
        49.3868580,
        49.3869678,
        49.3870334,
        49.3870798,
        49.3871238,
        49.3871927,
        49.3873787,
        49.3878493,
        49.3884158,
        49.3884798,
        49.3884120,
        49.3886941,
        49.3886583,
        49.3886133,
        49.3886045,
        49.3886073,
        49.3886694,
        49.3888158,
        49.3889257,
        49.3890560,
        49.3891795,
        49.3893075,
        49.3894354,
        49.3895611,
        49.3897120,
        49.3898217,
        49.3899131,
        49.3900250,
        49.3901506,
        49.3902557,
        49.3903722,
        49.3904843,
        49.3905893,
        49.3906829,
        49.3908084,
        49.3909565,
        49.3911161,
        49.3912254,
        49.3913235,
        49.3914308,
        49.3915564,
        49.3917298,
        49.3918872,
        49.3920127,
        49.3921608,
        49.3922564,
        49.3923405,
        49.3924291,
        49.3925245,
        49.3926405,
        49.3927929,
        49.3931044,
        49.3933376,
        49.3935366,
        49.3941359,
        49.3943855,
        49.3944290,
        49.3947466,
        49.3948769,
        49.3953360,
        49.3955667,
        49.3958040,
        49.3960942,
        49.3960862,
        49.3963267,
        49.3978507,
        49.3984702,
        49.3988244,
        49.3990741,
        49.3991658,
        49.3992931,
        49.3993763,
        49.3995400,
        49.3997237,
        49.3996871,
        49.3996093,
        49.3996840,
        49.3998714,
        49.3995527,
        49.3994099,
        49.3988847,
        49.3981424,
        49.3981731,
        49.3980016,
        49.3974298,
        49.3975511,
        49.3972217,
        49.3969434,
        49.3966764,
        49.3966080,
        49.3962343,
        49.3961202,
        49.3952302,
        49.3943764,
        49.3943736,
        49.3944149,
        49.3948448,
        49.3949226,
        49.3949159,
        49.3941838,
        49.3941064,
        49.3940997,
        49.3942149,
        49.3943605,
        49.3943811,
        49.3946632,
        49.3945148,
        49.3938987,
        49.3933828,
        49.3933976,
        49.3934082,
        49.3945644,
        49.3947934,
        49.3950540,
        49.3956911,
        49.3967494,
        49.3968798,
        49.3971707,
        49.3971782,
        49.3974135,
        49.3976377,
        49.3978298,
        49.3980310,
        49.3985138,
        49.3985315,
        49.3973500,
        49.3973159,
        49.3973302,
        49.3971735,
        49.3969658,
        49.3969042,
        49.3968586,
        49.3968197,
        49.3967809,
        49.3966941,
        49.3962627,
        49.3961782,
        49.3960983,
        49.3960116,
        49.3959796,
        49.3959864,
        49.3960001,
        49.3958014,
        49.3952422,
        49.3949865,
        49.3947605,
        49.3941372,
        49.3939660,
        49.3938153,
        49.3935071,
        49.3933040,
        49.3931054,
        49.3929091,
        49.3925620,
        49.3921602,
        49.3920027,
        49.3917882,
        49.3916192,
        49.3914480,
        49.3912152,
        49.3909457,
        49.3909503,
        49.3909024,
        49.3899869,
        49.3894595,
        49.3885901,
        49.3883532,
        49.3874548,
        49.3878609,
        49.3881919,
        49.3884477,
        49.3890015,
        49.3890470,
        49.3889392,
        49.3889642,
        49.3874421,
        49.3873159,
        49.3872045,
        49.3870651,
        49.3866793,
        49.3860787,
        49.3858023,
        49.3855806,
        49.3854641,
        49.3853473,
        49.3852892,
        49.3852258,
        49.3851527,
        49.3848535,
        49.3840014,
        49.3836061,
        49.3835055,
        49.3834164,
        49.3832904,
        49.3832423,
        49.3832376,
        49.3820954,
        49.3796567,
        49.3792761,
        49.3788947,
        49.3776858,
        49.3756474,
        49.3754010,
        49.3753761,
        49.3751050,
        49.3747421,
        49.3744402,
        49.3743122,
        49.3738097,
        49.3735017,
        49.3733557,
        49.3731640,
        49.3730179,
        49.3728742,
        49.3726711,
        49.3725889,
        49.3725023,
        49.3723995,
        49.3710116,
        49.3708564,
        49.3703632,
        49.3700320,
        49.3701370,
        49.3699725,
        49.3694294,
        49.3686754,
        49.3683330,
        49.3679609,
        49.3673688,
        49.3673265,
        49.3659279,
        49.3658365,
        49.3655059,
        49.3653897,
        49.3652755,
        49.3655364,
        49.3657215,
        49.3658312,
        49.3657582,
        49.3658393,
        49.3658589,
        49.3661281,
        49.3661930,
        49.3662716,
        49.3663053,
        49.3664106,
        49.3663746,
        49.3663356,
        49.3662613,
        49.3664118,
        49.3667337,
        49.3670375,
        49.3679168,
        49.3677840,
        49.3679191,
        49.3688565,
        49.3707970,
        49.3708530,
        49.3710639,
        49.3713357,
        49.3713916,
        49.3715902,
        49.3719376,
        49.3722689,
        49.3729765,
        49.3731432,
        49.3737163,
        49.3738716,
        49.3738442,
        49.3738818,
        49.3743313,
        49.3744774,
        49.3739182,
        49.3739042,
        49.3736315,
        49.3738969,
        49.3740362,
        49.3748876,
        49.3749583,
        49.3749958,
        49.3750283,
        49.3750880,
        49.3764482,
        49.3764175,
        49.3763290,
        49.3762568,
        49.3765967,
        49.3770279,
        49.3769878,
        49.3768930,
        49.3767289,
        49.3765742,
        49.3764484,
        49.3763107
      ],