{"id":405303,"name":"Hessigheim","polygon":{"numberOfPoints":223,"box":{"min":{"x":48.9849759,"y":9.1684145},"max":{"x":49.0161839,"y":9.2014891},"center":{"x":49.0005799,"y":9.1849518},"area":{"x":0.0312080,"y":0.0330746}},"pointsx":[48.9861218,48.9862950,48.9865897,48.9868300,48.9871354,48.9873035,48.9875588,48.9877646,48.9878754,48.9879247,48.9880200,48.9882210,48.9884602,48.9887501,48.9895983,48.9905470,48.9913479,48.9922603,48.9928974,48.9937620,48.9937554,48.9941284,48.9944719,48.9947476,48.9948858,48.9952815,48.9955800,48.9959290,48.9961482,48.9964152,48.9968990,48.9971501,48.9973852,48.9971004,48.9974313,48.9974360,48.9977464,48.9983856,48.9983697,48.9986873,48.9990962,48.9995325,48.9998112,49.0001904,49.0006725,49.0008252,49.0014535,49.0018984,49.0022424,49.0026156,49.0030816,49.0035562,49.0038693,49.0042684,49.0046129,49.0048997,49.0051486,49.0053424,49.0058618,49.0057773,49.0056774,49.0056115,49.0058198,49.0060465,49.0063443,49.0066470,49.0069795,49.0074152,49.0079494,49.0084676,49.0089055,49.0091114,49.0095643,49.0102208,49.0110951,49.0110882,49.0112566,49.0115837,49.0118971,49.0121258,49.0122301,49.0139998,49.0140259,49.0152093,49.0151890,49.0160200,49.0161839,49.0156969,49.0152974,49.0153516,49.0154133,49.0153403,49.0154144,49.0154665,49.0150616,49.0142747,49.0142085,49.0142360,49.0143259,49.0138247,49.0132755,49.0126163,49.0117924,49.0111927,49.0107039,49.0101489,49.0096323,49.0087981,49.0081145,49.0081030,49.0081260,49.0081317,49.0081569,49.0081685,49.0083355,49.0082379,49.0084300,49.0082536,49.0084916,49.0085497,49.0085742,49.0087757,49.0088448,49.0088737,49.0088640,49.0088272,49.0087835,49.0086600,49.0085767,49.0085368,49.0076115,49.0074209,49.0071043,49.0072242,49.0070499,49.0062933,49.0059452,49.0055781,49.0052667,49.0050109,49.0048219,49.0042743,49.0037913,49.0033054,49.0028868,49.0025122,49.0020328,49.0013424,49.0006293,49.0002688,49.0001137,48.9995842,48.9994381,48.9992648,48.9991417,48.9989866,48.9987245,48.9986328,48.9983680,48.9981397,48.9978863,48.9976351,48.9975941,48.9974816,48.9972400,48.9969345,48.9964922,48.9958380,48.9955302,48.9953433,48.9951724,48.9950494,48.9949788,48.9947098,48.9943998,48.9941557,48.9939753,48.9938269,48.9936488,48.9934799,48.9932493,48.9931146,48.9927722,48.9924068,48.9919914,48.9915461,48.9914872,48.9913606,48.9911555,48.9908408,48.9904485,48.9899285,48.9894040,48.9888908,48.9885737,48.9882087,48.9879189,48.9875265,48.9871568,48.9868236,48.9865770,48.9862665,48.9861318,48.9859034,48.9857297,48.9855423,48.9854097,48.9852610,48.9851738,48.9850750,48.9850084,48.9849759,48.9850210,48.9850845,48.9851458,48.9853388,48.9854955,48.9857227,48.9858636,48.9859387,48.9862231,48.9865371,48.9868215],"pointsy":[9.1879596,9.1883854,9.1891184,9.1897883,9.1906290,9.1911312,9.1915895,9.1919048,9.1920870,9.1921715,9.1923354,9.1927062,9.1931643,9.1935607,9.1946847,9.1959344,9.1969758,9.1980800,9.1988335,9.1998682,9.2011144,9.2011623,9.2012497,9.2013341,9.2013763,9.2014785,9.2014891,9.2014432,9.2014194,9.2013609,9.2013169,9.2012480,9.2011722,9.2004396,9.2003049,9.2001108,9.1999864,9.1997311,9.1994744,9.1987985,9.1980257,9.1972425,9.1966532,9.1957172,9.1950009,9.1945613,9.1935531,9.1926681,9.1918516,9.1922442,9.1928531,9.1935905,9.1941492,9.1948859,9.1955667,9.1963961,9.1975379,9.1987278,9.1985869,9.1980477,9.1973520,9.1967226,9.1966516,9.1965670,9.1963787,9.1961593,9.1959124,9.1955692,9.1951852,9.1947907,9.1944717,9.1944217,9.1943668,9.1942342,9.1940678,9.1928806,9.1925243,9.1919195,9.1913110,9.1907400,9.1903726,9.1902401,9.1894621,9.1892798,9.1889867,9.1887026,9.1855493,9.1861180,9.1865660,9.1856214,9.1845136,9.1844818,9.1831448,9.1821411,9.1822311,9.1823628,9.1823691,9.1818065,9.1804975,9.1806492,9.1808178,9.1810272,9.1812974,9.1814969,9.1813985,9.1813029,9.1813086,9.1812870,9.1813605,9.1802523,9.1785398,9.1782773,9.1771122,9.1759487,9.1759189,9.1746292,9.1745997,9.1730035,9.1729501,9.1732459,9.1734059,9.1733418,9.1731895,9.1728285,9.1724116,9.1718937,9.1713826,9.1702836,9.1693762,9.1690770,9.1695411,9.1692059,9.1695018,9.1697843,9.1699321,9.1688067,9.1684145,9.1693142,9.1700374,9.1705806,9.1709436,9.1718557,9.1714518,9.1723713,9.1730102,9.1734999,9.1739367,9.1745382,9.1750944,9.1753180,9.1753938,9.1756697,9.1757212,9.1757451,9.1757516,9.1757546,9.1757122,9.1757106,9.1756722,9.1756235,9.1755330,9.1754045,9.1753812,9.1753802,9.1752446,9.1750014,9.1747127,9.1741776,9.1739240,9.1737364,9.1735419,9.1732573,9.1731635,9.1729516,9.1726563,9.1724845,9.1723145,9.1721825,9.1720679,9.1719464,9.1718248,9.1717450,9.1716025,9.1714115,9.1712656,9.1710710,9.1710497,9.1709106,9.1708307,9.1707330,9.1706596,9.1705756,9.1705298,9.1705324,9.1706187,9.1707534,9.1709021,9.1711684,9.1714938,9.1718367,9.1721657,9.1726889,9.1729419,9.1734478,9.1739676,9.1745637,9.1750005,9.1756279,9.1763699,9.1772748,9.1780167,9.1787414,9.1795460,9.1801182,9.1804894,9.1816652,9.1825081,9.1836701,9.1843431,9.1846415,9.1855019,9.1864215,9.1872542]}}