{
  "id": 405821,
  "name": "Oberriexingen",
  "polygon": {
    "numberOfPoints": 209,
    "box": {
      "min": {
        "x": 48.9186037,
        "y": 8.9970186
      },
      "max": {
        "x": 48.9498915,
        "y": 9.0487717
      },
      "center": {
        "x": 48.9342476,
        "y": 9.02289515
      },
      "area": {
        "x": 0.0312878,
        "y": 0.0517531
      }
    },
    "pointsx": [
      48.9467964,
      48.9468321,
      48.9468490,
      48.9468376,
      48.9469168,
      48.9469281,
      48.9470697,
      48.9471031,
      48.9471264,
      48.9474242,
      48.9476163,
      48.9476835,
      48.9476930,
      48.9476401,
      48.9475151,
      48.9478352,
      48.9478388,
      48.9478661,
      48.9473912,
      48.9470091,
      48.9469875,
      48.9470197,
      48.9471912,
      48.9472717,
      48.9472565,
      48.9471742,
      48.9495120,
      48.9490248,
      48.9491307,
      48.9490053,
      48.9492809,
      48.9497578,
      48.9498047,
      48.9498915,
      48.9498836,
      48.9498077,
      48.9498766,
      48.9498153,
      48.9498704,
      48.9487022,
      48.9472200,
      48.9467117,
      48.9461206,
      48.9462650,
      48.9463524,
      48.9464101,
      48.9464221,
      48.9464410,
      48.9464167,
      48.9458919,
      48.9458369,
      48.9448695,
      48.9448791,
      48.9444853,
      48.9443320,
      48.9440864,
      48.9439515,
      48.9439899,
      48.9435054,
      48.9434213,
      48.9429665,
      48.9428932,
      48.9424331,
      48.9425954,
      48.9423662,
      48.9423047,
      48.9416139,
      48.9407072,
      48.9397243,
      48.9394731,
      48.9382381,
      48.9381148,
      48.9379230,
      48.9378911,
      48.9378685,
      48.9378319,
      48.9378278,
      48.9372898,
      48.9361190,
      48.9357741,
      48.9354717,
      48.9348029,
      48.9341276,
      48.9338655,
      48.9337023,
      48.9331600,
      48.9329633,
      48.9324144,
      48.9322513,
      48.9318170,
      48.9313025,
      48.9309716,
      48.9307714,
      48.9301634,
      48.9299795,
      48.9298337,
      48.9296149,
      48.9294812,
      48.9289630,
      48.9285965,
      48.9284340,
      48.9274903,
      48.9273899,
      48.9266178,
      48.9261146,
      48.9253132,
      48.9249595,
      48.9246259,
      48.9241182,
      48.9236742,
      48.9231500,
      48.9230797,
      48.9226813,
      48.9223770,
      48.9220562,
      48.9218832,
      48.9217996,
      48.9216092,
      48.9214417,
      48.9213128,
      48.9212144,
      48.9210674,
      48.9209795,
      48.9197433,
      48.9190804,
      48.9186037,
      48.9193228,
      48.9192694,
      48.9196083,
      48.9201561,
      48.9216968,
      48.9217523,
      48.9218273,
      48.9218549,
      48.9218982,
      48.9219771,
      48.9220520,
      48.9222371,
      48.9224101,
      48.9227092,
      48.9230319,
      48.9235315,
      48.9236858,
      48.9241610,
      48.9242231,
      48.9241790,
      48.9244010,
      48.9246039,
      48.9248067,
      48.9253725,
      48.9253604,
      48.9253370,
      48.9252471,
      48.9252500,
      48.9252702,
      48.9253794,
      48.9255408,
      48.9258234,
      48.9260349,
      48.9262363,
      48.9262629,
      48.9261937,
      48.9258676,
      48.9262982,
      48.9261135,
      48.9260080,
      48.9259054,
      48.9270841,
      48.9270636,
      48.9272356,
      48.9268743,
      48.9270936,
      48.9272968,
      48.9275296,
      48.9277208,
      48.9278742,
      48.9282012,
      48.9284067,
      48.9287632,
      48.9292643,
      48.9294101,
      48.9295218,
      48.9296059,
      48.9297073,
      48.9298189,
      48.9299345,
      48.9301280,
      48.9302275,
      48.9306751,
      48.9303059,
      48.9303186,
      48.9303797,
      48.9304203,
      48.9315008,
      48.9319081,
      48.9327578,
      48.9329606,
      48.9331219,
      48.9332638,
      48.9346967,
      48.9355505,
      48.9389679,
      48.9384633,
      48.9399426,
      48.9422351,
      48.9441288,
      48.9446170,
      48.9454021,
      48.9462159
    ],
    "pointsy": [
      9.0024924,
      9.0056867,
      9.0076562,
      9.0088433,
      9.0101592,
      9.0104860,
      9.0104000,
      9.0114666,
      9.0142265,
      9.0155180,
      9.0164447,
      9.0170138,
      9.0176048,
      9.0179186,
      9.0181666,
      9.0178224,
      9.0181728,
      9.0184621,
      9.0186575,
      9.0211948,
      9.0216599,
      9.0223290,
      9.0242139,
      9.0253398,
      9.0256763,
      9.0265268,
      9.0257779,
      9.0284403,
      9.0284183,
      9.0288572,
      9.0288105,
      9.0320380,
      9.0324635,
      9.0347255,
      9.0360187,
      9.0379475,
      9.0388440,
      9.0397464,
      9.0406328,
      9.0413488,
      9.0422404,
      9.0426424,
      9.0427214,
      9.0429982,
      9.0433760,
      9.0437226,
      9.0440278,
      9.0443884,
      9.0448083,
      9.0450014,
      9.0448386,
      9.0451793,
      9.0454360,
      9.0461210,
      9.0459448,
      9.0464419,
      9.0463869,
      9.0461405,
      9.0459137,
      9.0461257,
      9.0458848,
      9.0456806,
      9.0463138,
      9.0464311,
      9.0471430,
      9.0472474,
      9.0477810,
      9.0487717,
      9.0466520,
      9.0461104,
      9.0480176,
      9.0475733,
      9.0469973,
      9.0467057,
      9.0461228,
      9.0461228,
      9.0453543,
      9.0441029,
      9.0450554,
      9.0453072,
      9.0443650,
      9.0447569,
      9.0430183,
      9.0425920,
      9.0425714,
      9.0420508,
      9.0417186,
      9.0408201,
      9.0405262,
      9.0397276,
      9.0389121,
      9.0382655,
      9.0378228,
      9.0370739,
      9.0366762,
      9.0360702,
      9.0346495,
      9.0342791,
      9.0337240,
      9.0335042,
      9.0334462,
      9.0345052,
      9.0346179,
      9.0348930,
      9.0340013,
      9.0327647,
      9.0322183,
      9.0319220,
      9.0314476,
      9.0309277,
      9.0304351,
      9.0303689,
      9.0299014,
      9.0293236,
      9.0288982,
      9.0286716,
      9.0283763,
      9.0279067,
      9.0273921,
      9.0268661,
      9.0262061,
      9.0256425,
      9.0251283,
      9.0260064,
      9.0240556,
      9.0225894,
      9.0208336,
      9.0206214,
      9.0195176,
      9.0198813,
      9.0204648,
      9.0200484,
      9.0193319,
      9.0187647,
      9.0181198,
      9.0173078,
      9.0165914,
      9.0157495,
      9.0158451,
      9.0156840,
      9.0158214,
      9.0161440,
      9.0163262,
      9.0165742,
      9.0165844,
      9.0158185,
      9.0148569,
      9.0146410,
      9.0142794,
      9.0127372,
      9.0124147,
      9.0121026,
      9.0117423,
      9.0116942,
      9.0113590,
      9.0104864,
      9.0100347,
      9.0096693,
      9.0091795,
      9.0082387,
      9.0078085,
      9.0075209,
      9.0067778,
      9.0065489,
      9.0061039,
      9.0058279,
      9.0053652,
      9.0049114,
      9.0047823,
      9.0047125,
      9.0019483,
      9.0019182,
      9.0019366,
      9.0020107,
      9.0022648,
      9.0021096,
      9.0029090,
      9.0029483,
      9.0018125,
      9.0013885,
      9.0005499,
      8.9998483,
      8.9991716,
      8.9988466,
      8.9989283,
      8.9987989,
      8.9986848,
      8.9987093,
      8.9988801,
      9.0012278,
      9.0015983,
      9.0019350,
      9.0022662,
      9.0017040,
      9.0015481,
      9.0013389,
      8.9990313,
      8.9990499,
      8.9970186,
      8.9972586,
      8.9973946,
      8.9979331,
      9.0028602,
      9.0024556,
      9.0018907,
      9.0020349,
      9.0020726,
      9.0022058,
      9.0023936
    ]
  }
}