{"id":405809,"name":"Asperg","polygon":{"numberOfPoints":212,"box":{"min":{"x":48.8914407,"y":9.1228717},"max":{"x":48.9208176,"y":9.1628886},"center":{"x":48.90612915,"y":9.14288015},"area":{"x":0.0293769,"y":0.0400169}},"pointsx":[48.9088822,48.9080895,48.9073556,48.9073103,48.9072148,48.9062992,48.9059271,48.9059183,48.9048288,48.9045602,48.9045022,48.9046404,48.9028811,48.9028948,48.9029130,48.8982753,48.8983430,48.8984240,48.8984981,48.8985243,48.8985529,48.8985449,48.8985367,48.8985353,48.8983114,48.8982410,48.8974862,48.8958572,48.8958202,48.8958167,48.8953534,48.8950954,48.8941505,48.8944380,48.8946407,48.8948626,48.8948669,48.8958970,48.8962012,48.8963159,48.8965113,48.8965503,48.8968445,48.8971688,48.8971622,48.8971465,48.8971490,48.8971790,48.8972457,48.8972688,48.8971753,48.8970635,48.8969471,48.8968216,48.8967031,48.8964864,48.8963086,48.8962219,48.8961512,48.8959823,48.8959778,48.8955167,48.8954299,48.8953316,48.8951534,48.8948541,48.8941343,48.8941182,48.8938715,48.8930769,48.8930794,48.8930660,48.8930414,48.8930102,48.8929609,48.8928899,48.8928675,48.8928039,48.8927379,48.8925970,48.8923460,48.8914407,48.8914744,48.8915893,48.8917157,48.8918351,48.8919527,48.8919637,48.8921149,48.8922799,48.8924427,48.8925985,48.8927124,48.8927554,48.8930571,48.8933734,48.8936811,48.8938384,48.8940391,48.8942454,48.8946802,48.8947571,48.8947363,48.8948988,48.8950254,48.8952042,48.8953150,48.8954621,48.8955323,48.8955865,48.8956248,48.8956541,48.8956764,48.8956920,48.8956938,48.8957161,48.8957636,48.8958384,48.8962354,48.8964782,48.8966052,48.8968185,48.8970353,48.8970290,48.8974658,48.8976716,48.8977475,48.8985234,48.8985802,48.8986427,48.8997709,48.8999311,48.9001354,48.9004454,48.9010082,48.9015302,48.9029577,48.9044946,48.9045318,48.9049774,48.9068133,48.9067726,48.9068476,48.9071913,48.9081993,48.9084233,48.9109610,48.9112916,48.9117601,48.9126824,48.9128786,48.9132042,48.9130722,48.9136979,48.9137652,48.9148843,48.9153037,48.9155942,48.9175682,48.9178949,48.9179981,48.9181290,48.9181090,48.9180385,48.9176765,48.9178663,48.9173820,48.9171231,48.9166611,48.9156722,48.9150386,48.9149382,48.9148289,48.9148502,48.9149058,48.9148635,48.9152587,48.9162894,48.9182434,48.9193812,48.9199376,48.9202146,48.9203653,48.9206325,48.9205282,48.9208176,48.9196193,48.9196093,48.9196015,48.9184869,48.9183990,48.9176497,48.9169726,48.9169519,48.9169378,48.9159911,48.9153754,48.9148808,48.9144299,48.9139200,48.9132227,48.9132215,48.9132066,48.9131638,48.9125058,48.9120729,48.9118304,48.9118099,48.9113455,48.9113887,48.9106524,48.9089765],"pointsy":[9.1265109,9.1263869,9.1262719,9.1259666,9.1259993,9.1260981,9.1261720,9.1228717,9.1230928,9.1229793,9.1230002,9.1241515,9.1240642,9.1243486,9.1252868,9.1254647,9.1258115,9.1262729,9.1267342,9.1272401,9.1276630,9.1280856,9.1289878,9.1291493,9.1291341,9.1324702,9.1328121,9.1327378,9.1327374,9.1331845,9.1331400,9.1331314,9.1330458,9.1347805,9.1358111,9.1364815,9.1365820,9.1397597,9.1395399,9.1399573,9.1408922,9.1410306,9.1424504,9.1424217,9.1425811,9.1427717,9.1430281,9.1432636,9.1435371,9.1437518,9.1438630,9.1439016,9.1439539,9.1440374,9.1441416,9.1443918,9.1446142,9.1446975,9.1447220,9.1447503,9.1448681,9.1449526,9.1449425,9.1448908,9.1447978,9.1446705,9.1443261,9.1442084,9.1442196,9.1442635,9.1443952,9.1446239,9.1449982,9.1455838,9.1462284,9.1477877,9.1481134,9.1483735,9.1486162,9.1490497,9.1498372,9.1493983,9.1497321,9.1503103,9.1508642,9.1513697,9.1518607,9.1519064,9.1523703,9.1528340,9.1533081,9.1537477,9.1535465,9.1536446,9.1542427,9.1552153,9.1560075,9.1560017,9.1560378,9.1564344,9.1574528,9.1576509,9.1577444,9.1582896,9.1586441,9.1591063,9.1594120,9.1597804,9.1599577,9.1601106,9.1602494,9.1603814,9.1605236,9.1606623,9.1608148,9.1609467,9.1610822,9.1612352,9.1619451,9.1623385,9.1625473,9.1628886,9.1628831,9.1624746,9.1612388,9.1609234,9.1605711,9.1605533,9.1605663,9.1604687,9.1588483,9.1585334,9.1578857,9.1558165,9.1559058,9.1559256,9.1559100,9.1564073,9.1560780,9.1560932,9.1557625,9.1550545,9.1550454,9.1550226,9.1550440,9.1550989,9.1549775,9.1562959,9.1593360,9.1589373,9.1605861,9.1604439,9.1626130,9.1622350,9.1624389,9.1617226,9.1624601,9.1621379,9.1595528,9.1591780,9.1588473,9.1581418,9.1574169,9.1566269,9.1559753,9.1552031,9.1531689,9.1520815,9.1501411,9.1459889,9.1434929,9.1433260,9.1430724,9.1426877,9.1422095,9.1373656,9.1374645,9.1376636,9.1379709,9.1382675,9.1383581,9.1360487,9.1346935,9.1319589,9.1314314,9.1290643,9.1293606,9.1291964,9.1290692,9.1291349,9.1291401,9.1291476,9.1291544,9.1292978,9.1294005,9.1297222,9.1302082,9.1307607,9.1310638,9.1312002,9.1312524,9.1311000,9.1298136,9.1294667,9.1261909,9.1252702,9.1254460,9.1253695,9.1255824,9.1257629,9.1259088,9.1264789]}}