{
  "numberOfPolygons": 1,
  "box": {
    "min": {
      "x": 49.1647923,
      "y": 9.2930751
    },
    "max": {
      "x": 49.1998821,
      "y": 9.3698828
    },
    "center": {
      "x": 49.1823372,
      "y": 9.33147895
    }
  },
  "polygons": [
    {
      "numberOfPoints": 371,
      "box": {
        "min": {
          "x": 49.1647923,
          "y": 9.2930751
        },
        "max": {
          "x": 49.1998821,
          "y": 9.3698828
        },
        "center": {
          "x": 49.1823372,
          "y": 9.33147895
        }
      },
      "pointsx": [
        49.1874100,
        49.1880828,
        49.1885517,
        49.1889244,
        49.1894021,
        49.1897106,
        49.1901475,
        49.1903010,
        49.1904499,
        49.1904878,
        49.1904690,
        49.1904605,
        49.1905918,
        49.1907915,
        49.1909954,
        49.1912952,
        49.1918649,
        49.1921029,
        49.1922427,
        49.1924483,
        49.1927604,
        49.1928009,
        49.1928847,
        49.1929822,
        49.1931093,
        49.1933043,
        49.1934809,
        49.1936438,
        49.1937027,
        49.1938760,
        49.1940395,
        49.1941559,
        49.1942756,
        49.1944582,
        49.1944915,
        49.1946223,
        49.1947824,
        49.1948954,
        49.1951310,
        49.1952193,
        49.1952874,
        49.1956992,
        49.1960025,
        49.1961405,
        49.1963526,
        49.1966185,
        49.1967860,
        49.1970348,
        49.1972468,
        49.1971932,
        49.1973036,
        49.1973651,
        49.1973875,
        49.1973971,
        49.1973977,
        49.1974256,
        49.1974641,
        49.1975863,
        49.1978293,
        49.1979430,
        49.1981109,
        49.1984116,
        49.1989484,
        49.1989676,
        49.1989951,
        49.1990157,
        49.1990662,
        49.1990938,
        49.1991237,
        49.1991696,
        49.1992041,
        49.1992385,
        49.1994172,
        49.1996278,
        49.1997217,
        49.1997904,
        49.1998339,
        49.1998729,
        49.1998798,
        49.1998821,
        49.1998799,
        49.1998572,
        49.1998323,
        49.1996638,
        49.1996367,
        49.1995911,
        49.1995470,
        49.1992922,
        49.1989127,
        49.1986931,
        49.1985203,
        49.1984413,
        49.1983949,
        49.1983079,
        49.1981664,
        49.1979219,
        49.1969142,
        49.1965720,
        49.1963483,
        49.1960628,
        49.1957588,
        49.1955302,
        49.1952008,
        49.1927949,
        49.1918340,
        49.1916225,
        49.1911706,
        49.1910023,
        49.1909728,
        49.1910012,
        49.1909593,
        49.1905517,
        49.1900919,
        49.1897490,
        49.1895366,
        49.1893696,
        49.1891473,
        49.1886579,
        49.1883987,
        49.1882705,
        49.1881427,
        49.1879423,
        49.1872870,
        49.1871618,
        49.1870842,
        49.1869127,
        49.1865142,
        49.1864384,
        49.1863646,
        49.1863018,
        49.1863687,
        49.1863877,
        49.1863630,
        49.1863272,
        49.1862850,
        49.1862409,
        49.1861740,
        49.1860776,
        49.1860067,
        49.1859041,
        49.1857879,
        49.1856423,
        49.1853089,
        49.1852600,
        49.1852874,
        49.1850240,
        49.1854777,
        49.1856247,
        49.1851586,
        49.1850477,
        49.1849458,
        49.1846775,
        49.1846313,
        49.1845621,
        49.1838898,
        49.1835628,
        49.1830563,
        49.1822272,
        49.1820787,
        49.1820280,
        49.1808862,
        49.1803634,
        49.1802803,
        49.1801496,
        49.1799970,
        49.1789678,
        49.1788163,
        49.1786669,
        49.1784648,
        49.1778509,
        49.1778048,
        49.1767983,
        49.1769581,
        49.1767952,
        49.1765846,
        49.1761355,
        49.1761008,
        49.1758676,
        49.1751194,
        49.1739776,
        49.1738052,
        49.1729820,
        49.1719857,
        49.1718556,
        49.1714533,
        49.1703247,
        49.1699980,
        49.1700212,
        49.1699134,
        49.1698890,
        49.1698205,
        49.1697224,
        49.1696403,
        49.1694575,
        49.1691830,
        49.1694417,
        49.1688738,
        49.1686594,
        49.1685409,
        49.1684109,
        49.1679531,
        49.1674067,
        49.1667552,
        49.1663217,
        49.1660757,
        49.1659987,
        49.1661170,
        49.1658670,
        49.1657747,
        49.1656715,
        49.1654675,
        49.1655388,
        49.1655848,
        49.1655967,
        49.1655904,
        49.1655740,
        49.1656231,
        49.1656363,
        49.1656220,
        49.1655872,
        49.1655321,
        49.1654868,
        49.1652782,
        49.1651303,
        49.1649643,
        49.1648217,
        49.1647923,
        49.1647985,
        49.1648480,
        49.1649453,
        49.1651589,
        49.1652180,
        49.1654339,
        49.1655292,
        49.1655832,
        49.1656680,
        49.1656765,
        49.1656782,
        49.1656389,
        49.1655055,
        49.1655383,
        49.1657701,
        49.1660571,
        49.1662487,
        49.1664692,
        49.1666498,
        49.1668462,
        49.1669610,
        49.1671000,
        49.1672955,
        49.1674284,
        49.1676961,
        49.1679551,
        49.1681667,
        49.1683902,
        49.1685909,
        49.1687283,
        49.1688538,
        49.1689192,
        49.1689605,
        49.1690611,
        49.1691814,
        49.1692955,
        49.1694148,
        49.1695343,
        49.1697649,
        49.1698787,
        49.1700197,
        49.1701837,
        49.1703865,
        49.1704898,
        49.1705413,
        49.1705653,
        49.1706034,
        49.1708255,
        49.1709835,
        49.1712165,
        49.1716819,
        49.1719282,
        49.1723981,
        49.1730258,
        49.1743785,
        49.1741863,
        49.1741457,
        49.1741672,
        49.1741148,
        49.1741280,
        49.1741186,
        49.1743348,
        49.1744286,
        49.1745805,
        49.1749092,
        49.1749456,
        49.1747577,
        49.1742867,
        49.1735196,
        49.1733254,
        49.1742043,
        49.1744218,
        49.1745373,
        49.1747809,
        49.1752415,
        49.1755325,
        49.1753989,
        49.1757211,
        49.1754954,
        49.1754172,
        49.1760159,
        49.1761989,
        49.1763655,
        49.1764659,
        49.1766861,
        49.1767404,
        49.1768039,
        49.1768499,
        49.1769276,
        49.1770167,
        49.1770717,
        49.1771244,
        49.1771822,
        49.1773437,
        49.1774670,
        49.1776791,
        49.1777037,
        49.1777212,
        49.1777663,
        49.1778867,
        49.1780002,
        49.1780931,
        49.1782651,
        49.1784596,
        49.1785978,
        49.1786516,
        49.1786688,
        49.1787047,
        49.1787155,
        49.1786962,
        49.1787136,
        49.1787290,
        49.1787174,
        49.1786963,
        49.1786546,
        49.1785696,
        49.1785371,
        49.1784947,
        49.1784678,
        49.1787103,
        49.1795175,
        49.1801344,
        49.1803701,
        49.1815907,
        49.1822625,
        49.1825349,
        49.1828279,
        49.1830338,
        49.1832280,
        49.1837053,
        49.1838148,
        49.1837775,
        49.1836838,
        49.1836600,
        49.1836907,
        49.1838317,
        49.1840958,
        49.1841990,
        49.1842768,
        49.1844209,
        49.1845672,
        49.1847206,
        49.1852154,
        49.1860598
