{"id":410469,"name":"Bad Wimpfen","polygon":{"numberOfPoints":334,"box":{"min":{"x":49.2065716,"y":9.1094339},"max":{"x":49.2512855,"y":9.2038163},"center":{"x":49.22892855,"y":9.1566251},"area":{"x":0.0447139,"y":0.0943824}},"pointsx":[49.2097190,49.2109409,49.2123232,49.2132137,49.2139651,49.2143655,49.2152276,49.2154688,49.2156874,49.2159493,49.2161092,49.2165941,49.2169629,49.2171671,49.2175491,49.2176641,49.2178314,49.2182092,49.2180417,49.2183197,49.2199099,49.2199800,49.2202657,49.2210475,49.2213125,49.2214815,49.2218256,49.2223086,49.2228279,49.2230691,49.2232965,49.2234035,49.2235569,49.2236885,49.2237833,49.2239592,49.2240100,49.2242708,49.2244358,49.2245710,49.2247975,49.2249417,49.2256477,49.2262567,49.2267773,49.2271929,49.2273689,49.2277962,49.2284478,49.2292204,49.2298808,49.2301891,49.2309544,49.2312399,49.2327355,49.2327168,49.2329818,49.2329461,49.2329063,49.2328367,49.2342095,49.2344726,49.2346664,49.2350133,49.2352210,49.2354444,49.2357401,49.2360807,49.2361476,49.2366860,49.2367462,49.2369480,49.2375478,49.2398732,49.2402157,49.2413129,49.2419903,49.2413419,49.2410305,49.2410494,49.2412569,49.2417244,49.2421686,49.2423693,49.2434664,49.2445321,49.2456039,49.2469209,49.2469307,49.2469585,49.2469648,49.2469933,49.2470930,49.2472660,49.2474162,49.2475060,49.2476096,49.2476231,49.2477537,49.2480490,49.2485925,49.2494309,49.2498551,49.2499853,49.2504127,49.2512855,49.2511089,49.2508455,49.2503008,49.2500792,49.2499761,49.2499369,49.2498090,49.2494652,49.2492588,49.2489745,49.2486740,49.2483916,49.2482581,49.2481077,49.2479250,49.2473677,49.2470513,49.2466657,49.2450001,49.2447078,49.2446772,49.2440664,49.2433514,49.2435499,49.2429751,49.2422197,49.2415100,49.2408000,49.2398821,49.2389616,49.2380182,49.2370792,49.2363047,49.2355254,49.2348419,49.2343068,49.2337019,49.2331297,49.2326640,49.2323279,49.2319473,49.2316413,49.2313630,49.2311666,49.2309259,49.2308082,49.2307111,49.2306854,49.2306826,49.2306885,49.2307783,49.2308483,49.2310298,49.2315073,49.2320832,49.2328631,49.2331643,49.2335331,49.2337333,49.2340066,49.2343139,49.2349719,49.2354064,49.2353900,49.2353550,49.2352513,49.2351180,49.2350055,49.2348542,49.2346550,49.2343847,49.2340363,49.2337633,49.2334559,49.2332355,49.2332080,49.2331885,49.2331740,49.2330993,49.2330249,49.2329483,49.2328720,49.2327448,49.2326412,49.2325147,49.2323999,49.2322783,49.2321431,49.2319665,49.2317376,49.2315451,49.2313391,49.2311056,49.2307303,49.2301193,49.2295379,49.2289153,49.2276404,49.2270085,49.2263607,49.2256946,49.2253879,49.2248022,49.2242623,49.2233631,49.2227535,49.2224240,49.2220736,49.2216636,49.2214045,49.2209257,49.2205800,49.2203487,49.2201289,49.2198908,49.2196481,49.2192865,49.2189386,49.2183507,49.2170515,49.2179409,49.2175585,49.2174673,49.2174505,49.2175832,49.2173491,49.2173060,49.2172562,49.2171086,49.2168022,49.2164823,49.2176615,49.2175568,49.2160829,49.2151302,49.2151084,49.2156706,49.2155398,49.2154880,49.2154773,49.2154662,49.2164492,49.2159980,49.2162886,49.2172624,49.2171270,49.2170647,49.2170151,49.2171571,49.2171582,49.2171603,49.2171523,49.2171093,49.2170514,49.2170024,49.2169921,49.2170033,49.2170272,49.2170415,49.2170720,49.2171680,49.2172009,49.2172084,49.2172255,49.2172314,49.2166285,49.2159252,49.2158637,49.2157888,49.2157806,49.2157452,49.2157096,49.2156621,49.2156213,49.2154648,49.2153354,49.2149124,49.2141190,49.2137624,49.2135728,49.2135445,49.2134997,49.2133408,49.2131185,49.2128757,49.2125349,49.2121805,49.2116254,49.2107896,49.2102758,49.2097908,49.2095678,49.2094450,49.2092867,49.2087405,49.2082902,49.2080000,49.2074767,49.2068710,49.2067225,49.2065716,49.2066889,49.2069537,49.2072112,49.2075024,49.2083748,49.2082902,49.2085905,49.2085671,49.2084970,49.2084031,49.2086143,49.2081357,49.2083025,49.2081104,49.2084761,49.2085216,49.2091285,49.2089888,49.2088951,49.2087636,49.2086240,49.2085920,49.2086781,49.2088782,49.2091617,49.2094523,49.2097276],"pointsy":[9.1143774,9.1141162,9.1138918,9.1144924,9.1150359,9.1154161,9.1162360,9.1164438,9.1165992,9.1167515,9.1167494,9.1165343,9.1162483,9.1159958,9.1152569,9.1150488,9.1148969,9.1146319,9.1142470,9.1138174,9.1124270,9.1126019,9.1125348,9.1122944,9.1122515,9.1122635,9.1124270,9.1126998,9.1130391,9.1132505,9.1135000,9.1135567,9.1134465,9.1132594,9.1129763,9.1124460,9.1122864,9.1119297,9.1117256,9.1115251,9.1110978,9.1107654,9.1101603,9.1096724,9.1094779,9.1094339,9.1094435,9.1095286,9.1097485,9.1099888,9.1100937,9.1100746,9.1100359,9.1099961,9.1096326,9.1117714,9.1118015,9.1122657,9.1129532,9.1136059,9.1147225,9.1149306,9.1149548,9.1148907,9.1160235,9.1172616,9.1188161,9.1197493,9.1199980,9.1220951,9.1221330,9.1220687,9.1217680,9.1225871,9.1214133,9.1216628,9.1210664,9.1192030,9.1178474,9.1171076,9.1168659,9.1164937,9.1179499,9.1178129,9.1211639,9.1205377,9.1206651,9.1210949,9.1214368,9.1226789,9.1234568,9.1240115,9.1246530,9.1254617,9.1262392,9.1265632,9.1268160,9.1268487,9.1270261,9.1274947,9.1282945,9.1288609,9.1310361,9.1310467,9.1365065,9.1363541,9.1380085,9.1393100,9.1415782,9.1415394,9.1419931,9.1422920,9.1426950,9.1440380,9.1449206,9.1462114,9.1476208,9.1491001,9.1501991,9.1523240,9.1522505,9.1519445,9.1526217,9.1528728,9.1534471,9.1527106,9.1526335,9.1534235,9.1550746,9.1579912,9.1576372,9.1574222,9.1572735,9.1572576,9.1573490,9.1575975,9.1579120,9.1582545,9.1586149,9.1590660,9.1596637,9.1601751,9.1608117,9.1615420,9.1621654,9.1627165,9.1634081,9.1640004,9.1646236,9.1652173,9.1660903,9.1668091,9.1674618,9.1677968,9.1680831,9.1685860,9.1695047,9.1699240,9.1706231,9.1720819,9.1740542,9.1767748,9.1779532,9.1785628,9.1788781,9.1792775,9.1797401,9.1807039,9.1814497,9.1817083,9.1820399,9.1824688,9.1828312,9.1830961,9.1833118,9.1835691,9.1839447,9.1844736,9.1849924,9.1855948,9.1860650,9.1861276,9.1866723,9.1870179,9.1877577,9.1883405,9.1888673,9.1892755,9.1899801,9.1903391,9.1907365,9.1910117,9.1912170,9.1914468,9.1917321,9.1919682,9.1922046,9.1924094,9.1926456,9.1929298,9.1934537,9.1939881,9.1945816,9.1957196,9.1963375,9.1969622,9.1975624,9.1978330,9.1982521,9.1986471,9.1992807,9.1997064,9.1999838,9.2003378,9.2007960,9.2011610,9.2017027,9.2020112,9.2022367,9.2024588,9.2026528,9.2028851,9.2031622,9.2034394,9.2038163,9.2009736,9.2006195,9.1974090,9.1968509,9.1967486,9.1966691,9.1953306,9.1952013,9.1950334,9.1946659,9.1938926,9.1930460,9.1928261,9.1917118,9.1919893,9.1893306,9.1889291,9.1869532,9.1862648,9.1859434,9.1856570,9.1855242,9.1842211,9.1828780,9.1825581,9.1814875,9.1807097,9.1800356,9.1797281,9.1795334,9.1781511,9.1772644,9.1767617,9.1766184,9.1765598,9.1764152,9.1759160,9.1750677,9.1746385,9.1743873,9.1740104,9.1729987,9.1726183,9.1723356,9.1718434,9.1712919,9.1712467,9.1711591,9.1710958,9.1708790,9.1704949,9.1699921,9.1695800,9.1693912,9.1692409,9.1687653,9.1684156,9.1685808,9.1689254,9.1690770,9.1658014,9.1652465,9.1644090,9.1635087,9.1629052,9.1623263,9.1617928,9.1613780,9.1609357,9.1603862,9.1600987,9.1598462,9.1597302,9.1596932,9.1596456,9.1596686,9.1597510,9.1597920,9.1597870,9.1597608,9.1597533,9.1598052,9.1591602,9.1576752,9.1559222,9.1546236,9.1505498,9.1487524,9.1486372,9.1482319,9.1462306,9.1443847,9.1443291,9.1418446,9.1417370,9.1364322,9.1335104,9.1326322,9.1271865,9.1235593,9.1215747,9.1201533,9.1191031,9.1185381,9.1181417,9.1177637,9.1171076,9.1163853,9.1154887]}}