{"id":410500,"name":"Nordheim","polygon":{"numberOfPoints":520,"box":{"min":{"x":49.0966748,"y":9.0686891},"max":{"x":49.1255083,"y":9.1511069},"center":{"x":49.11109155,"y":9.1098980},"area":{"x":0.0288335,"y":0.0824178}},"pointsx":[49.0976181,49.0978368,49.0980698,49.0982508,49.0984976,49.0986011,49.0990725,49.0991765,49.0992297,49.0996824,49.1000031,49.1001305,49.1002290,49.1003133,49.1003591,49.1003823,49.1004551,49.1005018,49.1006140,49.1007580,49.1008458,49.1009119,49.1010094,49.1010693,49.1011950,49.1013252,49.1014047,49.1018386,49.1025623,49.1027608,49.1032962,49.1033767,49.1036453,49.1043058,49.1044242,49.1044344,49.1047668,49.1051584,49.1054885,49.1056776,49.1058533,49.1060542,49.1060775,49.1065362,49.1069903,49.1073985,49.1077634,49.1082104,49.1085039,49.1089508,49.1093768,49.1098024,49.1101281,49.1102938,49.1105410,49.1108144,49.1110356,49.1111716,49.1112486,49.1113784,49.1116183,49.1120709,49.1113440,49.1114861,49.1117431,49.1119191,49.1122868,49.1126299,49.1129456,49.1131436,49.1131638,49.1137185,49.1142961,49.1150960,49.1155524,49.1153288,49.1160885,49.1166974,49.1171480,49.1169329,49.1168104,49.1169677,49.1174352,49.1180694,49.1181166,49.1187234,49.1189812,49.1189910,49.1190162,49.1192101,49.1192256,49.1193557,49.1196816,49.1197420,49.1198516,49.1199379,49.1210146,49.1210204,49.1210624,49.1215722,49.1225303,49.1228362,49.1231170,49.1234224,49.1238168,49.1239825,49.1244838,49.1250564,49.1251126,49.1251291,49.1251984,49.1252065,49.1251560,49.1251324,49.1251177,49.1251172,49.1250836,49.1250733,49.1250769,49.1250559,49.1250580,49.1250612,49.1251144,49.1251553,49.1251633,49.1250606,49.1250837,49.1251378,49.1251602,49.1251758,49.1251712,49.1251452,49.1251573,49.1251534,49.1251482,49.1251377,49.1251226,49.1251060,49.1250657,49.1250053,49.1249751,49.1250347,49.1251743,49.1253230,49.1255083,49.1253688,49.1252974,49.1252195,49.1250312,49.1248384,49.1246917,49.1244377,49.1241604,49.1241411,49.1239922,49.1238549,49.1236604,49.1235273,49.1233374,49.1231794,49.1230613,49.1229435,49.1229321,49.1229286,49.1229408,49.1229501,49.1229518,49.1229946,49.1230502,49.1230760,49.1231196,49.1231396,49.1231349,49.1231177,49.1230853,49.1231388,49.1232224,49.1234241,49.1237193,49.1241675,49.1242112,49.1241760,49.1240595,49.1237657,49.1235022,49.1231879,49.1230332,49.1227247,49.1226898,49.1224981,49.1223199,49.1223961,49.1224720,49.1225324,49.1226195,49.1226973,49.1227678,49.1228523,49.1226218,49.1224029,49.1219311,49.1216775,49.1217203,49.1218030,49.1221982,49.1223458,49.1226342,49.1228299,49.1230141,49.1234162,49.1236263,49.1238064,49.1238964,49.1240467,49.1241921,49.1243332,49.1245522,49.1247755,49.1248959,49.1251231,49.1253205,49.1252877,49.1252194,49.1251118,49.1250441,49.1249945,49.1249335,49.1248931,49.1248684,49.1248571,49.1248571,49.1248321,49.1247794,49.1247679,49.1247624,49.1247600,49.1247712,49.1247922,49.1248317,49.1248963,49.1249320,49.1249447,49.1249339,49.1249076,49.1249201,49.1249434,49.1249624,49.1249747,49.1249497,49.1248685,49.1248139,49.1247911,49.1247733,49.1247233,49.1246596,49.1245704,49.1244650,49.1243570,49.1242590,49.1241314,49.1239897,49.1237907,49.1235854,49.1234050,49.1232684,49.1231115,49.1229802,49.1227890,49.1226505,49.1224564,49.1223039,49.1221422,49.1219709,49.1218207,49.1216494,49.1212341,49.1210946,49.1208465,49.1206690,49.1204804,49.1203098,49.1201281,49.1199124,49.1197465,49.1195740,49.1193561,49.1191838,49.1189797,49.1188277,49.1186327,49.1183944,49.1182106,49.1183913,49.1186633,49.1188874,49.1192394,49.1195711,49.1195078,49.1193787,49.1191817,49.1189254,49.1187305,49.1185831,49.1184614,49.1183279,49.1182353,49.1180813,49.1178292,49.1177160,49.1175706,49.1174539,49.1171587,49.1169250,49.1167507,49.1168344,49.1168882,49.1169398,49.1169888,49.1170288,49.1171395,49.1172342,49.1173763,49.1175890,49.1177114,49.1174607,49.1172973,49.1171569,49.1171011,49.1170750,49.1170804,49.1160455,49.1157600,49.1153306,49.1150839,49.1151331,49.1151913,49.1152864,49.1153928,49.1147416,49.1142709,49.1138937,49.1137632,49.1136769,49.1136093,49.1135666,49.1135764,49.1135904,49.1133685,49.1131858,49.1128683,49.1129133,49.1126367,49.1125576,49.1124407,49.1120649,49.1120506,49.1118425,49.1115703,49.1113420,49.1108898,49.1104034,49.1099581,49.1096452,49.1093142,49.1091432,49.1092000,49.1092177,49.1092122,49.1092228,49.1092070,49.1091955,49.1092214,49.1092464,49.1092321,49.1091975,49.1091581,49.1082384,49.1079821,49.1070897,49.1070966,49.1070948,49.1070696,49.1070611,49.1070758,49.1070800,49.1071760,49.1073309,49.1074786,49.1073230,49.1071492,49.1069414,49.1067246,49.1065766,49.1064308,49.1062421,49.1060534,49.1059101,49.1057848,49.1055979,49.1054242,49.1052298,49.1050718,49.1052107,49.1052618,49.1052653,49.1052636,49.1052695,49.1050706,49.1046751,49.1043159,49.1039271,49.1034786,49.1034514,49.1034249,49.1033952,49.1033890,49.1033876,49.1033886,49.1034069,49.1034338,49.1035465,49.1036871,49.1038692,49.1039247,49.1039706,49.1040982,49.1041990,49.1042936,49.1044043,49.1044620,49.1045059,49.1045328,49.1045309,49.1045243,49.1045361,49.1045683,49.1046611,49.1047391,49.1047959,49.1048337,49.1048282,49.1048263,49.1048423,49.1047298,49.1046674,49.1046853,49.1047234,49.1050936,49.1051007,49.1051574,49.1052398,49.1050338,49.1050796,49.1051056,49.1051037,49.1051070,49.1050917,49.1050603,49.1050305,49.1050159,49.1049726,49.1049028,49.1044558,49.1038308,49.1038145,49.1038066,49.1033362,49.1027832,49.1027757,49.1026973,49.1020358,49.1020245,49.1018018,49.1018111,49.1018167,49.1018374,49.1018494,49.1018561,49.1014928,49.1010953,49.1007504,49.1003937,49.0999967,49.0997312,49.0994832,49.0993417,49.0992719,49.0990889,49.0975437,49.0966748,49.0966949,49.0974320,49.0972945,49.0973822,49.0975094,49.0976177,49.0977395,49.0980368,49.0980921,49.0982028,49.0983318,49.0984632,49.0985830,49.0987536,49.0989447,49.0991801,49.0992101,49.0992335,49.0992663,49.0992966,49.0993337,49.0994121,49.0994973,49.0996446,49.0997590,49.0999048,49.0995440,49.0992240,49.0990018,49.0983035],