{
  "numberOfPolygons": 1,
  "box": {
    "min": {
      "x": 50.9384446,
      "y": 12.6916490
    },
    "max": {
      "x": 50.9914967,
      "y": 12.8095005
    },
    "center": {
      "x": 50.96497065,
      "y": 12.75057475
    }
  },
  "polygons": [
    {
      "numberOfPoints": 156,
      "box": {
        "min": {
          "x": 50.9384446,
          "y": 12.6916490
        },
        "max": {
          "x": 50.9914967,
          "y": 12.8095005
        },
        "center": {
          "x": 50.96497065,
          "y": 12.75057475
        }
      },
      "pointsx": [
        50.9878990,
        50.9914967,
        50.9819230,
        50.9782421,
        50.9791668,
        50.9793982,
        50.9795717,
        50.9830712,
        50.9874885,
        50.9861077,
        50.9855583,
        50.9821241,
        50.9798537,
        50.9770410,
        50.9783656,
        50.9785621,
        50.9785872,
        50.9785331,
        50.9787560,
        50.9788259,
        50.9788259,
        50.9787935,
        50.9786764,
        50.9782605,
        50.9780890,
        50.9772143,
        50.9750378,
        50.9737611,
        50.9735369,
        50.9734506,
        50.9734118,
        50.9732509,
        50.9693928,
        50.9658132,
        50.9581664,
        50.9465574,
        50.9463552,
        50.9457279,
        50.9451013,
        50.9441367,
        50.9435810,
        50.9455869,
        50.9461804,
        50.9466049,
        50.9478926,
        50.9486429,
        50.9486895,
        50.9484921,
        50.9486638,
        50.9487686,
        50.9485023,
        50.9487260,
        50.9490761,
        50.9491275,
        50.9488342,
        50.9485530,
        50.9484820,
        50.9485151,
        50.9468219,
        50.9455450,
        50.9445398,
        50.9426449,
        50.9418594,
        50.9419763,
        50.9412178,
        50.9400908,
        50.9398366,
        50.9401956,
        50.9408588,
        50.9411658,
        50.9414470,
        50.9414132,
        50.9407202,
        50.9391781,
        50.9389212,
        50.9384446,
        50.9386495,
        50.9391234,
        50.9401524,
        50.9397433,
        50.9390409,
        50.9390456,
        50.9394709,
        50.9400834,
        50.9439178,
        50.9475376,
        50.9484976,
        50.9492268,
        50.9495903,
        50.9504570,
        50.9514053,
        50.9526027,
        50.9527203,
        50.9527773,
        50.9561336,
        50.9565651,
        50.9576451,
        50.9586315,
        50.9540810,
        50.9548386,
        50.9554259,
        50.9563994,
        50.9566930,
        50.9566316,
        50.9567315,
        50.9566341,
        50.9563239,
        50.9562122,
        50.9560257,
        50.9559872,
        50.9552903,
        50.9529213,
        50.9525975,
        50.9484025,
        50.9491381,
        50.9492523,
        50.9493630,
        50.9494160,
        50.9502722,
        50.9549154,
        50.9565861,
        50.9576504,
        50.9591194,
        50.9591840,
        50.9613140,
        50.9637621,
        50.9718574,
        50.9734889,
        50.9764028,
        50.9789200,
        50.9811682,
        50.9806893,
        50.9805320,
        50.9799864,
        50.9802985,
        50.9807852,
        50.9810196,
        50.9813044,
        50.9817207,
        50.9818667,
        50.9819594,
        50.9820212,
        50.9821880,
        50.9824661,
        50.9826886,
        50.9828616,
        50.9846722,
        50.9851666,
        50.9855559,
        50.9857660,
        50.9861788,
        50.9864153,
        50.9867202,
        50.9871398,
        50.9874779,
        50.9876590
      ],
      "pointsy": [
        12.7326753,
        12.7455746,
        12.7449361,
        12.7604327,
        12.7612417,
        12.7632515,
        12.7669380,
        12.7715662,
        12.7747015,
        12.7775152,
        12.7824650,
        12.7805356,
        12.7800762,
        12.7836364,
        12.7915393,
        12.7919666,
        12.7920797,
        12.7926578,
        12.7928861,
        12.7936946,
        12.7942162,
        12.7945744,
        12.7947694,
        12.7952700,
        12.7953767,
        12.7957144,
        12.7973183,
        12.7991866,
        12.7997605,
        12.8002017,
        12.8003405,
        12.8007718,
        12.8095005,
        12.8078914,
        12.8044545,
        12.8079396,
        12.8053261,
        12.8021868,
        12.8002900,
        12.7971046,
        12.7956766,
        12.7929027,
        12.7922933,
        12.7916099,
        12.7891776,
        12.7889555,
        12.7865405,
        12.7847756,
        12.7836051,
        12.7829624,
        12.7800528,
        12.7780905,
        12.7770401,
        12.7757559,
        12.7752151,
        12.7749523,
        12.7746626,
        12.7740510,
        12.7739041,
        12.7748300,
        12.7748986,
        12.7725383,
        12.7707294,
        12.7685568,
        12.7687993,
        12.7686351,
        12.7685493,
        12.7662265,
        12.7649852,
        12.7626946,
        12.7604769,
        12.7597871,
        12.7590028,
        12.7592549,
        12.7575480,
        12.7569310,
        12.7559334,
        12.7557659,
        12.7527597,
        12.7522897,
        12.7506321,
        12.7501300,
        12.7495968,
        12.7495013,
        12.7455263,
        12.7439350,
        12.7436846,
        12.7428896,
        12.7423106,
        12.7406164,
        12.7395673,
        12.7384300,
        12.7394190,
        12.7404506,
        12.7427496,
        12.7412096,
        12.7419486,
        12.7373523,
        12.7341612,
        12.7329926,
        12.7325565,
        12.7325589,
        12.7319774,
        12.7315688,
        12.7310243,
        12.7305559,
        12.7303245,
        12.7294931,
        12.7289483,
        12.7282067,
        12.7274686,
        12.7249919,
        12.7243653,
        12.7171797,
        12.7167091,
        12.7165185,
        12.7163856,
        12.7162456,
        12.7152231,
        12.7096351,
        12.7019668,
        12.6944258,
        12.6943425,
        12.6916490,
        12.6921491,
        12.6937317,
        12.6957307,
        12.6966629,
        12.6991178,
        12.7030603,
        12.7036542,
        12.7046424,
        12.7060862,
        12.7163301,
        12.7163925,
        12.7172812,
        12.7178703,
        12.7193202,
        12.7204667,
        12.7212174,
        12.7226014,
        12.7232297,
        12.7240640,
        12.7253499,
        12.7261254,
        12.7261058,
        12.7255168,
        12.7259978,
        12.7266554,
        12.7264002,
        12.7271622,
        12.7279746,
        12.7288090,
        12.7297106,
        12.7308183,
        12.7317247
      ]
    }
  ]
}