{
  "id": 413531,
  "name": "Waldenburg",
  "polygon": {
    "numberOfPoints": 211,
    "box": {
      "min": {
        "x": 50.8376069,
        "y": 12.5670580
      },
      "max": {
        "x": 50.9093160,
        "y": 12.6513339
      },
      "center": {
        "x": 50.87346145,
        "y": 12.60919595
      },
      "area": {
        "x": 0.0717091,
        "y": 0.0842759
      }
    },
    "pointsx": [
      50.9040564,
      50.9037897,
      50.9035559,
      50.9032150,
      50.9031270,
      50.9026683,
      50.9025454,
      50.9025745,
      50.9027618,
      50.9033977,
      50.9031305,
      50.9044620,
      50.9038429,
      50.9047031,
      50.9046032,
      50.9048819,
      50.9051875,
      50.9052803,
      50.9056429,
      50.9058174,
      50.9062430,
      50.9061219,
      50.9055840,
      50.9052710,
      50.9048196,
      50.9067249,
      50.9080328,
      50.9093160,
      50.9089266,
      50.9088674,
      50.9088576,
      50.9082409,
      50.9081422,
      50.9077870,
      50.9072929,
      50.9071139,
      50.9063740,
      50.9059010,
      50.9055191,
      50.9051263,
      50.9048960,
      50.9047215,
      50.9046378,
      50.9047146,
      50.9045750,
      50.9044703,
      50.9041773,
      50.9039330,
      50.9037034,
      50.9035632,
      50.9033484,
      50.9029701,
      50.9024677,
      50.9024886,
      50.9030050,
      50.9030001,
      50.9018366,
      50.8985567,
      50.8986550,
      50.8954505,
      50.8927648,
      50.8902737,
      50.8892475,
      50.8884120,
      50.8864741,
      50.8841547,
      50.8830674,
      50.8824761,
      50.8806233,
      50.8796280,
      50.8787210,
      50.8758802,
      50.8737553,
      50.8712718,
      50.8687655,
      50.8671861,
      50.8639359,
      50.8619178,
      50.8602354,
      50.8581792,
      50.8569851,
      50.8566685,
      50.8554478,
      50.8532274,
      50.8537921,
      50.8556690,
      50.8573437,
      50.8561497,
      50.8553142,
      50.8548336,
      50.8532274,
      50.8496377,
      50.8474518,
      50.8455977,
      50.8451895,
      50.8437132,
      50.8420690,
      50.8409932,
      50.8396355,
      50.8394023,
      50.8425295,
      50.8406764,
      50.8376069,
      50.8403289,
      50.8445297,
      50.8469440,
      50.8463249,
      50.8474684,
      50.8479073,
      50.8480645,
      50.8485386,
      50.8532734,
      50.8540712,
      50.8556027,
      50.8576140,
      50.8580648,
      50.8584305,
      50.8589137,
      50.8597349,
      50.8602043,
      50.8605408,
      50.8610150,
      50.8614736,
      50.8618150,
      50.8621143,
      50.8629252,
      50.8628612,
      50.8638215,
      50.8647011,
      50.8651330,
      50.8653810,
      50.8656776,
      50.8663535,
      50.8669739,
      50.8673097,
      50.8661042,
      50.8661992,
      50.8665612,
      50.8671117,
      50.8672399,
      50.8675340,
      50.8679337,
      50.8680242,
      50.8686879,
      50.8685069,
      50.8699017,
      50.8699322,
      50.8695551,
      50.8692158,
      50.8687859,
      50.8692928,
      50.8698492,
      50.8686652,
      50.8686922,
      50.8690165,
      50.8698007,
      50.8700888,
      50.8704740,
      50.8707434,
      50.8719257,
      50.8722607,
      50.8730358,
      50.8735585,
      50.8737195,
      50.8739215,
      50.8739934,
      50.8742991,
      50.8734784,
      50.8723207,
      50.8738666,
      50.8732553,
      50.8759658,
      50.8760291,
      50.8762957,
      50.8764129,
      50.8775965,
      50.8782325,
      50.8789463,
      50.8800445,
      50.8808975,
      50.8823048,
      50.8825074,
      50.8832324,
      50.8839361,
      50.8861065,
      50.8873432,
      50.8879509,
      50.8896992,
      50.8903921,
      50.8914095,
      50.8917399,
      50.8932429,
      50.8940104,
      50.8945753,
      50.8949590,
      50.8954494,
      50.8957052,
      50.8962488,
      50.8966964,
      50.8972507,
      50.8983911,
      50.8992757,
      50.9008406,
      50.9019386,
      50.9013600,
      50.9013532,
      50.9016871,
      50.9019973,
      50.9019009,
      50.9017961,
      50.9018632
    ],