{"id":413532,"name":"Oberwiera","polygon":{"numberOfPoints":128,"box":{"min":{"x":50.8621886,"y":12.5072925},"max":{"x":50.9088005,"y":12.5735460},"center":{"x":50.88549455,"y":12.54041925},"area":{"x":0.0466119,"y":0.0662535}},"pointsx":[50.9019386,50.9008406,50.8992757,50.8983911,50.8972507,50.8966964,50.8962488,50.8957052,50.8954494,50.8949590,50.8945753,50.8940104,50.8932429,50.8917399,50.8914095,50.8903921,50.8896992,50.8879509,50.8873432,50.8861065,50.8839361,50.8832324,50.8825074,50.8823048,50.8808975,50.8800445,50.8789463,50.8782325,50.8775965,50.8764129,50.8762957,50.8760291,50.8759658,50.8750479,50.8755203,50.8742550,50.8719852,50.8690592,50.8648705,50.8624747,50.8621886,50.8625880,50.8640198,50.8663239,50.8670564,50.8687388,50.8696849,50.8718593,50.8730076,50.8723438,50.8718669,50.8738698,50.8742245,50.8754644,50.8769026,50.8783675,50.8802902,50.8821061,50.8863292,50.8907200,50.8931906,50.8934156,50.8937545,50.8939415,50.8948194,50.8961693,50.8964822,50.8977831,50.8981220,50.8982900,50.8987710,50.8994009,50.8999958,50.9014676,50.9038944,50.9040733,50.9043903,50.9046613,50.9047063,50.9051152,50.9053892,50.9057672,50.9057982,50.9063851,50.9069311,50.9072471,50.9073120,50.9074439,50.9077553,50.9080438,50.9085457,50.9088005,50.9080973,50.9081602,50.9075016,50.9065525,50.9039280,50.9038926,50.9027730,50.9022042,50.9020477,50.9019638,50.9019386,50.9014690,50.9006891,50.9003201,50.8999763,50.9002363,50.9007478,50.9015864,50.9024586,50.9031462,50.9036829,50.9042279,50.9047059,50.9051419,50.9055361,50.9059385,50.9058882,50.9062111,50.9050162,50.9043495,50.9033349,50.9022741,50.9027143,50.9033558,50.9036116,50.9046388],"pointsy":[12.5735460,12.5727360,12.5711814,12.5698464,12.5689507,12.5687310,12.5681227,12.5681058,12.5676833,12.5677340,12.5676157,12.5671763,12.5670580,12.5671763,12.5678016,12.5684813,12.5682109,12.5681264,12.5691742,12.5697319,12.5710063,12.5702965,12.5701275,12.5698402,12.5699754,12.5670857,12.5674744,12.5681693,12.5688506,12.5697884,12.5701518,12.5702701,12.5701191,12.5681433,12.5618491,12.5590860,12.5558302,12.5496789,12.5434725,12.5379346,12.5345042,12.5321965,12.5331804,12.5347302,12.5342007,12.5314456,12.5292215,12.5290548,12.5259736,12.5233748,12.5205041,12.5194752,12.5197773,12.5206989,12.5207770,12.5197182,12.5223848,12.5216284,12.5178729,12.5146934,12.5098033,12.5104422,12.5108662,12.5110561,12.5125429,12.5135157,12.5132288,12.5118309,12.5116130,12.5113190,12.5105421,12.5105361,12.5101421,12.5091693,12.5080114,12.5077254,12.5073665,12.5072925,12.5077894,12.5096371,12.5107030,12.5120668,12.5121937,12.5141844,12.5157462,12.5168800,12.5171910,12.5178220,12.5190658,12.5200098,12.5220802,12.5234518,12.5240722,12.5244375,12.5243824,12.5245545,12.5254565,12.5252089,12.5251758,12.5273823,12.5287209,12.5301969,12.5313006,12.5319788,12.5332553,12.5341063,12.5351834,12.5353829,12.5380689,12.5407549,12.5429490,12.5459675,12.5483610,12.5497572,12.5509672,12.5518847,12.5527624,12.5555415,12.5568978,12.5603484,12.5616715,12.5623164,12.5642312,12.5659865,12.5664851,12.5666713,12.5686260,12.5698360]}}