{"id":414796,"name":"Kelkheim","polygon":{"numberOfPoints":297,"box":{"min":{"x":50.1011295,"y":8.3761191},"max":{"x":50.1879338,"y":8.4865824},"center":{"x":50.14453165,"y":8.43135075},"area":{"x":0.0868043,"y":0.1104633}},"pointsx":[50.1012776,50.1015581,50.1020770,50.1033732,50.1047767,50.1064118,50.1089192,50.1105735,50.1115738,50.1117857,50.1130867,50.1138899,50.1155355,50.1162967,50.1182898,50.1191153,50.1195811,50.1219396,50.1177382,50.1181195,50.1186811,50.1194638,50.1201731,50.1206747,50.1212842,50.1222913,50.1229760,50.1235289,50.1250843,50.1266678,50.1302513,50.1306131,50.1306127,50.1309630,50.1307771,50.1303021,50.1328788,50.1319392,50.1344994,50.1336339,50.1330841,50.1336880,50.1341440,50.1346496,50.1351795,50.1350077,50.1354011,50.1380269,50.1414533,50.1447921,50.1453870,50.1486743,50.1492385,50.1494978,50.1499721,50.1503178,50.1510258,50.1514352,50.1522383,50.1532250,50.1541923,50.1544023,50.1549231,50.1549697,50.1560102,50.1563310,50.1559835,50.1552827,50.1548964,50.1552020,50.1549943,50.1551957,50.1570164,50.1582271,50.1581604,50.1580869,50.1575631,50.1577483,50.1584545,50.1601694,50.1610969,50.1618875,50.1626615,50.1639600,50.1646728,50.1649693,50.1655788,50.1654422,50.1656658,50.1665818,50.1661283,50.1669478,50.1675489,50.1675923,50.1682077,50.1684750,50.1685195,50.1695997,50.1704937,50.1716485,50.1723332,50.1729178,50.1739978,50.1744432,50.1769371,50.1775717,50.1782175,50.1786517,50.1792751,50.1797436,50.1802503,50.1805888,50.1810430,50.1817465,50.1824501,50.1832338,50.1836461,50.1836312,50.1836272,50.1836651,50.1839251,50.1841571,50.1844211,50.1845661,50.1845311,50.1844321,50.1843141,50.1837951,50.1833942,50.1832872,50.1832992,50.1835132,50.1834292,50.1835392,50.1835932,50.1834442,50.1826883,50.1813954,50.1821813,50.1828373,50.1831462,50.1835242,50.1837382,50.1839051,50.1842451,50.1846491,50.1849890,50.1850730,50.1851340,50.1842181,50.1839631,50.1834902,50.1823873,50.1802706,50.1789087,50.1784318,50.1784358,50.1775389,50.1776879,50.1777488,50.1778708,50.1778898,50.1776879,50.1776649,50.1775349,50.1773979,50.1769876,50.1779444,50.1812255,50.1825173,50.1836409,50.1838832,50.1851151,50.1858988,50.1850578,50.1853440,50.1867709,50.1879338,50.1878998,50.1878308,50.1871289,50.1866519,50.1863889,50.1862860,50.1862170,50.1862060,50.1861410,50.1860040,50.1858930,50.1856410,50.1844362,50.1837642,50.1833873,50.1829553,50.1816205,50.1797327,50.1786798,50.1792858,50.1780579,50.1778559,50.1770050,50.1767001,50.1762271,50.1759332,50.1756662,50.1748781,50.1741041,50.1733994,50.1732815,50.1729305,50.1722264,50.1721635,50.1720576,50.1719506,50.1715726,50.1714737,50.1708057,50.1703768,50.1693776,50.1696126,50.1697211,50.1695664,50.1682777,50.1681058,50.1679205,50.1680299,50.1677082,50.1664206,50.1654234,50.1651564,50.1649728,50.1638711,50.1633243,50.1546932,50.1510489,50.1504279,50.1519665,50.1494078,50.1466534,50.1446641,50.1428763,50.1406323,50.1389333,50.1370008,50.1362735,50.1359603,50.1358994,50.1360467,50.1362137,50.1355178,50.1348993,50.1341737,50.1334244,50.1329380,50.1324812,50.1313355,50.1314244,50.1285948,50.1286186,50.1285115,50.1279643,50.1276675,50.1274561,50.1259580,50.1243996,50.1218128,50.1209790,50.1201298,50.1195997,50.1190793,50.1185360,50.1182583,50.1179796,50.1170704,50.1166110,50.1161722,50.1154128,50.1150250,50.1146380,50.1139105,50.1135278,50.1131446,50.1122324,50.1102164,50.1101659,50.1099486,50.1087063,50.1075287,50.1059881,50.1052721,50.1040442,50.1030413,50.1028504,50.1022164,50.1011295,50.1012175,50.1012935],"pointsy":[8.4742181,8.4734299,8.4741343,8.4714495,8.4693625,8.4701884,8.4669920,8.4676765,8.4681261,8.4672912,8.4681735,8.4663995,8.4632557,8.4642811,8.4612859,8.4597296,8.4576770,8.4518696,8.4455284,8.4437678,8.4420708,8.4414742,8.4394492,8.4396100,8.4393124,8.4384546,8.4382748,8.4381296,8.4390980,8.4354911,8.4314147,8.4276198,8.4264729,8.4247981,8.4244697,8.4224886,8.4210610,8.4177374,8.4164092,8.4115821,8.4081249,8.4076774,8.4088115,8.4096705,8.4092215,8.4087736,8.4082350,8.4079964,8.4128044,8.4111205,8.4108156,8.4092683,8.4100614,8.4102036,8.4101525,8.4102291,8.4108875,8.4105421,8.4139458,8.4143197,8.4138957,8.4137634,8.4130174,8.4129495,8.4114319,8.4102915,8.4092358,8.4069617,8.4046551,8.4041653,8.4031707,8.4003363,8.3982801,8.3947127,8.3934572,8.3932685,8.3923698,8.3903489,8.3875883,8.3847789,8.3832853,8.3826121,8.3825833,8.3829394,8.3825774,8.3820702,8.3833644,8.3846517,8.3850209,8.3837847,8.3824598,8.3812592,8.3819283,8.3809963,8.3802954,8.3798608,8.3788525,8.3772183,8.3761191,8.3769402,8.3776529,8.3782614,8.3766446,8.3780180,8.3801911,8.3786439,8.3793219,8.3803649,8.3806952,8.3782298,8.3797252,8.3800033,8.3811299,8.3819782,8.3838279,8.3856638,8.3867625,8.3868415,8.3869575,8.3871885,8.3876774,8.3880283,8.3885743,8.3895311,8.3902380,8.3905780,8.3906920,8.3909749,8.3911449,8.3911369,8.3917488,8.3918318,8.3924477,8.3925217,8.3926847,8.3936385,8.3946904,8.3968921,8.3977609,8.3984458,8.3977669,8.3969321,8.3968681,8.3968621,8.3973270,8.3972370,8.3966481,8.3968281,8.3969530,8.3983658,8.3986748,8.3989738,8.3992827,8.3994327,8.3995707,8.3995827,8.3998747,8.4003796,8.4011915,8.4019674,8.4026673,8.4031572,8.4044290,8.4045370,8.4051399,8.4056098,8.4083964,8.4086774,8.4047179,8.4075675,8.4100705,8.4106691,8.4135356,8.4151731,8.4162165,8.4169661,8.4200477,8.4226593,8.4227983,8.4230242,8.4243341,8.4251149,8.4255959,8.4258188,8.4260348,8.4266327,8.4269467,8.4274176,8.4279035,8.4283605,8.4295673,8.4279046,8.4282875,8.4286635,8.4298933,8.4315970,8.4326439,8.4339707,8.4363624,8.4371673,8.4382341,8.4390070,8.4405108,8.4409137,8.4411667,8.4414943,8.4420072,8.4429254,8.4429494,8.4427975,8.4425330,8.4424963,8.4424345,8.4423765,8.4421666,8.4422456,8.4427345,8.4429977,8.4434306,8.4442798,8.4449545,8.4457821,8.4447859,8.4454164,8.4460006,8.4461114,8.4467290,8.4484807,8.4493476,8.4497845,8.4502863,8.4519570,8.4534397,8.4531499,8.4530014,8.4600696,8.4603950,8.4674296,8.4728123,8.4762975,8.4788600,8.4818102,8.4837842,8.4855852,8.4861553,8.4865129,8.4865824,8.4843796,8.4807388,8.4809041,8.4813865,8.4824257,8.4833350,8.4835957,8.4824121,8.4816656,8.4796274,8.4780278,8.4763577,8.4746319,8.4745391,8.4740421,8.4732530,8.4737551,8.4744839,8.4765241,8.4769842,8.4773495,8.4775327,8.4775727,8.4775731,8.4775433,8.4774640,8.4770838,8.4768034,8.4764405,8.4757491,8.4753951,8.4750610,8.4744307,8.4741541,8.4738865,8.4734174,8.4724102,8.4731869,8.4743412,8.4759094,8.4777710,8.4800517,8.4809570,8.4790972,8.4776545,8.4773855,8.4767356,8.4754488,8.4748519,8.4743529]}}