{"id":415015,"name":"Oberlahr","polygon":{"numberOfPoints":23,"box":{"min":{"x":50.6079036,"y":7.4928105},"max":{"x":50.6304543,"y":7.5295305},"center":{"x":50.61917895,"y":7.5111705},"area":{"x":0.0225507,"y":0.0367200}},"pointsx":[50.6226714,50.6193114,50.6187011,50.6175043,50.6160687,50.6152709,50.6126850,50.6117795,50.6117238,50.6102874,50.6080376,50.6079036,50.6088241,50.6111085,50.6175328,50.6233069,50.6249532,50.6280834,50.6304543,50.6289144,50.6274477,50.6260083,50.6246728],"pointsy":[7.5295305,7.5258439,7.5255333,7.5265812,7.5252833,7.5252544,7.5251609,7.5230568,7.5203667,7.5188816,7.5143544,7.5129851,7.5116402,7.5083025,7.5070598,7.5004808,7.4940846,7.4928105,7.4971514,7.5019799,7.5140634,7.5212136,7.5212370]}}