{"id":415721,"name":"Flammersfeld","polygon":{"numberOfPoints":19,"box":{"min":{"x":50.6404827,"y":7.5007918},"max":{"x":50.6651319,"y":7.5528791},"center":{"x":50.6528073,"y":7.52683545},"area":{"x":0.0246492,"y":0.0520873}},"pointsx":[50.6522831,50.6564842,50.6626923,50.6651319,50.6571078,50.6582357,50.6564685,50.6567094,50.6572408,50.6527190,50.6487236,50.6475414,50.6429396,50.6423165,50.6418067,50.6423709,50.6412708,50.6405856,50.6404827],"pointsy":[7.5086107,7.5034859,7.5007918,7.5068215,7.5113117,7.5156000,7.5196857,7.5220739,7.5273423,7.5352697,7.5426866,7.5528791,7.5472894,7.5334138,7.5316061,7.5299266,7.5297426,7.5217670,7.5213468]}}