{"id":416472,"name":"Oberschöna","polygon":{"numberOfPoints":601,"box":{"min":{"x":50.8711995,"y":13.1991105},"max":{"x":50.9681744,"y":13.3040472},"center":{"x":50.91968695,"y":13.25157885},"area":{"x":0.0969749,"y":0.1049367}},"pointsx":[50.9228517,50.9259400,50.9267579,50.9260530,50.9256509,50.9257096,50.9285517,50.9321048,50.9327258,50.9332018,50.9337977,50.9342776,50.9370013,50.9376834,50.9384928,50.9396561,50.9419892,50.9424106,50.9445528,50.9447920,50.9453313,50.9471122,50.9491212,50.9480534,50.9488565,50.9491871,50.9518137,50.9544626,50.9548156,50.9555487,50.9558771,50.9561142,50.9563555,50.9566343,50.9569203,50.9570214,50.9571145,50.9570304,50.9588640,50.9614353,50.9620083,50.9630124,50.9637884,50.9646927,50.9654365,50.9658083,50.9659835,50.9660640,50.9655974,50.9647013,50.9631657,50.9628654,50.9628033,50.9625970,50.9622054,50.9614891,50.9609703,50.9608556,50.9609722,50.9613128,50.9623223,50.9616962,50.9616648,50.9629973,50.9632345,50.9632870,50.9637269,50.9638448,50.9639087,50.9641857,50.9636643,50.9640734,50.9641123,50.9634231,50.9639207,50.9648045,50.9661894,50.9661721,50.9654938,50.9659551,50.9681406,50.9681744,50.9664022,50.9671771,50.9671142,50.9663002,50.9652380,50.9660448,50.9658072,50.9658082,50.9651179,50.9625479,50.9615562,50.9605802,50.9590829,50.9594442,50.9593117,50.9608166,50.9600887,50.9597093,50.9593674,50.9586833,50.9545382,50.9536529,50.9527438,50.9511824,50.9498848,50.9496574,50.9494774,50.9492610,50.9491012,50.9491237,50.9488905,50.9487960,50.9486299,50.9484892,50.9484149,50.9482437,50.9481098,50.9480091,50.9478756,50.9478530,50.9477977,50.9476162,50.9475819,50.9472898,50.9469101,50.9466588,50.9464760,50.9461776,50.9461292,50.9457848,50.9455150,50.9453590,50.9452111,50.9450450,50.9448570,50.9448177,50.9446270,50.9445103,50.9443041,50.9444118,50.9444859,50.9445149,50.9445514,50.9446258,50.9447053,50.9446109,50.9444436,50.9441150,50.9439633,50.9436667,50.9436461,50.9433544,50.9430872,50.9428984,50.9427817,50.9424400,50.9421173,50.9419294,50.9418155,50.9417107,50.9415496,50.9414516,50.9412949,50.9411354,50.9409180,50.9405734,50.9402996,50.9401242,50.9399604,50.9397383,50.9395807,50.9394096,50.9393373,50.9390568,50.9389484,50.9388306,50.9386315,50.9384701,50.9383132,50.9381311,50.9378514,50.9377161,50.9376608,50.9374357,50.9372723,50.9370572,50.9369930,50.9369391,50.9367968,50.9367406,50.9365495,50.9363434,50.9361803,50.9360514,50.9357791,50.9355376,50.9350302,50.9349351,50.9347006,50.9345221,50.9343690,50.9343474,50.9341468,50.9339400,50.9337559,50.9335366,50.9332215,50.9331330,50.9329034,50.9326884,50.9324275,50.9323523,50.9323331,50.9320436,50.9319410,50.9317827,50.9315514,50.9313507,50.9312761,50.9311231,50.9308496,50.9306371,50.9305800,50.9304221,50.9303633,50.9303248,50.9302032,50.9301668,50.9300629,50.9299853,50.9299426,50.9298429,50.9297430,50.9296684,50.9295886,50.9295652,50.9295228,50.9293481,50.9291741,50.9289944,50.9286251,50.9284165,50.9283963,50.9283721,50.9283586,50.9283483,50.9283403,50.9283346,50.9283190,50.9283167,50.9283988,50.9284822,50.9285149,50.9285928,50.9284037,50.9283345,50.9280022,50.9277671,50.9274709,50.9272307,50.9270793,50.9267349,50.9266097,50.9264848,50.9265042,50.9267595,50.9270658,50.9273348,50.9273841,50.9275727,50.9273894,50.9273229,50.9272636,50.9272039,50.9269247,50.9267449,50.9265869,50.9265430,50.9264647,50.9264170,50.9264065,50.9263405,50.9262904,50.9258827,50.9253887,50.9253060,50.9251532,50.9251345,50.9251267,50.9251121,50.9250006,50.9247928,50.9246913,50.9246015,50.9244923,50.9243547,50.9241549,50.9240830,50.9240174,50.9238872,50.9237629,50.9236280,50.9235507,50.9234439,50.9232724,50.9231507,50.9230664,50.9229787,50.9228910,50.9227977,50.9226585,50.9225567,50.9224835,50.9224270,50.9223522,50.9222842,50.9222742,50.9221915,50.9221217,50.9220963,50.9220818,50.9220713,50.9220471,50.9220227,50.9219609,50.9219222,50.9218592,50.9218369,50.9218243,50.9217809,50.9217577,50.9215755,50.9215032,50.9214526,50.9213687,50.9213010,50.9212482,50.9212392,50.9212137,50.9211860,50.9211748,50.9211021,50.9210444,50.9209982,50.9208887,50.9208448,50.9205996,50.9205923,50.9205561,50.9205226,50.9205085,50.9204844,50.9204596,50.9203968,50.9203698,50.9203176,50.9202403,50.9199564,50.9197620,50.9191713,50.9185805,50.9185096,50.9181844,50.9175896,50.9173662,50.9173145,50.9170323,50.9167265,50.9166212,50.9167349,50.9165680,50.9164944,50.9164705,50.9161798,50.9160844,50.9159843,50.9158692,50.9157642,50.9156606,50.9154500,50.9152148,50.9151839,50.9150609,50.9148812,50.9147589,50.9145594,50.9145685,50.9144282,50.9142224,50.9140070,50.9137979,50.9135851,50.9133238,50.9130974,50.9129170,50.9128380,50.9125964,50.9123572,50.9121011,50.9118626,50.9116320,50.9113940,50.9113248,50.9108394,50.9106624,50.9101728,50.9099490,50.9099209,50.9097072,50.9094696,50.9092551,50.9090325,50.9090138,50.9088090,50.9086007,50.9083757,50.9081361,50.9079608,50.9079349,50.9079135,50.9075540,50.9071384,50.9067227,50.9063125,50.9062886,50.9062431,50.9061921,50.9061898,50.9061465,50.9061184,50.9060616,50.9059950,50.9059340,50.9058486,50.9058228,50.9058312,50.9058475,50.9057484,50.9055607,50.9053605,50.9051749,50.9051223,50.9048054,50.9048512,50.9048926,50.9049642,50.9050076,50.9050280,50.9050474,50.9050751,50.9050871,50.9051356,50.9051436,50.9051825,50.9052339,50.9052359,50.9052507,50.9052617,50.9052732,50.9052916,50.9052948,50.9053159,50.9053187,50.9053208,50.9053263,50.9053354,50.9053357,50.9053361,50.9053361,50.9053360,50.9051197,50.9050656,50.9049093,50.9048524,50.9046875,50.9044578,50.9042524,50.9040175,50.9038140,50.9036305,50.9033871,50.9031336,50.9029054,50.9028602,50.9026531,50.9026181,50.9026039,50.9025128,50.9024083,50.9023883,50.9022319,50.9020544,50.9019020,50.9017216,50.9015688,50.9014626,50.9013650,50.9011838,50.8999731,50.8994849,50.8990638,50.8987483,50.8986906,50.8986690,50.8985673,50.8981932,50.8979524,50.8978433,50.8977631,50.8975596,50.8974964,50.8973042,50.8971532,50.8967599,50.8965687,50.8964070,50.8961516,50.8958699,50.8957134,50.8953973,50.8954430,50.8953343,50.8952048,50.8951000,50.8949489,50.8948160,50.8946579,50.8945522,50.8944508,50.8942339,50.8940539,50.8938964,50.8937479,50.8936142,50.8934706,50.8934507,50.8932946,50.8930888,50.8928185,50.8925460,50.8921628,50.8917660,50.8914043,50.8909834,50.8909162,50.8907065,50.8904773,50.8900840,50.8898599,50.8896672,50.8894811,50.8893319,50.8891802,50.8890212,50.8888355,50.8886981,50.8884851,50.8882421,50.8881024,50.8879305,50.8877877,50.8876303,50.8875710,50.8874500,50.8872939,50.8871257,50.8869595,50.8866649,50.8865769,50.8863890,50.8859171,50.8843367,50.8826269,50.8796011,50.8779101,50.8770238,50.8754594,50.8711995,50.8719450,50.8731826,50.8740160,50.8750498,50.8773360,50.8789587,50.8793885,50.8797459,50.8802739,50.8845648,50.8858644,50.8869081,50.8878654,50.8880485,50.8881120,50.8894847,50.8915110,50.9016992,50.9056441,50.9130728,50.9191685],