{
  "numberOfPolygons": 1,
  "box": {
    "min": {
      "x": 50.6706264,
      "y": 7.5331230
    },
    "max": {
      "x": 50.6887934,
      "y": 7.5585230
    },
    "center": {
      "x": 50.6797099,
      "y": 7.5458230
    }
  },
  "polygons": [
    {
      "numberOfPoints": 30,
      "box": {
        "min": {
          "x": 50.6706264,
          "y": 7.5331230
        },
        "max": {
          "x": 50.6887934,
          "y": 7.5585230
        },
        "center": {
          "x": 50.6797099,
          "y": 7.5458230
        }
      },
      "pointsx": [
        50.6844319,
        50.6842589,
        50.6827917,
        50.6826889,
        50.6825011,
        50.6820630,
        50.6818354,
        50.6784064,
        50.6779582,
        50.6775860,
        50.6760651,
        50.6745115,
        50.6706264,
        50.6717129,
        50.6713307,
        50.6775726,
        50.6869596,
        50.6883002,
        50.6883397,
        50.6880203,
        50.6881581,
        50.6885357,
        50.6887934,
        50.6886694,
        50.6867629,
        50.6865586,
        50.6868785,
        50.6859454,
        50.6852556,
        50.6850717
      ],
      "pointsy": [
        7.5334516,
        7.5339193,
        7.5331809,
        7.5331230,
        7.5333475,
        7.5332397,
        7.5336259,
        7.5357359,
        7.5355998,
        7.5347279,
        7.5381111,
        7.5395580,
        7.5446739,
        7.5450337,
        7.5481494,
        7.5535767,
        7.5585230,
        7.5572275,
        7.5570140,
        7.5566946,
        7.5539595,
        7.5532021,
        7.5517996,
        7.5488844,
        7.5448358,
        7.5435173,
        7.5423953,
        7.5386364,
        7.5353870,
        7.5345149
      ]
    }
  ]
}