{
  "id": 416547,
  "name": "Dorfchemnitz",
  "polygon": {
    "numberOfPoints": 212,
    "box": {
      "min": {
        "x": 50.7266561,
        "y": 13.3657199
      },
      "max": {
        "x": 50.7850008,
        "y": 13.4848198
      },
      "center": {
        "x": 50.75582845,
        "y": 13.42526985
      },
      "area": {
        "x": 0.0583447,
        "y": 0.1190999
      }
    },
    "pointsx": [
      50.7456939,
      50.7451179,
      50.7447895,
      50.7450499,
      50.7451263,
      50.7451107,
      50.7452197,
      50.7456122,
      50.7459392,
      50.7458233,
      50.7460156,
      50.7457245,
      50.7451463,
      50.7447105,
      50.7434000,
      50.7433076,
      50.7428572,
      50.7414344,
      50.7409329,
      50.7405022,
      50.7400739,
      50.7389403,
      50.7389796,
      50.7392369,
      50.7385661,
      50.7376409,
      50.7376409,
      50.7369393,
      50.7356085,
      50.7349978,
      50.7351941,
      50.7340715,
      50.7322731,
      50.7319261,
      50.7304051,
      50.7285448,
      50.7273555,
      50.7266561,
      50.7274597,
      50.7270741,
      50.7283389,
      50.7288787,
      50.7298121,
      50.7307391,
      50.7309899,
      50.7318076,
      50.7318787,
      50.7323585,
      50.7350422,
      50.7349052,
      50.7346061,
      50.7357826,
      50.7381778,
      50.7393340,
      50.7397966,
      50.7404314,
      50.7410288,
      50.7423486,
      50.7431955,
      50.7454813,
      50.7468161,
      50.7489666,
      50.7501400,
      50.7513457,
      50.7514646,
      50.7517753,
      50.7522530,
      50.7552902,
      50.7594085,
      50.7613154,
      50.7639801,
      50.7688697,
      50.7725532,
      50.7730925,
      50.7754947,
      50.7757225,
      50.7767621,
      50.7785924,
      50.7799214,
      50.7827537,
      50.7833152,
      50.7841844,
      50.7844970,
      50.7850008,
      50.7846258,
      50.7843481,
      50.7841792,
      50.7839396,
      50.7839995,
      50.7838726,
      50.7836128,
      50.7834439,
      50.7835618,
      50.7839007,
      50.7838699,
      50.7833461,
      50.7832460,
      50.7826452,
      50.7825142,
      50.7823140,
      50.7816130,
      50.7806750,
      50.7807258,
      50.7816191,
      50.7817280,
      50.7817934,
      50.7816517,
      50.7813140,
      50.7808783,
      50.7821106,
      50.7834445,
      50.7835609,
      50.7834921,
      50.7829284,
      50.7825504,
      50.7816717,
      50.7808228,
      50.7801434,
      50.7809840,
      50.7806637,
      50.7818231,
      50.7805883,
      50.7794957,
      50.7781553,
      50.7777746,
      50.7775513,
      50.7772074,
      50.7758839,
      50.7757793,
      50.7757493,
      50.7758835,
      50.7760295,
      50.7762113,
      50.7760381,
      50.7761307,
      50.7766264,
      50.7766918,
      50.7765679,
      50.7766319,
      50.7771221,
      50.7773683,
      50.7774241,
      50.7772163,
      50.7762446,
      50.7757722,
      50.7753521,
      50.7743585,
      50.7736058,
      50.7728649,
      50.7725688,
      50.7754291,
      50.7756461,
      50.7768906,
      50.7766384,
      50.7767410,
      50.7768620,
      50.7767591,
      50.7763692,
      50.7760894,
      50.7758085,
      50.7754391,
      50.7751620,
      50.7750374,
      50.7749828,
      50.7750239,
      50.7750572,
      50.7749832,
      50.7748050,
      50.7744431,
      50.7743992,
      50.7744435,
      50.7744513,
      50.7742077,
      50.7739366,
      50.7738590,
      50.7737472,
      50.7730465,
      50.7727220,
      50.7724341,
      50.7722247,
      50.7721437,
      50.7715653,
      50.7711670,
      50.7710312,
      50.7707515,
      50.7705453,
      50.7705088,
      50.7704372,
      50.7689662,
      50.7672472,
      50.7673036,
      50.7671892,
      50.7670238,
      50.7666124,
      50.7658595,
      50.7655926,
      50.7648405,
      50.7639369,
      50.7633876,
      50.7631574,
      50.7621391,
      50.7612504,
      50.7585306,
      50.7560221,
      50.7535364,
      50.7525891,
      50.7517265,
      50.7501708,
      50.7492531,
      50.7482159,
      50.7471813,
      50.7460074
    ],