{"id":417709,"name":"Wilkau-Haßlau","polygon":{"numberOfPoints":454,"box":{"min":{"x":50.6439232,"y":12.4813196},"max":{"x":50.6906008,"y":12.5633050},"center":{"x":50.6672620,"y":12.5223123},"area":{"x":0.0466776,"y":0.0819854}},"pointsx":[50.6443647,50.6439232,50.6439561,50.6440962,50.6445499,50.6442920,50.6446241,50.6450443,50.6452667,50.6453937,50.6451596,50.6454892,50.6457776,50.6461318,50.6464696,50.6467992,50.6468895,50.6474333,50.6476557,50.6477299,50.6476912,50.6475157,50.6478287,50.6478864,50.6478085,50.6480595,50.6481262,50.6486976,50.6511401,50.6509276,50.6511887,50.6513864,50.6513236,50.6515053,50.6518464,50.6519445,50.6520175,50.6520848,50.6522192,50.6523298,50.6523105,50.6522745,50.6522949,50.6523615,50.6524044,50.6525002,50.6525167,50.6525318,50.6524822,50.6525614,50.6526839,50.6527214,50.6527588,50.6529084,50.6529173,50.6531357,50.6532040,50.6533321,50.6535519,50.6536648,50.6537645,50.6539057,50.6541186,50.6542712,50.6544449,50.6546709,50.6549678,50.6550863,50.6552628,50.6554441,50.6554397,50.6555101,50.6556128,50.6558714,50.6559375,50.6559841,50.6560704,50.6562124,50.6565199,50.6567543,50.6569334,50.6572279,50.6575171,50.6576898,50.6578740,50.6579496,50.6580589,50.6582114,50.6584465,50.6586411,50.6590158,50.6590540,50.6591355,50.6594154,50.6596547,50.6597371,50.6599172,50.6599664,50.6601885,50.6602374,50.6603685,50.6607602,50.6609591,50.6610781,50.6611660,50.6612653,50.6613854,50.6617223,50.6617789,50.6618527,50.6620399,50.6621636,50.6623063,50.6623815,50.6624550,50.6625295,50.6624620,50.6623760,50.6622262,50.6621782,50.6620904,50.6619143,50.6619185,50.6618449,50.6619050,50.6619140,50.6618291,50.6618854,50.6618989,50.6618719,50.6616047,50.6615424,50.6616332,50.6614665,50.6615809,50.6616483,50.6618129,50.6618994,50.6619197,50.6619403,50.6619329,50.6620056,50.6621378,50.6623602,50.6623947,50.6624610,50.6625868,50.6625815,50.6626129,50.6627180,50.6626808,50.6627745,50.6626681,50.6627419,50.6627164,50.6625768,50.6625306,50.6625131,50.6623984,50.6625369,50.6625890,50.6625630,50.6624143,50.6624488,50.6625253,50.6625237,50.6624064,50.6623851,50.6623374,50.6626755,50.6629958,50.6634513,50.6637596,50.6642137,50.6644131,50.6645809,50.6651435,50.6654132,50.6657423,50.6667508,50.6670799,50.6677019,50.6680353,50.6683622,50.6685325,50.6687295,50.6690751,50.6692133,50.6693091,50.6693749,50.6693876,50.6693027,50.6691541,50.6694896,50.6701647,50.6708950,50.6714151,50.6720647,50.6724214,50.6731665,50.6738670,50.6740199,50.6742597,50.6744635,50.6746525,50.6749496,50.6751171,50.6751195,50.6752086,50.6754018,50.6755207,50.6755950,50.6757839,50.6760110,50.6763103,50.6766581,50.6767200,50.6772273,50.6774502,50.6775054,50.6776295,50.6777368,50.6779978,50.6782865,50.6787082,50.6790995,50.6797002,50.6799744,50.6804725,50.6808400,50.6817078,50.6818284,50.6817066,50.6821340,50.6822036,50.6820568,50.6837074,50.6845597,50.6845194,50.6847930,50.6850143,50.6851763,50.6853472,50.6856043,50.6856959,50.6858544,50.6862964,50.6867440,50.6872475,50.6875627,50.6876793,50.6883006,50.6882777,50.6882354,50.6882402,50.6885970,50.6886756,50.6887436,50.6888133,50.6890675,50.6893078,50.6897360,50.6897649,50.6897835,50.6898107,50.6898167,50.6898362,50.6898787,50.6903239,50.6906008,50.6901710,50.6903395,50.6901115,50.6893213,50.6887538,50.6885057,50.6881349,50.6876255,50.6872566,50.6864087,50.6863251,50.6861343,50.6860778,50.6860001,50.6858518,50.6858400,50.6858341,50.6858055,50.6855497,50.6853634,50.6850659,50.6847257,50.6843423,50.6837025,50.6834946,50.6833818,50.6833024,50.6831604,50.6829964,50.6828911,50.6827667,50.6825223,50.6823941,50.6822844,50.6819448,50.6816661,50.6812528,50.6808628,50.6796484,50.6794717,50.6793651,50.6792072,50.6788721,50.6784818,50.6786277,50.6785242,50.6784759,50.6787670,50.6788839,50.6789833,50.6789800,50.6789478,50.6789075,50.6780843,50.6780732,50.6774624,50.6773653,50.6772939,50.6772614,50.6772912,50.6774577,50.6774691,50.6775045,50.6775342,50.6774697,50.6770314,50.6771145,50.6770270,50.6768464,50.6773077,50.6768561,50.6766477,50.6765018,50.6762343,50.6759112,50.6756485,50.6756922,50.6753353,50.6752618,50.6751154,50.6750724,50.6746816,50.6745467,50.6742428,50.6740903,50.6740627,50.6740186,50.6740338,50.6741094,50.6742378,50.6743754,50.6746633,50.6750517,50.6749504,50.6750704,50.6751218,50.6753636,50.6753616,50.6749872,50.6747380,50.6745301,50.6747793,50.6748684,50.6746852,50.6744466,50.6742757,50.6739505,50.6736203,50.6730230,50.6729072,50.6727700,50.6727057,50.6725365,50.6724188,50.6723313,50.6722593,50.6721241,50.6719867,50.6728198,50.6726732,50.6725633,50.6723685,50.6725914,50.6730272,50.6737076,50.6734742,50.6735111,50.6733503,50.6731565,50.6729480,50.6727205,50.6723958,50.6720227,50.6718298,50.6716829,50.6714776,50.6713464,50.6712365,50.6711890,50.6710806,50.6709485,50.6707605,50.6706502,50.6705916,50.6705199,50.6704357,50.6703079,50.6700960,50.6703954,50.6709487,50.6714226,50.6712924,50.6708795,50.6703426,50.6708453,50.6697639,50.6672309,50.6650645,50.6616288,50.6569637,50.6552818,50.6550732,50.6565726,50.6567961,50.6569937,50.6564406,50.6560257,50.6544849,50.6548404,50.6540502,50.6525753,50.6516993,50.6508324,50.6497797,50.6518095,50.6511271,50.6513483,50.6533587,50.6529047,50.6520426,50.6511881,50.6496469,50.6484566,50.6472740],