{"id":418260,"name":"Krumstedt","polygon":{"numberOfPoints":92,"box":{"min":{"x":54.0551581,"y":9.1282546},"max":{"x":54.0944749,"y":9.2602094},"center":{"x":54.0748165,"y":9.1942320},"area":{"x":0.0393168,"y":0.1319548}},"pointsx":[54.0793796,54.0752166,54.0754990,54.0757423,54.0768820,54.0768430,54.0769243,54.0779008,54.0780946,54.0785970,54.0783936,54.0743967,54.0724434,54.0680656,54.0679626,54.0678161,54.0693348,54.0673098,54.0662973,54.0629221,54.0588715,54.0578588,54.0551581,54.0553153,54.0554957,54.0559181,54.0561657,54.0567807,54.0573805,54.0576067,54.0579794,54.0583666,54.0585233,54.0586461,54.0583844,54.0584088,54.0648461,54.0654030,54.0668929,54.0669736,54.0665120,54.0679997,54.0683699,54.0666431,54.0675553,54.0690165,54.0692479,54.0694632,54.0696083,54.0698140,54.0699731,54.0701285,54.0753277,54.0753389,54.0805248,54.0809093,54.0843628,54.0851769,54.0844245,54.0937268,54.0938572,54.0937946,54.0944749,54.0923408,54.0925684,54.0923932,54.0924838,54.0926267,54.0929693,54.0931837,54.0931728,54.0929103,54.0927535,54.0927207,54.0930288,54.0925580,54.0932848,54.0937544,54.0926593,54.0888828,54.0905818,54.0933466,54.0890288,54.0865946,54.0835795,54.0811581,54.0812141,54.0816447,54.0824672,54.0830108,54.0833695,54.0838313],"pointsy":[9.2560564,9.2480706,9.2460343,9.2442713,9.2360271,9.2357956,9.2357211,9.2285122,9.2263905,9.2171207,9.2149610,9.2149620,9.2073798,9.2075138,9.2075170,9.1971333,9.1959831,9.1890817,9.1885065,9.1827554,9.1761415,9.1701028,9.1623387,9.1612674,9.1600382,9.1543882,9.1540287,9.1534645,9.1526724,9.1514745,9.1484434,9.1458884,9.1442356,9.1414120,9.1306964,9.1282546,9.1291596,9.1311706,9.1325938,9.1352112,9.1452107,9.1448106,9.1461512,9.1465296,9.1484255,9.1479308,9.1487630,9.1493685,9.1502163,9.1515499,9.1524371,9.1533813,9.1577518,9.1577644,9.1635900,9.1643169,9.1728405,9.1751066,9.1866751,9.2044896,9.2044962,9.2046196,9.2059225,9.2076956,9.2084308,9.2090895,9.2096096,9.2098880,9.2102500,9.2108109,9.2112242,9.2115914,9.2120969,9.2133019,9.2160392,9.2171174,9.2197170,9.2253280,9.2283920,9.2329114,9.2383415,9.2489696,9.2489673,9.2489177,9.2490466,9.2473528,9.2481035,9.2493558,9.2516888,9.2533730,9.2555882,9.2602094]}}