{"id":418358,"name":"Schmitten","polygon":{"numberOfPoints":141,"box":{"min":{"x":50.2256722,"y":8.3951998},"max":{"x":50.3082466,"y":8.4976224},"center":{"x":50.2669594,"y":8.4464111},"area":{"x":0.0825744,"y":0.1024226}},"pointsx":[50.2735661,50.2793070,50.2812723,50.2847590,50.2852290,50.2868103,50.2984235,50.3022769,50.2952697,50.2977617,50.2983311,50.2997113,50.3031050,50.3055901,50.3049922,50.3078401,50.3049801,50.3082466,50.2945210,50.2835888,50.2780478,50.2706297,50.2514421,50.2507327,50.2482060,50.2456409,50.2455017,50.2452253,50.2449758,50.2448303,50.2445901,50.2439142,50.2402364,50.2390008,50.2372475,50.2371700,50.2342523,50.2346283,50.2347913,50.2351845,50.2353823,50.2356978,50.2357734,50.2358130,50.2356219,50.2355191,50.2351933,50.2345709,50.2339284,50.2336052,50.2334197,50.2322392,50.2316996,50.2310812,50.2306586,50.2303774,50.2273121,50.2302607,50.2290461,50.2284364,50.2273615,50.2267802,50.2259437,50.2256722,50.2257287,50.2258058,50.2261188,50.2268704,50.2273224,50.2288143,50.2292497,50.2297314,50.2298611,50.2302131,50.2308893,50.2319917,50.2330199,50.2333718,50.2342889,50.2353118,50.2369234,50.2392574,50.2411653,50.2413876,50.2417442,50.2420590,50.2433000,50.2457937,50.2465722,50.2476527,50.2485924,50.2492372,50.2500309,50.2506189,50.2515380,50.2522204,50.2528344,50.2530718,50.2531623,50.2534226,50.2541101,50.2546711,50.2551253,50.2562222,50.2566082,50.2571066,50.2575417,50.2576222,50.2580279,50.2585683,50.2589518,50.2604286,50.2611035,50.2613865,50.2620011,50.2628980,50.2635180,50.2645250,50.2651701,50.2656635,50.2664316,50.2673218,50.2674858,50.2677798,50.2684167,50.2690266,50.2691922,50.2692486,50.2692866,50.2694316,50.2696025,50.2700075,50.2701785,50.2703814,50.2707514,50.2711554,50.2713193,50.2710754,50.2716473,50.2725742,50.2732111],"pointsy":[8.3956687,8.4187557,8.4266600,8.4262975,8.4262487,8.4260843,8.4248767,8.4291959,8.4426173,8.4452772,8.4458850,8.4473583,8.4432587,8.4473355,8.4535576,8.4612528,8.4633036,8.4717384,8.4786267,8.4761150,8.4756466,8.4779522,8.4870191,8.4835865,8.4899908,8.4976224,8.4973238,8.4960683,8.4948758,8.4932140,8.4860399,8.4822322,8.4723008,8.4620141,8.4542131,8.4534459,8.4556279,8.4561309,8.4563528,8.4568028,8.4570924,8.4578766,8.4582591,8.4589949,8.4594607,8.4600583,8.4609897,8.4619537,8.4623693,8.4626035,8.4621993,8.4614260,8.4607054,8.4593344,8.4583572,8.4585235,8.4517427,8.4500339,8.4476830,8.4466317,8.4443424,8.4406456,8.4374292,8.4366104,8.4364688,8.4365148,8.4362907,8.4353276,8.4344879,8.4328261,8.4317690,8.4296548,8.4284094,8.4278447,8.4274971,8.4277288,8.4274971,8.4271496,8.4268021,8.4240996,8.4217392,8.4204939,8.4193209,8.4190892,8.4183362,8.4178946,8.4178656,8.4164989,8.4157001,8.4140295,8.4131376,8.4120980,8.4111403,8.4112876,8.4111599,8.4109981,8.4109652,8.4108752,8.4110558,8.4114058,8.4118719,8.4124900,8.4128413,8.4132772,8.4133011,8.4131679,8.4128793,8.4128143,8.4124866,8.4119326,8.4114992,8.4112285,8.4110495,8.4107216,8.4102512,8.4097692,8.4098004,8.4099615,8.4098445,8.4097362,8.4094680,8.4090088,8.4095777,8.4094907,8.4091648,8.4086548,8.4082330,8.4069631,8.4065721,8.4060252,8.4056273,8.4042165,8.4037915,8.4031876,8.4033016,8.4019268,8.4010639,8.4008519,8.3982723,8.3961956,8.3951998]}}