{
  "id": 418615,
  "name": "Reiskirchen",
  "polygon": {
    "numberOfPoints": 141,
    "box": {
      "min": {
        "x": 50.5471679,
        "y": 8.8004212
      },
      "max": {
        "x": 50.6301503,
        "y": 8.9247892
      },
      "center": {
        "x": 50.5886591,
        "y": 8.8626052
      },
      "area": {
        "x": 0.0829824,
        "y": 0.1243680
      }
    },
    "pointsx": [
      50.5616019,
      50.5602997,
      50.5586559,
      50.5586558,
      50.5578487,
      50.5578444,
      50.5560832,
      50.5544180,
      50.5515013,
      50.5500323,
      50.5499746,
      50.5499067,
      50.5485787,
      50.5479776,
      50.5471679,
      50.5477834,
      50.5471679,
      50.5482870,
      50.5496859,
      50.5500775,
      50.5549452,
      50.5543298,
      50.5543857,
      50.5557844,
      50.5538263,
      50.5517002,
      50.5513085,
      50.5514204,
      50.5535465,
      50.5555047,
      50.5574068,
      50.5576866,
      50.5567914,
      50.5572277,
      50.5590953,
      50.5647451,
      50.5651926,
      50.5665909,
      50.5679333,
      50.5712333,
      50.5737776,
      50.5782514,
      50.5790657,
      50.5841925,
      50.5872676,
      50.5901329,
      50.5925787,
      50.5946223,
      50.5949545,
      50.5975398,
      50.6004743,
      50.6037579,
      50.6124898,
      50.6129788,
      50.6149345,
      50.6171695,
      50.6200329,
      50.6206614,
      50.6260385,
      50.6261782,
      50.6301503,
      50.6301372,
      50.6272977,
      50.6238118,
      50.6211749,
      50.6186719,
      50.6180908,
      50.6140232,
      50.6120115,
      50.6093292,
      50.6036496,
      50.6042308,
      50.6056169,
      50.6050356,
      50.6038732,
      50.6028448,
      50.6023529,
      50.5981513,
      50.5956919,
      50.5926956,
      50.5896991,
      50.5874628,
      50.5873733,
      50.5890729,
      50.5891624,
      50.5860762,
      50.5869261,
      50.5861210,
      50.5816927,
      50.5812366,
      50.5809573,
      50.5803203,
      50.5796629,
      50.5781265,
      50.5763278,
      50.5762570,
      50.5765431,
      50.5754973,
      50.5752929,
      50.5752758,
      50.5754734,
      50.5752724,
      50.5745190,
      50.5747472,
      50.5747472,
      50.5745598,
      50.5743213,
      50.5741033,
      50.5739568,
      50.5735548,
      50.5729484,
      50.5731022,
      50.5729250,
      50.5725878,
      50.5707111,
      50.5698218,
      50.5697230,
      50.5697877,
      50.5696651,
      50.5697775,
      50.5697366,
      50.5695322,
      50.5691131,
      50.5689852,
      50.5688235,
      50.5684487,
      50.5683703,
      50.5683780,
      50.5683874,
      50.5678047,
      50.5672153,
      50.5655311,
      50.5678683,
      50.5691211,
      50.5699413,
      50.5702628,
      50.5678028,
      50.5667308,
      50.5662627,
      50.5644908,
      50.5633671
    ],
    "pointsy": [
      8.9247892,
      8.9241843,
      8.9157003,
      8.9156997,
      8.9158222,
      8.9158125,
      8.9118750,
      8.9081024,
      8.9087889,
      8.9069984,
      8.9069302,
      8.9068500,
      8.9073997,
      8.9072609,
      8.9006362,
      8.8915661,
      8.8835527,
      8.8736020,
      8.8710483,
      8.8666453,
      8.8602170,
      8.8569588,
      8.8542290,
      8.8534364,
      8.8493857,
      8.8480648,
      8.8457753,
      8.8404037,
      8.8332709,
      8.8326545,
      8.8305410,
      8.8280754,
      8.8268425,
      8.8240677,
      8.8245189,
      8.8170339,
      8.8141280,
      8.8119265,
      8.8064668,
      8.8004212,
      8.8030404,
      8.8064527,
      8.8069807,
      8.8103053,
      8.8116262,
      8.8082139,
      8.8064527,
      8.8061687,
      8.8061225,
      8.8086542,
      8.8128370,
      8.8147083,
      8.8262660,
      8.8290179,
      8.8328705,
      8.8333108,
      8.8380440,
      8.8422268,
      8.8502622,
      8.8549954,
      8.8612350,
      8.8746551,
      8.8768784,
      8.8767375,
      8.8804712,
      8.8811757,
      8.8843458,
      8.8885022,
      8.8968855,
      8.9009714,
      8.9028289,
      8.9047310,
      8.9065626,
      8.9090987,
      8.9095918,
      8.9077602,
      8.9052241,
      8.9047756,
      8.9070299,
      8.9076639,
      8.9044234,
      8.8939267,
      8.8863184,
      8.8840641,
      8.8806121,
      8.8722289,
      8.8615913,
      8.8565191,
      8.8496153,
      8.8491763,
      8.8501366,
      8.8516654,
      8.8529314,
      8.8556458,
      8.8587143,
      8.8587623,
      8.8612031,
      8.8636546,
      8.8651942,
      8.8659613,
      8.8684934,
      8.8692336,
      8.8715857,
      8.8721914,
      8.8730551,
      8.8738168,
      8.8743372,
      8.8748736,
      8.8751257,
      8.8755120,
      8.8772822,
      8.8780416,
      8.8788141,
      8.8797099,
      8.8828592,
      8.8856648,
      8.8864748,
      8.8865284,
      8.8875477,
      8.8882612,
      8.8893019,
      8.8902728,
      8.8910024,
      8.8910711,
      8.8911579,
      8.8918124,
      8.8920431,
      8.8923826,
      8.8927941,
      8.8961737,
      8.8973699,
      8.8999739,
      8.9017464,
      8.9049165,
      8.9066025,
      8.9067752,
      8.9125183,
      8.9155650,
      8.9154870,
      8.9227826,
      8.9242065
    ]
  }
}