{
  "numberOfPolygons": 1,
  "box": {
    "min": {
      "x": 50.5264042,
      "y": 8.5557586
    },
    "max": {
      "x": 50.6352285,
      "y": 8.7640475
    },
    "center": {
      "x": 50.58081635,
      "y": 8.65990305
    }
  },
  "polygons": [
    {
      "numberOfPoints": 417,
      "box": {
        "min": {
          "x": 50.5264042,
          "y": 8.5557586
        },
        "max": {
          "x": 50.6352285,
          "y": 8.7640475
        },
        "center": {
          "x": 50.58081635,
          "y": 8.65990305
        }
      },
      "pointsx": [
        50.6344000,
        50.6339174,
        50.6340824,
        50.6342987,
        50.6336672,
        50.6323803,
        50.6287339,
        50.6255520,
        50.6231565,
        50.6177573,
        50.6157905,
        50.6149534,
        50.6130790,
        50.6108175,
        50.6108355,
        50.6107997,
        50.6075287,
        50.6055663,
        50.6056647,
        50.6060621,
        50.6065388,
        50.6069756,
        50.6075384,
        50.6084225,
        50.6083982,
        50.6080704,
        50.6087093,
        50.6088484,
        50.6083004,
        50.6083123,
        50.6082339,
        50.6080224,
        50.6076441,
        50.6075787,
        50.6074927,
        50.6071004,
        50.6071110,
        50.6072837,
        50.6077029,
        50.6078642,
        50.6082011,
        50.6085653,
        50.6090805,
        50.6094606,
        50.6094074,
        50.6097193,
        50.6052759,
        50.6042744,
        50.6039522,
        50.6014128,
        50.6005900,
        50.5953671,
        50.5943296,
        50.5929343,
        50.5921587,
        50.5889441,
        50.5885050,
        50.5881055,
        50.5864283,
        50.5854498,
        50.5804874,
        50.5770915,
        50.5755406,
        50.5727283,
        50.5702815,
        50.5679044,
        50.5651077,
        50.5630800,
        50.5611222,
        50.5602028,
        50.5599382,
        50.5596148,
        50.5565639,
        50.5565482,
        50.5577083,
        50.5578356,
        50.5579924,
        50.5560341,
        50.5549447,
        50.5539237,
        50.5537988,
        50.5538208,
        50.5532836,
        50.5522068,
        50.5505534,
        50.5500682,
        50.5491305,
        50.5484611,
        50.5482569,
        50.5481702,
        50.5466545,
        50.5452459,
        50.5453415,
        50.5454016,
        50.5453698,
        50.5454254,
        50.5456207,
        50.5457853,
        50.5461000,
        50.5463947,
        50.5469399,
        50.5455714,
        50.5446285,
        50.5460103,
        50.5439670,
        50.5440385,
        50.5441149,
        50.5440622,
        50.5440579,
        50.5440556,
        50.5444105,
        50.5437500,
        50.5448604,
        50.5474857,
        50.5478232,
        50.5480916,
        50.5484124,
        50.5488839,
        50.5492763,
        50.5498848,
        50.5500795,
        50.5503678,
        50.5506260,
        50.5508961,
        50.5510606,
        50.5511776,
        50.5516224,
        50.5529325,
        50.5532042,
        50.5535534,
        50.5542858,
        50.5546577,
        50.5552687,
        50.5553963,
        50.5556662,
        50.5561933,
        50.5566549,
        50.5574397,
        50.5602209,
        50.5609796,
        50.5622472,
        50.5632201,
        50.5634931,
        50.5640335,
        50.5643339,
        50.5644092,
        50.5644140,
        50.5643916,
        50.5642728,
        50.5635195,
        50.5628101,
        50.5626066,
        50.5625922,
        50.5622768,
        50.5616884,
        50.5611655,
        50.5599223,
        50.5592999,
        50.5586977,
        50.5585136,
        50.5583226,
        50.5580913,
        50.5580855,
        50.5580525,
        50.5579044,
        50.5577126,
        50.5574485,
        50.5570897,
        50.5563404,
        50.5560667,
        50.5559176,
        50.5558270,
        50.5556419,
        50.5553991,
        50.5553634,
        50.5551121,
        50.5547083,
        50.5544236,
        50.5542237,
        50.5539160,
        50.5538019,
        50.5532961,
        50.5522107,
        50.5524643,
        50.5533913,
        50.5535168,
        50.5535241,
        50.5533918,
        50.5531380,
        50.5529711,
        50.5528588,
        50.5529079,
        50.5528462,
        50.5528440,
        50.5528619,
        50.5529387,
        50.5531686,
        50.5530931,
        50.5530254,
        50.5530019,
        50.5529849,
        50.5529996,
        50.5524589,
        50.5519850,
        50.5516613,
        50.5496797,
        50.5494537,
        50.5474694,
        50.5462906,
        50.5460303,
        50.5454211,
        50.5449462,
        50.5450338,
        50.5436552,
        50.5407541,
        50.5340558,
        50.5293624,
        50.5267000,
        50.5273590,
        50.5277649,
        50.5280500,
        50.5280640,
        50.5264042,
        50.5265762,
        50.5267822,
        50.5275991,
        50.5276141,
        50.5293498,
        50.5303757,
        50.5308757,
        50.5312646,
        50.5314326,
        50.5309436,
        50.5306887,
        50.5323745,
        50.5335873,
        50.5333973,
        50.5332916,
        50.5332333,
        50.5329044,
        50.5328784,
        50.5329244,
        50.5330614,
        50.5332973,
        50.5335953,
        50.5340992,
        50.5346942,
        50.5349421,
        50.5354001,
        50.5355941,
        50.5357660,
        50.5359260,
        50.5360180,
        50.5367879,
        50.5372769,
        50.5374409,
        50.5375739,
        50.5382838,
        50.5387567,
        50.5393597,
        50.5394086,
        50.5398666,
        50.5400956,
        50.5403355,
        50.5405345,
        50.5406375,
        50.5408585,
        50.5408505,
        50.5409115,
        50.5410955,
        50.5414004,
        50.5421324,
        50.5414684,
        50.5409575,
        50.5416744,
        50.5423613,
        50.5430523,
        50.5433872,
        50.5430943,
        50.5424413,
        50.5420944,
        50.5420484,
        50.5412665,
        50.5411755,
        50.5406486,
        50.5404046,
        50.5404886,
        50.5409155,
        50.5417624,
        50.5419574,
        50.5418994,
        50.5412395,
        50.5415685,
        50.5416905,
        50.5435483,
        50.5439672,
        50.5442882,
        50.5447611,
        50.5454211,
        50.5456000,
        50.5455200,
        50.5470839,
        50.5477668,
        50.5477978,
        50.5482897,
        50.5487127,
        50.5487927,
        50.5488277,
        50.5490367,
        50.5491666,
        50.5491097,
        50.5490297,
        50.5495336,
        50.5499416,
        50.5501585,
        50.5501515,
        50.5501125,
        50.5501316,
        50.5514214,
        50.5524663,
        50.5528823,
        50.5531382,
        50.5531872,
        50.5537482,
        50.5543241,
        50.5546491,
        50.5553580,
        50.5556669,
        50.5559569,
        50.5564839,
        50.5571468,
        50.5577227,
        50.5578607,
        50.5582687,
        50.5589501,
        50.5593428,
        50.5595816,
        50.5597323,
        50.5603402,
        50.5605085,
        50.5609964,
        50.5613663,
        50.5626592,
        50.5632321,
        50.5634124,
        50.5635821,
        50.5635601,
        50.5636021,
        50.5638081,
        50.5638301,
        50.5638721,
        50.5639600,
        50.5641170,
        50.5644490,
        50.5647040,
        50.5646802,
        50.5648944,
        50.5650226,
        50.5701799,
        50.5730012,
        50.5719274,
        50.5719990,
        50.5770379,
        50.5795592,
        50.5820635,
        50.5862294,
        50.5868024,
        50.5868530,
        50.5868455,
        50.5868540,
        50.5872681,
