{"id":418607,"name":"Biebertal","polygon":{"numberOfPoints":537,"box":{"min":{"x":50.6020536,"y":8.5195093},"max":{"x":50.6990902,"y":8.6272730},"center":{"x":50.6505719,"y":8.57339115},"area":{"x":0.0970366,"y":0.1077637}},"pointsx":[50.6307483,50.6311792,50.6317052,50.6317022,50.6319761,50.6321631,50.6323271,50.6325221,50.6326521,50.6327770,50.6328690,50.6332200,50.6340129,50.6341589,50.6343909,50.6347728,50.6350588,50.6356537,50.6365316,50.6366796,50.6371226,50.6370886,50.6372446,50.6374585,50.6378165,50.6379235,50.6383774,50.6390264,50.6394003,50.6396403,50.6402542,50.6406852,50.6411011,50.6413261,50.6416121,50.6419170,50.6432339,50.6439888,50.6442068,50.6444277,50.6449387,50.6456296,50.6461975,50.6475324,50.6488683,50.6496732,50.6505621,50.6505691,50.6506071,50.6507181,50.6507181,50.6506381,50.6511220,50.6515080,50.6515230,50.6519809,50.6523699,50.6533468,50.6536587,50.6540597,50.6542087,50.6544677,50.6545826,50.6546586,50.6550436,50.6553186,50.6555285,50.6556925,50.6561125,50.6574893,50.6576953,50.6581833,50.6584202,50.6588852,50.6589582,50.6605870,50.6619558,50.6622728,50.6630437,50.6636576,50.6640966,50.6647825,50.6657554,50.6677202,50.6677622,50.6679302,50.6680022,50.6680672,50.6684071,50.6684941,50.6689101,50.6697990,50.6702799,50.6706349,50.6707149,50.6714398,50.6718587,50.6723247,50.6727826,50.6730266,50.6732056,50.6735795,50.6740105,50.6741095,50.6744115,50.6760893,50.6763112,50.6767192,50.6770552,50.6774511,50.6778671,50.6790459,50.6792424,50.6793544,50.6813047,50.6817846,50.6819146,50.6819336,50.6829065,50.6832845,50.6838064,50.6845923,50.6847833,50.6848023,50.6847493,50.6845203,50.6850843,50.6851953,50.6852832,50.6855842,50.6858362,50.6859692,50.6865301,50.6866831,50.6874040,50.6876180,50.6880449,50.6881059,50.6881969,50.6883309,50.6887429,50.6892728,50.6893918,50.6895748,50.6896548,50.6897950,50.6902463,50.6904557,50.6908868,50.6913399,50.6916145,50.6918622,50.6920918,50.6922763,50.6924475,50.6925804,50.6927685,50.6929344,50.6933314,50.6936713,50.6939153,50.6939693,50.6940263,50.6941823,50.6944422,50.6947762,50.6949707,50.6954941,50.6955981,50.6966106,50.6968678,50.6970580,50.6979829,50.6990902,50.6987807,50.6986549,50.6985451,50.6984320,50.6982727,50.6981349,50.6980539,50.6979345,50.6978299,50.6976670,50.6975194,50.6973888,50.6971890,50.6967500,50.6962731,50.6961321,50.6954182,50.6945523,50.6944613,50.6943353,50.6938084,50.6935644,50.6933014,50.6929395,50.6926455,50.6924855,50.6924465,50.6922825,50.6922405,50.6920616,50.6917526,50.6913936,50.6911347,50.6903188,50.6896088,50.6892429,50.6891169,50.6881550,50.6880910,50.6880030,50.6875831,50.6869311,50.6862292,50.6860992,50.6851384,50.6851114,50.6842075,50.6837575,50.6829596,50.6827276,50.6824527,50.6818917,50.6814568,50.6811588,50.6806329,50.6804119,50.6800799,50.6791180,50.6785581,50.6783591,50.6782831,50.6781571,50.6781301,50.6777532,50.6773182,50.6771043,50.6770123,50.6767303,50.6762044,50.6760704,50.6759294,50.6761884,50.6759024,50.6758564,50.6758034,50.6758114,50.6761884,50.6762074,50.6761014,50.6758794,50.6760174,50.6761464,50.6763374,50.6764674,50.6765393,50.6763564,50.6760214,50.6759674,50.6757234,50.6755405,50.6759294,50.6757464,50.6760594,50.6761354,50.6761434,50.6761014,50.6756775,50.6754335,50.6755991,50.6756245,50.6759294,50.6760474,50.6761314,50.6762194,50.6762724,50.6761504,50.6758835,50.6759904,50.6763144,50.6764174,50.6764214,50.6755025,50.6751735,50.6750326,50.6747196,50.6745176,50.6743156,50.6737967,50.6697291,50.6683349,50.6665356,50.6653123,50.6629685,50.6622540,50.6593602,50.6548226,50.6504276,50.6487481,50.6483907,50.6469613,50.6461394,50.6444058,50.6442453,50.6412074,50.6389199,50.6361319,50.6335247,50.6319484,50.6295907,50.6288722,50.6283031,50.6276002,50.6271736,50.6263050,50.6253227,50.6245614,50.6239152,50.6216798,50.6213499,50.6211925,50.6190565,50.6179849,50.6164761,50.6152259,50.6122184,50.6105492,50.6091200,50.6077168,50.6043954,50.6033944,50.6034007,50.6031464,50.6020536,50.6032832,50.6032832,50.6047922,50.6070836,50.6075865,50.6091513,50.6097660,50.6096542,50.6062453,50.6047734,50.6051553,50.6059142,50.6061392,50.6063532,50.6065632,50.6070591,50.6076190,50.6079210,50.6080890,50.6087029,50.6095228,50.6097978,50.6100538,50.6103697,50.6108617,50.6110836,50.6111286,50.6111446,50.6109956,50.6109076,50.6109646,50.6120675,50.6132160,50.6132536,50.6134294,50.6136653,50.6139133,50.6139973,50.6141543,50.6143753,50.6146542,50.6150892,50.6153372,50.6156491,50.6158291,50.6163250,50.6166781,50.6168170,50.6169920,50.6171829,50.6173809,50.6175109,50.6176409,50.6177899,50.6180029,50.6183428,50.6185638,50.6186018,50.6185948,50.6185718,50.6184758,50.6184688,50.6184728,50.6184758,50.6186168,50.6187008,50.6184268,50.6182168,50.6178319,50.6173359,50.6169879,50.6169540,50.6169120,50.6167440,50.6164540,50.6163400,50.6165380,50.6167290,50.6170229,50.6177668,50.6180188,50.6181178,50.6192927,50.6195826,50.6200596,50.6202346,50.6204025,50.6207155,50.6208415,50.6211275,50.6213524,50.6218714,50.6227063,50.6231204,50.6231577,50.6232142,50.6232752,50.6233632,50.6234662,50.6237522,50.6245341,50.6250300,50.6253690,50.6256819,50.6263459,50.6268608,50.6268728,50.6268528,50.6271238,50.6272497,50.6272387,50.6272347,50.6262578,50.6257509,50.6250950,50.6247020,50.6239771,50.6227982,50.6209904,50.6202045,50.6199026,50.6185367,50.6180988,50.6177518,50.6169539,50.6168019,50.6168019,50.6167859,50.6168019,50.6178198,50.6183927,50.6187587,50.6192316,50.6197156,50.6199106,50.6200055,50.6199945,50.6200285,50.6200015,50.6199445,50.6199825,50.6199145,50.6199025,50.6200325,50.6203115,50.6207154,50.6210704,50.6210474,50.6209484,50.6205815,50.6196056,50.6189876,50.6179079,50.6170189,50.6160610,50.6154240,50.6156380,50.6159890,50.6164349,50.6169579,50.6174198,50.6179187,50.6207114,50.6211194,50.6216153,50.6218983,50.6222493,50.6227682,50.6234501,50.6238551,50.6238621,50.6239201,50.6241180,50.6245300,50.6251789,50.6256249,50.6258538,50.6259608,50.6260488,50.6261398,50.6260288,50.6259718,50.6261548,50.6263958,50.6269257,50.6275136,50.6281426,50.6284245,50.6285315,50.6289015,50.6289785,50.6293444,50.6295234,50.6296414,50.6297334,50.6297414,50.6297904,50.6299734,50.6302063,50.6303053],