{
  "numberOfPolygons": 1,
  "box": {
    "min": {
      "x": 50.6506456,
      "y": 7.5644912
    },
    "max": {
      "x": 50.6887833,
      "y": 7.6067982
    },
    "center": {
      "x": 50.66971445,
      "y": 7.5856447
    }
  },
  "polygons": [
    {
      "numberOfPoints": 91,
      "box": {
        "min": {
          "x": 50.6506456,
          "y": 7.5644912
        },
        "max": {
          "x": 50.6887833,
          "y": 7.6067982
        },
        "center": {
          "x": 50.66971445,
          "y": 7.5856447
        }
      },
      "pointsx": [
        50.6818758,
        50.6823322,
        50.6826031,
        50.6827434,
        50.6828779,
        50.6824161,
        50.6819030,
        50.6824982,
        50.6831670,
        50.6834593,
        50.6845812,
        50.6844736,
        50.6849899,
        50.6857368,
        50.6859863,
        50.6877313,
        50.6883488,
        50.6884165,
        50.6883871,
        50.6883049,
        50.6881261,
        50.6880933,
        50.6886325,
        50.6884094,
        50.6883128,
        50.6883104,
        50.6887833,
        50.6884960,
        50.6886864,
        50.6851412,
        50.6858396,
        50.6750922,
        50.6720037,
        50.6715212,
        50.6698778,
        50.6689743,
        50.6685452,
        50.6666149,
        50.6657195,
        50.6655915,
        50.6648832,
        50.6645760,
        50.6645334,
        50.6634240,
        50.6635605,
        50.6644054,
        50.6589909,
        50.6554185,
        50.6552734,
        50.6548381,
        50.6541296,
        50.6536602,
        50.6531737,
        50.6527838,
        50.6521125,
        50.6525225,
        50.6523129,
        50.6521989,
        50.6520729,
        50.6516110,
        50.6513520,
        50.6510620,
        50.6506487,
        50.6506456,
        50.6506922,
        50.6509237,
        50.6512845,
        50.6514971,
        50.6517934,
        50.6526011,
        50.6533078,
        50.6538660,
        50.6559006,
        50.6599631,
        50.6619874,
        50.6650572,
        50.6665354,
        50.6676041,
        50.6679158,
        50.6683994,
        50.6682316,
        50.6690554,
        50.6694682,
        50.6712134,
        50.6707194,
        50.6727902,
        50.6735057,
        50.6741162,
        50.6744363,
        50.6748889,
        50.6773220
      ],
      "pointsy": [
        7.5782573,
        7.5782385,
        7.5781965,
        7.5782232,
        7.5784560,
        7.5800432,
        7.5811552,
        7.5815871,
        7.5823384,
        7.5819704,
        7.5839246,
        7.5841633,
        7.5854604,
        7.5868666,
        7.5870102,
        7.5889892,
        7.5896836,
        7.5903260,
        7.5907220,
        7.5911786,
        7.5912762,
        7.5915696,
        7.5918686,
        7.5947636,
        7.5947630,
        7.5949997,
        7.5951103,
        7.5965463,
        7.5966329,
        7.5993304,
        7.6067982,
        7.6035574,
        7.6052807,
        7.6045612,
        7.6046564,
        7.6040832,
        7.6022554,
        7.5916309,
        7.5917805,
        7.5927902,
        7.5935710,
        7.5936249,
        7.5947692,
        7.5948365,
        7.5933556,
        7.5916862,
        7.5909898,
        7.5921393,
        7.5933510,
        7.5946972,
        7.5952627,
        7.5939164,
        7.5931894,
        7.5937307,
        7.5925928,
        7.5922360,
        7.5917772,
        7.5913213,
        7.5909574,
        7.5902945,
        7.5900405,
        7.5898335,
        7.5894415,
        7.5890632,
        7.5887061,
        7.5880795,
        7.5875741,
        7.5874399,
        7.5875775,
        7.5870644,
        7.5869090,
        7.5863371,
        7.5868740,
        7.5829817,
        7.5771702,
        7.5729999,
        7.5760679,
        7.5736711,
        7.5739523,
        7.5740325,
        7.5729134,
        7.5733222,
        7.5724773,
        7.5708678,
        7.5699523,
        7.5644912,
        7.5650137,
        7.5655450,
        7.5662910,
        7.5721462,
        7.5723789
      ]
    }
  ]
}