{"id":420479,"name":"Rötha","polygon":{"numberOfPoints":777,"box":{"min":{"x":51.1733354,"y":12.3924805},"max":{"x":51.2422080,"y":12.5627552},"center":{"x":51.2077717,"y":12.47761785},"area":{"x":0.0688726,"y":0.1702747}},"pointsx":[51.2071206,51.2070927,51.2071734,51.2074617,51.2077016,51.2068558,51.2071945,51.2105575,51.2103801,51.2134022,51.2137354,51.2158333,51.2157962,51.2173856,51.2173735,51.2182454,51.2204867,51.2205841,51.2207700,51.2208691,51.2210354,51.2211052,51.2222225,51.2223097,51.2223537,51.2224335,51.2230655,51.2236870,51.2245581,51.2253328,51.2257453,51.2260206,51.2261803,51.2280133,51.2280561,51.2278233,51.2272046,51.2265752,51.2262206,51.2262780,51.2263905,51.2257383,51.2267701,51.2281550,51.2281383,51.2252043,51.2266980,51.2265823,51.2287159,51.2287438,51.2291806,51.2291450,51.2264568,51.2260314,51.2257409,51.2255720,51.2254005,51.2253660,51.2253310,51.2252999,51.2253334,51.2253528,51.2253071,51.2252916,51.2252607,51.2251908,51.2251546,51.2250914,51.2250237,51.2249958,51.2247038,51.2240039,51.2231817,51.2230846,51.2229895,51.2229329,51.2228274,51.2228312,51.2228143,51.2226640,51.2224556,51.2222876,51.2222127,51.2221108,51.2219669,51.2218925,51.2217829,51.2215891,51.2214359,51.2213535,51.2213908,51.2213607,51.2213216,51.2212107,51.2206555,51.2205245,51.2204023,51.2203473,51.2203242,51.2203501,51.2204165,51.2204932,51.2205602,51.2206391,51.2207015,51.2207888,51.2208464,51.2208982,51.2209370,51.2209597,51.2209353,51.2209345,51.2208073,51.2206508,51.2206784,51.2209415,51.2210323,51.2213397,51.2213578,51.2213357,51.2212504,51.2211880,51.2211034,51.2208806,51.2207706,51.2206673,51.2205433,51.2204858,51.2204003,51.2203837,51.2204070,51.2205213,51.2205295,51.2205513,51.2205345,51.2204552,51.2200954,51.2199033,51.2196893,51.2195138,51.2194367,51.2191801,51.2189332,51.2187469,51.2185693,51.2182481,51.2174947,51.2171148,51.2167674,51.2159466,51.2155073,51.2149017,51.2141712,51.2140673,51.2139733,51.2138507,51.2138187,51.2138459,51.2140374,51.2141160,51.2141152,51.2140531,51.2134156,51.2133269,51.2132907,51.2132689,51.2133125,51.2132459,51.2131753,51.2129474,51.2128983,51.2129106,51.2128810,51.2128186,51.2126248,51.2125401,51.2124577,51.2123484,51.2122778,51.2121905,51.2121160,51.2118949,51.2117114,51.2115849,51.2113956,51.2112487,51.2108885,51.2107866,51.2103541,51.2102532,51.2101800,51.2099953,51.2098850,51.2095454,51.2095210,51.2093265,51.2091215,51.2089742,51.2088610,51.2087535,51.2086344,51.2086545,51.2085098,51.2083813,51.2081234,51.2080001,51.2078396,51.2076970,51.2076646,51.2076594,51.2077425,51.2079170,51.2081977,51.2082492,51.2083414,51.2082873,51.2079031,51.2077410,51.2075811,51.2074727,51.2073512,51.2072847,51.2070763,51.2070231,51.2069149,51.2067881,51.2065172,51.2064736,51.2062812,51.2061831,51.2060198,51.2059821,51.2058999,51.2058623,51.2057987,51.2057065,51.2055812,51.2054348,51.2053230,51.2046213,51.2045571,51.2043416,51.2042925,51.2042840,51.2042176,51.2041421,51.2040266,51.2038705,51.2036938,51.2035614,51.2034802,51.2033399,51.2032181,51.2030517,51.2029175,51.2027561,51.2025829,51.2024837,51.2022024,51.2020280,51.2019384,51.2018339,51.2016095,51.2015291,51.2014569,51.2013073,51.2011439,51.2010197,51.2009706,51.2008558,51.2007952,51.2005771,51.2004413,51.2002621,51.2002172,51.2001104,51.1999054,51.1997751,51.1996059,51.1993810,51.1993745,51.1992961,51.1989606,51.1989479,51.1986946,51.1979853,51.1974111,51.1974217,51.1975977,51.1974836,51.1973464,51.1970915,51.1970244,51.1966659,51.1964792,51.1962707,51.1958279,51.1956824,51.1955108,51.1954376,51.1953485,51.1952763,51.1950948,51.1948814,51.1948154,51.1947887,51.1947751,51.1947472,51.1946814,51.1946039,51.1939812,51.1938697,51.1938435,51.1938607,51.1939855,51.1941033,51.1941049,51.1940408,51.1940059,51.1937501,51.1936741,51.1936159,51.1934951,51.1934194,51.1933335,51.1932605,51.1931768,51.1931505,51.1931316,51.1930817,51.1929641,51.1928407,51.1926222,51.1925272,51.1924265,51.1923443,51.1922028,51.1920709,51.1918978,51.1917831,51.1916477,51.1914609,51.1913429,51.1911060,51.1908777,51.1907469,51.1905743,51.1904674,51.1904181,51.1904271,51.1904986,51.1906134,51.1907475,51.1908695,51.1909609,51.1910744,51.1911883,51.1913037,51.1914768,51.1915209,51.1914925,51.1913234,51.1911915,51.1910586,51.1910000,51.1909064,51.1908073,51.1907072,51.1905291,51.1904450,51.1903010,51.1900631,51.1900046,51.1900063,51.1899851,51.1898887,51.1895167,51.1889617,51.1889299,51.1889466,51.1889762,51.1890384,51.1891348,51.1891893,51.1892446,51.1891932,51.1890641,51.1889506,51.1887981,51.1887371,51.1886798,51.1886322,51.1883516,51.1882565,51.1881734,51.1880869,51.1878905,51.1878014,51.1874721,51.1873891,51.1871061,51.1869890,51.1869280,51.1869322,51.1869158,51.1868678,51.1867657,51.1866657,51.1864839,51.1863265,51.1862155,51.1860545,51.1859032,51.1855555,51.1854832,51.1854408,51.1854408,51.1857300,51.1858581,51.1858715,51.1859127,51.1859215,51.1858849,51.1858446,51.1857263,51.1855116,51.1853481,51.1851472,51.1850712,51.1849101,51.1848028,51.1846442,51.1844856,51.1843880,51.1842635,51.1841928,51.1841671,51.1841513,51.1841086,51.1841049,51.1840512,51.1839597,51.1838585,51.1838231,51.1837914,51.1837108,51.1836303,51.1835913,51.1835815,51.1835986,51.1835888,51.1836206,51.1836035,51.1835474,51.1834961,51.1833912,51.1832524,51.1830240,51.1828971,51.1827677,51.1826067,51.1825310,51.1824530,51.1823358,51.1822551,51.1821065,51.1820589,51.1820052,51.1818649,51.1816770,51.1815965,51.1815477,51.1814134,51.1813561,51.1813317,51.1812414,51.1811938,51.1811816,51.1812524,51.1813646,51.1814110,51.1814110,51.1814256,51.1814061,51.1813622,51.1810889,51.1809620,51.1808839,51.1807814,51.1807229,51.1806204,51.1805813,51.1802714,51.1801982,51.1785711,51.1785229,51.1768773,51.1759801,51.1771595,51.1771429,51.1763674,51.1767847,51.1754306,51.1746981,51.1741360,51.1733354,51.1734121,51.1741701,51.1740980,51.1744779,51.1742854,51.1748515,51.1771270,51.1780440,51.1781685,51.1780327,51.1775912,51.1781912,51.1798726,51.1811571,51.1819608,51.1833127,51.1847389,51.1861414,51.1862297,51.1860092,51.1861580,51.1862900,51.1863746,51.1863671,51.1857074,51.1857187,51.1855716,51.1859555,51.1844284,51.1830150,51.1819753,51.1812833,51.1801306,51.1787951,51.1788806,51.1789408,51.1789657,51.1789234,51.1789320,51.1789948,51.1792069,51.1793947,51.1797363,51.1803453,51.1808463,51.1777657,51.1746662,51.1747553,51.1760250,51.1775568,51.1777374,51.1778701,51.1779475,51.1780681,51.1782427,51.1783821,51.1783899,51.1773358,51.1775793,51.1776491,51.1781323,51.1782134,51.1787551,51.1808677,51.1811218,51.1814046,51.1824115,51.1825260,51.1825406,51.1825435,51.1825285,51.1824812,51.1828052,51.1832683,51.1834532,51.1835278,51.1837855,51.1838129,51.1841955,51.1859030,51.1865356,51.1873880,51.1877736,51.1880288,51.1882535,51.1884349,51.1886183,51.1901815,51.1917015,51.1982042,51.1982899,51.1984281,51.1987895,51.2008722,51.2017054,51.2017769,51.2020620,51.2021994,51.2028183,51.2046853,51.2053980,51.2061663,51.2062390,51.2061668,51.2060584,51.2057837,51.2059702,51.2060003,51.2059225,51.2057991,51.2055736,51.2053948,51.2053352,51.2052359,51.2036364,51.2051459,51.2056398,51.2054985,51.2058584,51.2061722,51.2062831,51.2063650,51.2064292,51.2065084,51.2065137,51.2064873,51.2064512,51.2066780,51.2069362,51.2096540,51.2110573,51.2117603,51.2121220,51.2122845,51.2125553,51.2128020,51.2131029,51.2135000,51.2143364,51.2142574,51.2152446,51.2155638,51.2156412,51.2157731,51.2158794,51.2160581,51.2161730,51.2162411,51.2162411,51.2161730,51.2156156,51.2155220,51.2154745,51.2153157,51.2157224,51.2164516,51.2168460,51.2172350,51.2178756,51.2186615,51.2191615,51.2193127,51.2195416,51.2205997,51.2211118,51.2217074,51.2219481,51.2225196,51.2232836,51.2237288,51.2241844,51.2242019,51.2243877,51.2264839,51.2267995,51.2271588,51.2275928,51.2277375,51.2270894,51.2289644,51.2311228,51.2316228,51.2333794,51.2335186,51.2339654,51.2342011,51.2347650,51.2351298,51.2354996,51.2363122,51.2370997,51.2373523,51.2380078,51.2383205,51.2388798,51.2390683,51.2405815,51.2413177,51.2416858,51.2419039,