{"id":420480,"name":"Neukieritzsch","polygon":{"numberOfPoints":371,"box":{"min":{"x":51.0984195,"y":12.3236628},"max":{"x":51.1972357,"y":12.4897780},"center":{"x":51.1478276,"y":12.4067204},"area":{"x":0.0988162,"y":0.1661152}},"pointsx":[51.1250330,51.1235377,51.1207630,51.1206107,51.1192890,51.1192314,51.1190799,51.1188593,51.1166432,51.1137706,51.1130422,51.1120883,51.1119444,51.1104925,51.1099143,51.1084247,51.1084087,51.1058042,51.1054740,51.0995018,51.0984195,51.0987904,51.0994934,51.1008769,51.1020259,51.1022128,51.1023010,51.1026217,51.1027259,51.1031909,51.1032310,51.1031188,51.1036079,51.1034395,51.1032507,51.1037609,51.1042598,51.1046340,51.1049628,51.1053143,51.1051102,51.1050422,51.1042825,51.1043989,51.1071342,51.1096377,51.1097293,51.1095365,51.1094118,51.1094685,51.1098200,51.1105414,51.1108621,51.1113751,51.1115675,51.1122649,51.1132108,51.1141327,51.1141728,51.1147740,51.1149984,51.1168120,51.1178492,51.1177869,51.1183423,51.1183650,51.1188411,51.1194872,51.1196855,51.1194418,51.1194985,51.1220777,51.1216718,51.1220685,51.1217285,51.1225446,51.1226827,51.1236372,51.1283325,51.1281402,51.1310916,51.1303523,51.1292077,51.1297176,51.1305260,51.1312638,51.1312745,51.1357376,51.1358539,51.1364338,51.1365404,51.1366195,51.1369091,51.1372405,51.1375125,51.1375467,51.1377648,51.1383057,51.1384674,51.1384808,51.1393407,51.1401817,51.1409959,51.1413505,51.1420615,51.1423625,51.1429261,51.1447873,51.1470304,51.1515758,51.1518235,51.1527864,51.1530908,51.1530828,51.1529706,51.1536354,51.1540519,51.1540599,51.1533951,51.1532910,51.1535873,51.1530587,51.1526022,51.1516627,51.1521697,51.1525221,51.1530347,51.1533951,51.1542841,51.1557337,51.1558779,51.1564831,51.1571431,51.1581397,51.1603368,51.1619027,51.1618706,51.1615403,51.1611339,51.1599335,51.1614384,51.1624916,51.1641449,51.1658548,51.1662118,51.1675080,51.1682780,51.1681874,51.1707237,51.1735768,51.1746411,51.1778631,51.1785055,51.1780292,51.1789320,51.1789234,51.1789657,51.1789408,51.1788806,51.1787951,51.1801306,51.1812833,51.1819753,51.1830150,51.1844284,51.1859555,51.1855716,51.1857187,51.1857074,51.1863671,51.1863746,51.1862900,51.1861580,51.1860092,51.1862297,51.1861414,51.1847389,51.1833127,51.1819608,51.1811571,51.1798726,51.1781912,51.1775912,51.1780327,51.1781685,51.1780440,51.1771270,51.1748515,51.1742854,51.1744779,51.1740980,51.1740255,51.1737368,51.1734085,51.1733066,51.1730066,51.1727811,51.1722037,51.1719772,51.1716376,51.1714111,51.1702676,51.1705534,51.1697643,51.1693080,51.1678828,51.1671942,51.1669460,51.1662735,51.1672823,51.1658458,51.1662862,51.1667266,51.1674211,51.1672150,51.1672218,51.1655095,51.1651652,51.1660674,51.1651677,51.1719217,51.1777658,51.1823999,51.1825490,51.1836696,51.1843923,51.1840205,51.1842026,51.1841242,51.1930130,51.1918866,51.1930252,51.1928093,51.1924245,51.1922335,51.1924485,51.1922109,51.1921777,51.1928999,51.1967210,51.1972357,51.1960234,51.1887607,51.1879189,51.1862720,51.1858568,51.1846949,51.1846750,51.1838697,51.1836309,51.1831593,51.1831935,51.1815828,51.1816374,51.1811391,51.1802946,51.1764668,51.1763226,51.1743867,51.1736621,51.1725752,51.1710405,51.1710085,51.1686066,51.1685665,51.1668451,51.1664431,51.1658282,51.1649314,51.1638828,51.1640633,51.1639566,51.1634548,51.1633320,51.1635963,51.1637767,51.1640687,51.1640927,51.1640447,51.1635776,51.1623524,51.1617028,51.1599994,51.1596709,51.1596936,51.1599654,51.1597615,51.1580666,51.1562092,51.1526511,51.1526227,51.1525500,51.1524676,51.1523290,51.1522529,51.1521864,51.1521772,51.1518882,51.1517835,51.1515432,51.1513558,51.1512182,51.1510977,51.1510933,51.1510668,51.1508639,51.1506944,51.1505987,51.1504830,51.1504201,51.1503979,51.1503767,51.1503474,51.1503313,51.1503250,51.1503162,51.1502409,51.1502293,51.1501863,51.1501864,51.1501467,51.1501470,51.1501592,51.1501589,51.1501694,51.1501732,51.1502012,51.1502449,51.1502654,51.1501279,51.1501934,51.1501373,51.1501857,51.1502939,51.1502681,51.1501949,51.1500801,51.1497906,51.1462419,51.1455817,51.1454561,51.1453355,51.1452912,51.1452162,51.1451952,51.1451423,51.1441137,51.1434317,51.1429688,51.1390209,51.1389557,51.1382491,51.1368953,51.1360212,51.1360093,51.1348987,51.1319502,51.1266302,51.1253621,51.1257828,51.1259633,51.1272674,51.1283027,51.1275013,51.1237497,51.1233515,51.1184234,51.1228269,51.1248425,51.1251121,51.1252378],