{
  "id": 420580,
  "name": "Roth",
  "polygon": {
    "numberOfPoints": 52,
    "box": {
      "min": {
        "x": 50.7472820,
        "y": 7.6856516
      },
      "max": {
        "x": 50.7737823,
        "y": 7.7236721
      },
      "center": {
        "x": 50.76053215,
        "y": 7.70466185
      },
      "area": {
        "x": 0.0265003,
        "y": 0.0380205
      }
    },
    "pointsx": [
      50.7515832,
      50.7557755,
      50.7499929,
      50.7472820,
      50.7564983,
      50.7564210,
      50.7567965,
      50.7574489,
      50.7578664,
      50.7591399,
      50.7596774,
      50.7599854,
      50.7604237,
      50.7610709,
      50.7620133,
      50.7623532,
      50.7627324,
      50.7630535,
      50.7632686,
      50.7635744,
      50.7636375,
      50.7646927,
      50.7649168,
      50.7646219,
      50.7650398,
      50.7650450,
      50.7653135,
      50.7649067,
      50.7643874,
      50.7640222,
      50.7641198,
      50.7643703,
      50.7653488,
      50.7727053,
      50.7723802,
      50.7732982,
      50.7737369,
      50.7737823,
      50.7734784,
      50.7694900,
      50.7659131,
      50.7646485,
      50.7642149,
      50.7631309,
      50.7626859,
      50.7626251,
      50.7620108,
      50.7608544,
      50.7591922,
      50.7578551,
      50.7568432,
      50.7545303
    ],
    "pointsy": [
      7.7202934,
      7.7063548,
      7.7070974,
      7.7008136,
      7.6921304,
      7.6861873,
      7.6860806,
      7.6856516,
      7.6861219,
      7.6869304,
      7.6875492,
      7.6874997,
      7.6880442,
      7.6882752,
      7.6887587,
      7.6880600,
      7.6880442,
      7.6878750,
      7.6880006,
      7.6880225,
      7.6889230,
      7.6896412,
      7.6900626,
      7.6911201,
      7.6946574,
      7.6967448,
      7.6966311,
      7.6988692,
      7.6986657,
      7.7010061,
      7.7019220,
      7.7026810,
      7.7047008,
      7.7093906,
      7.7113900,
      7.7129066,
      7.7138589,
      7.7147448,
      7.7166277,
      7.7191020,
      7.7184165,
      7.7195590,
      7.7222439,
      7.7236721,
      7.7223104,
      7.7221243,
      7.7202445,
      7.7184736,
      7.7186450,
      7.7221297,
      7.7224153,
      7.7200732
    ]
  }
}