{
  "numberOfPolygons": 1,
  "box": {
    "min": {
      "x": 53.7713985,
      "y": 10.1119240
    },
    "max": {
      "x": 53.8243529,
      "y": 10.1605584
    },
    "center": {
      "x": 53.7978757,
      "y": 10.1362412
    }
  },
  "polygons": [
    {
      "numberOfPoints": 225,
      "box": {
        "min": {
          "x": 53.7713985,
          "y": 10.1119240
        },
        "max": {
          "x": 53.8243529,
          "y": 10.1605584
        },
        "center": {
          "x": 53.7978757,
          "y": 10.1362412
        }
      },
      "pointsx": [
        53.7887021,
        53.7905551,
        53.7965470,
        53.8004018,
        53.8011881,
        53.8018198,
        53.8023674,
        53.8029332,
        53.8030183,
        53.8025889,
        53.8032387,
        53.8097262,
        53.8097262,
        53.8117602,
        53.8140287,
        53.8201297,
        53.8236491,
        53.8243529,
        53.8201297,
        53.8199874,
        53.8197502,
        53.8195561,
        53.8192887,
        53.8190903,
        53.8188617,
        53.8186503,
        53.8182320,
        53.8181759,
        53.8181888,
        53.8180336,
        53.8178697,
        53.8174310,
        53.8167368,
        53.8163568,
        53.8160527,
        53.8158500,
        53.8154599,
        53.8152876,
        53.8147606,
        53.8146035,
        53.8144565,
        53.8141423,
        53.8139700,
        53.8138940,
        53.8137369,
        53.8135646,
        53.8133923,
        53.8131846,
        53.8129565,
        53.8127335,
        53.8125714,
        53.8125156,
        53.8122622,
        53.8119785,
        53.8118720,
        53.8116947,
        53.8114413,
        53.8113906,
        53.8111625,
        53.8110206,
        53.8109345,
        53.8106862,
        53.8105493,
        53.8104834,
        53.8104784,
        53.8103719,
        53.8101185,
        53.8099918,
        53.8099361,
        53.8097334,
        53.8096878,
        53.8094648,
        53.8090543,
        53.8087704,
        53.8087299,
        53.8086691,
        53.8084461,
        53.8082940,
        53.8080051,
        53.8078379,
        53.8076402,
        53.8075389,
        53.8072956,
        53.8071993,
        53.8070320,
        53.8067938,
        53.8067229,
        53.8065759,
        53.8062667,
        53.8063123,
        53.8062971,
        53.8060082,
        53.8054760,
        53.8054861,
        53.8054101,
        53.8054000,
        53.8052479,
        53.8051567,
        53.8051009,
        53.8048678,
        53.8047259,
        53.8046954,
        53.8042900,
        53.8043102,
        53.8042646,
        53.8037628,
        53.8027324,
        53.8020361,
        53.8012709,
        53.8011537,
        53.8002851,
        53.7994991,
        53.7982102,
        53.7981712,
        53.7977900,
        53.7974797,
        53.7964316,
        53.7962363,
        53.7960899,
        53.7955844,
        53.7954270,
        53.7949642,
        53.7945875,
        53.7943615,
        53.7939944,
        53.7939181,
        53.7935923,
        53.7934172,
        53.7929058,
        53.7922494,
        53.7913797,
        53.7912873,
        53.7891772,
        53.7886256,
        53.7882394,
        53.7878256,
        53.7874188,
        53.7869843,
        53.7858671,
        53.7852188,
        53.7817279,
        53.7810393,
        53.7797633,
        53.7792341,
        53.7790424,
        53.7781606,
        53.7773372,
        53.7770112,
        53.7759924,
        53.7759991,
        53.7756234,
        53.7745946,
        53.7745078,
        53.7746742,
        53.7743896,
        53.7738756,
        53.7736225,
        53.7737886,
        53.7737649,
        53.7733616,
        53.7728442,
        53.7721087,
        53.7718670,
        53.7718203,
        53.7715349,
        53.7716798,
        53.7719210,
        53.7720673,
        53.7720159,
        53.7718063,
        53.7717707,
        53.7718775,
        53.7718756,
        53.7713985,
        53.7714080,
        53.7716525,
        53.7717712,
        53.7717869,
        53.7720439,
        53.7721111,
        53.7721230,
        53.7721863,
        53.7727477,
        53.7727794,
        53.7727319,
        53.7728347,
        53.7731273,
        53.7733052,
        53.7733566,
        53.7734476,
        53.7735899,
        53.7737125,
        53.7737995,
        53.7738825,
        53.7739616,
        53.7740564,
        53.7742067,
        53.7741891,
        53.7739873,
        53.7746786,
        53.7753765,
        53.7755865,
        53.7759145,
        53.7763144,
        53.7769904,
        53.7771273,
        53.7772643,
        53.7781802,
        53.7787032,
        53.7798361,
        53.7819378,
        53.7824798,
        53.7827997,
        53.7838526,
        53.7841886,
        53.7849475,
        53.7856154,
        53.7862823,
        53.7873812,
        53.7877742,
        53.7879002,
        53.7876442,
        53.7875452,
        53.7875602,
        53.7877972
      ],