{"id":422704,"name":"Dudenhofen","polygon":{"numberOfPoints":129,"box":{"min":{"x":49.2978436,"y":8.3500403},"max":{"x":49.3544893,"y":8.4091041},"center":{"x":49.32616645,"y":8.3795722},"area":{"x":0.0566457,"y":0.0590638}},"pointsx":[49.3052601,49.3050745,49.3045386,49.3037237,49.3029013,49.3023846,49.2978436,49.3041424,49.3041924,49.3058777,49.3066435,49.3069021,49.3068628,49.3066371,49.3061212,49.3059158,49.3063269,49.3063833,49.3071732,49.3092621,49.3092045,49.3089707,49.3088498,49.3086403,49.3085999,49.3083958,49.3091177,49.3094723,49.3102542,49.3099318,49.3106169,49.3109635,49.3116582,49.3133328,49.3155422,49.3154570,49.3155236,49.3156408,49.3160468,49.3160688,49.3158989,49.3156530,49.3154471,49.3153558,49.3153747,49.3155051,49.3154436,49.3158244,49.3177473,49.3191197,49.3201095,49.3203364,49.3215352,49.3227275,49.3272187,49.3275314,49.3281167,49.3342524,49.3363537,49.3381576,49.3387564,49.3400506,49.3425822,49.3427123,49.3440350,49.3450652,49.3443968,49.3452027,49.3470977,49.3494597,49.3494183,49.3492698,49.3497395,49.3499149,49.3504413,49.3505772,49.3514702,49.3535942,49.3536814,49.3543336,49.3544893,49.3529214,49.3526760,49.3506727,49.3506878,49.3488171,49.3466162,49.3465153,49.3414653,49.3411388,49.3411145,49.3317147,49.3316289,49.3315918,49.3314383,49.3312320,49.3311461,49.3305979,49.3306197,49.3294720,49.3282296,49.3274373,49.3268065,49.3262472,49.3261872,49.3257991,49.3242758,49.3239044,49.3227167,49.3221545,49.3216426,49.3206137,49.3205295,49.3204223,49.3196563,49.3187884,49.3174169,49.3165102,49.3162715,49.3161336,49.3153706,49.3146639,49.3125741,49.3097514,49.3090761,49.3089725,49.3069239,49.3059310,49.3054112],"pointsy":[8.4036345,8.4022451,8.3996064,8.3962702,8.3936319,8.3940319,8.3745450,8.3711143,8.3696463,8.3678985,8.3674905,8.3671069,8.3660336,8.3644388,8.3625350,8.3622958,8.3606516,8.3601200,8.3592687,8.3592265,8.3581172,8.3575856,8.3563122,8.3555705,8.3549647,8.3538129,8.3537383,8.3542947,8.3529595,8.3515378,8.3509196,8.3517944,8.3511811,8.3519666,8.3500403,8.3513556,8.3528312,8.3577155,8.3609213,8.3617914,8.3624089,8.3628434,8.3632344,8.3637403,8.3642129,8.3652869,8.3661935,8.3661462,8.3657874,8.3649943,8.3644223,8.3642912,8.3640900,8.3639656,8.3625903,8.3626077,8.3639739,8.3565382,8.3627907,8.3611601,8.3628885,8.3622575,8.3659957,8.3662290,8.3699206,8.3718573,8.3759881,8.3769676,8.3789522,8.3798383,8.3808742,8.3812684,8.3815729,8.3816580,8.3820090,8.3820743,8.3831834,8.3871907,8.3872274,8.3884733,8.3888760,8.3872467,8.3869216,8.3849377,8.3848286,8.3830163,8.3810018,8.3808623,8.3768474,8.3776948,8.3776814,8.4004224,8.4006301,8.4007197,8.4010911,8.4015900,8.4017978,8.4031240,8.4031409,8.4057337,8.4088213,8.4091041,8.4089076,8.4085949,8.4085395,8.4079305,8.4039640,8.4030776,8.4034690,8.4028057,8.4012355,8.4013780,8.4011895,8.4011467,8.3995733,8.4002796,8.4011330,8.4015692,8.4017556,8.4018676,8.4025405,8.4031038,8.4042517,8.4040435,8.4040252,8.4039551,8.4035817,8.4035011,8.4035925]}}