{
  "id": 423184,
  "name": "Kaltenkirchen",
  "polygon": {
    "numberOfPoints": 136,
    "box": {
      "min": {
        "x": 53.8020880,
        "y": 9.8648719
      },
      "max": {
        "x": 53.8588229,
        "y": 9.9873837
      },
      "center": {
        "x": 53.83045545,
        "y": 9.9261278
      },
      "area": {
        "x": 0.0567349,
        "y": 0.1225118
      }
    },
    "pointsx": [
      53.8210854,
      53.8209391,
      53.8208931,
      53.8208361,
      53.8207672,
      53.8203442,
      53.8200748,
      53.8190474,
      53.8180435,
      53.8172426,
      53.8165107,
      53.8159470,
      53.8159217,
      53.8157840,
      53.8148417,
      53.8141166,
      53.8124343,
      53.8124112,
      53.8124111,
      53.8124433,
      53.8124634,
      53.8124698,
      53.8149901,
      53.8140425,
      53.8143554,
      53.8154695,
      53.8168224,
      53.8165539,
      53.8164934,
      53.8164342,
      53.8164013,
      53.8165305,
      53.8166896,
      53.8151425,
      53.8147951,
      53.8146581,
      53.8145657,
      53.8144128,
      53.8066453,
      53.8040336,
      53.8033632,
      53.8020880,
      53.8026684,
      53.8031569,
      53.8043475,
      53.8085860,
      53.8097595,
      53.8105142,
      53.8149845,
      53.8148489,
      53.8146126,
      53.8146313,
      53.8143966,
      53.8143778,
      53.8144811,
      53.8155785,
      53.8131258,
      53.8142277,
      53.8148907,
      53.8149388,
      53.8145726,
      53.8141875,
      53.8142185,
      53.8142360,
      53.8155774,
      53.8164064,
      53.8199189,
      53.8223154,
      53.8224725,
      53.8227105,
      53.8227359,
      53.8235930,
      53.8236631,
      53.8237847,
      53.8239166,
      53.8239174,
      53.8239625,
      53.8252085,
      53.8259505,
      53.8260632,
      53.8261093,
      53.8260438,
      53.8266790,
      53.8267526,
      53.8283917,
      53.8287071,
      53.8288110,
      53.8301235,
      53.8311390,
      53.8311768,
      53.8312050,
      53.8320108,
      53.8325398,
      53.8334996,
      53.8343023,
      53.8343944,
      53.8346468,
      53.8352604,
      53.8352675,
      53.8353719,
      53.8363689,
      53.8376250,
      53.8436142,
      53.8467421,
      53.8482864,
      53.8498730,
      53.8502638,
      53.8533899,
      53.8565617,
      53.8588229,
      53.8570628,
      53.8522958,
      53.8469404,
      53.8452565,
      53.8474804,
      53.8475744,
      53.8475798,
      53.8476369,
      53.8476125,
      53.8481136,
      53.8458853,
      53.8388357,
      53.8398171,
      53.8396519,
      53.8402730,
      53.8402101,
      53.8376136,
      53.8355735,
      53.8312740,
      53.8270536,
      53.8267833,
      53.8250307,
      53.8239685,
      53.8236796,
      53.8219462,
      53.8211807
    ],
    "pointsy": [
      9.8648719,
      9.8650966,
      9.8651706,
      9.8652596,
      9.8653886,
      9.8660575,
      9.8664955,
      9.8681662,
      9.8697679,
      9.8708218,
      9.8716377,
      9.8723433,
      9.8726071,
      9.8725473,
      9.8737269,
      9.8757540,
      9.8801987,
      9.8802598,
      9.8805726,
      9.8806214,
      9.8806785,
      9.8817865,
      9.8932643,
      9.8956073,
      9.8964919,
      9.8991757,
      9.9024699,
      9.9116262,
      9.9144086,
      9.9160641,
      9.9169233,
      9.9192115,
      9.9217872,
      9.9224926,
      9.9220024,
      9.9218066,
      9.9216786,
      9.9214629,
      9.9229491,
      9.9259237,
      9.9257216,
      9.9268948,
      9.9277124,
      9.9287708,
      9.9353877,
      9.9327940,
      9.9370337,
      9.9402558,
      9.9566692,
      9.9569886,
      9.9580888,
      9.9592500,
      9.9597431,
      9.9601249,
      9.9609043,
      9.9628266,
      9.9661694,
      9.9699449,
      9.9731287,
      9.9743306,
      9.9762235,
      9.9771143,
      9.9773879,
      9.9775426,
      9.9767643,
      9.9856096,
      9.9855126,
      9.9851178,
      9.9870747,
      9.9873540,
      9.9873837,
      9.9863792,
      9.9863278,
      9.9863795,
      9.9862179,
      9.9860442,
      9.9859087,
      9.9843957,
      9.9835516,
      9.9840668,
      9.9840476,
      9.9853323,
      9.9852887,
      9.9839007,
      9.9828800,
      9.9827417,
      9.9826229,
      9.9821190,
      9.9816916,
      9.9816972,
      9.9816641,
      9.9813695,
      9.9812041,
      9.9809381,
      9.9807880,
      9.9807829,
      9.9807689,
      9.9802796,
      9.9800493,
      9.9801907,
      9.9793956,
      9.9793169,
      9.9800440,
      9.9781709,
      9.9795657,
      9.9798281,
      9.9836703,
      9.9791656,
      9.9778205,
      9.9738609,
      9.9570397,
      9.9535950,
      9.9437686,
      9.9406792,
      9.9369049,
      9.9369599,
      9.9368682,
      9.9368484,
      9.9366808,
      9.9358303,
      9.9338283,
      9.9305801,
      9.9222228,
      9.9178597,
      9.9167716,
      9.9150626,
      9.9128755,
      9.9070482,
      9.9069107,
      9.8831140,
      9.8827985,
      9.8732582,
      9.8736385,
      9.8714030,
      9.8670477,
      9.8651129
    ]
  }
}