{"id":442763,"name":"Ellerau","polygon":{"numberOfPoints":162,"box":{"min":{"x":53.7472712,"y":9.8925592},"max":{"x":53.7720716,"y":9.9657832},"center":{"x":53.7596714,"y":9.9291712},"area":{"x":0.0248004,"y":0.0732240}},"pointsx":[53.7663664,53.7662674,53.7661525,53.7657295,53.7656455,53.7655115,53.7654235,53.7653785,53.7652216,53.7650536,53.7648596,53.7647336,53.7646536,53.7644936,53.7643787,53.7617200,53.7613800,53.7611440,53.7609870,53.7590343,53.7589233,53.7588663,53.7581914,53.7575584,53.7572834,53.7570085,53.7547997,53.7543418,53.7539648,53.7528739,53.7522940,53.7522670,53.7521560,53.7519890,53.7519050,53.7519470,53.7519470,53.7518780,53.7514281,53.7513441,53.7512451,53.7511611,53.7511031,53.7510621,53.7508672,53.7507682,53.7509132,53.7509392,53.7508712,53.7504622,53.7502953,53.7501843,53.7501273,53.7501003,53.7499443,53.7499893,53.7499893,53.7499173,53.7498643,53.7498333,53.7497223,53.7486125,53.7482765,53.7481965,53.7481205,53.7478416,53.7478836,53.7478686,53.7478036,53.7476016,53.7473656,53.7472966,53.7472846,53.7472712,53.7473307,53.7485475,53.7490546,53.7490984,53.7493490,53.7494412,53.7496854,53.7497078,53.7497695,53.7497831,53.7498159,53.7498718,53.7498850,53.7499230,53.7499248,53.7500021,53.7501169,53.7501479,53.7501725,53.7502844,53.7504313,53.7508446,53.7511971,53.7513865,53.7515541,53.7525046,53.7532765,53.7533119,53.7533063,53.7533020,53.7536713,53.7536894,53.7536870,53.7540548,53.7546313,53.7553065,53.7555406,53.7555623,53.7555629,53.7565326,53.7565664,53.7565682,53.7574141,53.7575546,53.7577716,53.7578706,53.7579316,53.7579926,53.7583856,53.7584356,53.7586035,53.7586795,53.7599654,53.7600184,53.7605833,53.7607163,53.7613233,53.7622692,53.7629401,53.7632081,53.7637990,53.7656648,53.7657258,53.7659698,53.7661797,53.7665987,53.7671256,53.7676666,53.7682191,53.7690723,53.7656050,53.7678332,53.7698008,53.7700269,53.7720716,53.7716778,53.7710631,53.7704293,53.7698372,53.7697801,53.7695343,53.7685513,53.7694176,53.7687129,53.7709054,53.7676165,53.7675692,53.7668334],"pointsy":[9.9008767,9.9007487,9.9005198,9.9003298,9.9004258,9.9008207,9.9010817,9.9012107,9.9014486,9.9015206,9.9014966,9.9013247,9.9012117,9.9010227,9.9010057,9.9006268,9.9007498,9.9008648,9.9008408,9.9001329,9.8999060,9.8997050,9.8993531,9.8985932,9.8983622,9.8981423,9.8966975,9.8961386,9.8956507,9.8936090,9.8925592,9.8926612,9.8930921,9.8931881,9.8933551,9.8936140,9.8939460,9.8942080,9.8945909,9.8948279,9.8957547,9.8960637,9.8966346,9.8968246,9.8971105,9.8978964,9.8999641,9.9012469,9.9023157,9.9039574,9.9048133,9.9050513,9.9053372,9.9060021,9.9064761,9.9068810,9.9071169,9.9072369,9.9076159,9.9080198,9.9082598,9.9100655,9.9104504,9.9107964,9.9111363,9.9118292,9.9120692,9.9123502,9.9125011,9.9129701,9.9136820,9.9143019,9.9144178,9.9147634,9.9148465,9.9160346,9.9170235,9.9170853,9.9174388,9.9175836,9.9182124,9.9183308,9.9185513,9.9186002,9.9190706,9.9197558,9.9200470,9.9208043,9.9208558,9.9224236,9.9247697,9.9251978,9.9255768,9.9264746,9.9272914,9.9289580,9.9304544,9.9312798,9.9319164,9.9356065,9.9388237,9.9389554,9.9389888,9.9390222,9.9398812,9.9398895,9.9399269,9.9407694,9.9420823,9.9436268,9.9441405,9.9441407,9.9441928,9.9463511,9.9463608,9.9464422,9.9485604,9.9490723,9.9495522,9.9497991,9.9499331,9.9500631,9.9509040,9.9510189,9.9514259,9.9516078,9.9543964,9.9545434,9.9557972,9.9560951,9.9571159,9.9589047,9.9602494,9.9607244,9.9616732,9.9637349,9.9635809,9.9629680,9.9624510,9.9630649,9.9637908,9.9645477,9.9657832,9.9641313,9.9537774,9.9494825,9.9487310,9.9422989,9.9411215,9.9390523,9.9372757,9.9359650,9.9354861,9.9326755,9.9307056,9.9273759,9.9245711,9.9114545,9.9078773,9.9074798,9.9071840,9.9025776]}}