{
  "numberOfPolygons": 1,
  "box": {
    "min": {
      "x": 53.8983812,
      "y": 10.3250244
    },
    "max": {
      "x": 53.9401882,
      "y": 10.4643945
    },
    "center": {
      "x": 53.9192847,
      "y": 10.39470945
    }
  },
  "polygons": [
    {
      "numberOfPoints": 277,
      "box": {
        "min": {
          "x": 53.8983812,
          "y": 10.3250244
        },
        "max": {
          "x": 53.9401882,
          "y": 10.4643945
        },
        "center": {
          "x": 53.9192847,
          "y": 10.39470945
        }
      },
      "pointsx": [
        53.9074270,
        53.9081205,
        53.9083090,
        53.9086293,
        53.9102961,
        53.9113830,
        53.9114926,
        53.9117557,
        53.9123089,
        53.9125815,
        53.9130461,
        53.9134451,
        53.9137079,
        53.9140833,
        53.9142136,
        53.9144215,
        53.9147279,
        53.9150379,
        53.9153515,
        53.9154924,
        53.9157284,
        53.9158481,
        53.9159256,
        53.9160701,
        53.9162356,
        53.9164470,
        53.9167182,
        53.9170458,
        53.9180567,
        53.9183280,
        53.9184281,
        53.9178954,
        53.9184564,
        53.9182052,
        53.9177971,
        53.9176583,
        53.9175570,
        53.9180364,
        53.9178861,
        53.9173749,
        53.9173077,
        53.9172921,
        53.9175035,
        53.9175808,
        53.9180406,
        53.9186830,
        53.9189645,
        53.9190973,
        53.9195272,
        53.9196599,
        53.9209928,
        53.9211021,
        53.9213202,
        53.9218800,
        53.9222072,
        53.9223718,
        53.9228718,
        53.9228076,
        53.9233830,
        53.9231277,
        53.9230218,
        53.9238628,
        53.9234790,
        53.9227287,
        53.9223499,
        53.9210606,
        53.9249151,
        53.9259252,
        53.9283677,
        53.9290951,
        53.9293320,
        53.9293320,
        53.9274035,
        53.9272428,
        53.9277249,
        53.9291177,
        53.9291177,
        53.9286891,
        53.9310461,
        53.9310461,
        53.9325459,
        53.9342186,
        53.9370140,
        53.9382932,
        53.9382458,
        53.9378194,
        53.9401882,
        53.9400935,
        53.9394776,
        53.9370614,
        53.9359717,
        53.9351662,
        53.9345503,
        53.9332236,
        53.9329867,
        53.9338869,
        53.9338869,
        53.9329393,
        53.9337448,
        53.9327972,
        53.9319673,
        53.9317881,
        53.9313418,
        53.9311477,
        53.9305966,
        53.9303092,
        53.9299467,
        53.9293127,
        53.9286911,
        53.9284978,
        53.9281883,
        53.9278977,
        53.9273418,
        53.9270133,
        53.9266194,
        53.9265752,
        53.9261645,
        53.9245678,
        53.9238624,
        53.9219925,
        53.9205067,
        53.9197648,
        53.9181533,
        53.9172527,
        53.9167787,
        53.9158307,
        53.9149335,
        53.9143612,
        53.9121331,
        53.9117065,
        53.9107583,
        53.9086249,
        53.9060647,
        53.9057526,
        53.9051838,
        53.9047960,
        53.9042170,
        53.9039003,
        53.9035024,
        53.9026716,
        53.9019399,
        53.9018751,
        53.9018040,
        53.9011836,
        53.9004563,
        53.9005101,
        53.9005561,
        53.9006431,
        53.9009110,
        53.9013795,
        53.9016539,
        53.9015400,
        53.9017799,
        53.9018489,
        53.9020019,
        53.9020589,
        53.9022149,
        53.9023528,
        53.9023788,
        53.9023368,
        53.9022378,
        53.9020969,
        53.9018869,
        53.9018833,
        53.9018719,
        53.9021538,
        53.9021808,
        53.9022379,
        53.9023068,
        53.9023178,
        53.9023178,
        53.9022188,
        53.9016699,
        53.9015439,
        53.9014749,
        53.9013909,
        53.9010360,
        53.9009530,
        53.9009370,
        53.9009490,
        53.9008570,
        53.9003040,
        53.9001360,
        53.8998541,
        53.8997391,
        53.8996131,
        53.8995601,
        53.8994841,
        53.8992431,
        53.8991591,
        53.8991591,
        53.8994151,
        53.8994571,
        53.8994681,
        53.8996631,
        53.8996631,
        53.8994801,
        53.8993121,
        53.8989881,
        53.8989311,
        53.8989311,
        53.8989691,
        53.8989841,
        53.8991211,
        53.8990951,
        53.8989231,
        53.8987281,
        53.8985612,
        53.8983812,
        53.8984082,
        53.8985912,
        53.8986562,
        53.8987821,
        53.8988241,
        53.8988091,
        53.8988511,
        53.8989651,
        53.8993011,
        53.8993121,
        53.8992431,
        53.8992401,
        53.8993391,
        53.8996900,
        53.8997050,
        53.8996210,
        53.8992971,
        53.8988311,
        53.8986751,
        53.8986751,
        53.8988050,
        53.8989081,
        53.8990151,
        53.8990261,
        53.8993240,
        53.8994190,
        53.8995330,
        53.8998540,
        53.9000679,
        53.9001359,
        53.9001359,
        53.9000939,
        53.9001359,
        53.9003039,
        53.9004569,
        53.9004719,
        53.9009638,
        53.9011168,
        53.9016807,
        53.9015821,
        53.9021182,
        53.9023862,
        53.9028552,
        53.9039942,
        53.9081480,
        53.9096888,
        53.9111626,
        53.9121062,
        53.9110323,
        53.9113780,
        53.9117883,
        53.9126210,
        53.9136975,
        53.9144274,
        53.9163897,
        53.9163897,
        53.9150815,
        53.9136097,
        53.9136337,
        53.9124012,
        53.9106922,
        53.9069408,
        53.9113487,
        53.9107886,
        53.9083108,
        53.9082611,
        53.9077671,
        53.9071006
      ],