{
  "numberOfPolygons": 1,
  "box": {
    "min": {
      "x": 53.6298596,
      "y": 9.5207909
    },
    "max": {
      "x": 53.6773320,
      "y": 9.6412811
    },
    "center": {
      "x": 53.6535958,
      "y": 9.5810360
    }
  },
  "polygons": [
    {
      "numberOfPoints": 98,
      "box": {
        "min": {
          "x": 53.6298596,
          "y": 9.5207909
        },
        "max": {
          "x": 53.6773320,
          "y": 9.6412811
        },
        "center": {
          "x": 53.6535958,
          "y": 9.5810360
        }
      },
      "pointsx": [
        53.6728809,
        53.6712315,
        53.6696137,
        53.6676419,
        53.6662911,
        53.6648343,
        53.6645173,
        53.6641094,
        53.6632205,
        53.6631295,
        53.6608437,
        53.6604508,
        53.6577431,
        53.6576511,
        53.6571442,
        53.6546374,
        53.6536076,
        53.6512538,
        53.6511738,
        53.6480802,
        53.6462604,
        53.6437887,
        53.6430027,
        53.6398941,
        53.6394472,
        53.6366285,
        53.6365405,
        53.6351636,
        53.6349227,
        53.6305252,
        53.6304412,
        53.6298596,
        53.6402065,
        53.6422061,
        53.6451999,
        53.6463121,
        53.6466098,
        53.6509734,
        53.6525856,
        53.6539340,
        53.6544616,
        53.6537581,
        53.6535822,
        53.6544030,
        53.6548426,
        53.6530969,
        53.6519206,
        53.6529153,
        53.6551651,
        53.6552823,
        53.6594801,
        53.6606075,
        53.6656032,
        53.6677821,
        53.6679764,
        53.6688321,
        53.6684084,
        53.6645944,
        53.6642032,
        53.6647296,
        53.6644676,
        53.6638819,
        53.6636965,
        53.6689230,
        53.6693303,
        53.6692201,
        53.6692194,
        53.6696026,
        53.6695883,
        53.6693619,
        53.6689457,
        53.6665770,
        53.6706975,
        53.6728136,
        53.6709724,
        53.6704014,
        53.6700483,
        53.6693347,
        53.6692447,
        53.6700566,
        53.6714029,
        53.6714813,
        53.6724570,
        53.6729835,
        53.6733729,
        53.6735705,
        53.6737249,
        53.6735846,
        53.6734024,
        53.6734328,
        53.6738747,
        53.6741961,
        53.6743607,
        53.6749116,
        53.6754358,
        53.6770150,
        53.6773320,
        53.6751290
      ],
      "pointsy": [
        9.5207909,
        9.5219514,
        9.5230862,
        9.5244960,
        9.5254589,
        9.5264987,
        9.5267248,
        9.5270157,
        9.5276946,
        9.5277665,
        9.5286124,
        9.5287754,
        9.5299103,
        9.5299473,
        9.5300683,
        9.5302503,
        9.5303263,
        9.5305422,
        9.5305502,
        9.5307472,
        9.5308992,
        9.5311052,
        9.5311452,
        9.5325501,
        9.5327680,
        9.5340499,
        9.5340929,
        9.5347978,
        9.5349097,
        9.5369325,
        9.5369935,
        9.5371828,
        9.5615687,
        9.5652931,
        9.5709234,
        9.5730149,
        9.5735520,
        9.5814228,
        9.5852311,
        9.5903748,
        9.5941831,
        9.5972001,
        9.5988816,
        9.6044210,
        9.6071876,
        9.6134032,
        9.6254810,
        9.6277127,
        9.6327607,
        9.6399817,
        9.6401280,
        9.6412811,
        9.6327475,
        9.6289469,
        9.6277995,
        9.6266419,
        9.6249364,
        9.6192726,
        9.6188468,
        9.6177639,
        9.6173330,
        9.6184359,
        9.6182418,
        9.6036719,
        9.6031817,
        9.6021882,
        9.6016529,
        9.5972003,
        9.5959539,
        9.5942924,
        9.5931685,
        9.5896973,
        9.5854469,
        9.5840460,
        9.5796819,
        9.5742818,
        9.5719167,
        9.5680411,
        9.5664724,
        9.5629588,
        9.5622535,
        9.5622124,
        9.5619754,
        9.5616792,
        9.5612107,
        9.5604845,
        9.5595603,
        9.5581503,
        9.5562458,
        9.5545292,
        9.5517059,
        9.5505622,
        9.5495316,
        9.5486804,
        9.5469023,
        9.5401615,
        9.5384270,
        9.5297581
      ]
    }
  ]
}