{
  "numberOfPolygons": 1,
  "box": {
    "min": {
      "x": 53.6692447,
      "y": 9.4859097
    },
    "max": {
      "x": 53.7178935,
      "y": 9.5869104
    },
    "center": {
      "x": 53.6935691,
      "y": 9.53641005
    }
  },
  "polygons": [
    {
      "numberOfPoints": 203,
      "box": {
        "min": {
          "x": 53.6692447,
          "y": 9.4859097
        },
        "max": {
          "x": 53.7178935,
          "y": 9.5869104
        },
        "center": {
          "x": 53.6935691,
          "y": 9.53641005
        }
      },
      "pointsx": [
        53.7168051,
        53.7170035,
        53.7156748,
        53.7178395,
        53.7178935,
        53.7178775,
        53.7177935,
        53.7175225,
        53.7173245,
        53.7169966,
        53.7164286,
        53.7162566,
        53.7161576,
        53.7159967,
        53.7158067,
        53.7157227,
        53.7154937,
        53.7152797,
        53.7147798,
        53.7145738,
        53.7146008,
        53.7146128,
        53.7147878,
        53.7147688,
        53.7147268,
        53.7145248,
        53.7145318,
        53.7145588,
        53.7146128,
        53.7146807,
        53.7149327,
        53.7151277,
        53.7157416,
        53.7160196,
        53.7165235,
        53.7167445,
        53.7168435,
        53.7169015,
        53.7170345,
        53.7170305,
        53.7170654,
        53.7170614,
        53.7170994,
        53.7171184,
        53.7171604,
        53.7173244,
        53.7174314,
        53.7174004,
        53.7171984,
        53.7170424,
        53.7168284,
        53.7166345,
        53.7164395,
        53.7163405,
        53.7162755,
        53.7162525,
        53.7160859,
        53.7159855,
        53.7158945,
        53.7157645,
        53.7154566,
        53.7143945,
        53.7140250,
        53.7139409,
        53.7137757,
        53.7129230,
        53.7106714,
        53.7096530,
        53.7076489,
        53.7074712,
        53.7070824,
        53.7048356,
        53.7025809,
        53.7012013,
        53.6999982,
        53.6989183,
        53.6983964,
        53.6971595,
        53.6967786,
        53.6953747,
        53.6949058,
        53.6922051,
        53.6915832,
        53.6912172,
        53.6911132,
        53.6907023,
        53.6889435,
        53.6860116,
        53.6854679,
        53.6851169,
        53.6818823,
        53.6807684,
        53.6777318,
        53.6756340,
        53.6739242,
        53.6736463,
        53.6728809,
        53.6751290,
        53.6773320,
        53.6770150,
        53.6754358,
        53.6749116,
        53.6743607,
        53.6741961,
        53.6738747,
        53.6734328,
        53.6734024,
        53.6735846,
        53.6737249,
        53.6735705,
        53.6733729,
        53.6729835,
        53.6724570,
        53.6714813,
        53.6714029,
        53.6700566,
        53.6692447,
        53.6693347,
        53.6700483,
        53.6704014,
        53.6709724,
        53.6728136,
        53.6825654,
        53.6824922,
        53.6826105,
        53.6830279,
        53.6833546,
        53.6836303,
        53.6846119,
        53.6854826,
        53.6859475,
        53.6863241,
        53.6868073,
        53.6880180,
        53.6885720,
        53.6888788,
        53.6890748,
        53.6914441,
        53.6915386,
        53.6919252,
        53.6922744,
        53.6938985,
        53.6961757,
        53.6972331,
        53.7010877,
        53.7009922,
        53.7016817,
        53.7016286,
        53.7016550,
        53.7019608,
        53.7019444,
        53.7021771,
        53.7028626,
        53.7030238,
        53.7031855,
        53.7033004,
        53.7034624,
        53.7045832,
        53.7053834,
        53.7056176,
        53.7061218,
        53.7064091,
        53.7066622,
        53.7073114,
        53.7074753,
        53.7076301,
        53.7079370,
        53.7080835,
        53.7082261,
        53.7086802,
        53.7088427,
        53.7090194,
        53.7091878,
        53.7095356,
        53.7097466,
        53.7099193,
        53.7103571,
        53.7106425,
        53.7112772,
        53.7113692,
        53.7114770,
        53.7116948,
        53.7121957,
        53.7125120,
        53.7128281,
        53.7134180,
        53.7142065,
        53.7143821,
        53.7145383,
        53.7146854,
        53.7147922,
        53.7148994,
        53.7150073,
        53.7151159,
        53.7152146,
        53.7154103,
        53.7154696,
        53.7156876,
        53.7157798,
        53.7160735,
        53.7161457,
        53.7163116,
        53.7164987
      ],