{
  "numberOfPolygons": 1,
  "box": {
    "min": {
      "x": 53.6889111,
      "y": 9.5973645
    },
    "max": {
      "x": 53.7102011,
      "y": 9.6586812
    },
    "center": {
      "x": 53.6995561,
      "y": 9.62802285
    }
  },
  "polygons": [
    {
      "numberOfPoints": 88,
      "box": {
        "min": {
          "x": 53.6889111,
          "y": 9.5973645
        },
        "max": {
          "x": 53.7102011,
          "y": 9.6586812
        },
        "center": {
          "x": 53.6995561,
          "y": 9.62802285
        }
      },
      "pointsx": [
        53.7095215,
        53.7098394,
        53.7098623,
        53.7080882,
        53.7080457,
        53.7074397,
        53.7073903,
        53.7060496,
        53.7060774,
        53.7046674,
        53.7045898,
        53.7045719,
        53.7020157,
        53.7004443,
        53.7005505,
        53.7000788,
        53.7000947,
        53.6993446,
        53.6992799,
        53.6984791,
        53.6981412,
        53.6977098,
        53.6975481,
        53.6973804,
        53.6972053,
        53.6965181,
        53.6964678,
        53.6958500,
        53.6950906,
        53.6948479,
        53.6949431,
        53.6949985,
        53.6953199,
        53.6955725,
        53.6949599,
        53.6946419,
        53.6945952,
        53.6943545,
        53.6939648,
        53.6940565,
        53.6932347,
        53.6932734,
        53.6903047,
        53.6910843,
        53.6889111,
        53.6973228,
        53.6977664,
        53.6981702,
        53.6982584,
        53.6961860,
        53.6934431,
        53.6922915,
        53.6931414,
        53.6936900,
        53.6941435,
        53.6945115,
        53.6950005,
        53.6963208,
        53.6994144,
        53.6997529,
        53.6998978,
        53.7007203,
        53.7009824,
        53.7013292,
        53.7016892,
        53.7018395,
        53.7020968,
        53.7023520,
        53.7024984,
        53.7025462,
        53.7026319,
        53.7027124,
        53.7027767,
        53.7028278,
        53.7028804,
        53.7030538,
        53.7034437,
        53.7037964,
        53.7040182,
        53.7071231,
        53.7083960,
        53.7091352,
        53.7091369,
        53.7092070,
        53.7102011,
        53.7090775,
        53.7086396,
        53.7088885
      ],
      "pointsy": [
        9.6323920,
        9.6522019,
        9.6545715,
        9.6544174,
        9.6538021,
        9.6537761,
        9.6530758,
        9.6533638,
        9.6538342,
        9.6539439,
        9.6524669,
        9.6518376,
        9.6523884,
        9.6528534,
        9.6551382,
        9.6552327,
        9.6559890,
        9.6562495,
        9.6562604,
        9.6565779,
        9.6567119,
        9.6568830,
        9.6569931,
        9.6573028,
        9.6576395,
        9.6586032,
        9.6586812,
        9.6576708,
        9.6565806,
        9.6562418,
        9.6559899,
        9.6558341,
        9.6548130,
        9.6544775,
        9.6527444,
        9.6521909,
        9.6521342,
        9.6524796,
        9.6511014,
        9.6503448,
        9.6484075,
        9.6477009,
        9.6445998,
        9.6428005,
        9.6404203,
        9.6249918,
        9.6191182,
        9.6191147,
        9.6178486,
        9.6177742,
        9.6119343,
        9.6097006,
        9.6079283,
        9.6085016,
        9.6057346,
        9.6049528,
        9.6032724,
        9.6027755,
        9.5975160,
        9.5974744,
        9.5973645,
        9.5992240,
        9.6005695,
        9.6015139,
        9.6024654,
        9.6028374,
        9.6033632,
        9.6038944,
        9.6041993,
        9.6042827,
        9.6043919,
        9.6044624,
        9.6045153,
        9.6045525,
        9.6045864,
        9.6046882,
        9.6048916,
        9.6050742,
        9.6055359,
        9.6122981,
        9.6115610,
        9.6119692,
        9.6186095,
        9.6217718,
        9.6231344,
        9.6256905,
        9.6257217,
        9.6325237
      ]
    }
  ]
}