{"id":443299,"name":"Raa-Besenbek","polygon":{"numberOfPoints":173,"box":{"min":{"x":53.7220028,"y":9.5642693},"max":{"x":53.7708837,"y":9.6373075},"center":{"x":53.74644325,"y":9.6007884},"area":{"x":0.0488809,"y":0.0730382}},"pointsx":[53.7708837,53.7696143,53.7694453,53.7693979,53.7691883,53.7690193,53.7688604,53.7687691,53.7682925,53.7666799,53.7663756,53.7660866,53.7661327,53.7660110,53.7658576,53.7645132,53.7636509,53.7619519,53.7619297,53.7604995,53.7594377,53.7593701,53.7586533,53.7577929,53.7575330,53.7570841,53.7570713,53.7570742,53.7566189,53.7543928,53.7543348,53.7537721,53.7537539,53.7536877,53.7531677,53.7529024,53.7527384,53.7524879,53.7518010,53.7517240,53.7511733,53.7511495,53.7507804,53.7501881,53.7501051,53.7496695,53.7495050,53.7492964,53.7491481,53.7489470,53.7489131,53.7486746,53.7474393,53.7462521,53.7459653,53.7456555,53.7454781,53.7449794,53.7447316,53.7443984,53.7439776,53.7436049,53.7431915,53.7423785,53.7418922,53.7415456,53.7412215,53.7407907,53.7404426,53.7399274,53.7383262,53.7374338,53.7373988,53.7364358,53.7357673,53.7352238,53.7350380,53.7349166,53.7347017,53.7344002,53.7338383,53.7296030,53.7293379,53.7289203,53.7286976,53.7285624,53.7285051,53.7284054,53.7282882,53.7281297,53.7278540,53.7276738,53.7274439,53.7271448,53.7267998,53.7265403,53.7259259,53.7257303,53.7255497,53.7254033,53.7252708,53.7243034,53.7241825,53.7240009,53.7238139,53.7236267,53.7231800,53.7228387,53.7225461,53.7223160,53.7220028,53.7220781,53.7222000,53.7225700,53.7229510,53.7233939,53.7237219,53.7236379,53.7237829,53.7268235,53.7269225,53.7275904,53.7278304,53.7367684,53.7374433,53.7396980,53.7487411,53.7493409,53.7495549,53.7497742,53.7499318,53.7500797,53.7500853,53.7500963,53.7501417,53.7503747,53.7514882,53.7515579,53.7516148,53.7516562,53.7517966,53.7518679,53.7519567,53.7520836,53.7523926,53.7526026,53.7527705,53.7528435,53.7539454,53.7556663,53.7575241,53.7592899,53.7599878,53.7602548,53.7612467,53.7614567,53.7623876,53.7625016,53.7627046,53.7628605,53.7633935,53.7634576,53.7640003,53.7656130,53.7661321,53.7666748,53.7681358,53.7682441,53.7681742,53.7684568,53.7685363,53.7686247,53.7692674],"pointsy":[9.6336822,9.6357232,9.6351855,9.6345335,9.6346937,9.6349682,9.6345793,9.6340130,9.6342304,9.6348252,9.6348767,9.6349318,9.6337136,9.6332039,9.6326964,9.6335713,9.6341226,9.6352465,9.6352599,9.6373075,9.6370215,9.6367012,9.6368156,9.6359772,9.6346142,9.6349943,9.6349903,9.6349660,9.6336548,9.6352969,9.6350642,9.6353553,9.6345565,9.6338347,9.6317079,9.6302638,9.6292644,9.6287311,9.6277500,9.6276401,9.6268487,9.6269321,9.6284307,9.6287030,9.6287394,9.6288519,9.6288260,9.6287671,9.6286909,9.6285447,9.6284853,9.6289351,9.6274117,9.6263179,9.6259801,9.6255372,9.6250395,9.6232318,9.6223617,9.6216231,9.6210898,9.6207836,9.6205516,9.6202696,9.6198958,9.6193067,9.6185484,9.6170586,9.6163522,9.6157115,9.6144269,9.6131893,9.6131407,9.6118669,9.6105704,9.6087362,9.6077865,9.6067232,9.6059082,9.6053255,9.6045841,9.6008105,9.6004555,9.5996462,9.5989728,9.5981963,9.5970513,9.5959132,9.5950941,9.5943277,9.5927516,9.5920944,9.5915088,9.5910808,9.5907119,9.5904874,9.5900259,9.5898302,9.5895971,9.5893436,9.5890235,9.5862512,9.5859216,9.5855840,9.5853250,9.5851140,9.5847646,9.5845141,9.5843031,9.5840954,9.5837273,9.5836451,9.5834531,9.5828652,9.5834191,9.5829592,9.5824343,9.5820973,9.5820773,9.5802726,9.5801786,9.5797656,9.5794277,9.5742374,9.5738285,9.5724606,9.5669695,9.5665455,9.5663552,9.5662789,9.5660995,9.5655887,9.5651702,9.5648956,9.5647828,9.5646960,9.5642693,9.5645558,9.5650192,9.5652817,9.5657224,9.5660270,9.5662740,9.5663395,9.5662415,9.5662135,9.5662335,9.5663535,9.5708507,9.5772417,9.5841766,9.5910415,9.5936471,9.5940460,9.5978584,9.5986633,9.6020697,9.6024237,9.6028966,9.6034665,9.6053733,9.6055908,9.6076436,9.6137833,9.6156914,9.6177907,9.6233978,9.6234111,9.6235451,9.6246296,9.6249131,9.6252284,9.6273837]}}