{
  "numberOfPolygons": 1,
  "box": {
    "min": {
      "x": 53.6086307,
      "y": 9.7636444
    },
    "max": {
      "x": 53.6838731,
      "y": 9.8286789
    },
    "center": {
      "x": 53.6462519,
      "y": 9.79616165
    }
  },
  "polygons": [
    {
      "numberOfPoints": 224,
      "box": {
        "min": {
          "x": 53.6086307,
          "y": 9.7636444
        },
        "max": {
          "x": 53.6838731,
          "y": 9.8286789
        },
        "center": {
          "x": 53.6462519,
          "y": 9.79616165
        }
      },
      "pointsx": [
        53.6472848,
        53.6465832,
        53.6439391,
        53.6397724,
        53.6396353,
        53.6385114,
        53.6360166,
        53.6344264,
        53.6364004,
        53.6360166,
        53.6338232,
        53.6317669,
        53.6309443,
        53.6311637,
        53.6297104,
        53.6276539,
        53.6274071,
        53.6233485,
        53.6230468,
        53.6214562,
        53.6206253,
        53.6198380,
        53.6188232,
        53.6187958,
        53.6172873,
        53.6157787,
        53.6145444,
        53.6143249,
        53.6137215,
        53.6129883,
        53.6122188,
        53.6121551,
        53.6118769,
        53.6118769,
        53.6114152,
        53.6108680,
        53.6110903,
        53.6103233,
        53.6086307,
        53.6092615,
        53.6095161,
        53.6104666,
        53.6107187,
        53.6111645,
        53.6114103,
        53.6113785,
        53.6131144,
        53.6139256,
        53.6160312,
        53.6225750,
        53.6248488,
        53.6276065,
        53.6313757,
        53.6313900,
        53.6319436,
        53.6336349,
        53.6342383,
        53.6340654,
        53.6349166,
        53.6403972,
        53.6409707,
        53.6409707,
        53.6420231,
        53.6423606,
        53.6423606,
        53.6433229,
        53.6433533,
        53.6455173,
        53.6463115,
        53.6467681,
        53.6492099,
        53.6506553,
        53.6509332,
        53.6513302,
        53.6517065,
        53.6538492,
        53.6548415,
        53.6552027,
        53.6566101,
        53.6566778,
        53.6575516,
        53.6577245,
        53.6590661,
        53.6592028,
        53.6601131,
        53.6616257,
        53.6630704,
        53.6627387,
        53.6618797,
        53.6594188,
        53.6592935,
        53.6597698,
        53.6601235,
        53.6604898,
        53.6616676,
        53.6619839,
        53.6623918,
        53.6627760,
        53.6642233,
        53.6650380,
        53.6651166,
        53.6657527,
        53.6659814,
        53.6672106,
        53.6690543,
        53.6709837,
        53.6714696,
        53.6715403,
        53.6717126,
        53.6721413,
        53.6724700,
        53.6729852,
        53.6734448,
        53.6753996,
        53.6754568,
        53.6780146,
        53.6785005,
        53.6788207,
        53.6792007,
        53.6811706,
        53.6813253,
        53.6821813,
        53.6837130,
        53.6832760,
        53.6832716,
        53.6832924,
        53.6833996,
        53.6836621,
        53.6837786,
        53.6835913,
        53.6838731,
        53.6836611,
        53.6829913,
        53.6834812,
        53.6835053,
        53.6835267,
        53.6837057,
        53.6828582,
        53.6827180,
        53.6811230,
        53.6811581,
        53.6788619,
        53.6788493,
        53.6788128,
        53.6792791,
        53.6788759,
        53.6780100,
        53.6777174,
        53.6772406,
        53.6766708,
        53.6765376,
        53.6761274,
        53.6761099,
        53.6766708,
        53.6765832,
        53.6763903,
        53.6766428,
        53.6769633,
        53.6761570,
        53.6766533,
        53.6767059,
        53.6761975,
        53.6750800,
        53.6734420,
        53.6729369,
        53.6724647,
        53.6719289,
        53.6711980,
        53.6706512,
        53.6693002,
        53.6666022,
        53.6642473,
        53.6635974,
        53.6627764,
        53.6620520,
        53.6619031,
        53.6612315,
        53.6604241,
        53.6598155,
        53.6598329,
        53.6590231,
        53.6578175,
        53.6572902,
        53.6572325,
        53.6571082,
        53.6571254,
        53.6570781,
        53.6560078,
        53.6557945,
        53.6554736,
        53.6552840,
        53.6551852,
        53.6553147,
        53.6549054,
        53.6542187,
        53.6539487,
        53.6537643,
        53.6536501,
        53.6534564,
        53.6534211,
        53.6521367,
        53.6527278,
        53.6527851,
        53.6526960,
        53.6526851,
        53.6525307,
        53.6522947,
        53.6520029,
        53.6517931,
        53.6515515,
        53.6512866,
        53.6508358,
        53.6499108,
        53.6498772,
        53.6498345,
        53.6499299,
        53.6498345,
        53.6496056,
        53.6489190,
        53.6487001,
        53.6485284,
        53.6483313,
        53.6479370,
        53.6474092
      ],