{
  "id": 443586,
  "name": "Frankenau",
  "polygon": {
    "numberOfPoints": 362,
    "box": {
      "min": {
        "x": 51.0557530,
        "y": 8.8359867
      },
      "max": {
        "x": 51.1592362,
        "y": 8.9941302
      },
      "center": {
        "x": 51.1074946,
        "y": 8.91505845
      },
      "area": {
        "x": 0.1034832,
        "y": 0.1581435
      }
    },
    "pointsx": [
      51.1244579,
      51.1199652,
      51.1169163,
      51.1139570,
      51.1126116,
      51.1065126,
      51.0967305,
      51.0940073,
      51.0939390,
      51.0931650,
      51.0931097,
      51.0927688,
      51.0919492,
      51.0916300,
      51.0903009,
      51.0892302,
      51.0851231,
      51.0825115,
      51.0814928,
      51.0820412,
      51.0810389,
      51.0806227,
      51.0814739,
      51.0814739,
      51.0809505,
      51.0778051,
      51.0780131,
      51.0771589,
      51.0762921,
      51.0743630,
      51.0741928,
      51.0747791,
      51.0744658,
      51.0734930,
      51.0757698,
      51.0751538,
      51.0730042,
      51.0717780,
      51.0709319,
      51.0714120,
      51.0681982,
      51.0683668,
      51.0677465,
      51.0673015,
      51.0669240,
      51.0660677,
      51.0657845,
      51.0654542,
      51.0648676,
      51.0643214,
      51.0645170,
      51.0642135,
      51.0629662,
      51.0627976,
      51.0621470,
      51.0595647,
      51.0580653,
      51.0580980,
      51.0580811,
      51.0586274,
      51.0587184,
      51.0584689,
      51.0579261,
      51.0578384,
      51.0580339,
      51.0582120,
      51.0588330,
      51.0587589,
      51.0586408,
      51.0584790,
      51.0591176,
      51.0588042,
      51.0586274,
      51.0586307,
      51.0586172,
      51.0587774,
      51.0591685,
      51.0594163,
      51.0597198,
      51.0587547,
      51.0584368,
      51.0584741,
      51.0575114,
      51.0565863,
      51.0565538,
      51.0565201,
      51.0559064,
      51.0558019,
      51.0557530,
      51.0559903,
      51.0564156,
      51.0567210,
      51.0577879,
      51.0589949,
      51.0599073,
      51.0622034,
      51.0631962,
      51.0637386,
      51.0649118,
      51.0654107,
      51.0656264,
      51.0660142,
      51.0665029,
      51.0660420,
      51.0659669,
      51.0668003,
      51.0681767,
      51.0684156,
      51.0698331,
      51.0696055,
      51.0713314,
      51.0707449,
      51.0718033,
      51.0727330,
      51.0728533,
      51.0732362,
      51.0734361,
      51.0738975,
      51.0776260,
      51.0802784,
      51.0803926,
      51.0807895,
      51.0818966,
      51.0835077,
      51.0828741,
      51.0831808,
      51.0834774,
      51.0838110,
      51.0848648,
      51.0852634,
      51.0856677,
      51.0860856,
      51.0863855,
      51.0861327,
      51.0856172,
      51.0859171,
      51.0866887,
      51.0872784,
      51.0877047,
      51.0877603,
      51.0877288,
      51.0882741,
      51.0888941,
      51.0892344,
      51.0896185,
      51.0897668,
      51.0898544,
      51.0904676,
      51.0906058,
      51.0903935,
      51.0900902,
      51.0893389,
      51.0888907,
      51.0883516,
      51.0880955,
      51.0884055,
      51.0884999,
      51.0890272,
      51.0893456,
      51.0889615,
      51.0884898,
      51.0882034,
      51.0882370,
      51.0884825,
      51.0896387,
      51.0902890,
      51.0915995,
      51.0913942,
      51.0908113,
      51.0905182,
      51.0908686,
      51.0908921,
      51.0910278,
      51.0908247,
      51.0908516,
      51.0918590,
      51.0926407,
      51.0925363,
      51.0925700,
      51.0921525,
      51.0916468,
      51.0908011,
      51.0912242,
      51.0941300,
      51.0989294,
      51.1002493,
      51.1015582,
      51.1022655,
      51.1023497,
      51.1027472,
      51.1031211,
      51.1033097,
      51.1033064,
      51.1038410,
      51.1059608,
      51.1081903,
      51.1103518,
      51.1104907,
      51.1106590,
      51.1110194,
      51.1115869,
      51.1119893,
      51.1126437,
      51.1132753,
      51.1135717,
      51.1137771,
      51.1139354,
      51.1139960,
      51.1140449,
      51.1141703,
      51.1145180,
      51.1146519,
      51.1147377,
      51.1147495,
      51.1147204,
      51.1148051,
      51.1149836,
      51.1154315,
      51.1159063,
      51.1164956,
      51.1164451,
      51.1163441,
      51.1162004,
      51.1151520,
      51.1141383,
      51.1139093,
      51.1135523,
      51.1126305,
      51.1121379,
      51.1116799,
      51.1107133,
      51.1100845,
      51.1089182,
      51.1084938,
      51.1075137,
      51.1070961,
      51.1069816,
      51.1072207,
      51.1071500,
      51.1072510,
      51.1076013,
      51.1078660,
      51.1081503,
      51.1087262,
      51.1093493,
      51.1095446,
      51.1100162,
      51.1100768,
      51.1094941,
      51.1091775,
      51.1092045,
      51.1098154,
      51.1116038,
      51.1117439,
      51.1123837,
      51.1128990,
      51.1133402,
      51.1137929,
      51.1140811,
      51.1142393,
      51.1146064,
      51.1149506,
      51.1155157,
      51.1155577,
      51.1153153,
      51.1157093,
      51.1156722,
      51.1169294,
      51.1173358,
      51.1176355,
      51.1181170,
      51.1184366,
      51.1191531,
      51.1196794,
      51.1198690,
      51.1200532,
      51.1201373,
      51.1203966,
      51.1214135,
      51.1223563,
      51.1227974,
      51.1227031,
      51.1229118,
      51.1231879,
      51.1242788,
      51.1243390,
      51.1255548,
      51.1261339,
      51.1265346,
      51.1273089,
      51.1279452,
      51.1288272,
      51.1295107,
      51.1298873,
      51.1307495,
      51.1310771,
      51.1313824,
      51.1323317,
      51.1328770,
      51.1335166,
      51.1333127,
      51.1358594,
      51.1363711,
      51.1386128,
      51.1388686,
      51.1394206,
      51.1400826,
      51.1401543,
      51.1402519,
      51.1404337,
      51.1410530,
      51.1413626,
      51.1410058,
      51.1407366,
      51.1405481,
      51.1407938,
      51.1409150,
      51.1409486,
      51.1410361,
      51.1407097,
      51.1407282,
      51.1406790,
      51.1415931,
      51.1415898,
      51.1415292,
      51.1413306,
      51.1412970,
      51.1419028,
      51.1418523,
      51.1411792,
      51.1410344,
      51.1410715,
      51.1422934,
      51.1453412,
      51.1486072,
      51.1500064,
      51.1502083,
      51.1504237,
      51.1507669,
      51.1497170,
      51.1493200,
      51.1491988,
      51.1493469,
      51.1496903,
      51.1502622,
      51.1520658,
      51.1527631,
      51.1527953,
      51.1534998,
      51.1559083,
      51.1572407,
      51.1577924,
      51.1592362,
      51.1570119,
      51.1552488,
      51.1535934,
      51.1515110,
      51.1429977,
      51.1422337,
      51.1412768,
      51.1379783,
      51.1338190
    ],