{
  "id": 443589,
  "name": "Battenberg",
  "polygon": {
    "numberOfPoints": 526,
    "box": {
      "min": {
        "x": 50.9542272,
        "y": 8.5037419
      },
      "max": {
        "x": 51.0772070,
        "y": 8.7134600
      },
      "center": {
        "x": 51.0157171,
        "y": 8.60860095
      },
      "area": {
        "x": 0.1229798,
        "y": 0.2097181
      }
    },
    "pointsx": [
      51.0688385,
      51.0701021,
      51.0717296,
      51.0723399,
      51.0724940,
      51.0733015,
      51.0739192,
      51.0743096,
      51.0754295,
      51.0754193,
      51.0765700,
      51.0767858,
      51.0772070,
      51.0769196,
      51.0764095,
      51.0757314,
      51.0756338,
      51.0758684,
      51.0757935,
      51.0754375,
      51.0751209,
      51.0738645,
      51.0737796,
      51.0734599,
      51.0717415,
      51.0704432,
      51.0700218,
      51.0705188,
      51.0701526,
      51.0702961,
      51.0689370,
      51.0675905,
      51.0663465,
      51.0649079,
      51.0636850,
      51.0623797,
      51.0615526,
      51.0591209,
      51.0562138,
      51.0543251,
      51.0529147,
      51.0516812,
      51.0499199,
      51.0485081,
      51.0464978,
      51.0460557,
      51.0459252,
      51.0465649,
      51.0472831,
      51.0478392,
      51.0469099,
      51.0470513,
      51.0457917,
      51.0448047,
      51.0419053,
      51.0397864,
      51.0387377,
      51.0352729,
      51.0338169,
      51.0328555,
      51.0305853,
      51.0287623,
      51.0231354,
      51.0215192,
      51.0187567,
      51.0180374,
      51.0168881,
      51.0153505,
      51.0151277,
      51.0147628,
      51.0144584,
      51.0140307,
      51.0143867,
      51.0141203,
      51.0176092,
      51.0181325,
      51.0166923,
      51.0158487,
      51.0147103,
      51.0117389,
      51.0106895,
      51.0113017,
      51.0093623,
      51.0078626,
      51.0059273,
      51.0071937,
      51.0077182,
      51.0075284,
      51.0065337,
      51.0055038,
      51.0037030,
      51.0035780,
      50.9978707,
      50.9948494,
      50.9938099,
      50.9929501,
      50.9926641,
      50.9925001,
      50.9924121,
      50.9922821,
      50.9921262,
      50.9920802,
      50.9915002,
      50.9913552,
      50.9912983,
      50.9910843,
      50.9909973,
      50.9910273,
      50.9911993,
      50.9913742,
      50.9915122,
      50.9916912,
      50.9915312,
      50.9915152,
      50.9914812,
      50.9913212,
      50.9913062,
      50.9912872,
      50.9912442,
      50.9910423,
      50.9910193,
      50.9909203,
      50.9901084,
      50.9899324,
      50.9902953,
      50.9923591,
      50.9925951,
      50.9930030,
      50.9945218,
      50.9958837,
      50.9967146,
      50.9950138,
      50.9941628,
      50.9940299,
      50.9923740,
      50.9920721,
      50.9904323,
      50.9903213,
      50.9902343,
      50.9888954,
      50.9885785,
      50.9881855,
      50.9878385,
      50.9874036,
      50.9870826,
      50.9870106,
      50.9860337,
      50.9859767,
      50.9854158,
      50.9851218,
      50.9844469,
      50.9838900,
      50.9837370,
      50.9835510,
      50.9833520,
      50.9818992,
      50.9816582,
      50.9815592,
      50.9814602,
      50.9813913,
      50.9813113,
      50.9812353,
      50.9812043,
      50.9812003,
      50.9811703,
      50.9811583,
      50.9811743,
      50.9812043,
      50.9812613,
      50.9813003,
      50.9815512,
      50.9817272,
      50.9817572,
      50.9817732,
      50.9817192,
      50.9817352,
      50.9818032,
      50.9818722,
      50.9818722,
      50.9815482,
      50.9815132,
      50.9815062,
      50.9815132,
      50.9815252,
      50.9815712,
      50.9815322,
      50.9813872,
      50.9811932,
      50.9811852,
      50.9811812,
      50.9811662,
      50.9810782,
      50.9808343,
      50.9806513,
      50.9806703,
      50.9806853,
      50.9805753,
      50.9798274,
      50.9794535,
      50.9794155,
      50.9764128,
      50.9756279,
      50.9755819,
      50.9755659,
      50.9748230,
      50.9747420,
      50.9747310,
      50.9747310,
      50.9741850,
      50.9740521,
      50.9740481,
      50.9740291,
      50.9736361,
      50.9728582,
      50.9728812,
      50.9721603,
      50.9716753,
      50.9716603,
      50.9716253,
      50.9716033,
      50.9715613,
      50.9715533,
      50.9715493,
      50.9715343,
      50.9715303,
      50.9715343,
      50.9715723,
      50.9715803,
      50.9717063,
      50.9720493,
      50.9718203,
      50.9710534,
      50.9707374,
      50.9707404,
      50.9705004,
      50.9704204,
      50.9699285,
      50.9688906,
      50.9682387,
      50.9680777,
      50.9678457,
      50.9677238,
      50.9674368,
      50.9665559,
      50.9662389,
      50.9661209,
      50.9659150,
      50.9663879,
      50.9662779,
      50.9662399,
      50.9663499,
      50.9658729,
      50.9656560,
      50.9653120,
      50.9651330,
      50.9652820,
      50.9655070,
      50.9649390,
      50.9654230,
      50.9645911,
      50.9644771,
      50.9642941,
      50.9636532,
      50.9635312,
      50.9634092,
      50.9631652,
      50.9630582,
      50.9626843,
      50.9625663,
      50.9625853,
      50.9626043,
      50.9627913,
      50.9613904,
      50.9612954,
      50.9606735,
      50.9605825,
      50.9604185,
      50.9602545,
      50.9598686,
      50.9599106,
      50.9599376,
      50.9598806,
      50.9597846,
      50.9595826,
      50.9594526,
      50.9584227,
      50.9582627,
      50.9582707,
      50.9583507,
      50.9583847,
      50.9583237,
      50.9582057,
      50.9577628,
      50.9576598,
      50.9574468,
      50.9573018,
      50.9571909,
      50.9569999,
      50.9567829,
      50.9566529,
      50.9560810,
      50.9560350,
      50.9559930,
      50.9559210,
      50.9544601,
      50.9542272,
      50.9544981,
      50.9546271,
      50.9546351,
      50.9546621,
      50.9547381,
      50.9547271,
      50.9547151,
      50.9546501,
      50.9545661,
      50.9545661,
      50.9545661,
      50.9546081,
      50.9545631,
      50.9544291,
      50.9564936,
      50.9582609,
      50.9593546,
      50.9595028,
      50.9595749,
      50.9652242,
      50.9706881,
      50.9748536,
      50.9766343,
      50.9760307,
      50.9760779,
      50.9771625,
      50.9821139,
      50.9831513,
      50.9837171,
      50.9840000,
      50.9856031,
      50.9882906,
      50.9936365,
      50.9939479,
      50.9955507,
      51.0014428,
      51.0071928,
      51.0084652,
      51.0087951,
      51.0106801,
      51.0132248,
      51.0168530,
      51.0160790,
      51.0178789,
      51.0191682,
      51.0184457,
      51.0197559,
      51.0220345,
      51.0207155,
      51.0223330,
      51.0246664,
      51.0252014,
      51.0252089,
      51.0246194,
      51.0243345,
      51.0248885,
      51.0241359,
      51.0246430,
      51.0250280,
      51.0251040,
      51.0252158,
      51.0260159,
      51.0262082,
      51.0265511,
      51.0276441,
      51.0292668,
      51.0303015,
      51.0299567,
      51.0299797,
      51.0303258,
      51.0308052,
      51.0340000,
      51.0345879,
      51.0369566,
      51.0372276,
      51.0421670,
      51.0431500,
      51.0433865,
      51.0436631,
      51.0441085,
      51.0437002,
      51.0434299,
      51.0434680,
      51.0427474,
      51.0424968,
      51.0422663,
      51.0420531,
      51.0416869,
      51.0413200,
      51.0411322,
      51.0407839,
      51.0404228,
      51.0403045,
      51.0400190,
      51.0397656,
      51.0395960,
      51.0394382,
      51.0392643,
      51.0391135,
      51.0389778,
      51.0388898,
      51.0387802,
      51.0387351,
      51.0386046,
      51.0385774,
      51.0385339,
      51.0382715,
      51.0379941,
      51.0374114,
      51.0369098,
      51.0369773,
      51.0370286,
      51.0373535,
      51.0383984,
      51.0384864,
