{
  "id": 444948,
  "name": "Himmelpforten",
  "polygon": {
    "numberOfPoints": 102,
    "box": {
      "min": {
        "x": 53.5842751,
        "y": 9.2701425
      },
      "max": {
        "x": 53.6613557,
        "y": 9.3331982
      },
      "center": {
        "x": 53.6228154,
        "y": 9.30167035
      },
      "area": {
        "x": 0.0770806,
        "y": 0.0630557
      }
    },
    "pointsx": [
      53.6613557,
      53.6604898,
      53.6597839,
      53.6592459,
      53.6585440,
      53.6575941,
      53.6569002,
      53.6553704,
      53.6546914,
      53.6537375,
      53.6535426,
      53.6534246,
      53.6528336,
      53.6521697,
      53.6515588,
      53.6504989,
      53.6500410,
      53.6495950,
      53.6493770,
      53.6490871,
      53.6489421,
      53.6486601,
      53.6483782,
      53.6480152,
      53.6474813,
      53.6470693,
      53.6465814,
      53.6459594,
      53.6453415,
      53.6445626,
      53.6439027,
      53.6433577,
      53.6432657,
      53.6426708,
      53.6412766,
      53.6371797,
      53.6350200,
      53.6324297,
      53.6323789,
      53.6317264,
      53.6311777,
      53.6308495,
      53.6297405,
      53.6283851,
      53.6270785,
      53.6257408,
      53.6226092,
      53.6164323,
      53.6129645,
      53.6127335,
      53.6114144,
      53.6096665,
      53.6076960,
      53.6061035,
      53.6010279,
      53.5954912,
      53.5938488,
      53.5901311,
      53.5878758,
      53.5858122,
      53.5842751,
      53.5899338,
      53.5933510,
      53.5955756,
      53.5942559,
      53.5935772,
      53.5974984,
      53.6019642,
      53.6023715,
      53.6103670,
      53.6223382,
      53.6247340,
      53.6268063,
      53.6291609,
      53.6323615,
      53.6345720,
      53.6336656,
      53.6320805,
      53.6342182,
      53.6341381,
      53.6342537,
      53.6354237,
      53.6377308,
      53.6383484,
      53.6375896,
      53.6381075,
      53.6394849,
      53.6429963,
      53.6441050,
      53.6450481,
      53.6463772,
      53.6513403,
      53.6516489,
      53.6519055,
      53.6521089,
      53.6524314,
      53.6522005,
      53.6521581,
      53.6528804,
      53.6568882,
      53.6579672,
      53.6578747
    ],
    "pointsy": [
      9.2749132,
      9.2749382,
      9.2747583,
      9.2744763,
      9.2741124,
      9.2732385,
      9.2727186,
      9.2719187,
      9.2717188,
      9.2716448,
      9.2716408,
      9.2716688,
      9.2719258,
      9.2723427,
      9.2728027,
      9.2738535,
      9.2743664,
      9.2751383,
      9.2759252,
      9.2780139,
      9.2785188,
      9.2790667,
      9.2794356,
      9.2797656,
      9.2799806,
      9.2800926,
      9.2801056,
      9.2799836,
      9.2797206,
      9.2792187,
      9.2786788,
      9.2779549,
      9.2777570,
      9.2765142,
      9.2798674,
      9.2847956,
      9.2857062,
      9.2916092,
      9.2939188,
      9.2951350,
      9.2953518,
      9.2947020,
      9.2940873,
      9.2952158,
      9.2955942,
      9.2958442,
      9.2994309,
      9.2997262,
      9.2994744,
      9.2838156,
      9.2783675,
      9.2731178,
      9.2750998,
      9.2701425,
      9.2785120,
      9.2852287,
      9.2898795,
      9.2942223,
      9.2943795,
      9.2931727,
      9.3039536,
      9.3062929,
      9.3061346,
      9.3063887,
      9.3101369,
      9.3159181,
      9.3245582,
      9.3288886,
      9.3290975,
      9.3331982,
      9.3321395,
      9.3319276,
      9.3294659,
      9.3313718,
      9.3315184,
      9.3257500,
      9.3231439,
      9.3204923,
      9.3163476,
      9.3127672,
      9.3124908,
      9.3096922,
      9.3104069,
      9.3137783,
      9.3192217,
      9.3243835,
      9.3257012,
      9.3092982,
      9.3089357,
      9.3083729,
      9.3069888,
      9.3068196,
      9.3067496,
      9.3065007,
      9.3047746,
      9.3028103,
      9.3008407,
      9.2986885,
      9.2977167,
      9.2911557,
      9.2832416,
      9.2770744
    ]
  }
}