{"id":445739,"name":"Woldert","polygon":{"numberOfPoints":103,"box":{"min":{"x":50.5919436,"y":7.6316999},"max":{"x":50.6194968,"y":7.6744128},"center":{"x":50.6057202,"y":7.65305635},"area":{"x":0.0275532,"y":0.0427129}},"pointsx":[50.5919436,50.5922368,50.5924362,50.5936069,50.5940282,50.5939950,50.5942479,50.5942759,50.5949688,50.5955373,50.5967181,50.5969478,50.5968208,50.5987609,50.5986996,50.5986720,50.5992741,50.5995006,50.5998724,50.6009198,50.6020543,50.6026352,50.6032161,50.6053951,50.6068624,50.6059679,50.6049491,50.6059874,50.6066692,50.6055616,50.6065698,50.6067927,50.6064206,50.6061754,50.6061240,50.6063954,50.6061020,50.6053475,50.6053424,50.6061537,50.6065185,50.6076296,50.6088091,50.6110989,50.6124985,50.6139672,50.6152377,50.6152380,50.6155992,50.6159727,50.6162636,50.6172283,50.6176259,50.6184889,50.6189802,50.6194489,50.6194968,50.6194384,50.6188295,50.6187613,50.6183515,50.6188552,50.6183797,50.6183900,50.6183736,50.6182037,50.6173804,50.6170672,50.6170552,50.6159174,50.6157003,50.6156524,50.6154732,50.6151989,50.6151937,50.6146195,50.6143060,50.6138412,50.6139828,50.6137023,50.6135493,50.6129919,50.6125979,50.6129630,50.6126551,50.6121731,50.6110718,50.6096803,50.6080704,50.6064840,50.6056660,50.6040737,50.6026341,50.6021881,50.6019322,50.6011416,50.6003870,50.6002910,50.5991556,50.5975139,50.5946876,50.5942650,50.5931016],"pointsy":[7.6527932,7.6525758,7.6521048,7.6504954,7.6441421,7.6434270,7.6417223,7.6403668,7.6400562,7.6398283,7.6395109,7.6385687,7.6379321,7.6336058,7.6330118,7.6324177,7.6330369,7.6330022,7.6325997,7.6319926,7.6318978,7.6321847,7.6319251,7.6316999,7.6357403,7.6374312,7.6386449,7.6400359,7.6418216,7.6423997,7.6456255,7.6466197,7.6470331,7.6473951,7.6475977,7.6484832,7.6487682,7.6490762,7.6494571,7.6493186,7.6491896,7.6486061,7.6485459,7.6483451,7.6485045,7.6484455,7.6478825,7.6482416,7.6490056,7.6490398,7.6481865,7.6482455,7.6480009,7.6479551,7.6478104,7.6475248,7.6480604,7.6507169,7.6505017,7.6522466,7.6523178,7.6570525,7.6571813,7.6574954,7.6578512,7.6577813,7.6577243,7.6578548,7.6584169,7.6585030,7.6585823,7.6590092,7.6590619,7.6590384,7.6593599,7.6592036,7.6595265,7.6610118,7.6615587,7.6641313,7.6656399,7.6667934,7.6684157,7.6700457,7.6722803,7.6744128,7.6737776,7.6730115,7.6721020,7.6712101,7.6707581,7.6699027,7.6691740,7.6688921,7.6686181,7.6673782,7.6664332,7.6660709,7.6655633,7.6653939,7.6652154,7.6631660,7.6574868]}}