{
  "id": 445749,
  "name": "Hanroth",
  "polygon": {
    "numberOfPoints": 50,
    "box": {
      "min": {
        "x": 50.5817063,
        "y": 7.6218544
      },
      "max": {
        "x": 50.5942759,
        "y": 7.6586286
      },
      "center": {
        "x": 50.5879911,
        "y": 7.6402415
      },
      "area": {
        "x": 0.0125696,
        "y": 0.0367742
      }
    },
    "pointsx": [
      50.5867133,
      50.5864012,
      50.5861547,
      50.5857126,
      50.5852015,
      50.5846211,
      50.5846080,
      50.5841204,
      50.5842536,
      50.5833587,
      50.5833171,
      50.5829708,
      50.5828729,
      50.5817063,
      50.5823940,
      50.5828082,
      50.5835291,
      50.5857243,
      50.5868498,
      50.5882353,
      50.5882401,
      50.5891665,
      50.5892771,
      50.5896408,
      50.5909077,
      50.5919436,
      50.5922368,
      50.5924362,
      50.5936069,
      50.5940282,
      50.5939950,
      50.5942479,
      50.5942759,
      50.5937630,
      50.5926898,
      50.5916517,
      50.5910880,
      50.5904775,
      50.5902560,
      50.5900726,
      50.5896854,
      50.5896117,
      50.5895736,
      50.5892918,
      50.5890166,
      50.5885057,
      50.5882447,
      50.5878535,
      50.5872093,
      50.5865674
    ],
    "pointsy": [
      7.6219129,
      7.6218544,
      7.6225052,
      7.6230646,
      7.6234185,
      7.6237657,
      7.6238274,
      7.6261255,
      7.6280812,
      7.6282333,
      7.6297329,
      7.6321112,
      7.6325712,
      7.6380517,
      7.6444662,
      7.6480458,
      7.6586286,
      7.6578148,
      7.6573198,
      7.6556026,
      7.6556149,
      7.6548275,
      7.6547614,
      7.6544800,
      7.6534800,
      7.6527932,
      7.6525758,
      7.6521048,
      7.6504954,
      7.6441421,
      7.6434270,
      7.6417223,
      7.6403668,
      7.6405990,
      7.6376783,
      7.6350394,
      7.6337500,
      7.6292406,
      7.6279157,
      7.6254706,
      7.6239318,
      7.6234261,
      7.6232483,
      7.6232716,
      7.6231180,
      7.6225691,
      7.6223667,
      7.6222407,
      7.6223640,
      7.6226153
    ]
  }
}