{"id":445740,"name":"Puderbach","polygon":{"numberOfPoints":177,"box":{"min":{"x":50.5835198,"y":7.5751841},"max":{"x":50.6202914,"y":7.6405990},"center":{"x":50.6019056,"y":7.60789155},"area":{"x":0.0367716,"y":0.0654149}},"pointsx":[50.6164338,50.6163272,50.6157271,50.6153327,50.6154211,50.6153834,50.6151510,50.6150354,50.6150044,50.6151114,50.6149654,50.6150569,50.6152811,50.6162795,50.6175771,50.6184627,50.6181858,50.6186972,50.6191717,50.6194445,50.6202914,50.6159872,50.6164032,50.6168776,50.6170173,50.6169145,50.6166979,50.6164517,50.6163892,50.6169767,50.6169398,50.6169980,50.6173232,50.6176083,50.6176777,50.6179550,50.6179734,50.6171109,50.6165853,50.6161345,50.6151172,50.6151432,50.6138790,50.6134628,50.6122847,50.6059814,50.6053951,50.6032161,50.6026352,50.6020543,50.6009198,50.5998724,50.5995006,50.5992741,50.5986720,50.5986996,50.5987609,50.5968208,50.5969478,50.5967181,50.5955373,50.5949688,50.5942759,50.5937630,50.5926898,50.5916517,50.5910880,50.5904775,50.5902560,50.5900726,50.5896854,50.5896117,50.5895736,50.5892918,50.5890166,50.5885057,50.5882447,50.5878535,50.5872093,50.5865674,50.5867133,50.5868374,50.5872015,50.5878327,50.5882696,50.5888966,50.5887490,50.5877772,50.5877295,50.5845920,50.5849622,50.5853627,50.5856298,50.5859834,50.5846485,50.5848769,50.5848469,50.5846272,50.5838118,50.5837629,50.5836023,50.5835198,50.5855115,50.5863910,50.5867504,50.5889320,50.5889723,50.5904616,50.5934728,50.5935861,50.5940888,50.5950390,50.5953123,50.5952934,50.5953148,50.5967704,50.5970122,50.5969784,50.5972707,50.5978217,50.5984391,50.5988677,50.5991258,50.6003154,50.6014418,50.6024929,50.6038307,50.6048026,50.6056543,50.6060964,50.6067028,50.6068489,50.6068213,50.6064105,50.6066081,50.6066803,50.6070850,50.6076245,50.6067758,50.6069669,50.6069613,50.6074698,50.6077716,50.6083322,50.6087734,50.6093257,50.6096794,50.6099854,50.6105060,50.6113127,50.6115438,50.6120667,50.6124870,50.6128579,50.6130040,50.6128803,50.6125825,50.6123577,50.6125352,50.6125702,50.6124920,50.6119841,50.6119085,50.6119781,50.6123516,50.6128173,50.6131256,50.6134286,50.6135831,50.6135683,50.6139282,50.6143665,50.6146270,50.6149855,50.6149395,50.6150958,50.6151541],"pointsy":[7.5751841,7.5759797,7.5766576,7.5776353,7.5780194,7.5784049,7.5788976,7.5797055,7.5810043,7.5814282,7.5822577,7.5827144,7.5833242,7.5843225,7.5859477,7.5876477,7.5885669,7.5885874,7.5893214,7.5891559,7.5899863,7.5985513,7.5998705,7.6009230,7.6023303,7.6041203,7.6052009,7.6067559,7.6076455,7.6111307,7.6117451,7.6125517,7.6139771,7.6150160,7.6162864,7.6182944,7.6187413,7.6196088,7.6198437,7.6204143,7.6211068,7.6216805,7.6235596,7.6233173,7.6240638,7.6278460,7.6316999,7.6319251,7.6321847,7.6318978,7.6319926,7.6325997,7.6330022,7.6330369,7.6324177,7.6330118,7.6336058,7.6379321,7.6385687,7.6395109,7.6398283,7.6400562,7.6403668,7.6405990,7.6376783,7.6350394,7.6337500,7.6292406,7.6279157,7.6254706,7.6239318,7.6234261,7.6232483,7.6232716,7.6231180,7.6225691,7.6223667,7.6222407,7.6223640,7.6226153,7.6219129,7.6215842,7.6213691,7.6215459,7.6217371,7.6220051,7.6209103,7.6192613,7.6191803,7.6152327,7.6145063,7.6139997,7.6128050,7.6119319,7.6095833,7.6079652,7.6046040,7.6032295,7.6019514,7.6003789,7.5992641,7.5981865,7.5949359,7.5934984,7.5930466,7.5919796,7.5919618,7.5913037,7.5897550,7.5898199,7.5891912,7.5900391,7.5901729,7.5895819,7.5891480,7.5904904,7.5891708,7.5865406,7.5847782,7.5837332,7.5827061,7.5814049,7.5811826,7.5793865,7.5795708,7.5794291,7.5782070,7.5777744,7.5765687,7.5766507,7.5774719,7.5786764,7.5795711,7.5807575,7.5815813,7.5818823,7.5825288,7.5837243,7.5844505,7.5851147,7.5863369,7.5865903,7.5870616,7.5872980,7.5878929,7.5878177,7.5883500,7.5886005,7.5882185,7.5877426,7.5875963,7.5882163,7.5885944,7.5884173,7.5878239,7.5865575,7.5862918,7.5857250,7.5847287,7.5831409,7.5816223,7.5813248,7.5807644,7.5801945,7.5798657,7.5797540,7.5792201,7.5792622,7.5789018,7.5784008,7.5780461,7.5780461,7.5782586,7.5781089,7.5776742,7.5771961,7.5766020]}}