{"id":445734,"name":"Oberdreis","polygon":{"numberOfPoints":157,"box":{"min":{"x":50.6121731,"y":7.6437335},"max":{"x":50.6473726,"y":7.7009694},"center":{"x":50.62977285,"y":7.67235145},"area":{"x":0.0351995,"y":0.0572359}},"pointsx":[50.6452997,50.6394610,50.6303523,50.6255579,50.6238383,50.6233906,50.6230306,50.6236682,50.6234831,50.6232569,50.6236271,50.6235723,50.6234050,50.6200722,50.6201031,50.6203261,50.6197465,50.6194489,50.6194968,50.6194384,50.6188295,50.6187613,50.6183515,50.6188552,50.6183797,50.6183900,50.6183736,50.6182037,50.6173804,50.6170672,50.6170552,50.6159174,50.6157003,50.6156524,50.6154732,50.6151989,50.6151937,50.6146195,50.6143060,50.6138412,50.6139828,50.6137023,50.6135493,50.6129919,50.6125979,50.6129630,50.6126551,50.6121731,50.6136734,50.6142613,50.6139686,50.6133804,50.6134374,50.6136244,50.6137424,50.6138304,50.6139293,50.6141313,50.6143873,50.6149482,50.6149932,50.6150012,50.6149442,50.6149822,50.6150392,50.6154972,50.6156422,50.6157261,50.6158371,50.6158211,50.6158481,50.6160201,50.6162181,50.6161381,50.6160041,50.6160771,50.6162319,50.6163901,50.6164171,50.6165731,50.6168440,50.6172020,50.6174470,50.6176749,50.6177329,50.6179309,50.6182319,50.6187818,50.6191978,50.6194107,50.6198157,50.6201967,50.6204676,50.6206966,50.6209566,50.6210706,50.6214025,50.6226013,50.6227060,50.6226771,50.6227490,50.6230750,50.6238743,50.6244462,50.6248092,50.6249841,50.6251481,50.6257820,50.6267889,50.6269829,50.6273949,50.6276968,50.6282118,50.6286347,50.6290127,50.6300885,50.6304355,50.6307365,50.6322853,50.6325753,50.6327782,50.6336661,50.6349900,50.6365783,50.6381446,50.6382936,50.6394805,50.6404074,50.6410881,50.6412245,50.6416518,50.6440854,50.6445649,50.6453318,50.6458431,50.6460667,50.6462780,50.6465556,50.6466157,50.6467089,50.6468100,50.6469306,50.6473576,50.6473726,50.6471056,50.6467736,50.6466286,50.6465147,50.6463427,50.6460837,50.6459687,50.6459007,50.6457857,50.6454008,50.6452708,50.6452475,50.6455364],"pointsy":[7.6574171,7.6569522,7.6515475,7.6437335,7.6457017,7.6459352,7.6469780,7.6472536,7.6483072,7.6491285,7.6496148,7.6511223,7.6517429,7.6506522,7.6497175,7.6474412,7.6474103,7.6475248,7.6480604,7.6507169,7.6505017,7.6522466,7.6523178,7.6570525,7.6571813,7.6574954,7.6578512,7.6577813,7.6577243,7.6578548,7.6584169,7.6585030,7.6585823,7.6590092,7.6590619,7.6590384,7.6593599,7.6592036,7.6595265,7.6610118,7.6615587,7.6641313,7.6656399,7.6667934,7.6684157,7.6700457,7.6722803,7.6744128,7.6755711,7.6759460,7.6776082,7.6801154,7.6802524,7.6803244,7.6802354,7.6800324,7.6801254,7.6805384,7.6808163,7.6812813,7.6813732,7.6817592,7.6821921,7.6824651,7.6826481,7.6831800,7.6836149,7.6839109,7.6844828,7.6848237,7.6850277,7.6851907,7.6860356,7.6866945,7.6872144,7.6874883,7.6878146,7.6882452,7.6885872,7.6890001,7.6893461,7.6896260,7.6899260,7.6904079,7.6906819,7.6909128,7.6911728,7.6919107,7.6921676,7.6926046,7.6948382,7.6961651,7.6967170,7.6970179,7.6970439,7.6972279,7.6973699,7.6992401,7.6994135,7.7002932,7.7007052,7.7009694,7.6995535,7.6985417,7.6982067,7.6980048,7.6970989,7.6954711,7.6937604,7.6931495,7.6921356,7.6920716,7.6910578,7.6903369,7.6899799,7.6893840,7.6892340,7.6891930,7.6891750,7.6890670,7.6889111,7.6877892,7.6862404,7.6849889,7.6837548,7.6836598,7.6829339,7.6824270,7.6819493,7.6818077,7.6813641,7.6788377,7.6768158,7.6746691,7.6730260,7.6728004,7.6726632,7.6725816,7.6725391,7.6724055,7.6715775,7.6695129,7.6662443,7.6656434,7.6636387,7.6636357,7.6633448,7.6631108,7.6627678,7.6619690,7.6614660,7.6608061,7.6603722,7.6595723,7.6591624,7.6590358,7.6589226]}}