{
  "numberOfPolygons": 1,
  "box": {
    "min": {
      "x": 51.5468539,
      "y": 12.3667452
    },
    "max": {
      "x": 51.6103995,
      "y": 12.5267716
    },
    "center": {
      "x": 51.5786267,
      "y": 12.4467584
    }
  },
  "polygons": [
    {
      "numberOfPoints": 454,
      "box": {
        "min": {
          "x": 51.5468539,
          "y": 12.3667452
        },
        "max": {
          "x": 51.6103995,
          "y": 12.5267716
        },
        "center": {
          "x": 51.5786267,
          "y": 12.4467584
        }
      },
      "pointsx": [
        51.5691903,
        51.5709522,
        51.5716205,
        51.5718217,
        51.5758653,
        51.5769248,
        51.5843343,
        51.5842351,
        51.5855246,
        51.5873595,
        51.5876456,
        51.5892020,
        51.5907776,
        51.5887252,
        51.5886565,
        51.5898467,
        51.5912200,
        51.5938980,
        51.5946533,
        51.5968506,
        51.6000436,
        51.6030382,
        51.6063256,
        51.6069515,
        51.6069935,
        51.6068555,
        51.6064056,
        51.6058596,
        51.6057226,
        51.6057686,
        51.6060356,
        51.6069704,
        51.6072834,
        51.6075504,
        51.6079083,
        51.6082673,
        51.6084882,
        51.6084842,
        51.6082592,
        51.6079013,
        51.6074503,
        51.6070924,
        51.6055205,
        51.6052036,
        51.6047076,
        51.6044826,
        51.6042577,
        51.6041627,
        51.6041897,
        51.6042886,
        51.6045326,
        51.6048226,
        51.6050665,
        51.6051315,
        51.6050855,
        51.6047916,
        51.6039066,
        51.6039417,
        51.6038537,
        51.6036547,
        51.6032967,
        51.6029188,
        51.6025148,
        51.6020229,
        51.6015109,
        51.6005230,
        51.5999971,
        51.5997791,
        51.5981203,
        51.5974754,
        51.5969375,
        51.5967275,
        51.5965755,
        51.5965715,
        51.5966815,
        51.5969714,
        51.5973004,
        51.5976313,
        51.5980173,
        51.5982383,
        51.5983032,
        51.5983222,
        51.5982502,
        51.5980973,
        51.5978913,
        51.5961865,
        51.5950796,
        51.5942937,
        51.5938667,
        51.5934397,
        51.5930348,
        51.5927638,
        51.5926498,
        51.5927148,
        51.5928478,
        51.5930238,
        51.5933367,
        51.5937827,
        51.5942706,
        51.5946256,
        51.5951595,
        51.5955225,
        51.5958354,
        51.5961894,
        51.5965983,
        51.5969073,
        51.5974752,
        51.5979712,
        51.5983302,
        51.5985551,
        51.5988561,
        51.5993101,
        51.5995581,
        51.5997410,
        51.5999970,
        51.6000540,
        51.6005080,
        51.6008209,
        51.6012479,
        51.6015379,
        51.6023008,
        51.6025867,
        51.6029497,
        51.6042465,
        51.6045135,
        51.6049524,
        51.6050364,
        51.6051044,
        51.6051963,
        51.6052073,
        51.6051623,
        51.6050893,
        51.6049333,
        51.6047733,
        51.6044104,
        51.6040934,
        51.6039604,
        51.6038234,
        51.6037774,
        51.6037734,
        51.6035634,
        51.6033115,
        51.6032435,
        51.6033534,
        51.6042883,
        51.6047543,
        51.6051772,
        51.6056011,
        51.6058601,
        51.6059971,
        51.6063330,
        51.6066880,
        51.6071149,
        51.6074739,
        51.6080118,
        51.6085498,
        51.6089727,
        51.6094457,
        51.6098466,
        51.6101366,
        51.6103346,
        51.6103995,
        51.6103955,
        51.6103045,
        51.6099186,
        51.6097966,
        51.6096976,
        51.6095796,
        51.6093086,
        51.6090187,
        51.6080958,
        51.6076268,
        51.6073558,
        51.6058680,
        51.6053491,
        51.6051891,
        51.6050781,
        51.6050631,
        51.6051810,
        51.6053150,
        51.6055590,
        51.6059819,
        51.6060779,
        51.6057610,
        51.6053490,
        51.6045366,
        51.6035632,
        51.6035372,
        51.6025683,
        51.6023924,
        51.5999966,
        51.5993947,
        51.5990507,
        51.5990277,
        51.5990697,
        51.5992717,
        51.5983718,
        51.5975629,
        51.5988947,
        51.5991807,
        51.5971465,
        51.5952741,
        51.5916085,
        51.5894987,
        51.5891628,
        51.5886898,
        51.5883089,
        51.5880149,
        51.5880189,
        51.5877059,
        51.5877289,
        51.5867410,
        51.5848103,
        51.5845433,
        51.5845663,
        51.5838494,
        51.5838074,
        51.5830065,
        51.5820946,
        51.5824835,
        51.5826974,
        51.5828724,
        51.5831814,
        51.5821935,
        51.5822775,
        51.5827204,
        51.5824954,
        51.5819495,
        51.5825714,
        51.5830173,
        51.5831013,
        51.5830983,
        51.5833233,
        51.5837272,
        51.5839712,
        51.5839902,
        51.5839902,
        51.5840782,
        51.5841812,
        51.5843451,
        51.5846121,
        51.5847001,
        51.5847001,
        51.5846051,
        51.5845821,
        51.5846051,
        51.5846921,
        51.5848680,
        51.5849750,
        51.5850430,
        51.5852420,
        51.5855090,
        51.5861609,
        51.5863519,
        51.5866988,
        51.5869238,
        51.5871228,
        51.5871868,
        51.5871678,
        51.5871448,
        51.5871338,
        51.5871837,
        51.5873127,
        51.5874697,
        51.5877382,
        51.5880789,
        51.5876262,
        51.5871726,
        51.5866228,
        51.5858099,
        51.5856269,
        51.5855349,
        51.5854439,
        51.5854169,
        51.5858669,
        51.5859548,
        51.5860846,
        51.5861261,
        51.5863824,
        51.5865887,
        51.5864738,
        51.5863368,
        51.5862908,
        51.5861768,
        51.5857519,
        51.5856218,
        51.5856151,
        51.5856397,
        51.5858338,
        51.5858842,
        51.5857697,
        51.5856890,
        51.5858067,
        51.5856577,
        51.5857921,
        51.5860240,
        51.5865048,
        51.5869888,
        51.5874967,
        51.5876071,
        51.5873593,
        51.5875779,
        51.5878912,
        51.5878511,
        51.5876206,
        51.5873209,
        51.5876073,
        51.5873616,
        51.5866373,
        51.5864142,
        51.5862331,
        51.5860610,
        51.5860083,
        51.5858504,
        51.5856008,
        51.5851295,
        51.5851982,
        51.5849136,
        51.5845787,
        51.5840432,
        51.5841463,
        51.5842203,
        51.5843901,
        51.5846329,
        51.5849944,
        51.5824705,
        51.5815571,
        51.5754434,
        51.5754541,
        51.5753271,
        51.5748546,
        51.5738652,
        51.5680816,
        51.5680906,
        51.5695840,
        51.5689579,
        51.5677740,
        51.5643820,
        51.5643128,
        51.5642305,
        51.5642028,
        51.5629707,
        51.5605122,
        51.5604836,
        51.5610053,
        51.5610080,
        51.5610961,
        51.5612518,
        51.5614187,
        51.5616196,
        51.5619285,
        51.5620956,
        51.5623351,
        51.5623156,
        51.5622800,
        51.5621285,
        51.5618854,
        51.5615254,
        51.5610808,
        51.5597975,
        51.5595059,
        51.5593553,
        51.5592737,
        51.5590936,
        51.5590114,
        51.5589357,
        51.5588727,
        51.5580344,
        51.5579026,
        51.5575524,
        51.5573488,
