{"id":446465,"name":"Freiburg (Elbe)","polygon":{"numberOfPoints":83,"box":{"min":{"x":53.7994922,"y":9.2361827},"max":{"x":53.8676594,"y":9.3398517},"center":{"x":53.8335758,"y":9.2880172},"area":{"x":0.0681672,"y":0.1036690}},"pointsx":[53.8118598,53.8219180,53.8294096,53.8296957,53.8299019,53.8327636,53.8328593,53.8397838,53.8584164,53.8590460,53.8598769,53.8598315,53.8596893,53.8595961,53.8596083,53.8594469,53.8594174,53.8591624,53.8590593,53.8590299,53.8589347,53.8589886,53.8592437,53.8593664,53.8592879,53.8593222,53.8592879,53.8593516,53.8592045,53.8589200,53.8590034,53.8590034,53.8588464,53.8587826,53.8587826,53.8585226,53.8585520,53.8585226,53.8584294,53.8582827,53.8582262,53.8582293,53.8582198,53.8582192,53.8581474,53.8580423,53.8578966,53.8577510,53.8576634,53.8577279,53.8574417,53.8573681,53.8572753,53.8574997,53.8676594,53.8633868,53.8572413,53.8509127,53.8393563,53.8317558,53.8168262,53.8162876,53.8158740,53.8157968,53.8143534,53.8131222,53.8129948,53.8114664,53.8053944,53.8031013,53.7994922,53.8016687,53.8020934,53.8019873,53.8045352,53.8055422,53.8050185,53.8057165,53.8063930,53.8059684,53.8105330,53.8098961,53.8103207],"pointsy":[9.2361827,9.2395712,9.2423190,9.2415683,9.2419289,9.2431413,9.2427719,9.2456661,9.2526616,9.2528235,9.2532914,9.2539938,9.2548047,9.2556905,9.2563892,9.2576334,9.2584235,9.2591222,9.2604696,9.2612930,9.2622773,9.2625269,9.2627847,9.2628263,9.2633503,9.2642652,9.2647060,9.2653049,9.2658705,9.2661616,9.2665193,9.2669601,9.2672845,9.2676754,9.2680497,9.2689646,9.2692890,9.2697963,9.2704285,9.2709370,9.2715187,9.2717509,9.2719426,9.2719957,9.2722015,9.2723103,9.2725515,9.2730308,9.2739118,9.2740429,9.2742782,9.2746057,9.2752368,9.2751829,9.2727045,9.2897907,9.3042892,9.3195032,9.3317002,9.3398517,9.3348913,9.3324237,9.3318734,9.3317708,9.3318427,9.3306202,9.3276001,9.3273844,9.3178924,9.3160947,9.3100687,9.3056643,9.3000914,9.2900242,9.2836423,9.2798422,9.2792529,9.2791843,9.2766312,9.2656652,9.2651259,9.2413961,9.2385197]}}