{
  "numberOfPolygons": 1,
  "box": {
    "min": {
      "x": 54.1476364,
      "y": 8.8820601
    },
    "max": {
      "x": 54.1735507,
      "y": 8.9224381
    },
    "center": {
      "x": 54.16059355,
      "y": 8.9022491
    }
  },
  "polygons": [
    {
      "numberOfPoints": 135,
      "box": {
        "min": {
          "x": 54.1476364,
          "y": 8.8820601
        },
        "max": {
          "x": 54.1735507,
          "y": 8.9224381
        },
        "center": {
          "x": 54.16059355,
          "y": 8.9022491
        }
      },
      "pointsx": [
        54.1616714,
        54.1619354,
        54.1618772,
        54.1628690,
        54.1631334,
        54.1633318,
        54.1638607,
        54.1644558,
        54.1650177,
        54.1653153,
        54.1655797,
        54.1659870,
        54.1661962,
        54.1666354,
        54.1666566,
        54.1666354,
        54.1670586,
        54.1676087,
        54.1685396,
        54.1701390,
        54.1701486,
        54.1701731,
        54.1701906,
        54.1702067,
        54.1702171,
        54.1702156,
        54.1702126,
        54.1701799,
        54.1701896,
        54.1702171,
        54.1702603,
        54.1702731,
        54.1702982,
        54.1703369,
        54.1703682,
        54.1704025,
        54.1704590,
        54.1705379,
        54.1706317,
        54.1707047,
        54.1707657,
        54.1708454,
        54.1709250,
        54.1709823,
        54.1710397,
        54.1711290,
        54.1712942,
        54.1713947,
        54.1714796,
        54.1715652,
        54.1716225,
        54.1716865,
        54.1717349,
        54.1717811,
        54.1718458,
        54.1718786,
        54.1719114,
        54.1719471,
        54.1719769,
        54.1720029,
        54.1720238,
        54.1720349,
        54.1720424,
        54.1720364,
        54.1720185,
        54.1720282,
        54.1720372,
        54.1720558,
        54.1720973,
        54.1721419,
        54.1722305,
        54.1723117,
        54.1724836,
        54.1726064,
        54.1727122,
        54.1728089,
        54.1728662,
        54.1729355,
        54.1729920,
        54.1730546,
        54.1731186,
        54.1732087,
        54.1732779,
        54.1733523,
        54.1735507,
        54.1723627,
        54.1634767,
        54.1569906,
        54.1569904,
        54.1569721,
        54.1542283,
        54.1546911,
        54.1525077,
        54.1535919,
        54.1498921,
        54.1476364,
        54.1477287,
        54.1477548,
        54.1478740,
        54.1493187,
        54.1485748,
        54.1498531,
        54.1494106,
        54.1494058,
        54.1483960,
        54.1482140,
        54.1482486,
        54.1484046,
        54.1487166,
        54.1489518,
        54.1495117,
        54.1492720,
        54.1493062,
        54.1491768,
        54.1499232,
        54.1511063,
        54.1515171,
        54.1516651,
        54.1523614,
        54.1526885,
        54.1529684,
        54.1532199,
        54.1535482,
        54.1541056,
        54.1550307,
        54.1563447,
        54.1565779,
        54.1571704,
        54.1575568,
        54.1577017,
        54.1584531,
        54.1588650,
        54.1600177,
        54.1610191,
        54.1613982
      ],
      "pointsy": [
        8.9224381,
        8.9220810,
        8.9110807,
        8.9104856,
        8.9100228,
        8.9092625,
        8.9090641,
        8.9086674,
        8.9083038,
        8.9078410,
        8.9069815,
        8.9057187,
        8.9049403,
        8.9041194,
        8.9029346,
        8.9021518,
        8.9015806,
        8.9000150,
        8.9000573,
        8.8943659,
        8.8942647,
        8.8941172,
        8.8940020,
        8.8939004,
        8.8937478,
        8.8935878,
        8.8931270,
        8.8923543,
        8.8919255,
        8.8914454,
        8.8907152,
        8.8906421,
        8.8900370,
        8.8896842,
        8.8894847,
        8.8893038,
        8.8891095,
        8.8889040,
        8.8887068,
        8.8885661,
        8.8884462,
        8.8883286,
        8.8882356,
        8.8881834,
        8.8881433,
        8.8881001,
        8.8880338,
        8.8879996,
        8.8879527,
        8.8879058,
        8.8878611,
        8.8878120,
        8.8877673,
        8.8877085,
        8.8876296,
        8.8875671,
        8.8874979,
        8.8874204,
        8.8873214,
        8.8872053,
        8.8870869,
        8.8869611,
        8.8868569,
        8.8867103,
        8.8863485,
        8.8861416,
        8.8859063,
        8.8856957,
        8.8855123,
        8.8854051,
        8.8852897,
        8.8852272,
        8.8851408,
        8.8850969,
        8.8850321,
        8.8849376,
        8.8848728,
        8.8847649,
        8.8846376,
        8.8844708,
        8.8842490,
        8.8839103,
        8.8837264,
        8.8835470,
        8.8830046,
        8.8825890,
        8.8820601,
        8.8821059,
        8.8821154,
        8.8829384,
        8.8824095,
        8.8852525,
        8.8851486,
        8.8919653,
        8.8903132,
        8.8893968,
        8.8941068,
        8.8942008,
        8.8943821,
        8.8945410,
        8.8984093,
        8.9003050,
        8.9060393,
        8.9060554,
        8.9094637,
        8.9104603,
        8.9113962,
        8.9119768,
        8.9125834,
        8.9130221,
        8.9136480,
        8.9156687,
        8.9164564,
        8.9172762,
        8.9174246,
        8.9167057,
        8.9173890,
        8.9176352,
        8.9187935,
        8.9185903,
        8.9187722,
        8.9192777,
        8.9196523,
        8.9201210,
        8.9206740,
        8.9214401,
        8.9214680,
        8.9215234,
        8.9214373,
        8.9213584,
        8.9213492,
        8.9214208,
        8.9213585,
        8.9216871,
        8.9220414
      ]
    }
  ]
}