{
  "id": 447770,
  "name": "Wewelsfleth",
  "polygon": {
    "numberOfPoints": 112,
    "box": {
      "min": {
        "x": 53.8090277,
        "y": 9.3317002
      },
      "max": {
        "x": 53.8719669,
        "y": 9.4421815
      },
      "center": {
        "x": 53.8404973,
        "y": 9.38694085
      },
      "area": {
        "x": 0.0629392,
        "y": 0.1104813
      }
    },
    "pointsx": [
      53.8393563,
      53.8446827,
      53.8457456,
      53.8527007,
      53.8545803,
      53.8575874,
      53.8581512,
      53.8607560,
      53.8719669,
      53.8703477,
      53.8689677,
      53.8682033,
      53.8678720,
      53.8674799,
      53.8663319,
      53.8662571,
      53.8655631,
      53.8654020,
      53.8653002,
      53.8653194,
      53.8651442,
      53.8653110,
      53.8651339,
      53.8655146,
      53.8658032,
      53.8660771,
      53.8656738,
      53.8657930,
      53.8662223,
      53.8665354,
      53.8660851,
      53.8660462,
      53.8649708,
      53.8650677,
      53.8649705,
      53.8649777,
      53.8648122,
      53.8648995,
      53.8648023,
      53.8646800,
      53.8646739,
      53.8647430,
      53.8631747,
      53.8618895,
      53.8605510,
      53.8571069,
      53.8561181,
      53.8547735,
      53.8544015,
      53.8524555,
      53.8530843,
      53.8536236,
      53.8538447,
      53.8541447,
      53.8499148,
      53.8496508,
      53.8491053,
      53.8500893,
      53.8458704,
      53.8462160,
      53.8491840,
      53.8496333,
      53.8513410,
      53.8517112,
      53.8525865,
      53.8523546,
      53.8522927,
      53.8520990,
      53.8519175,
      53.8518648,
      53.8531568,
      53.8540106,
      53.8541576,
      53.8541900,
      53.8542720,
      53.8550725,
      53.8557852,
      53.8567207,
      53.8567564,
      53.8562412,
      53.8554603,
      53.8540110,
      53.8513857,
      53.8487056,
      53.8471457,
      53.8424405,
      53.8386492,
      53.8367399,
      53.8358525,
      53.8370235,
      53.8380267,
      53.8395096,
      53.8411231,
      53.8420103,
      53.8425490,
      53.8430589,
      53.8429972,
      53.8427699,
      53.8421416,
      53.8411902,
      53.8399009,
      53.8383332,
      53.8365273,
      53.8328519,
      53.8303326,
      53.8270923,
      53.8254335,
      53.8209672,
      53.8115292,
      53.8090277,
      53.8178497,
      53.8317558
    ],
    "pointsy": [
      9.3317002,
      9.3463382,
      9.3491952,
      9.3539750,
      9.3479843,
      9.3503423,
      9.3486216,
      9.3505781,
      9.3577850,
      9.3606368,
      9.3626837,
      9.3636329,
      9.3644911,
      9.3654436,
      9.3673356,
      9.3676444,
      9.3692899,
      9.3701647,
      9.3710192,
      9.3726084,
      9.3730787,
      9.3766513,
      9.3769467,
      9.3830829,
      9.3830391,
      9.3866428,
      9.3867891,
      9.3885676,
      9.3884631,
      9.3930739,
      9.3931867,
      9.3928763,
      9.3950627,
      9.3963203,
      9.3966926,
      9.3983466,
      9.3987860,
      9.3998795,
      9.4001642,
      9.4011626,
      9.4023678,
      9.4036198,
      9.4067329,
      9.4062804,
      9.4058127,
      9.4047898,
      9.4044824,
      9.4042903,
      9.4050368,
      9.4085421,
      9.4087446,
      9.4089949,
      9.4091789,
      9.4096985,
      9.4148725,
      9.4139694,
      9.4140348,
      9.4186709,
      9.4214200,
      9.4228650,
      9.4209466,
      9.4242369,
      9.4226225,
      9.4241632,
      9.4248017,
      9.4257050,
      9.4271435,
      9.4284209,
      9.4303148,
      9.4306987,
      9.4307116,
      9.4305672,
      9.4303698,
      9.4301379,
      9.4300373,
      9.4297683,
      9.4297805,
      9.4297436,
      9.4315473,
      9.4346615,
      9.4369152,
      9.4390014,
      9.4397432,
      9.4402068,
      9.4414349,
      9.4421815,
      9.4417714,
      9.4390371,
      9.4341609,
      9.4305870,
      9.4292463,
      9.4280999,
      9.4267605,
      9.4247276,
      9.4224449,
      9.4182108,
      9.4140899,
      9.4113523,
      9.4078755,
      9.4049723,
      9.4032492,
      9.4026367,
      9.4037138,
      9.4068052,
      9.4087319,
      9.4068140,
      9.4024281,
      9.3913670,
      9.3733201,
      9.3672178,
      9.3587956,
      9.3398517
    ]
  }
}