{
  "id": 447965,
  "name": "Wesselburenerkoog",
  "polygon": {
    "numberOfPoints": 186,
    "box": {
      "min": {
        "x": 54.2134885,
        "y": 8.8357332
      },
      "max": {
        "x": 54.2881009,
        "y": 8.9309224
      },
      "center": {
        "x": 54.2507947,
        "y": 8.8833278
      },
      "area": {
        "x": 0.0746124,
        "y": 0.0951892
      }
    },
    "pointsx": [
      54.2667132,
      54.2649008,
      54.2642740,
      54.2642614,
      54.2642089,
      54.2641166,
      54.2640038,
      54.2640078,
      54.2639816,
      54.2638522,
      54.2633692,
      54.2614316,
      54.2598685,
      54.2579046,
      54.2540569,
      54.2535838,
      54.2534921,
      54.2527584,
      54.2502223,
      54.2486006,
      54.2443616,
      54.2439823,
      54.2408274,
      54.2360187,
      54.2354449,
      54.2354248,
      54.2354259,
      54.2344121,
      54.2316538,
      54.2307267,
      54.2296956,
      54.2271317,
      54.2269485,
      54.2268080,
      54.2264916,
      54.2262255,
      54.2259851,
      54.2227829,
      54.2148822,
      54.2138324,
      54.2134885,
      54.2139306,
      54.2139625,
      54.2143946,
      54.2148082,
      54.2155923,
      54.2156972,
      54.2159793,
      54.2166026,
      54.2176259,
      54.2190181,
      54.2193658,
      54.2197321,
      54.2204907,
      54.2205704,
      54.2206082,
      54.2206486,
      54.2209580,
      54.2211334,
      54.2213696,
      54.2215603,
      54.2217208,
      54.2220060,
      54.2225058,
      54.2229612,
      54.2235767,
      54.2242580,
      54.2247571,
      54.2261386,
      54.2265067,
      54.2277071,
      54.2301009,
      54.2301689,
      54.2308200,
      54.2324825,
      54.2343616,
      54.2346424,
      54.2348611,
      54.2356971,
      54.2364717,
      54.2369766,
      54.2373122,
      54.2375070,
      54.2379857,
      54.2381277,
      54.2389266,
      54.2396808,
      54.2415526,
      54.2424923,
      54.2440053,
      54.2443337,
      54.2450859,
      54.2460453,
      54.2471559,
      54.2479623,
      54.2489361,
      54.2505146,
      54.2511111,
      54.2517152,
      54.2520424,
      54.2522039,
      54.2522667,
      54.2528666,
      54.2536909,
      54.2541813,
      54.2555167,
      54.2558919,
      54.2561975,
      54.2564492,
      54.2565458,
      54.2565574,
      54.2565746,
      54.2564824,
      54.2563728,
      54.2565340,
      54.2568284,
      54.2587448,
      54.2592125,
      54.2602472,
      54.2603900,
      54.2615226,
      54.2617570,
      54.2622731,
      54.2628651,
      54.2629942,
      54.2631372,
      54.2632816,
      54.2632404,
      54.2632818,
      54.2633758,
      54.2634352,
      54.2634933,
      54.2635268,
      54.2637070,
      54.2641170,
      54.2645306,
      54.2649462,
      54.2653672,
      54.2655375,
      54.2655241,
      54.2655525,
      54.2656220,
      54.2657012,
      54.2657870,
      54.2658545,
      54.2659728,
      54.2659935,
      54.2658961,
      54.2657484,
      54.2656762,
      54.2659541,
      54.2659566,
      54.2659901,
      54.2659878,
      54.2659757,
      54.2656905,
      54.2658580,
      54.2660823,
      54.2660690,
      54.2659660,
      54.2657647,
      54.2605987,
      54.2610907,
      54.2614139,
      54.2621055,
      54.2627361,
      54.2634730,
      54.2648581,
      54.2658395,
      54.2807162,
      54.2827528,
      54.2844268,
      54.2860692,
      54.2876195,
      54.2881009,
      54.2774834,
      54.2763469,
      54.2752118,
      54.2751978,
      54.2730979,
      54.2713425,
      54.2704260,
      54.2696120,
      54.2676675,
      54.2676218,
      54.2672461
    ],
    "pointsy": [
      8.9301268,
      8.9298723,
      8.9299695,
      8.9300460,
      8.9300684,
      8.9298234,
      8.9294750,
      8.9294311,
      8.9294324,
      8.9291842,
      8.9278968,
      8.9251637,
      8.9229214,
      8.9202813,
      8.9151712,
      8.9145968,
      8.9144970,
      8.9134840,
      8.9100338,
      8.9081250,
      8.9041146,
      8.9036268,
      8.8978586,
      8.8888732,
      8.8873881,
      8.8871796,
      8.8870005,
      8.8851453,
      8.8780611,
      8.8756624,
      8.8729939,
      8.8667104,
      8.8662911,
      8.8662022,
      8.8659609,
      8.8655246,
      8.8643353,
      8.8568586,
      8.8489724,
      8.8478529,
      8.8476701,
      8.8457165,
      8.8457421,
      8.8437025,
      8.8419132,
      8.8386630,
      8.8381788,
      8.8368770,
      8.8374027,
      8.8382402,
      8.8392158,
      8.8393458,
      8.8394599,
      8.8397498,
      8.8400086,
      8.8401387,
      8.8401498,
      8.8399654,
      8.8400410,
      8.8401180,
      8.8401672,
      8.8402278,
      8.8402792,
      8.8403213,
      8.8403720,
      8.8404380,
      8.8404696,
      8.8405125,
      8.8405471,
      8.8406125,
      8.8406732,
      8.8407708,
      8.8408221,
      8.8407573,
      8.8407913,
      8.8409088,
      8.8409375,
      8.8407133,
      8.8395915,
      8.8384580,
      8.8377444,
      8.8373060,
      8.8371472,
      8.8368016,
      8.8367374,
      8.8361791,
      8.8357332,
      8.8358243,
      8.8358617,
      8.8367658,
      8.8369613,
      8.8374421,
      8.8380332,
      8.8387686,
      8.8391926,
      8.8392760,
      8.8392866,
      8.8393272,
      8.8393942,
      8.8394684,
      8.8395087,
      8.8395393,
      8.8398994,
      8.8400533,
      8.8402347,
      8.8409064,
      8.8412790,
      8.8416748,
      8.8421048,
      8.8425068,
      8.8426398,
      8.8428364,
      8.8436589,
      8.8445235,
      8.8445467,
      8.8445465,
      8.8445593,
      8.8445722,
      8.8445822,
      8.8445784,
      8.8445483,
      8.8445540,
      8.8445625,
      8.8445759,
      8.8444185,
      8.8442693,
      8.8438307,
      8.8434531,
      8.8429083,
      8.8433796,
      8.8438659,
      8.8448435,
      8.8452388,
      8.8452224,
      8.8451620,
      8.8451533,
      8.8451743,
      8.8452077,
      8.8452195,
      8.8443366,
      8.8437412,
      8.8429703,
      8.8423010,
      8.8417074,
      8.8416444,
      8.8416816,
      8.8417942,
      8.8419711,
      8.8430616,
      8.8441635,
      8.8449478,
      8.8453035,
      8.8452998,
      8.8455525,
      8.8468976,
      8.8475966,
      8.8497752,
      8.8499558,
      8.8510346,
      8.8523037,
      8.8536469,
      8.8800248,
      8.8965471,
      8.8979999,
      8.8991620,
      8.9001635,
      8.9008604,
      8.9015667,
      8.9017476,
      8.9001814,
      8.9005412,
      8.9016305,
      8.9033154,
      8.9054916,
      8.9063728,
      8.9254880,
      8.9279563,
      8.9289077,
      8.9293513,
      8.9298567,
      8.9305548,
      8.9305793,
      8.9308456,
      8.9309224,
      8.9304984,
      8.9302589
    ]
  }
}