{
  "id": 448016,
  "name": "Aebtissinwisch",
  "polygon": {
    "numberOfPoints": 67,
    "box": {
      "min": {
        "x": 53.9625494,
        "y": 9.2633388
      },
      "max": {
        "x": 53.9799831,
        "y": 9.3006776
      },
      "center": {
        "x": 53.97126625,
        "y": 9.2820082
      },
      "area": {
        "x": 0.0174337,
        "y": 0.0373388
      }
    },
    "pointsx": [
      53.9625494,
      53.9631374,
      53.9639315,
      53.9645191,
      53.9652218,
      53.9663283,
      53.9668018,
      53.9673245,
      53.9680661,
      53.9686856,
      53.9699660,
      53.9703346,
      53.9715603,
      53.9722128,
      53.9728038,
      53.9739537,
      53.9747241,
      53.9754270,
      53.9762621,
      53.9771814,
      53.9778554,
      53.9782787,
      53.9785984,
      53.9785728,
      53.9783818,
      53.9774067,
      53.9777471,
      53.9788303,
      53.9789121,
      53.9789817,
      53.9789277,
      53.9786750,
      53.9786450,
      53.9787631,
      53.9791070,
      53.9798240,
      53.9799831,
      53.9799679,
      53.9797839,
      53.9796589,
      53.9794329,
      53.9791509,
      53.9789070,
      53.9789410,
      53.9789790,
      53.9788220,
      53.9784030,
      53.9783720,
      53.9786550,
      53.9785970,
      53.9788800,
      53.9786660,
      53.9786050,
      53.9786050,
      53.9786050,
      53.9786390,
      53.9785670,
      53.9784560,
      53.9783150,
      53.9775671,
      53.9761442,
      53.9753433,
      53.9730626,
      53.9726116,
      53.9700639,
      53.9694310,
      53.9643601
    ],
    "pointsy": [
      9.2973547,
      9.2984008,
      9.2994604,
      9.2999227,
      9.3001657,
      9.3005980,
      9.3006346,
      9.3002431,
      9.2997576,
      9.2994835,
      9.2990358,
      9.2987505,
      9.2973588,
      9.2971148,
      9.2979220,
      9.2996975,
      9.3001502,
      9.2998118,
      9.2996705,
      9.3006776,
      9.3006557,
      9.3003115,
      9.2993909,
      9.2985863,
      9.2979639,
      9.2958201,
      9.2945448,
      9.2931674,
      9.2929011,
      9.2922187,
      9.2917283,
      9.2908876,
      9.2900400,
      9.2894819,
      9.2887850,
      9.2881040,
      9.2880393,
      9.2879092,
      9.2873123,
      9.2869994,
      9.2866634,
      9.2859955,
      9.2852307,
      9.2851153,
      9.2849863,
      9.2845144,
      9.2829366,
      9.2826247,
      9.2807819,
      9.2804710,
      9.2790352,
      9.2787973,
      9.2780564,
      9.2777344,
      9.2772905,
      9.2769805,
      9.2761667,
      9.2753288,
      9.2744200,
      9.2735131,
      9.2718874,
      9.2708366,
      9.2673471,
      9.2678021,
      9.2642197,
      9.2633388,
      9.2873381
    ]
  }
}