{"id":449889,"name":"Karrenzin","polygon":{"numberOfPoints":840,"box":{"min":{"x":53.3073930,"y":11.7112760},"max":{"x":53.3536950,"y":11.8500530},"center":{"x":53.3305440,"y":11.7806645},"area":{"x":0.0463020,"y":0.1387770}},"pointsx":[53.3417250,53.3416680,53.3415600,53.3414110,53.3407270,53.3403150,53.3401840,53.3398230,53.3392120,53.3388920,53.3386540,53.3384690,53.3383910,53.3383160,53.3383380,53.3383620,53.3383890,53.3384370,53.3384960,53.3385630,53.3385710,53.3385990,53.3387640,53.3390560,53.3391730,53.3393530,53.3394480,53.3395920,53.3400340,53.3400850,53.3401330,53.3403290,53.3404080,53.3403970,53.3403630,53.3403550,53.3396900,53.3396630,53.3391350,53.3391360,53.3385780,53.3385020,53.3376530,53.3376250,53.3375930,53.3376350,53.3376170,53.3375490,53.3375410,53.3362190,53.3361700,53.3361050,53.3345980,53.3341190,53.3340450,53.3332200,53.3331860,53.3330660,53.3330620,53.3329830,53.3328500,53.3324980,53.3323830,53.3323200,53.3323540,53.3325900,53.3341790,53.3341780,53.3341360,53.3320570,53.3307200,53.3309600,53.3309350,53.3308830,53.3308580,53.3308450,53.3308520,53.3308490,53.3302120,53.3301570,53.3297420,53.3297430,53.3297660,53.3298210,53.3299940,53.3300330,53.3301190,53.3304290,53.3305040,53.3305190,53.3305050,53.3305380,53.3304620,53.3304530,53.3304310,53.3296960,53.3285680,53.3275430,53.3273730,53.3273290,53.3273020,53.3272830,53.3272670,53.3271970,53.3271740,53.3270770,53.3270360,53.3270070,53.3261830,53.3248940,53.3247580,53.3205020,53.3204540,53.3203430,53.3201950,53.3191550,53.3191110,53.3175300,53.3170540,53.3170560,53.3170590,53.3170630,53.3170780,53.3170830,53.3170890,53.3170940,53.3170990,53.3171080,53.3171170,53.3171230,53.3171320,53.3171410,53.3171510,53.3171610,53.3171640,53.3171670,53.3171720,53.3171840,53.3171870,53.3171930,53.3172010,53.3172090,53.3172120,53.3172240,53.3172390,53.3172430,53.3172570,53.3172720,53.3172870,53.3173020,53.3173180,53.3173340,53.3173500,53.3173510,53.3173610,53.3173620,53.3167080,53.3164050,53.3160970,53.3160720,53.3154780,53.3152790,53.3152430,53.3149010,53.3146580,53.3137870,53.3136980,53.3128010,53.3122770,53.3111630,53.3111460,53.3108800,53.3104790,53.3093730,53.3093280,53.3085140,53.3079320,53.3079270,53.3111780,53.3111780,53.3111780,53.3111630,53.3111530,53.3111330,53.3110710,53.3110470,53.3110320,53.3109970,53.3109690,53.3109630,53.3109110,53.3108260,53.3107930,53.3107110,53.3106510,53.3106100,53.3105810,53.3105500,53.3105090,53.3104550,53.3104470,53.3104670,53.3105210,53.3105600,53.3105500,53.3105380,53.3105440,53.3105780,53.3105850,53.3106250,53.3106920,53.3108130,53.3106550,53.3105180,53.3105000,53.3104660,53.3104220,53.3103850,53.3103710,53.3102840,53.3102270,53.3102190,53.3101930,53.3101970,53.3102060,53.3102120,53.3102500,53.3103040,53.3103330,53.3103420,53.3103540,53.3103500,53.3103270,53.3102960,53.3102130,53.3101820,53.3101390,53.3101140,53.3100670,53.3100480,53.3099870,53.3099210,53.3099090,53.3099240,53.3099520,53.3099450,53.3099600,53.3099740,53.3099580,53.3099750,53.3100160,53.3103020,53.3104250,53.3104490,53.3104520,53.3104610,53.3104930,53.3105540,53.3119220,53.3120380,53.3120930,53.3137420,53.3166490,53.3169370,53.3169920,53.3171210,53.3171870,53.3172920,53.3176590,53.3177110,53.3179850,53.3180510,53.3182080,53.3183730,53.3183980,53.3188800,53.3190940,53.3196560,53.3197040,53.3197310,53.3197410,53.3197670,53.3202670,53.3204520,53.3204770,53.3205370,53.3208820,53.3208980,53.3208930,53.3209730,53.3210280,53.3211040,53.3212520,53.3212890,53.3213070,53.3213170,53.3213570,53.3213900,53.3214050,53.3214520,53.3214980,53.3216010,53.3216940,53.3217440,53.3217770,53.3218450,53.3219550,53.3220110,53.3220350,53.3220780,53.3221350,53.3221650,53.3222040,53.3222780,53.3223130,53.3223280,53.3224130,53.3225030,53.3225380,53.3225610,53.3225680,53.3225540,53.3225650,53.3225790,53.3225850,53.3226350,53.3226700,53.3226970,53.3227090,53.3227170,53.3227260,53.3227280,53.3227370,53.3227410,53.3227320,53.3227260,53.3227230,53.3227160,53.3227130,53.3227140,53.3226990,53.3226820,53.3226670,53.3226570,53.3226320,53.3225990,53.3225500,53.3225250,53.3224870,53.3224670,53.3224560,53.3224040,53.3223720,53.3223450,53.3223280,53.3222450,53.3221000,53.3220800,53.3220600,53.3220230,53.3219940,53.3219930,53.3220050,53.3219380,53.3219180,53.3218740,53.3218110,53.3217210,53.3216910,53.3216590,53.3215840,53.3215260,53.3214630,53.3213980,53.3213530,53.3213170,53.3212610,53.3212380,53.3211570,53.3211270,53.3210900,53.3208720,53.3207430,53.3207290,53.3205900,53.3205250,53.3204080,53.3202580,53.3201230,53.3198870,53.3197720,53.3197450,53.3196720,53.3196140,53.3195430,53.3193940,53.3192620,53.3192150,53.3191280,53.3190580,53.3189850,53.3188870,53.3188360,53.3187430,53.3186020,53.3184750,53.3183680,53.3183080,53.3181810,53.3181390,53.3180090,53.3178600,53.3177950,53.3177230,53.3176560,53.3175620,53.3174700,53.3174200,53.3173880,53.3173330,53.3172770,53.3170810,53.3169720,53.3168430,53.3167810,53.3167460,53.3166750,53.3166210,53.3165510,53.3164950,53.3164360,53.3163870,53.3163330,53.3162560,53.3161990,53.3161710,53.3160950,53.3160640,53.3160130,53.3156420,53.3155640,53.3154480,53.3154080,53.3153460,53.3152500,53.3151760,53.3151220,53.3150730,53.3150090,53.3149610,53.3149110,53.3148740,53.3146570,53.3145210,53.3144500,53.3143920,53.3141350,53.3138620,53.3137190,53.3135830,53.3132400,53.3130680,53.3127920,53.3126780,53.3125550,53.3125260,53.3124970,53.3123900,53.3122670,53.3121860,53.3121540,53.3121240,53.3119220,53.3117770,53.3117130,53.3116360,53.3115840,53.3115350,53.3114700,53.3113270,53.3112570,53.3109700,53.3108460,53.3105320,53.3104960,53.3104570,53.3103040,53.3102270,53.3101620,53.3100850,53.3100490,53.3098300,53.3097920,53.3097450,53.3097010,53.3096450,53.3096110,53.3095740,53.3095430,53.3095120,53.3094530,53.3093620,53.3092960,53.3092260,53.3091850,53.3091520,53.3090590,53.3089780,53.3089530,53.3089390,53.3089100,53.3088930,53.3088460,53.3087940,53.3087730,53.3087560,53.3087460,53.3087580,53.3089740,53.3088650,53.3091495,53.3094680,53.3106710,53.3108450,53.3110880,53.3111300,53.3115660,53.3116900,53.3117080,53.3116740,53.3117450,53.3116770,53.3116750,53.3115690,53.3115430,53.3114840,53.3114760,53.3114360,53.3102000,53.3104580,53.3104890,53.3104930,53.3104960,53.3105390,53.3105590,53.3100500,53.3097150,53.3093700,53.3091630,53.3090470,53.3089450,53.3087520,53.3086580,53.3085530,53.3084550,53.3084320,53.3084110,53.3083530,53.3082940,53.3082070,53.3081860,53.3080550,53.3079450,53.3077880,53.3075040,53.3074830,53.3074590,53.3074310,53.3074130,53.3073930,53.3074230,53.3075260,53.3075410,53.3076060,53.3076360,53.3080080,53.3081930,53.3082620,53.3084630,53.3085410,53.3086330,53.3086570,53.3086960,53.3087220,53.3087620,53.3087660,53.3087780,53.3088200,53.3089460,53.3090500,53.3091820,53.3092400,53.3092440,53.3093110,53.3094360,53.3095320,53.3095340,53.3094970,53.3094540,53.3094370,53.3092650,53.3091730,53.3091250,53.3090660,53.3090490,53.3090160,53.3089890,53.3089250,53.3087120,53.3086920,53.3087930,53.3090240,53.3089600,53.3088140,53.3087900,53.3091000,53.3095100,53.3097830,53.3099240,53.3103440,53.3107740,53.3108610,53.3112140,53.3113950,53.3114010,53.3114400,53.3115690,53.3115820,53.3115800,53.3114920,53.3112620,53.3107600,53.3106640,53.3106500,53.3106630,53.3109720,53.3115610,53.3117290,53.3119640,53.3123290,53.3125090,53.3129990,53.3130130,53.3130420,53.3130560,53.3135600,53.3136000,53.3136740,53.3147510,53.3149440,53.3152810,53.3157090,53.3169290,53.3169800,53.3170220,53.3171250,53.3172080,53.3174770,53.3175750,53.3184250,53.3184520,53.3185220,53.3185520,53.3186670,53.3191420,53.3192880,53.3195070,53.3198390,53.3199140,53.3202210,53.3207140,53.3208800,53.3211370,53.3212860,53.3216150,53.3217850,53.3222070,53.3224460,53.3225910,53.3231530,53.3232000,53.3233580,53.3234560,53.3234640,53.3234740,53.3234470,53.3234390,53.3247910,53.3248130,53.3253540,53.3259710,53.3275070,53.3275010,53.3274950,53.3226220,53.3226310,53.3255200,53.3289030,53.3300300,53.3310380,53.3324390,53.3324160,53.3324380,53.3326920,53.3327520,