{
  "numberOfPolygons": 1,
  "box": {
    "min": {
      "x": 54.0429717,
      "y": 9.5174000
    },
    "max": {
      "x": 54.0719383,
      "y": 9.5568077
    },
    "center": {
      "x": 54.0574550,
      "y": 9.53710385
    }
  },
  "polygons": [
    {
      "numberOfPoints": 47,
      "box": {
        "min": {
          "x": 54.0429717,
          "y": 9.5174000
        },
        "max": {
          "x": 54.0719383,
          "y": 9.5568077
        },
        "center": {
          "x": 54.0574550,
          "y": 9.53710385
        }
      },
      "pointsx": [
        54.0719383,
        54.0651628,
        54.0650854,
        54.0605449,
        54.0590743,
        54.0575520,
        54.0551266,
        54.0549718,
        54.0522624,
        54.0522434,
        54.0522904,
        54.0532363,
        54.0534438,
        54.0519253,
        54.0517799,
        54.0516173,
        54.0440557,
        54.0449074,
        54.0438234,
        54.0434363,
        54.0429975,
        54.0429717,
        54.0441589,
        54.0475399,
        54.0493980,
        54.0505077,
        54.0505335,
        54.0509205,
        54.0498625,
        54.0490367,
        54.0477463,
        54.0466882,
        54.0464662,
        54.0461697,
        54.0466676,
        54.0476757,
        54.0486435,
        54.0495306,
        54.0496113,
        54.0509998,
        54.0523628,
        54.0619562,
        54.0623754,
        54.0686310,
        54.0690824,
        54.0691147,
        54.0714361
      ],
      "pointsy": [
        9.5418821,
        9.5358179,
        9.5334882,
        9.5344552,
        9.5323453,
        9.5302354,
        9.5301035,
        9.5276859,
        9.5266749,
        9.5207684,
        9.5206616,
        9.5196450,
        9.5190723,
        9.5176935,
        9.5175542,
        9.5174000,
        9.5233781,
        9.5280376,
        9.5303673,
        9.5348948,
        9.5373124,
        9.5423235,
        9.5414444,
        9.5388070,
        9.5401696,
        9.5410927,
        9.5449170,
        9.5485214,
        9.5511149,
        9.5523457,
        9.5524775,
        9.5536204,
        9.5549322,
        9.5567314,
        9.5568077,
        9.5546785,
        9.5552280,
        9.5560522,
        9.5526867,
        9.5503939,
        9.5482318,
        9.5505026,
        9.5446234,
        9.5477553,
        9.5477004,
        9.5459971,
        9.5435245
      ]
    }
  ]
}