{
  "id": 450062,
  "name": "Silzen",
  "polygon": {
    "numberOfPoints": 65,
    "box": {
      "min": {
        "x": 54.0155318,
        "y": 9.6122674
      },
      "max": {
        "x": 54.0491234,
        "y": 9.6576852
      },
      "center": {
        "x": 54.0323276,
        "y": 9.6349763
      },
      "area": {
        "x": 0.0335916,
        "y": 0.0454178
      }
    },
    "pointsx": [
      54.0335184,
      54.0402146,
      54.0469670,
      54.0470827,
      54.0471017,
      54.0471017,
      54.0474027,
      54.0477119,
      54.0478542,
      54.0481166,
      54.0482576,
      54.0483186,
      54.0489255,
      54.0490545,
      54.0491004,
      54.0491234,
      54.0491234,
      54.0490814,
      54.0490544,
      54.0485935,
      54.0427554,
      54.0392244,
      54.0271629,
      54.0268943,
      54.0253451,
      54.0249195,
      54.0239776,
      54.0223580,
      54.0218456,
      54.0217795,
      54.0207218,
      54.0207052,
      54.0201433,
      54.0190359,
      54.0185744,
      54.0182426,
      54.0177242,
      54.0176971,
      54.0175318,
      54.0173837,
      54.0170194,
      54.0159616,
      54.0155318,
      54.0158293,
      54.0163913,
      54.0174492,
      54.0186227,
      54.0201433,
      54.0210358,
      54.0206061,
      54.0209604,
      54.0211218,
      54.0221870,
      54.0220579,
      54.0234782,
      54.0242528,
      54.0263831,
      54.0293524,
      54.0311274,
      54.0321601,
      54.0319665,
      54.0322892,
      54.0346126,
      54.0347417,
      54.0342254
    ],
    "pointsy": [
      9.6576852,
      9.6576852,
      9.6558992,
      9.6496548,
      9.6468683,
      9.6467373,
      9.6447076,
      9.6429994,
      9.6421143,
      9.6389325,
      9.6389965,
      9.6386026,
      9.6352671,
      9.6343102,
      9.6339583,
      9.6330224,
      9.6326755,
      9.6281142,
      9.6250077,
      9.6244898,
      9.6180697,
      9.6122674,
      9.6185620,
      9.6195115,
      9.6198631,
      9.6204609,
      9.6198139,
      9.6202922,
      9.6211080,
      9.6250465,
      9.6254122,
      9.6243995,
      9.6232742,
      9.6225146,
      9.6228747,
      9.6231335,
      9.6244971,
      9.6245683,
      9.6261999,
      9.6266227,
      9.6276628,
      9.6274096,
      9.6277191,
      9.6296602,
      9.6302510,
      9.6308136,
      9.6308699,
      9.6326141,
      9.6340770,
      9.6357931,
      9.6360168,
      9.6371707,
      9.6368959,
      9.6414015,
      9.6437092,
      9.6407422,
      9.6411817,
      9.6446433,
      9.6427752,
      9.6449730,
      9.6478851,
      9.6489291,
      9.6514566,
      9.6539292,
      9.6554127
    ]
  }
}