{"id":450215,"name":"Oeschebüttel","polygon":{"numberOfPoints":85,"box":{"min":{"x":53.9798088,"y":9.6716188},"max":{"x":54.0107170,"y":9.7297469},"center":{"x":53.9952629,"y":9.70068285},"area":{"x":0.0309082,"y":0.0581281}},"pointsx":[53.9886695,53.9874822,53.9885725,53.9878456,53.9875629,53.9865534,53.9857457,53.9837264,53.9825552,53.9843726,53.9844938,53.9829591,53.9827975,53.9839283,53.9841303,53.9832822,53.9838880,53.9822725,53.9827975,53.9848572,53.9847361,53.9808993,53.9798088,53.9805106,53.9805762,53.9813839,53.9819494,53.9819494,53.9824744,53.9809641,53.9828220,53.9843163,53.9852977,53.9866830,53.9881510,53.9890194,53.9893502,53.9899704,53.9900119,53.9900945,53.9898464,53.9889573,53.9885645,53.9887919,53.9895156,53.9890814,53.9886265,53.9896810,53.9903012,53.9907354,53.9918776,53.9951646,53.9960742,53.9965910,53.9971904,53.9979966,53.9993608,54.0007870,54.0028333,54.0040113,54.0049207,54.0057681,54.0065741,54.0097566,54.0100144,54.0103863,54.0105930,54.0107170,54.0105487,54.0101572,54.0100653,54.0092106,54.0087970,54.0085393,54.0075961,54.0062075,54.0045606,54.0025584,54.0012020,54.0000071,53.9981339,53.9955177,53.9948393,53.9938703,53.9915769],"pointsy":[9.7278238,9.7274818,9.7248718,9.7240476,9.7253526,9.7252153,9.7234295,9.7243224,9.7202701,9.7199267,9.7181410,9.7179349,9.7160805,9.7155310,9.7107919,9.7086628,9.7074952,9.7044045,9.7020006,9.7024127,9.6941708,9.6930719,9.6909427,9.6884540,9.6873025,9.6857228,9.6854481,9.6840744,9.6834563,9.6754650,9.6725803,9.6716188,9.6722125,9.6721070,9.6720015,9.6736894,9.6752015,9.6768895,9.6778174,9.6796675,9.6810741,9.6832544,9.6874391,9.6924326,9.6954216,9.6973909,9.7016459,9.7022789,9.7011536,9.7014701,9.7004591,9.7114307,9.7123450,9.7128373,9.7124153,9.7127670,9.7118527,9.7112549,9.7112549,9.7113604,9.7099537,9.7094614,9.7098834,9.7096724,9.7113485,9.7125793,9.7218981,9.7231289,9.7234571,9.7242201,9.7243994,9.7260656,9.7261078,9.7261341,9.7262304,9.7270546,9.7260656,9.7264502,9.7266150,9.7253513,9.7265601,9.7290326,9.7297469,9.7277139,9.7282634]}}