{
  "id": 450222,
  "name": "Quarnstedt",
  "polygon": {
    "numberOfPoints": 138,
    "box": {
      "min": {
        "x": 53.9352580,
        "y": 9.7578798
      },
      "max": {
        "x": 53.9748324,
        "y": 9.8141931
      },
      "center": {
        "x": 53.9550452,
        "y": 9.78603645
      },
      "area": {
        "x": 0.0395744,
        "y": 0.0563133
      }
    },
    "pointsx": [
      53.9409111,
      53.9411018,
      53.9426113,
      53.9440687,
      53.9442769,
      53.9456041,
      53.9457824,
      53.9463588,
      53.9465930,
      53.9479983,
      53.9485708,
      53.9566232,
      53.9570685,
      53.9582382,
      53.9589847,
      53.9593834,
      53.9594824,
      53.9607993,
      53.9618659,
      53.9627244,
      53.9634267,
      53.9664701,
      53.9690191,
      53.9710218,
      53.9728768,
      53.9747816,
      53.9748324,
      53.9744815,
      53.9743555,
      53.9740465,
      53.9738895,
      53.9731766,
      53.9716008,
      53.9713648,
      53.9702390,
      53.9697930,
      53.9694001,
      53.9692891,
      53.9690641,
      53.9665544,
      53.9658175,
      53.9654825,
      53.9638797,
      53.9642577,
      53.9642497,
      53.9638757,
      53.9636548,
      53.9631968,
      53.9631668,
      53.9626289,
      53.9617440,
      53.9616450,
      53.9618580,
      53.9620720,
      53.9621820,
      53.9625109,
      53.9625259,
      53.9610761,
      53.9609231,
      53.9609231,
      53.9610491,
      53.9610231,
      53.9602482,
      53.9599512,
      53.9573207,
      53.9566156,
      53.9557456,
      53.9553888,
      53.9551368,
      53.9549798,
      53.9547288,
      53.9545988,
      53.9545988,
      53.9547968,
      53.9548238,
      53.9544999,
      53.9541639,
      53.9539809,
      53.9538929,
      53.9534010,
      53.9529090,
      53.9524321,
      53.9505213,
      53.9503373,
      53.9496917,
      53.9491900,
      53.9480270,
      53.9471160,
      53.9460848,
      53.9457718,
      53.9448030,
      53.9443950,
      53.9442840,
      53.9441960,
      53.9436621,
      53.9440400,
      53.9436161,
      53.9434331,
      53.9432921,
      53.9428682,
      53.9417583,
      53.9411253,
      53.9402364,
      53.9400955,
      53.9398135,
      53.9386766,
      53.9383977,
      53.9381307,
      53.9378327,
      53.9367648,
      53.9356970,
      53.9353730,
      53.9355100,
      53.9355100,
      53.9353960,
      53.9352580,
      53.9352850,
      53.9358189,
      53.9360099,
      53.9360939,
      53.9360249,
      53.9358649,
      53.9358799,
      53.9359489,
      53.9369178,
      53.9369748,
      53.9372157,
      53.9376157,
      53.9377567,
      53.9377117,
      53.9376387,
      53.9376806,
      53.9380166,
      53.9380356,
      53.9379896,
      53.9380776,
      53.9383843,
      53.9382530
    ],
    "pointsy": [
      9.7610309,
      9.7628529,
      9.7648660,
      9.7655735,
      9.7667673,
      9.7678285,
      9.7681818,
      9.7682707,
      9.7670768,
      9.7669000,
      9.7647334,
      9.7617985,
      9.7615478,
      9.7615409,
      9.7615364,
      9.7602732,
      9.7602325,
      9.7596926,
      9.7596484,
      9.7578798,
      9.7590294,
      9.7592947,
      9.7605770,
      9.7623457,
      9.7615724,
      9.7697767,
      9.7764297,
      9.7765997,
      9.7771006,
      9.7779385,
      9.7780574,
      9.7783474,
      9.7785684,
      9.7787844,
      9.7809150,
      9.7822778,
      9.7832607,
      9.7834726,
      9.7839056,
      9.7866122,
      9.7873081,
      9.7858783,
      9.7871731,
      9.7888199,
      9.7889158,
      9.7950559,
      9.7974235,
      9.8001231,
      9.8003870,
      9.8004820,
      9.8005590,
      9.8006780,
      9.8023508,
      9.8037835,
      9.8040205,
      9.8061201,
      9.8064071,
      9.8072020,
      9.8073460,
      9.8076559,
      9.8086118,
      9.8087777,
      9.8093087,
      9.8095726,
      9.8120929,
      9.8120689,
      9.8127168,
      9.8125492,
      9.8124552,
      9.8122403,
      9.8123613,
      9.8119323,
      9.8117414,
      9.8115734,
      9.8112864,
      9.8104046,
      9.8099047,
      9.8096897,
      9.8096897,
      9.8098117,
      9.8100526,
      9.8103866,
      9.8107776,
      9.8107316,
      9.8110283,
      9.8112616,
      9.8118301,
      9.8122879,
      9.8128003,
      9.8129473,
      9.8136892,
      9.8141681,
      9.8141931,
      9.8140261,
      9.8123324,
      9.8120205,
      9.8099928,
      9.8096728,
      9.8094189,
      9.8090159,
      9.8083751,
      9.8078511,
      9.8065164,
      9.8064224,
      9.8065904,
      9.8077182,
      9.8078622,
      9.8079102,
      9.8077682,
      9.8077002,
      9.8073943,
      9.8072513,
      9.8041238,
      9.8037659,
      9.8032619,
      9.8028090,
      9.8026180,
      9.8006813,
      9.7996535,
      9.7987466,
      9.7982937,
      9.7972419,
      9.7962860,
      9.7960241,
      9.7943463,
      9.7938214,
      9.7928426,
      9.7915988,
      9.7909509,
      9.7892101,
      9.7885632,
      9.7878953,
      9.7862216,
      9.7859356,
      9.7856007,
      9.7809884,
      9.7780367,
      9.7741336
    ]
  }
}