{"id":450219,"name":"Fitzbek","polygon":{"numberOfPoints":132,"box":{"min":{"x":53.9844102,"y":9.7308940},"max":{"x":54.0300944,"y":9.7908728},"center":{"x":54.0072523,"y":9.7608834},"area":{"x":0.0456842,"y":0.0599788}},"pointsx":[53.9845142,53.9846530,53.9853096,53.9869746,53.9874024,53.9893023,53.9912230,53.9913821,53.9944742,53.9953318,53.9957741,53.9961852,53.9969315,53.9986183,54.0001363,54.0010406,54.0020740,54.0042700,54.0042377,54.0030106,54.0030106,54.0043992,54.0053034,54.0069502,54.0077575,54.0086939,54.0079836,54.0076929,54.0081127,54.0084033,54.0088533,54.0090790,54.0094991,54.0098180,54.0103708,54.0113718,54.0122758,54.0126567,54.0128923,54.0135027,54.0150201,54.0174777,54.0168664,54.0166440,54.0171301,54.0179371,54.0188080,54.0193138,54.0196366,54.0212506,54.0223421,54.0230057,54.0241591,54.0251144,54.0252531,54.0250917,54.0255436,54.0268669,54.0282870,54.0289971,54.0295135,54.0300944,54.0300944,54.0296748,54.0291907,54.0280076,54.0264584,54.0253430,54.0251364,54.0244134,54.0212113,54.0199924,54.0195172,54.0156123,54.0149924,54.0130088,54.0129468,54.0107139,54.0100423,54.0091382,54.0092673,54.0084407,54.0064516,54.0048758,54.0040232,54.0034290,54.0028865,54.0002254,54.0013622,53.9998493,53.9990535,53.9986570,53.9983100,53.9980369,53.9976895,53.9974239,53.9971258,53.9966704,53.9957210,53.9953596,53.9950558,53.9944907,53.9942587,53.9939546,53.9937439,53.9933385,53.9927499,53.9923563,53.9919022,53.9915389,53.9909434,53.9905397,53.9897698,53.9892782,53.9889030,53.9888511,53.9875764,53.9874706,53.9865935,53.9861568,53.9856719,53.9864925,53.9852443,53.9846308,53.9844713,53.9844102,53.9844273,53.9844988,53.9846377,53.9848960,53.9849169,53.9848749],"pointsy":[9.7525341,9.7526103,9.7535385,9.7558080,9.7558417,9.7559107,9.7550636,9.7550224,9.7555090,9.7536189,9.7529679,9.7516935,9.7531597,9.7510660,9.7501319,9.7486484,9.7501868,9.7499121,9.7462307,9.7462307,9.7446922,9.7430439,9.7429889,9.7411208,9.7417252,9.7400768,9.7389229,9.7373844,9.7359558,9.7341426,9.7345995,9.7343498,9.7338852,9.7336691,9.7318522,9.7312477,9.7318522,9.7318098,9.7308940,9.7326214,9.7341049,9.7417366,9.7423078,9.7432571,9.7435794,9.7422466,9.7421922,9.7416875,9.7428413,9.7434458,9.7423763,9.7427069,9.7430468,9.7437199,9.7477865,9.7506986,9.7520173,9.7517426,9.7493250,9.7505887,9.7539404,9.7585010,9.7611384,9.7628417,9.7636659,9.7623598,9.7612345,9.7607070,9.7647159,9.7653840,9.7689709,9.7696390,9.7748435,9.7751249,9.7774809,9.7782546,9.7801183,9.7797971,9.7786542,9.7778190,9.7811158,9.7838411,9.7881049,9.7896434,9.7900390,9.7850719,9.7842806,9.7863027,9.7882807,9.7908728,9.7899760,9.7895530,9.7889630,9.7883111,9.7873335,9.7864683,9.7858203,9.7851019,9.7839742,9.7833114,9.7823639,9.7802610,9.7795660,9.7783058,9.7778492,9.7773851,9.7768021,9.7766476,9.7768021,9.7771883,9.7772484,9.7771282,9.7765119,9.7762442,9.7761345,9.7763254,9.7789562,9.7787863,9.7769481,9.7754531,9.7730192,9.7705493,9.7641835,9.7612088,9.7602775,9.7595680,9.7583808,9.7577043,9.7568139,9.7554437,9.7545692,9.7538440]}}