{"id":451798,"name":"Erbach","polygon":{"numberOfPoints":392,"box":{"min":{"x":49.5859016,"y":8.9368093},"max":{"x":49.6754175,"y":9.0746713},"center":{"x":49.63065955,"y":9.0057403},"area":{"x":0.0895159,"y":0.1378620}},"pointsx":[49.6191329,49.6201831,49.6238700,49.6272977,49.6322366,49.6335911,49.6338414,49.6338829,49.6349257,49.6334398,49.6357280,49.6367172,49.6392377,49.6404330,49.6406917,49.6396658,49.6424810,49.6446846,49.6449208,49.6469387,49.6489477,49.6528248,49.6578625,49.6606814,49.6658520,49.6695272,49.6717124,49.6754175,49.6729416,49.6731576,49.6737224,49.6714758,49.6723694,49.6715173,49.6712046,49.6681184,49.6666944,49.6677941,49.6694352,49.6692517,49.6685318,49.6671338,49.6653709,49.6650471,49.6640206,49.6634013,49.6641175,49.6642741,49.6647859,49.6648432,49.6648718,49.6651848,49.6652915,49.6656761,49.6658255,49.6656680,49.6659690,49.6663868,49.6664382,49.6664471,49.6663387,49.6667124,49.6671873,49.6676649,49.6676696,49.6676685,49.6682495,49.6680873,49.6682669,49.6683962,49.6685104,49.6687361,49.6688886,49.6690827,49.6692865,49.6694122,49.6695552,49.6700474,49.6702571,49.6703720,49.6703757,49.6702054,49.6706563,49.6708075,49.6713022,49.6715892,49.6716435,49.6716252,49.6716521,49.6716643,49.6716539,49.6716035,49.6716278,49.6715268,49.6715083,49.6714214,49.6710333,49.6719435,49.6716496,49.6718680,49.6716502,49.6717106,49.6711624,49.6710036,49.6712024,49.6713939,49.6718860,49.6725476,49.6724507,49.6727536,49.6733026,49.6733816,49.6736233,49.6741637,49.6735208,49.6733667,49.6731218,49.6727877,49.6723316,49.6718139,49.6714352,49.6708481,49.6693666,49.6678210,49.6669858,49.6663439,49.6623659,49.6553308,49.6510631,49.6403889,49.6370437,49.6341353,49.6323985,49.6260087,49.6230359,49.6221620,49.6212049,49.6199207,49.6192523,49.6155723,49.6150496,49.6102409,49.6095742,49.6102150,49.6099654,49.6086856,49.6067595,49.6059140,49.6055099,49.6061384,49.6065636,49.6070973,49.6074163,49.6078979,49.6077869,49.6077194,49.6066913,49.6059313,49.6044848,49.6028716,49.6025747,49.6025504,49.6020938,49.6014667,49.6010940,49.6010846,49.6008999,49.6009615,49.6011230,49.6018590,49.6048371,49.6055020,49.6068280,49.6054718,49.6027073,49.6025019,49.6028731,49.6034363,49.6038126,49.6041943,49.6042288,49.6028906,49.6022022,49.6025267,49.6024804,49.6020632,49.6023151,49.6005404,49.5978703,49.5974112,49.5963542,49.5956727,49.5935357,49.5914797,49.5901235,49.5885003,49.5889064,49.5883917,49.5871258,49.5859016,49.5860132,49.5872649,49.5871258,49.5881274,49.5895820,49.5885115,49.5870062,49.5898162,49.5939977,49.5944326,49.5968746,49.6011923,49.6019653,49.6020086,49.6022860,49.6022868,49.6022910,49.6022919,49.6026201,49.6027146,49.6028026,49.6029116,49.6029606,49.6030505,49.6031933,49.6033432,49.6035681,49.6037109,49.6037961,49.6039218,49.6039820,49.6040336,49.6042588,49.6044791,49.6045153,49.6046100,49.6049488,49.6050498,49.6050432,49.6051156,49.6051635,49.6051556,49.6052758,49.6052942,49.6052176,49.6052928,49.6053498,49.6055200,49.6056546,49.6057687,49.6058432,49.6060239,49.6060494,49.6060731,49.6060514,49.6061502,49.6061974,49.6063038,49.6062976,49.6063897,49.6064256,49.6064872,49.6064962,49.6066163,49.6066871,49.6067444,49.6067336,49.6068239,49.6068859,49.6069944,49.6069788,49.6070540,49.6071132,49.6072876,49.6073178,49.6072478,49.6072124,49.6073472,49.6075593,49.6075198,49.6075537,49.6078447,49.6078810,49.6080193,49.6080826,49.6080807,49.6081975,49.6083028,49.6083937,49.6084743,49.6085270,49.6085998,49.6086749,49.6087399,49.6087298,49.6088088,49.6088735,49.6088586,49.6088881,49.6089266,49.6088847,49.6089436,49.6090093,49.6090466,49.6091749,49.6093053,49.6093627,49.6095269,49.6095821,49.6095899,49.6096537,49.6097037,49.6097977,49.6098455,49.6100807,49.6101149,49.6102061,49.6105071,49.6105793,49.6106560,49.6108963,49.6109240,49.6110005,49.6110059,49.6110815,49.6112037,49.6113410,49.6113583,49.6113296,49.6113600,49.6116715,49.6119712,49.6120619,49.6121194,49.6121833,49.6122386,49.6123268,49.6124907,49.6126533,49.6128374,49.6128781,49.6129537,49.6129565,49.6130231,49.6131843,49.6132624,49.6134668,49.6134934,49.6135409,49.6135723,49.6135986,49.6136444,49.6136698,49.6136686,49.6138547,49.6138988,49.6139286,49.6139127,49.6140065,49.6140326,49.6141810,49.6141814,49.6143391,49.6143504,49.6143750,49.6143229,49.6144297,49.6145191,49.6145396,49.6145106,49.6146240,49.6147149,49.6147878,49.6153046,49.6154200,49.6155411,49.6156234,49.6157000,49.6158111,49.6159112,49.6159454,49.6160125,49.6161340,49.6168244,49.6172708,49.6177684,49.6181658,49.6183032,49.6186067,49.6188378,49.6189968,49.6190454],