{
  "id": 452395,
  "name": "Roßdorf",
  "polygon": {
    "numberOfPoints": 136,
    "box": {
      "min": {
        "x": 49.8469323,
        "y": 8.7252600
      },
      "max": {
        "x": 49.8926108,
        "y": 8.8082226
      },
      "center": {
        "x": 49.86977155,
        "y": 8.7667413
      },
      "area": {
        "x": 0.0456785,
        "y": 0.0829626
      }
    },
    "pointsx": [
      49.8547974,
      49.8572176,
      49.8593426,
      49.8618520,
      49.8629256,
      49.8634653,
      49.8640727,
      49.8677579,
      49.8677712,
      49.8703557,
      49.8704335,
      49.8705553,
      49.8708744,
      49.8713847,
      49.8713719,
      49.8713711,
      49.8713753,
      49.8714652,
      49.8725034,
      49.8725961,
      49.8727359,
      49.8728285,
      49.8729343,
      49.8730496,
      49.8731837,
      49.8732460,
      49.8735372,
      49.8745534,
      49.8747085,
      49.8746847,
      49.8746576,
      49.8746050,
      49.8745473,
      49.8744502,
      49.8746713,
      49.8750657,
      49.8750974,
      49.8782557,
      49.8798283,
      49.8802533,
      49.8789902,
      49.8825590,
      49.8886420,
      49.8926108,
      49.8924018,
      49.8912989,
      49.8905250,
      49.8904480,
      49.8904020,
      49.8900361,
      49.8896171,
      49.8889492,
      49.8885332,
      49.8883423,
      49.8881633,
      49.8880643,
      49.8875373,
      49.8867744,
      49.8858475,
      49.8852365,
      49.8847746,
      49.8843322,
      49.8840501,
      49.8840069,
      49.8836243,
      49.8834141,
      49.8823378,
      49.8822075,
      49.8821176,
      49.8816308,
      49.8811579,
      49.8809059,
      49.8806116,
      49.8804909,
      49.8803158,
      49.8796302,
      49.8793470,
      49.8790479,
      49.8787949,
      49.8783070,
      49.8775440,
      49.8772216,
      49.8761077,
      49.8751478,
      49.8748793,
      49.8735189,
      49.8732589,
      49.8719051,
      49.8714851,
      49.8702003,
      49.8701123,
      49.8697836,
      49.8696123,
      49.8694214,
      49.8692154,
      49.8690054,
      49.8688194,
      49.8685215,
      49.8682585,
      49.8680255,
      49.8678805,
      49.8668357,
      49.8659198,
      49.8658350,
      49.8656975,
      49.8655199,
      49.8654540,
      49.8654198,
      49.8653968,
      49.8653478,
      49.8646569,
      49.8642989,
      49.8641840,
      49.8641420,
      49.8638290,
      49.8635470,
      49.8633910,
      49.8631851,
      49.8630971,
      49.8630511,
      49.8630211,
      49.8626854,
      49.8568351,
      49.8531800,
      49.8528825,
      49.8514374,
      49.8511824,
      49.8492698,
      49.8488873,
      49.8469323,
      49.8499924,
      49.8489298,
      49.8501199,
      49.8493548,
      49.8496949,
      49.8552482
    ],
    "pointsy": [
      8.7940968,
      8.7970872,
      8.7951322,
      8.8007198,
      8.7999025,
      8.7998498,
      8.8000082,
      8.8009974,
      8.8050867,
      8.8051348,
      8.8051390,
      8.8051060,
      8.8051210,
      8.8051775,
      8.8049936,
      8.8047830,
      8.8047056,
      8.8047003,
      8.8046476,
      8.8046612,
      8.8046759,
      8.8046759,
      8.8046583,
      8.8046466,
      8.8046466,
      8.8046378,
      8.8046360,
      8.8046063,
      8.8045923,
      8.8040446,
      8.8036522,
      8.8033072,
      8.8030280,
      8.8027752,
      8.8027038,
      8.8024834,
      8.8025488,
      8.8082226,
      8.8066500,
      8.8036749,
      8.7962790,
      8.7814930,
      8.7552262,
      8.7402353,
      8.7400723,
      8.7392174,
      8.7394894,
      8.7389175,
      8.7382956,
      8.7380196,
      8.7371998,
      8.7357490,
      8.7336583,
      8.7329314,
      8.7326324,
      8.7325314,
      8.7313936,
      8.7305997,
      8.7294779,
      8.7288675,
      8.7283407,
      8.7279974,
      8.7275511,
      8.7274629,
      8.7265726,
      8.7263066,
      8.7257469,
      8.7257327,
      8.7257962,
      8.7259453,
      8.7262816,
      8.7264576,
      8.7266196,
      8.7267342,
      8.7268242,
      8.7266979,
      8.7268173,
      8.7271596,
      8.7273353,
      8.7270794,
      8.7264758,
      8.7259310,
      8.7271953,
      8.7284721,
      8.7287366,
      8.7289301,
      8.7288891,
      8.7284441,
      8.7275953,
      8.7268964,
      8.7269494,
      8.7273460,
      8.7275653,
      8.7278462,
      8.7288911,
      8.7294510,
      8.7300799,
      8.7305869,
      8.7308178,
      8.7308448,
      8.7308518,
      8.7308888,
      8.7309218,
      8.7309401,
      8.7310369,
      8.7310826,
      8.7309914,
      8.7308798,
      8.7306899,
      8.7305849,
      8.7303189,
      8.7299860,
      8.7295390,
      8.7293251,
      8.7289251,
      8.7284092,
      8.7280643,
      8.7273914,
      8.7269494,
      8.7267125,
      8.7265615,
      8.7264909,
      8.7252600,
      8.7294252,
      8.7373729,
      8.7387755,
      8.7437906,
      8.7460857,
      8.7477432,
      8.7506333,
      8.7643187,
      8.7652538,
      8.7723090,
      8.7766866,
      8.7840393,
      8.7897345
    ]
  }
}