{
  "numberOfPolygons": 1,
  "box": {
    "min": {
      "x": 48.4345665,
      "y": 7.9515247
    },
    "max": {
      "x": 48.4646042,
      "y": 7.9958416
    },
    "center": {
      "x": 48.44958535,
      "y": 7.97368315
    }
  },
  "polygons": [
    {
      "numberOfPoints": 146,
      "box": {
        "min": {
          "x": 48.4345665,
          "y": 7.9515247
        },
        "max": {
          "x": 48.4646042,
          "y": 7.9958416
        },
        "center": {
          "x": 48.44958535,
          "y": 7.97368315
        }
      },
      "pointsx": [
        48.4348913,
        48.4345665,
        48.4358442,
        48.4365964,
        48.4369188,
        48.4372350,
        48.4376765,
        48.4379018,
        48.4380720,
        48.4381758,
        48.4393509,
        48.4396419,
        48.4399151,
        48.4401601,
        48.4414800,
        48.4418136,
        48.4424583,
        48.4432439,
        48.4434879,
        48.4434835,
        48.4441464,
        48.4442326,
        48.4448891,
        48.4452657,
        48.4452633,
        48.4463933,
        48.4469685,
        48.4482034,
        48.4487261,
        48.4492637,
        48.4493821,
        48.4496899,
        48.4502543,
        48.4506734,
        48.4510619,
        48.4515794,
        48.4520422,
        48.4537987,
        48.4539848,
        48.4556156,
        48.4562135,
        48.4563875,
        48.4564686,
        48.4561665,
        48.4579171,
        48.4581176,
        48.4582247,
        48.4584393,
        48.4586022,
        48.4588526,
        48.4588390,
        48.4594799,
        48.4612564,
        48.4614863,
        48.4612611,
        48.4622773,
        48.4627373,
        48.4626579,
        48.4635892,
        48.4642035,
        48.4645622,
        48.4646042,
        48.4645430,
        48.4644322,
        48.4643983,
        48.4641425,
        48.4638636,
        48.4637924,
        48.4635858,
        48.4636040,
        48.4637462,
        48.4637802,
        48.4637758,
        48.4639282,
        48.4638748,
        48.4636117,
        48.4634631,
        48.4631802,
        48.4629583,
        48.4621276,
        48.4619412,
        48.4619846,
        48.4618461,
        48.4618227,
        48.4614619,
        48.4609758,
        48.4605102,
        48.4602462,
        48.4599090,
        48.4596085,
        48.4591674,
        48.4586178,
        48.4582348,
        48.4576625,
        48.4574819,
        48.4569778,
        48.4565684,
        48.4560100,
        48.4558703,
        48.4545911,
        48.4535243,
        48.4532585,
        48.4530439,
        48.4531018,
        48.4535515,
        48.4537792,
        48.4539223,
        48.4539019,
        48.4537581,
        48.4536955,
        48.4534510,
        48.4530679,
        48.4529038,
        48.4528242,
        48.4524418,
        48.4519304,
        48.4512859,
        48.4512029,
        48.4507961,
        48.4505008,
        48.4498548,
        48.4496360,
        48.4490839,
        48.4487227,
        48.4482081,
        48.4473421,
        48.4467571,
        48.4465251,
        48.4462166,
        48.4456419,
        48.4453137,
        48.4448439,
        48.4443512,
        48.4439708,
        48.4438291,
        48.4436128,
        48.4419068,
        48.4417489,
        48.4416108,
        48.4404949,
        48.4398792,
        48.4388818,
        48.4368431,
        48.4366426,
        48.4364382,
        48.4360205
      ],
      "pointsy": [
        7.9678296,
        7.9660910,
        7.9643996,
        7.9624444,
        7.9614957,
        7.9606843,
        7.9595511,
        7.9598336,
        7.9593815,
        7.9591059,
        7.9599622,
        7.9591331,
        7.9589603,
        7.9589981,
        7.9586372,
        7.9587197,
        7.9570102,
        7.9565901,
        7.9562731,
        7.9557997,
        7.9554460,
        7.9551404,
        7.9549161,
        7.9549200,
        7.9540061,
        7.9540550,
        7.9515247,
        7.9525605,
        7.9532188,
        7.9538935,
        7.9540756,
        7.9544388,
        7.9552178,
        7.9559417,
        7.9562620,
        7.9568244,
        7.9572455,
        7.9594989,
        7.9600155,
        7.9606980,
        7.9610345,
        7.9612084,
        7.9613949,
        7.9622389,
        7.9645192,
        7.9649465,
        7.9648828,
        7.9653667,
        7.9654008,
        7.9657102,
        7.9657670,
        7.9663025,
        7.9668862,
        7.9670197,
        7.9679327,
        7.9685819,
        7.9689723,
        7.9691768,
        7.9701875,
        7.9710337,
        7.9713492,
        7.9716721,
        7.9721552,
        7.9726819,
        7.9736258,
        7.9736267,
        7.9745851,
        7.9753539,
        7.9757607,
        7.9763871,
        7.9766591,
        7.9768665,
        7.9772640,
        7.9778377,
        7.9787665,
        7.9793507,
        7.9794855,
        7.9799903,
        7.9806212,
        7.9801830,
        7.9812240,
        7.9816362,
        7.9821249,
        7.9821852,
        7.9831146,
        7.9833332,
        7.9832940,
        7.9826622,
        7.9824979,
        7.9827144,
        7.9828582,
        7.9828517,
        7.9830224,
        7.9834997,
        7.9837757,
        7.9840212,
        7.9841208,
        7.9846461,
        7.9854487,
        7.9862030,
        7.9866231,
        7.9869415,
        7.9874346,
        7.9882668,
        7.9891092,
        7.9899445,
        7.9907869,
        7.9915574,
        7.9923635,
        7.9930718,
        7.9945210,
        7.9955525,
        7.9958416,
        7.9958079,
        7.9953924,
        7.9946829,
        7.9938769,
        7.9936748,
        7.9929945,
        7.9922154,
        7.9913585,
        7.9908338,
        7.9899483,
        7.9888154,
        7.9881598,
        7.9874172,
        7.9875658,
        7.9875340,
        7.9873273,
        7.9864448,
        7.9857253,
        7.9842524,
        7.9834758,
        7.9831498,
        7.9824639,
        7.9820704,
        7.9804494,
        7.9801983,
        7.9802072,
        7.9790888,
        7.9788060,
        7.9781117,
        7.9741638,
        7.9741638,
        7.9739087,
        7.9730430
      ]
    }
  ]
}