{
  "numberOfPolygons": 1,
  "box": {
    "min": {
      "x": 50.3832028,
      "y": 7.7277254
    },
    "max": {
      "x": 50.4570966,
      "y": 7.8865494
    },
    "center": {
      "x": 50.4201497,
      "y": 7.8071374
    }
  },
  "polygons": [
    {
      "numberOfPoints": 274,
      "box": {
        "min": {
          "x": 50.3832028,
          "y": 7.7277254
        },
        "max": {
          "x": 50.4570966,
          "y": 7.8865494
        },
        "center": {
          "x": 50.4201497,
          "y": 7.8071374
        }
      },
      "pointsx": [
        50.4175818,
        50.4178239,
        50.4176715,
        50.4198056,
        50.4200704,
        50.4210404,
        50.4205277,
        50.4202921,
        50.4204299,
        50.4200380,
        50.4197342,
        50.4194059,
        50.4191512,
        50.4189258,
        50.4190924,
        50.4184260,
        50.4161949,
        50.4144819,
        50.4054892,
        50.4077307,
        50.4062981,
        50.4027435,
        50.4033664,
        50.4035818,
        50.4043499,
        50.4057455,
        50.4069351,
        50.4078880,
        50.4080211,
        50.4084931,
        50.4099462,
        50.4106318,
        50.4124732,
        50.4137529,
        50.4142536,
        50.4158916,
        50.4164178,
        50.4170197,
        50.4180897,
        50.4192184,
        50.4193576,
        50.4215391,
        50.4230698,
        50.4233216,
        50.4235245,
        50.4236186,
        50.4241631,
        50.4243327,
        50.4246276,
        50.4256768,
        50.4273533,
        50.4276999,
        50.4281826,
        50.4287496,
        50.4295897,
        50.4297533,
        50.4298940,
        50.4299578,
        50.4304223,
        50.4327574,
        50.4347476,
        50.4366466,
        50.4437053,
        50.4466769,
        50.4459274,
        50.4458305,
        50.4470631,
        50.4468483,
        50.4494321,
        50.4494758,
        50.4492635,
        50.4490910,
        50.4490159,
        50.4485450,
        50.4485538,
        50.4487389,
        50.4498191,
        50.4505947,
        50.4515520,
        50.4542367,
        50.4548965,
        50.4551393,
        50.4551721,
        50.4549845,
        50.4568123,
        50.4570966,
        50.4558470,
        50.4559059,
        50.4569996,
        50.4562779,
        50.4556348,
        50.4550658,
        50.4560575,
        50.4541769,
        50.4535772,
        50.4558028,
        50.4555527,
        50.4548600,
        50.4539753,
        50.4533564,
        50.4522306,
        50.4525194,
        50.4516588,
        50.4500094,
        50.4491737,
        50.4479031,
        50.4475895,
        50.4459667,
        50.4459431,
        50.4405662,
        50.4390917,
        50.4392726,
        50.4378857,
        50.4377850,
        50.4372655,
        50.4359416,
        50.4343899,
        50.4324629,
        50.4327597,
        50.4334403,
        50.4321057,
        50.4315167,
        50.4322025,
        50.4322906,
        50.4325453,
        50.4321860,
        50.4312162,
        50.4307725,
        50.4306631,
        50.4306872,
        50.4310006,
        50.4311476,
        50.4313435,
        50.4311868,
        50.4308929,
        50.4307361,
        50.4305402,
        50.4303149,
        50.4297565,
        50.4290315,
        50.4281400,
        50.4276011,
        50.4270819,
        50.4264940,
        50.4259160,
        50.4242378,
        50.4225134,
        50.4217915,
        50.4215237,
        50.4208851,
        50.4203087,
        50.4196718,
        50.4173704,
        50.4139214,
        50.4109691,
        50.4056517,
        50.4055079,
        50.4042853,
        50.4003874,
        50.3989558,
        50.3987729,
        50.3986699,
        50.3982677,
        50.3982389,
        50.3980140,
        50.3979788,
        50.3977656,
        50.3971481,
        50.3967111,
        50.3966441,
        50.3960072,
        50.3957632,
        50.3957401,
        50.3957282,
        50.3957662,
        50.3955072,
        50.3948553,
        50.3945074,
        50.3939828,
        50.3936834,
        50.3935843,
        50.3929868,
        50.3920189,
        50.3917956,
        50.3906398,
        50.3902154,
        50.3898769,
        50.3894354,
        50.3889075,
        50.3888461,
        50.3882463,
        50.3882563,
        50.3880948,
        50.3878920,
        50.3876922,
        50.3874793,
        50.3874356,
        50.3872266,
        50.3867813,
        50.3864686,
        50.3859876,
        50.3855403,
        50.3853564,
        50.3849015,
        50.3846931,
        50.3842696,
        50.3835800,
        50.3834469,
        50.3832028,
        50.3835686,
        50.3837592,
        50.3836956,
        50.3838165,
        50.3834247,
        50.3833474,
        50.3834983,
        50.3839520,
        50.3849425,
        50.3868648,
        50.3910116,
        50.3923664,
        50.3941750,
        50.3951391,
        50.3966325,
        50.3983904,
        50.3990457,
        50.4008176,
        50.4012888,
        50.4018306,
        50.4006209,
        50.4022147,
        50.4031868,
        50.4042814,
        50.4049807,
        50.4060391,
        50.4083385,
        50.4097436,
        50.4102898,
        50.4109660,
        50.4130633,
        50.4144353,
        50.4155231,
        50.4158563,
        50.4167187,
        50.4182082,
        50.4191587,
        50.4197466,
        50.4207731,
        50.4218267,
        50.4221482,
        50.4223272,
        50.4224831,
        50.4226488,
        50.4229150,
        50.4234133,
        50.4238793,
        50.4241707,
        50.4246058,
        50.4249478,
        50.4252716,
        50.4253254,
        50.4253509,
        50.4252370,
        50.4247661,
        50.4250374,
        50.4235305,
        50.4233865,
        50.4231699,
        50.4228126,
        50.4211775,
        50.4196809,
        50.4185446,
        50.4174775,
        50.4176576
      ],