{
  "id": 453838,
  "name": "Holler",
  "polygon": {
    "numberOfPoints": 73,
    "box": {
      "min": {
        "x": 50.4023417,
        "y": 7.8132057
      },
      "max": {
        "x": 50.4253509,
        "y": 7.8573983
      },
      "center": {
        "x": 50.4138463,
        "y": 7.8353020
      },
      "area": {
        "x": 0.0230092,
        "y": 0.0441926
      }
    },
    "pointsx": [
      50.4175818,
      50.4172571,
      50.4170063,
      50.4167846,
      50.4166089,
      50.4162064,
      50.4168469,
      50.4168400,
      50.4161886,
      50.4156897,
      50.4155138,
      50.4131557,
      50.4122526,
      50.4120693,
      50.4106456,
      50.4101181,
      50.4099795,
      50.4082053,
      50.4079037,
      50.4073034,
      50.4070218,
      50.4042191,
      50.4031686,
      50.4029251,
      50.4025709,
      50.4023417,
      50.4028324,
      50.4030594,
      50.4041529,
      50.4048886,
      50.4066849,
      50.4068265,
      50.4075094,
      50.4092424,
      50.4103126,
      50.4097436,
      50.4102898,
      50.4109660,
      50.4130633,
      50.4144353,
      50.4155231,
      50.4158563,
      50.4167187,
      50.4182082,
      50.4191587,
      50.4197466,
      50.4207731,
      50.4218267,
      50.4221482,
      50.4223272,
      50.4224831,
      50.4226488,
      50.4229150,
      50.4234133,
      50.4238793,
      50.4241707,
      50.4246058,
      50.4249478,
      50.4252716,
      50.4253254,
      50.4253509,
      50.4252370,
      50.4247661,
      50.4250374,
      50.4235305,
      50.4233865,
      50.4231699,
      50.4228126,
      50.4211775,
      50.4196809,
      50.4185446,
      50.4174775,
      50.4176576
    ],
    "pointsy": [
      7.8253268,
      7.8252259,
      7.8247723,
      7.8236957,
      7.8217608,
      7.8198529,
      7.8192806,
      7.8188021,
      7.8184432,
      7.8184867,
      7.8196686,
      7.8132057,
      7.8142348,
      7.8142739,
      7.8145714,
      7.8156702,
      7.8171492,
      7.8198243,
      7.8206088,
      7.8221007,
      7.8228420,
      7.8319315,
      7.8309650,
      7.8320364,
      7.8331887,
      7.8345846,
      7.8364554,
      7.8386370,
      7.8400974,
      7.8405972,
      7.8415629,
      7.8417625,
      7.8430938,
      7.8476067,
      7.8479482,
      7.8511034,
      7.8516619,
      7.8513697,
      7.8539380,
      7.8542149,
      7.8547685,
      7.8552145,
      7.8557220,
      7.8567063,
      7.8570446,
      7.8573983,
      7.8571432,
      7.8562447,
      7.8556880,
      7.8556411,
      7.8552509,
      7.8549439,
      7.8545122,
      7.8540957,
      7.8537605,
      7.8536336,
      7.8534209,
      7.8531838,
      7.8529791,
      7.8528947,
      7.8527630,
      7.8523147,
      7.8511754,
      7.8503545,
      7.8453723,
      7.8426750,
      7.8393875,
      7.8337112,
      7.8268384,
      7.8277084,
      7.8279694,
      7.8278389,
      7.8260772
    ]
  }
}