{
  "numberOfPolygons": 1,
  "box": {
    "min": {
      "x": 50.4955057,
      "y": 7.7030875
    },
    "max": {
      "x": 50.5154068,
      "y": 7.7407038
    },
    "center": {
      "x": 50.50545625,
      "y": 7.72189565
    }
  },
  "polygons": [
    {
      "numberOfPoints": 129,
      "box": {
        "min": {
          "x": 50.4955057,
          "y": 7.7030875
        },
        "max": {
          "x": 50.5154068,
          "y": 7.7407038
        },
        "center": {
          "x": 50.50545625,
          "y": 7.72189565
        }
      },
      "pointsx": [
        50.5043527,
        50.5044967,
        50.5049853,
        50.5057402,
        50.5059967,
        50.5060168,
        50.5058678,
        50.5057636,
        50.5060596,
        50.5063268,
        50.5070733,
        50.5073194,
        50.5075069,
        50.5076143,
        50.5076410,
        50.5075135,
        50.5075571,
        50.5077421,
        50.5078681,
        50.5078110,
        50.5080053,
        50.5080026,
        50.5079115,
        50.5078194,
        50.5079719,
        50.5084894,
        50.5087624,
        50.5090318,
        50.5091671,
        50.5096314,
        50.5102395,
        50.5105504,
        50.5108358,
        50.5112579,
        50.5116782,
        50.5119923,
        50.5121301,
        50.5123173,
        50.5128326,
        50.5130482,
        50.5132397,
        50.5137805,
        50.5144545,
        50.5146141,
        50.5145254,
        50.5141618,
        50.5130178,
        50.5125299,
        50.5124468,
        50.5126408,
        50.5126550,
        50.5127798,
        50.5125826,
        50.5129405,
        50.5123858,
        50.5125802,
        50.5138255,
        50.5154068,
        50.5153793,
        50.5147970,
        50.5142138,
        50.5130578,
        50.5137088,
        50.5137576,
        50.5115551,
        50.5117734,
        50.5119461,
        50.5110320,
        50.5108828,
        50.5103984,
        50.5093438,
        50.5092351,
        50.5088451,
        50.5082054,
        50.5080954,
        50.5078894,
        50.5076963,
        50.5060542,
        50.5059739,
        50.5037349,
        50.5037469,
        50.5016856,
        50.4999142,
        50.4987273,
        50.5008343,
        50.4979490,
        50.4997083,
        50.5009425,
        50.5037563,
        50.5031005,
        50.5057711,
        50.5071319,
        50.5071315,
        50.5071056,
        50.5068152,
        50.5063820,
        50.5061908,
        50.5054976,
        50.5052619,
        50.5052301,
        50.5050749,
        50.5056065,
        50.5058574,
        50.5057405,
        50.5054700,
        50.5050107,
        50.5045078,
        50.5035057,
        50.5031967,
        50.5028843,
        50.5022202,
        50.4998489,
        50.4990075,
        50.4988207,
        50.4972598,
        50.4959968,
        50.4957053,
        50.4955057,
        50.4958063,
        50.4960977,
        50.4961937,
        50.4975710,
        50.4979158,
        50.4992887,
        50.5004883,
        50.5012730,
        50.5023156,
        50.5036472,
        50.5037668
      ],
      "pointsy": [
        7.7402253,
        7.7397971,
        7.7386876,
        7.7365663,
        7.7350733,
        7.7343766,
        7.7330450,
        7.7320046,
        7.7311912,
        7.7309347,
        7.7304549,
        7.7303951,
        7.7299246,
        7.7287060,
        7.7277691,
        7.7272198,
        7.7266327,
        7.7264059,
        7.7262024,
        7.7259778,
        7.7253932,
        7.7250766,
        7.7247544,
        7.7245084,
        7.7238664,
        7.7222087,
        7.7218599,
        7.7211520,
        7.7210544,
        7.7210860,
        7.7213055,
        7.7215777,
        7.7215855,
        7.7218948,
        7.7220711,
        7.7223362,
        7.7222912,
        7.7223154,
        7.7223494,
        7.7222294,
        7.7223166,
        7.7216221,
        7.7200322,
        7.7190002,
        7.7174940,
        7.7166712,
        7.7150814,
        7.7145643,
        7.7143875,
        7.7141391,
        7.7138632,
        7.7135767,
        7.7133188,
        7.7126602,
        7.7098763,
        7.7095441,
        7.7088266,
        7.7079625,
        7.7049607,
        7.7046400,
        7.7042250,
        7.7030875,
        7.7057467,
        7.7062232,
        7.7070738,
        7.7078013,
        7.7085135,
        7.7084153,
        7.7092046,
        7.7095127,
        7.7100571,
        7.7097074,
        7.7094567,
        7.7105887,
        7.7105903,
        7.7109319,
        7.7110775,
        7.7114409,
        7.7109597,
        7.7129706,
        7.7132696,
        7.7161982,
        7.7186883,
        7.7204769,
        7.7240237,
        7.7281447,
        7.7311037,
        7.7330333,
        7.7290853,
        7.7278733,
        7.7241919,
        7.7242035,
        7.7264031,
        7.7272395,
        7.7288626,
        7.7305406,
        7.7307894,
        7.7317240,
        7.7322090,
        7.7327622,
        7.7336813,
        7.7335134,
        7.7350262,
        7.7357864,
        7.7365893,
        7.7373126,
        7.7372668,
        7.7369751,
        7.7369761,
        7.7368453,
        7.7365171,
        7.7361056,
        7.7334974,
        7.7332723,
        7.7337476,
        7.7340864,
        7.7343619,
        7.7350934,
        7.7363692,
        7.7365737,
        7.7375282,
        7.7379130,
        7.7376842,
        7.7381056,
        7.7387003,
        7.7391222,
        7.7398018,
        7.7406739,
        7.7407038
      ]
    }
  ]
}