{
  "numberOfPolygons": 1,
  "box": {
    "min": {
      "x": 50.6075399,
      "y": 8.0956414
    },
    "max": {
      "x": 50.6481393,
      "y": 8.1412822
    },
    "center": {
      "x": 50.6278396,
      "y": 8.1184618
    }
  },
  "polygons": [
    {
      "numberOfPoints": 85,
      "box": {
        "min": {
          "x": 50.6075399,
          "y": 8.0956414
        },
        "max": {
          "x": 50.6481393,
          "y": 8.1412822
        },
        "center": {
          "x": 50.6278396,
          "y": 8.1184618
        }
      },
      "pointsx": [
        50.6263926,
        50.6261490,
        50.6247682,
        50.6221372,
        50.6182483,
        50.6155971,
        50.6134124,
        50.6115466,
        50.6091621,
        50.6075399,
        50.6084548,
        50.6100036,
        50.6105686,
        50.6119954,
        50.6125714,
        50.6138602,
        50.6155580,
        50.6157760,
        50.6159400,
        50.6181368,
        50.6183547,
        50.6185567,
        50.6186437,
        50.6186287,
        50.6186437,
        50.6188197,
        50.6188902,
        50.6192443,
        50.6192466,
        50.6198237,
        50.6231572,
        50.6241181,
        50.6245550,
        50.6257338,
        50.6263227,
        50.6269419,
        50.6295775,
        50.6301898,
        50.6311623,
        50.6314868,
        50.6368663,
        50.6361414,
        50.6370576,
        50.6383462,
        50.6385825,
        50.6388520,
        50.6415036,
        50.6450470,
        50.6451179,
        50.6481393,
        50.6467522,
        50.6461915,
        50.6457362,
        50.6447227,
        50.6432344,
        50.6429127,
        50.6418597,
        50.6416528,
        50.6414369,
        50.6411701,
        50.6408411,
        50.6407123,
        50.6404031,
        50.6385889,
        50.6377593,
        50.6373863,
        50.6368244,
        50.6354113,
        50.6354518,
        50.6360533,
        50.6352726,
        50.6341555,
        50.6320550,
        50.6316334,
        50.6315059,
        50.6310353,
        50.6299156,
        50.6282613,
        50.6280629,
        50.6281065,
        50.6282110,
        50.6284245,
        50.6286134,
        50.6285032,
        50.6288282
      ],
      "pointsy": [
        8.0956414,
        8.0975464,
        8.0991044,
        8.1028391,
        8.1084089,
        8.1121781,
        8.1149757,
        8.1187736,
        8.1241130,
        8.1279849,
        8.1273029,
        8.1260201,
        8.1269340,
        8.1298955,
        8.1308774,
        8.1324461,
        8.1345168,
        8.1347728,
        8.1349758,
        8.1376564,
        8.1378613,
        8.1377943,
        8.1376584,
        8.1373844,
        8.1369545,
        8.1366335,
        8.1358023,
        8.1357113,
        8.1373936,
        8.1388176,
        8.1377433,
        8.1400806,
        8.1400950,
        8.1395417,
        8.1411570,
        8.1412822,
        8.1392721,
        8.1407717,
        8.1402277,
        8.1406392,
        8.1320523,
        8.1309279,
        8.1299014,
        8.1285274,
        8.1287862,
        8.1288268,
        8.1264241,
        8.1273540,
        8.1240872,
        8.1210586,
        8.1182963,
        8.1176712,
        8.1174882,
        8.1158368,
        8.1149569,
        8.1147045,
        8.1163990,
        8.1162946,
        8.1158101,
        8.1153514,
        8.1149949,
        8.1143762,
        8.1129303,
        8.1124134,
        8.1119130,
        8.1116459,
        8.1112468,
        8.1103637,
        8.1091098,
        8.1089680,
        8.1031867,
        8.1037236,
        8.1048929,
        8.1015850,
        8.1018314,
        8.1023187,
        8.1034200,
        8.1037539,
        8.1030099,
        8.1018215,
        8.1009978,
        8.1002572,
        8.0994958,
        8.0987978,
        8.0966910
      ]
    }
  ]
}