{"id":533588,"name":"Maroth","polygon":{"numberOfPoints":160,"box":{"min":{"x":50.5672532,"y":7.6802643},"max":{"x":50.5963553,"y":7.7089570},"center":{"x":50.58180425,"y":7.69461065},"area":{"x":0.0291021,"y":0.0286927}},"pointsx":[50.5746700,50.5746930,50.5747448,50.5750657,50.5751457,50.5753187,50.5750247,50.5739414,50.5718503,50.5721470,50.5713216,50.5711544,50.5709009,50.5697399,50.5696023,50.5694988,50.5687225,50.5685200,50.5672532,50.5672744,50.5674093,50.5674717,50.5676385,50.5679743,50.5684886,50.5690322,50.5695071,50.5701403,50.5704262,50.5705412,50.5706632,50.5709262,50.5711092,50.5716321,50.5718951,50.5721241,50.5725900,50.5727190,50.5730399,50.5732977,50.5738550,50.5742303,50.5746573,50.5751671,50.5755345,50.5756122,50.5758174,50.5759703,50.5765375,50.5775143,50.5777852,50.5779264,50.5780864,50.5781324,50.5782504,50.5785523,50.5789103,50.5792343,50.5798262,50.5803331,50.5807381,50.5815880,50.5821219,50.5827599,50.5831488,50.5834648,50.5840027,50.5842057,50.5844077,50.5851476,50.5854486,50.5864554,50.5871964,50.5873603,50.5879623,50.5883972,50.5888022,50.5894771,50.5908049,50.5910369,50.5912239,50.5918038,50.5920218,50.5921518,50.5922928,50.5926697,50.5928417,50.5929557,50.5934559,50.5936600,50.5940961,50.5943911,50.5941096,50.5953920,50.5957141,50.5959098,50.5963553,50.5943778,50.5926846,50.5898891,50.5875087,50.5836503,50.5822535,50.5821045,50.5801091,50.5800888,50.5824450,50.5833031,50.5834809,50.5843857,50.5854174,50.5866465,50.5882643,50.5884852,50.5888322,50.5890042,50.5890574,50.5891412,50.5894161,50.5907360,50.5907651,50.5899490,50.5892545,50.5879598,50.5879039,50.5877472,50.5874581,50.5855224,50.5853965,50.5853743,50.5853248,50.5852888,50.5852470,50.5851943,50.5851564,50.5851098,50.5850524,50.5848457,50.5844138,50.5843132,50.5833561,50.5824832,50.5818137,50.5815698,50.5812070,50.5808334,50.5803685,50.5799800,50.5787499,50.5783141,50.5779708,50.5777409,50.5773480,50.5768078,50.5767046,50.5765927,50.5764293,50.5763663,50.5760130,50.5759543],"pointsy":[7.6980516,7.6979106,7.6975130,7.6953374,7.6945082,7.6931877,7.6930867,7.6926757,7.6918225,7.6900617,7.6891611,7.6890075,7.6886488,7.6873965,7.6872346,7.6870899,7.6862614,7.6860138,7.6844576,7.6844189,7.6843900,7.6842895,7.6840908,7.6838431,7.6836311,7.6835605,7.6837066,7.6841660,7.6843650,7.6845720,7.6851159,7.6855678,7.6857448,7.6858308,7.6860357,7.6862177,7.6867306,7.6866886,7.6870226,7.6870864,7.6870931,7.6870616,7.6870553,7.6869995,7.6867853,7.6867593,7.6865822,7.6864663,7.6861448,7.6861422,7.6862134,7.6864157,7.6866186,7.6869826,7.6872995,7.6875235,7.6876595,7.6877675,7.6878534,7.6877814,7.6875745,7.6870685,7.6866776,7.6862867,7.6861247,7.6860997,7.6862087,7.6862077,7.6861187,7.6852048,7.6847479,7.6834691,7.6835100,7.6835560,7.6837300,7.6837260,7.6835190,7.6824452,7.6818903,7.6815933,7.6817733,7.6818833,7.6818123,7.6816073,7.6812214,7.6811274,7.6805794,7.6805105,7.6803813,7.6802643,7.6806350,7.6814556,7.6815572,7.6836008,7.6842312,7.6852765,7.6902930,7.6927839,7.6954298,7.7000106,7.7007645,7.7007195,7.6945601,7.6946251,7.6956870,7.6985972,7.7015869,7.7020018,7.7017213,7.7022345,7.7035300,7.7061037,7.7064457,7.7062527,7.7057888,7.7060977,7.7062596,7.7064887,7.7067886,7.7079394,7.7088006,7.7089570,7.7085318,7.7072418,7.7071536,7.7070635,7.7071135,7.7073610,7.7074148,7.7074584,7.7074892,7.7074831,7.7074424,7.7074220,7.7074410,7.7075176,7.7075259,7.7075229,7.7075987,7.7076335,7.7077977,7.7076551,7.7055418,7.7046911,7.7034970,7.7023496,7.7012728,7.7004356,7.6998681,7.7004177,7.7006754,7.7007348,7.7008363,7.7005023,7.7004511,7.7003956,7.7002829,7.7002017,7.6997460,7.6996605]}}