{"id":534387,"name":"Mitteleschenbach","polygon":{"numberOfPoints":686,"box":{"min":{"x":49.1947513,"y":10.7625414},"max":{"x":49.2323255,"y":10.8384592},"center":{"x":49.2135384,"y":10.8005003},"area":{"x":0.0375742,"y":0.0759178}},"pointsx":[49.2212766,49.2212518,49.2207906,49.2201693,49.2188714,49.2188600,49.2188438,49.2182124,49.2182124,49.2176362,49.2174695,49.2170957,49.2168723,49.2167359,49.2166662,49.2165713,49.2165212,49.2164958,49.2162969,49.2163437,49.2163967,49.2164384,49.2165096,49.2166373,49.2169585,49.2173130,49.2176383,49.2179335,49.2180915,49.2182371,49.2184265,49.2185497,49.2183906,49.2182317,49.2180232,49.2178104,49.2174787,49.2172364,49.2170459,49.2168786,49.2166338,49.2164527,49.2163512,49.2159583,49.2157428,49.2156027,49.2153894,49.2149553,49.2142456,49.2144011,49.2143238,49.2139926,49.2140007,49.2143063,49.2146315,49.2153724,49.2155635,49.2156602,49.2160294,49.2158787,49.2155656,49.2153262,49.2152538,49.2150885,49.2146263,49.2141838,49.2138907,49.2137672,49.2135700,49.2135214,49.2133722,49.2132582,49.2131377,49.2130220,49.2120041,49.2121963,49.2123771,49.2128795,49.2129448,49.2128658,49.2128598,49.2126727,49.2126377,49.2121215,49.2122756,49.2123107,49.2123345,49.2123950,49.2122993,49.2091600,49.2089870,49.2088139,49.2086750,49.2082088,49.2080949,49.2081309,49.2082739,49.2083898,49.2086137,49.2086368,49.2087446,49.2086341,49.2086008,49.2087105,49.2083523,49.2080547,49.2077163,49.2074336,49.2072774,49.2072491,49.2072251,49.2071912,49.2071432,49.2072277,49.2072613,49.2072528,49.2071332,49.2070518,49.2067024,49.2066051,49.2065314,49.2060304,49.2059171,49.2057510,49.2052829,49.2052764,49.2047736,49.2043421,49.2036385,49.2033723,49.2033290,49.2033198,49.2032807,49.2032522,49.2030907,49.2028749,49.2027747,49.2026632,49.2026275,49.2020742,49.2021236,49.2020007,49.2016015,49.2015678,49.2017845,49.2019869,49.2021594,49.2022039,49.2021286,49.2020044,49.2019485,49.2016130,49.2015837,49.2013113,49.2009888,49.2009720,49.2009181,49.2008717,49.2008615,49.2008527,49.2006827,49.2007530,49.2008332,49.2009262,49.2007193,49.2004889,49.2005447,49.2006660,49.2005741,49.2003881,49.2004206,49.2002867,49.2000279,49.1998519,49.1996830,49.1995679,49.1993430,49.1989805,49.1989442,49.1987677,49.1986438,49.1984434,49.1982357,49.1980295,49.1978368,49.1976982,49.1976588,49.1976412,49.1976380,49.1975276,49.1972248,49.1970369,49.1969138,49.1968571,49.1967212,49.1967420,49.1968960,49.1969774,49.1970511,49.1972800,49.1977873,49.1979728,49.1982503,49.1985073,49.1988112,49.1989487,49.1989802,49.1990242,49.1991566,49.1991635,49.1992550,49.1993643,49.1994198,49.1995174,49.1997570,49.1998600,49.1999029,49.2000095,49.2001665,49.2001965,49.2003713,49.2004247,49.2005299,49.2010305,49.2011498,49.2014417,49.2016123,49.2016980,49.2016320,49.2016476,49.2016865,49.2015998,49.2013727,49.2015070,49.2015639,49.2016444,49.2016620,49.2015506,49.2009687,49.2003705,49.1994027,49.1990316,49.1989760,49.1989479,49.1988467,49.1987717,49.1986701,49.1986596,49.1985254,49.1981867,49.1980035,49.1976668,49.1975806,49.1975730,49.1975210,49.1972975,49.1970225,49.1971018,49.1971256,49.1975275,49.1984026,49.1984151,49.1984363,49.1984512,49.1984732,49.1985682,49.1986834,49.1983312,49.1982275,49.1982296,49.1982043,49.1981894,49.1981796,49.1981752,49.1981038,49.1980265,49.1979896,49.1979906,49.1980075,49.1980880,49.1981678,49.1982002,49.1982026,49.1983054,49.1984054,49.1986331,49.1987399,49.1988000,49.1988839,49.1987696,49.1986455,49.1985214,49.1982695,49.1980532,49.1978441,49.1980963,49.1982808,49.1983037,49.1982166,49.1979796,49.1976264,49.1972208,49.1970820,49.1970821,49.1972368,49.1970333,49.1970933,49.1971563,49.1971836,49.1971822,49.1971356,49.1970982,49.1971054,49.1975404,49.1973294,49.1970260,49.1967279,49.1975361,49.1980750,49.1985629,49.1988169,49.1989645,49.1990165,49.1991047,49.1991247,49.1992375,49.1989634,49.1983950,49.1982064,49.1979458,49.1978235,49.1976076,49.1973327,49.1970818,49.1970215,49.1968943,49.1967941,49.1967212,49.1965385,49.1964580,49.1963534,49.1962209,49.1961949,49.1959717,49.1957118,49.1956575,49.1955215,49.1953367,49.1951252,49.1950342,49.1947941,49.1947586,49.1947513,49.1950814,49.1953271,49.1953521,49.1956591,49.1958562,49.1960437,49.1961288,49.1961324,49.1960403,49.1960112,49.1961365,49.1961738,49.1962559,49.1963830,49.1965022,49.1966224,49.1967237,49.1967380,49.1967920,49.1969284,49.1969840,49.1969893,49.1969059,49.1965480,49.1964271,49.1964424,49.1965539,49.1966660,49.1968415,49.1970736,49.1973081,49.1973530,49.1975183,49.1975577,49.1976118,49.1976786,49.1977379,49.1977577,49.1979022,49.1983770,49.1989589,49.1992803,49.1992836,49.1994172,49.2000750,49.2002039,49.2003579,49.2008580,49.2010356,49.2011974,49.2011918,49.2011987,49.2012179,49.2012603,49.2012688,49.2014086,49.2015916,49.2020255,49.2022947,49.2027262,49.2027863,49.2028085,49.2029181,49.2030399,49.2032056,49.2033650,49.2036571,49.2040476,49.2041264,49.2042684,49.2042416,49.2044955,49.2044686,49.2044529,49.2044355,49.2043792,49.2039242,49.2038457,49.2036950,49.2033600,49.2033328,49.2031703,49.2020303,49.2016730,49.2016445,49.2016392,49.2021869,49.2026351,49.2026532,49.2027294,49.2027469,49.2027590,49.2028045,49.2028075,49.2028143,49.2029003,49.2034404,49.2035322,49.2035368,49.2035101,49.2034108,49.2032298,49.2030105,49.2029905,49.2025708,49.2028429,49.2029229,49.2028645,49.2025326,49.2030129,49.2031822,49.2038553,49.2039074,49.2039238,49.2039925,49.2044189,49.2045145,49.2047300,49.2048524,49.2055446,49.2063698,49.2069976,49.2078053,49.2086188,49.2089979,49.2097173,49.2098079,49.2098557,49.2099922,49.2100771,49.2102232,49.2103741,49.2104593,49.2104933,49.2105184,49.2108184,49.2110674,49.2112836,49.2113015,49.2114733,49.2119571,49.2121256,49.2123731,49.2127153,49.2128803,49.2134157,49.2134681,49.2135556,49.2136425,49.2139796,49.2140398,49.2141060,49.2141914,49.2147589,49.2149328,49.2150387,49.2152310,49.2153858,49.2155403,49.2156275,49.2157167,49.2158267,49.2158523,49.2158851,49.2163961,49.2171226,49.2179946,49.2180146,49.2186696,49.2186895,49.2191164,49.2195467,49.2196085,49.2199688,49.2204742,49.2205332,49.2205837,49.2212229,49.2212459,49.2213847,49.2217314,49.2217711,49.2220515,49.2221840,49.2223224,49.2224616,49.2224832,49.2225886,49.2227227,49.2227527,49.2227815,49.2228074,49.2228399,49.2228846,49.2228993,49.2229325,49.2229582,49.2229715,49.2231080,49.2231016,49.2230190,49.2229933,49.2231261,49.2232355,49.2232457,49.2240273,49.2240170,49.2238531,49.2237685,49.2237615,49.2237655,49.2237411,49.2237360,49.2237378,49.2237780,49.2238033,49.2238018,49.2239037,49.2239696,49.2239992,49.2240413,49.2240905,49.2242710,49.2244782,49.2245497,49.2246779,49.2249171,49.2250855,49.2251203,49.2256220,49.2264885,49.2265874,49.2266124,49.2266457,49.2281782,49.2285571,49.2286059,49.2286221,49.2286346,49.2286430,49.2286467,49.2285590,49.2285565,49.2280863,49.2283320,49.2284956,49.2285353,49.2287246,49.2287608,49.2299801,49.2308511,49.2319870,49.2320281,49.2320511,49.2321188,49.2322686,49.2323182,49.2323232,49.2323255,49.2323146,49.2322945,49.2322510,49.2322004,49.2318375,49.2316895,49.2316732,49.2308412,49.2303192,49.2291964,49.2291757,49.2291668,49.2292221,49.2291198,49.2290613,49.2286666,49.2283217,49.2278621,49.2272857,49.2272019,49.2271205,49.2270391,49.2269780,49.2267574,49.2266411,49.2263171,49.2270534,49.2271035,49.2263953,49.2262149,49.2259371,49.2257807,49.2255285,49.2254711,49.2250213,49.2250384,49.2250868,49.2249941,49.2239524,49.2234561,49.2234960,49.2232049,49.2231718,49.2227377,49.2227695,49.2225532,49.2225584,49.2223276,49.2222342,49.2222705,49.2223546,49.2223642,49.2223807,49.2223971,49.2224260,49.2224491,49.2224498,49.2224333,49.2223838,49.2223159,49.2222462,49.2221828,49.2222752,49.2224022,49.2223723,49.2222682,49.2221099,49.2219469,49.2218829,49.2217938,49.2217714,49.2213922,49.2211336,49.2210972],