{
  "numberOfPolygons": 1,
  "box": {
    "min": {
      "x": 50.4729697,
      "y": 7.9339224
    },
    "max": {
      "x": 50.4987627,
      "y": 7.9635426
    },
    "center": {
      "x": 50.4858662,
      "y": 7.9487325
    }
  },
  "polygons": [
    {
      "numberOfPoints": 50,
      "box": {
        "min": {
          "x": 50.4729697,
          "y": 7.9339224
        },
        "max": {
          "x": 50.4987627,
          "y": 7.9635426
        },
        "center": {
          "x": 50.4858662,
          "y": 7.9487325
        }
      },
      "pointsx": [
        50.4965876,
        50.4959865,
        50.4947936,
        50.4936380,
        50.4887871,
        50.4856468,
        50.4856009,
        50.4847866,
        50.4831217,
        50.4822132,
        50.4815464,
        50.4811717,
        50.4785706,
        50.4774008,
        50.4764919,
        50.4741189,
        50.4734320,
        50.4730791,
        50.4729697,
        50.4734042,
        50.4746601,
        50.4755136,
        50.4749169,
        50.4764154,
        50.4734789,
        50.4784217,
        50.4810324,
        50.4816368,
        50.4824845,
        50.4826491,
        50.4840324,
        50.4846920,
        50.4851564,
        50.4862185,
        50.4872667,
        50.4880929,
        50.4907778,
        50.4909544,
        50.4905314,
        50.4906702,
        50.4919941,
        50.4914423,
        50.4926710,
        50.4935636,
        50.4946818,
        50.4953781,
        50.4948330,
        50.4972262,
        50.4987170,
        50.4987627
      ],
      "pointsy": [
        7.9339224,
        7.9349406,
        7.9358782,
        7.9374373,
        7.9416565,
        7.9436645,
        7.9440773,
        7.9451036,
        7.9447983,
        7.9450660,
        7.9456599,
        7.9456250,
        7.9476766,
        7.9471927,
        7.9473126,
        7.9465277,
        7.9461243,
        7.9454408,
        7.9456174,
        7.9467566,
        7.9475198,
        7.9486209,
        7.9519788,
        7.9534060,
        7.9588243,
        7.9635426,
        7.9601167,
        7.9608034,
        7.9626969,
        7.9622503,
        7.9622657,
        7.9617464,
        7.9616016,
        7.9612727,
        7.9603452,
        7.9600024,
        7.9577925,
        7.9570678,
        7.9564192,
        7.9560486,
        7.9550326,
        7.9535621,
        7.9502660,
        7.9496030,
        7.9469202,
        7.9458255,
        7.9437400,
        7.9405330,
        7.9398391,
        7.9377903
      ]
    }
  ]
}