{"id":534480,"name":"Hundsangen","polygon":{"numberOfPoints":102,"box":{"min":{"x":50.4429201,"y":7.9584400},"max":{"x":50.4743034,"y":8.0107968},"center":{"x":50.45861175,"y":7.9846184},"area":{"x":0.0313833,"y":0.0523568}},"pointsx":[50.4633782,50.4665407,50.4678426,50.4679212,50.4695261,50.4716184,50.4741882,50.4739105,50.4736434,50.4737102,50.4742856,50.4743034,50.4742680,50.4734056,50.4731069,50.4729104,50.4728003,50.4727060,50.4727689,50.4729548,50.4735758,50.4732890,50.4731554,50.4731475,50.4731004,50.4723851,50.4722542,50.4719186,50.4717117,50.4717019,50.4715879,50.4712140,50.4702601,50.4697411,50.4691882,50.4685243,50.4682343,50.4676434,50.4658346,50.4655486,50.4645147,50.4639238,50.4631109,50.4630199,50.4625929,50.4623330,50.4621610,50.4619900,50.4618450,50.4616620,50.4613451,50.4611731,50.4607692,50.4606132,50.4605712,50.4604872,50.4604102,50.4603262,50.4597123,50.4593693,50.4584424,50.4579765,50.4576025,50.4539639,50.4527811,50.4526211,50.4522891,50.4518962,50.4512822,50.4509503,50.4506453,50.4502713,50.4497794,50.4492414,50.4487945,50.4486345,50.4483215,50.4480016,50.4476616,50.4462578,50.4452619,50.4452482,50.4452199,50.4452049,50.4451589,50.4448769,50.4446599,50.4443740,50.4439040,50.4439650,50.4429201,50.4459302,50.4463080,50.4487991,50.4494269,50.4510470,50.4528264,50.4546207,50.4570005,50.4581941,50.4587061,50.4583892],"pointsy":[7.9620185,7.9584400,7.9601266,7.9592774,7.9605256,7.9601826,7.9687177,7.9689497,7.9691227,7.9693465,7.9716916,7.9717640,7.9718722,7.9745109,7.9746591,7.9759189,7.9772033,7.9786237,7.9795253,7.9802988,7.9820897,7.9825947,7.9831999,7.9836074,7.9841632,7.9870656,7.9876165,7.9890022,7.9898271,7.9917905,7.9925584,7.9935552,7.9948230,7.9951420,7.9951890,7.9947820,7.9943761,7.9953850,7.9984535,7.9988615,7.9989814,7.9992794,7.9998733,7.9999983,8.0005792,8.0012611,8.0012651,8.0025109,8.0037848,8.0048056,8.0060314,8.0066094,8.0079642,8.0088940,8.0099839,8.0105288,8.0105738,8.0106208,8.0102028,8.0099679,8.0096329,8.0095459,8.0098179,8.0105578,8.0107968,8.0107968,8.0102529,8.0091430,8.0078992,8.0075593,8.0075163,8.0077222,8.0076793,8.0077063,8.0079242,8.0080032,8.0046497,8.0028140,8.0002284,8.0000324,8.0009223,8.0007368,8.0003553,7.9999954,7.9989036,7.9967279,7.9950141,7.9950171,7.9906758,7.9904478,7.9892310,7.9829798,7.9821952,7.9770216,7.9764618,7.9759348,7.9747820,7.9729655,7.9723017,7.9728035,7.9725288,7.9718214]}}