{
  "numberOfPolygons": 1,
  "box": {
    "min": {
      "x": 50.5844792,
      "y": 7.8617355
    },
    "max": {
      "x": 50.6178429,
      "y": 7.8937597
    },
    "center": {
      "x": 50.60116105,
      "y": 7.8777476
    }
  },
  "polygons": [
    {
      "numberOfPoints": 156,
      "box": {
        "min": {
          "x": 50.5844792,
          "y": 7.8617355
        },
        "max": {
          "x": 50.6178429,
          "y": 7.8937597
        },
        "center": {
          "x": 50.60116105,
          "y": 7.8777476
        }
      },
      "pointsx": [
        50.6057937,
        50.6058715,
        50.6073960,
        50.6075097,
        50.6088786,
        50.6099088,
        50.6100290,
        50.6101709,
        50.6107002,
        50.6109730,
        50.6116766,
        50.6121722,
        50.6128275,
        50.6139411,
        50.6139913,
        50.6142731,
        50.6139024,
        50.6137335,
        50.6132977,
        50.6137000,
        50.6142301,
        50.6146139,
        50.6150920,
        50.6152074,
        50.6152813,
        50.6154283,
        50.6156490,
        50.6158583,
        50.6163164,
        50.6170469,
        50.6173926,
        50.6177155,
        50.6178429,
        50.6177433,
        50.6175677,
        50.6172128,
        50.6168997,
        50.6168163,
        50.6166603,
        50.6164505,
        50.6163454,
        50.6160046,
        50.6158049,
        50.6156280,
        50.6152885,
        50.6149513,
        50.6147724,
        50.6142410,
        50.6141392,
        50.6137700,
        50.6133242,
        50.6123397,
        50.6113425,
        50.6106406,
        50.6101974,
        50.6096784,
        50.6092621,
        50.6089179,
        50.6086775,
        50.6082650,
        50.6079514,
        50.6077834,
        50.6075432,
        50.6072082,
        50.6069312,
        50.6067684,
        50.6065250,
        50.6063453,
        50.6061315,
        50.6057729,
        50.6052663,
        50.6048568,
        50.6044995,
        50.6018122,
        50.6039752,
        50.6038835,
        50.6038402,
        50.6025632,
        50.6033813,
        50.6025711,
        50.6014534,
        50.6013485,
        50.6012665,
        50.6005456,
        50.6004130,
        50.6002415,
        50.6001558,
        50.6002033,
        50.5979096,
        50.5952982,
        50.5950122,
        50.5942760,
        50.5926858,
        50.5922217,
        50.5900192,
        50.5882114,
        50.5865322,
        50.5849709,
        50.5844792,
        50.5859975,
        50.5888024,
        50.5898510,
        50.5906135,
        50.5936781,
        50.5899260,
        50.5910177,
        50.5915199,
        50.5918865,
        50.5922116,
        50.5925947,
        50.5928348,
        50.5932438,
        50.5938348,
        50.5942763,
        50.5945800,
        50.5949989,
        50.5951889,
        50.5961655,
        50.5966279,
        50.5968139,
        50.5972650,
        50.5976516,
        50.5978304,
        50.5980287,
        50.5982426,
        50.5985809,
        50.5987057,
        50.5989234,
        50.5992674,
        50.5996440,
        50.5999893,
        50.6008337,
        50.6009974,
        50.6011794,
        50.6012926,
        50.6013294,
        50.6013684,
        50.6014636,
        50.6016042,
        50.6017924,
        50.6018640,
        50.6019772,
        50.6021209,
        50.6022032,
        50.6026646,
        50.6028135,
        50.6030840,
        50.6033189,
        50.6035265,
        50.6039652,
        50.6043206,
        50.6045393,
        50.6049964,
        50.6056126,
        50.6057062,
        50.6057192
      ],
      "pointsy": [
        7.8887459,
        7.8883408,
        7.8876150,
        7.8876181,
        7.8870740,
        7.8863112,
        7.8863183,
        7.8860870,
        7.8857273,
        7.8854353,
        7.8850236,
        7.8845182,
        7.8837223,
        7.8823727,
        7.8821208,
        7.8819260,
        7.8817724,
        7.8816059,
        7.8813685,
        7.8808168,
        7.8796115,
        7.8800836,
        7.8805207,
        7.8802642,
        7.8799850,
        7.8799460,
        7.8800619,
        7.8798609,
        7.8797940,
        7.8796686,
        7.8791971,
        7.8791030,
        7.8788730,
        7.8783936,
        7.8780852,
        7.8777971,
        7.8776698,
        7.8771993,
        7.8768517,
        7.8765549,
        7.8760432,
        7.8759328,
        7.8753934,
        7.8749731,
        7.8744989,
        7.8740615,
        7.8735681,
        7.8731032,
        7.8730130,
        7.8724329,
        7.8719089,
        7.8710895,
        7.8705372,
        7.8698734,
        7.8692467,
        7.8692848,
        7.8696293,
        7.8696553,
        7.8695234,
        7.8690107,
        7.8686850,
        7.8690239,
        7.8691649,
        7.8692045,
        7.8691645,
        7.8694671,
        7.8696122,
        7.8702440,
        7.8706800,
        7.8712895,
        7.8719049,
        7.8721864,
        7.8725125,
        7.8713355,
        7.8658612,
        7.8657190,
        7.8655661,
        7.8645115,
        7.8635071,
        7.8617355,
        7.8630893,
        7.8632377,
        7.8634067,
        7.8653552,
        7.8654741,
        7.8656864,
        7.8659480,
        7.8706295,
        7.8696748,
        7.8683919,
        7.8688223,
        7.8680835,
        7.8675225,
        7.8657524,
        7.8660430,
        7.8667840,
        7.8678260,
        7.8693158,
        7.8700238,
        7.8710630,
        7.8729818,
        7.8770308,
        7.8783976,
        7.8816431,
        7.8849835,
        7.8872212,
        7.8878675,
        7.8876561,
        7.8888830,
        7.8887705,
        7.8898729,
        7.8898134,
        7.8898192,
        7.8898147,
        7.8901749,
        7.8903625,
        7.8905445,
        7.8910580,
        7.8913477,
        7.8914541,
        7.8921411,
        7.8926047,
        7.8928351,
        7.8928710,
        7.8927582,
        7.8926953,
        7.8928847,
        7.8932297,
        7.8937243,
        7.8937597,
        7.8937273,
        7.8936312,
        7.8935638,
        7.8934432,
        7.8933010,
        7.8930930,
        7.8928953,
        7.8927283,
        7.8927555,
        7.8927998,
        7.8927322,
        7.8927117,
        7.8927205,
        7.8925227,
        7.8921626,
        7.8919808,
        7.8918156,
        7.8916835,
        7.8914291,
        7.8910569,
        7.8907690,
        7.8905271,
        7.8898035,
        7.8892048,
        7.8889825,
        7.8887883
      ]
    }
  ]
}