{
  "id": 535021,
  "name": "Weltersburg",
  "polygon": {
    "numberOfPoints": 83,
    "box": {
      "min": {
        "x": 50.5147543,
        "y": 7.9416625
      },
      "max": {
        "x": 50.5356720,
        "y": 7.9946443
      },
      "center": {
        "x": 50.52521315,
        "y": 7.9681534
      },
      "area": {
        "x": 0.0209177,
        "y": 0.0529818
      }
    },
    "pointsx": [
      50.5306470,
      50.5307139,
      50.5309097,
      50.5312395,
      50.5316610,
      50.5322373,
      50.5327307,
      50.5331483,
      50.5335799,
      50.5343232,
      50.5345423,
      50.5348428,
      50.5350938,
      50.5352426,
      50.5354362,
      50.5355668,
      50.5356720,
      50.5350500,
      50.5344906,
      50.5345214,
      50.5345039,
      50.5343361,
      50.5339914,
      50.5337348,
      50.5333328,
      50.5329028,
      50.5325875,
      50.5296504,
      50.5273681,
      50.5274310,
      50.5273810,
      50.5269768,
      50.5268403,
      50.5263039,
      50.5253083,
      50.5249514,
      50.5255067,
      50.5254965,
      50.5233700,
      50.5236889,
      50.5241065,
      50.5251518,
      50.5265130,
      50.5275902,
      50.5272120,
      50.5264156,
      50.5249491,
      50.5238913,
      50.5239387,
      50.5239973,
      50.5234051,
      50.5185009,
      50.5177218,
      50.5171426,
      50.5159046,
      50.5158294,
      50.5160067,
      50.5153485,
      50.5162316,
      50.5166581,
      50.5168591,
      50.5164184,
      50.5160892,
      50.5158362,
      50.5157746,
      50.5147543,
      50.5152633,
      50.5153546,
      50.5153085,
      50.5153034,
      50.5153996,
      50.5156745,
      50.5157369,
      50.5159672,
      50.5165570,
      50.5179434,
      50.5182630,
      50.5189688,
      50.5200001,
      50.5246591,
      50.5246577,
      50.5271850,
      50.5300012
    ],
    "pointsy": [
      7.9566030,
      7.9571796,
      7.9579651,
      7.9586490,
      7.9595424,
      7.9606581,
      7.9615500,
      7.9620063,
      7.9620109,
      7.9626998,
      7.9630759,
      7.9645222,
      7.9652795,
      7.9657376,
      7.9665545,
      7.9670876,
      7.9673595,
      7.9679146,
      7.9687317,
      7.9688984,
      7.9695289,
      7.9699282,
      7.9717465,
      7.9738085,
      7.9772451,
      7.9788554,
      7.9795119,
      7.9833863,
      7.9848546,
      7.9857184,
      7.9859988,
      7.9879440,
      7.9889031,
      7.9909917,
      7.9946443,
      7.9945526,
      7.9907050,
      7.9886726,
      7.9877737,
      7.9865163,
      7.9854363,
      7.9819059,
      7.9789474,
      7.9749124,
      7.9738989,
      7.9694603,
      7.9692053,
      7.9662263,
      7.9645998,
      7.9624381,
      7.9626270,
      7.9593927,
      7.9583931,
      7.9568156,
      7.9566868,
      7.9567012,
      7.9549282,
      7.9533048,
      7.9518863,
      7.9512946,
      7.9511428,
      7.9508112,
      7.9504658,
      7.9498460,
      7.9492763,
      7.9481630,
      7.9467035,
      7.9448933,
      7.9434132,
      7.9418695,
      7.9416625,
      7.9421882,
      7.9427423,
      7.9423118,
      7.9465598,
      7.9472354,
      7.9485306,
      7.9497984,
      7.9507780,
      7.9505107,
      7.9543666,
      7.9550550,
      7.9560062
    ]
  }
}