{"id":535692,"name":"Miellen","polygon":{"numberOfPoints":27,"box":{"min":{"x":50.3108796,"y":7.6440506},"max":{"x":50.3322537,"y":7.6719877},"center":{"x":50.32156665,"y":7.65801915},"area":{"x":0.0213741,"y":0.0279371}},"pointsx":[50.3322537,50.3313921,50.3313919,50.3313879,50.3304692,50.3293036,50.3289037,50.3281142,50.3271485,50.3266238,50.3258438,50.3246649,50.3244266,50.3244291,50.3179378,50.3123627,50.3120692,50.3113634,50.3108796,50.3130818,50.3171600,50.3194621,50.3240002,50.3285058,50.3310604,50.3275133,50.3298463],"pointsy":[7.6596522,7.6588246,7.6588246,7.6588208,7.6587446,7.6590874,7.6586964,7.6578827,7.6560992,7.6551224,7.6536993,7.6522601,7.6503737,7.6500987,7.6440506,7.6476338,7.6486669,7.6511512,7.6528540,7.6533431,7.6590086,7.6719877,7.6698245,7.6695486,7.6687839,7.6652560,7.6648305]}}