{
  "id": 535889,
  "name": "Niederdorfelden",
  "polygon": {
    "numberOfPoints": 268,
    "box": {
      "min": {
        "x": 50.1701461,
        "y": 8.7896621
      },
      "max": {
        "x": 50.1996065,
        "y": 8.8333146
      },
      "center": {
        "x": 50.1848763,
        "y": 8.81148835
      },
      "area": {
        "x": 0.0294604,
        "y": 0.0436525
      }
    },
    "pointsx": [
      50.1955982,
      50.1878695,
      50.1853674,
      50.1833201,
      50.1807768,
      50.1777212,
      50.1781186,
      50.1764443,
      50.1757732,
      50.1740154,
      50.1728213,
      50.1727339,
      50.1706109,
      50.1701461,
      50.1726560,
      50.1714387,
      50.1719806,
      50.1727625,
      50.1732165,
      50.1732665,
      50.1738994,
      50.1744873,
      50.1747313,
      50.1748573,
      50.1728355,
      50.1736824,
      50.1741513,
      50.1741053,
      50.1740674,
      50.1758641,
      50.1760051,
      50.1780159,
      50.1788358,
      50.1798237,
      50.1820894,
      50.1824484,
      50.1835813,
      50.1838942,
      50.1859080,
      50.1861710,
      50.1864920,
      50.1873729,
      50.1879638,
      50.1896316,
      50.1898446,
      50.1904055,
      50.1927932,
      50.1932322,
      50.1946412,
      50.1951228,
      50.1953259,
      50.1954397,
      50.1955562,
      50.1956605,
      50.1957457,
      50.1958495,
      50.1960064,
      50.1961386,
      50.1961999,
      50.1962519,
      50.1963042,
      50.1963700,
      50.1964352,
      50.1967648,
      50.1968593,
      50.1969397,
      50.1971591,
      50.1972757,
      50.1973885,
      50.1975033,
      50.1976089,
      50.1976518,
      50.1976685,
      50.1976709,
      50.1976598,
      50.1976482,
      50.1976118,
      50.1975736,
      50.1974367,
      50.1973764,
      50.1973375,
      50.1973211,
      50.1973104,
      50.1973092,
      50.1973438,
      50.1973654,
      50.1973749,
      50.1973903,
      50.1974286,
      50.1975026,
      50.1976914,
      50.1978003,
      50.1981837,
      50.1983286,
      50.1986376,
      50.1991066,
      50.1992745,
      50.1995535,
      50.1996065,
      50.1995535,
      50.1994695,
      50.1991755,
      50.1985806,
      50.1982731,
      50.1983340,
      50.1983800,
      50.1984137,
      50.1984361,
      50.1984459,
      50.1984476,
      50.1984512,
      50.1984660,
      50.1984926,
      50.1985368,
      50.1985848,
      50.1987617,
      50.1988242,
      50.1988656,
      50.1988750,
      50.1988324,
      50.1988056,
      50.1987283,
      50.1986464,
      50.1985613,
      50.1984326,
      50.1983179,
      50.1982674,
      50.1982581,
      50.1982675,
      50.1983137,
      50.1983653,
      50.1983867,
      50.1983779,
      50.1983640,
      50.1983169,
      50.1982326,
      50.1981514,
      50.1981074,
      50.1980778,
      50.1980555,
      50.1980572,
      50.1980496,
      50.1980169,
      50.1979790,
      50.1979373,
      50.1978602,
      50.1977376,
      50.1976155,
      50.1975299,
      50.1974949,
      50.1974753,
      50.1974604,
      50.1974538,
      50.1974605,
      50.1975500,
      50.1976552,
      50.1977562,
      50.1977931,
      50.1978039,
      50.1977966,
      50.1977625,
      50.1977187,
      50.1976589,
      50.1975926,
      50.1975347,
      50.1974881,
      50.1973931,
      50.1972897,
      50.1971238,
      50.1968461,
      50.1968310,
      50.1967965,
      50.1967463,
      50.1967208,
      50.1967091,
      50.1967151,
      50.1967248,
      50.1967465,
      50.1967760,
      50.1968125,
      50.1968712,
      50.1969786,
      50.1970516,
      50.1972702,
      50.1973780,
      50.1974460,
      50.1974938,
      50.1975314,
      50.1975816,
      50.1976181,
      50.1976492,
      50.1976690,
      50.1976746,
      50.1976685,
      50.1976520,
      50.1976264,
      50.1975829,
      50.1975155,
      50.1974017,
      50.1973427,
      50.1972143,
      50.1971385,
      50.1970784,
      50.1970197,
      50.1969671,
      50.1969271,
      50.1968795,
      50.1968151,
      50.1967721,
      50.1967282,
      50.1966773,
      50.1965877,
      50.1965092,
      50.1964611,
      50.1964405,
      50.1964301,
      50.1964025,
      50.1963665,
      50.1961995,
      50.1961749,
      50.1961741,
      50.1961624,
      50.1961215,
      50.1960451,
      50.1959451,
      50.1958930,
      50.1958366,
      50.1957288,
      50.1956472,
      50.1956096,
      50.1955559,
      50.1955008,
      50.1954595,
      50.1954423,
      50.1953864,
      50.1953434,
      50.1952977,
      50.1952463,
      50.1951813,
      50.1950719,
      50.1950217,
      50.1949724,
      50.1949425,
      50.1949204,
      50.1949057,
      50.1948909,
      50.1948692,
      50.1948525,
      50.1948439,
      50.1948503,
      50.1948679,
      50.1948998,
      50.1949316,
      50.1949830,
      50.1950350,
      50.1951030,
      50.1952011,
      50.1954150,
      50.1954663,
      50.1955023,
      50.1955161,
      50.1955124,
      50.1954373,
      50.1954077,
      50.1954041,
      50.1954255,
      50.1954826,
      50.1955427
    ],