{"id":536632,"name":"Königswalde","polygon":{"numberOfPoints":74,"box":{"min":{"x":50.5010600,"y":13.0183256},"max":{"x":50.5664664,"y":13.0840986},"center":{"x":50.5337632,"y":13.0512121},"area":{"x":0.0654064,"y":0.0657730}},"pointsx":[50.5498321,50.5418481,50.5274002,50.5231813,50.5206961,50.5096694,50.5010747,50.5011410,50.5010600,50.5010800,50.5011718,50.5012490,50.5015520,50.5019750,50.5025614,50.5027547,50.5031247,50.5035411,50.5037979,50.5040390,50.5041950,50.5045030,50.5047272,50.5050562,50.5052327,50.5060228,50.5062179,50.5065907,50.5066692,50.5067982,50.5069583,50.5074040,50.5076092,50.5078749,50.5080328,50.5082183,50.5084047,50.5086253,50.5087689,50.5089911,50.5091737,50.5098707,50.5100448,50.5103724,50.5106048,50.5114998,50.5114065,50.5125881,50.5144799,50.5146769,50.5161580,50.5165889,50.5225725,50.5226805,50.5232068,50.5238906,50.5239720,50.5239650,50.5277817,50.5300667,50.5380215,50.5608532,50.5664664,50.5656430,50.5645517,50.5636055,50.5634189,50.5635916,50.5625752,50.5596535,50.5573784,50.5542469,50.5529790,50.5508547],"pointsy":[13.0840986,13.0788622,13.0805025,13.0763733,13.0739411,13.0737067,13.0591666,13.0586042,13.0577332,13.0571058,13.0565919,13.0561001,13.0558220,13.0554212,13.0548317,13.0546372,13.0543143,13.0537549,13.0536131,13.0532520,13.0529099,13.0523050,13.0521920,13.0521611,13.0520731,13.0516202,13.0516013,13.0514764,13.0513189,13.0513621,13.0511150,13.0506141,13.0501828,13.0498367,13.0493604,13.0489856,13.0485403,13.0481329,13.0476461,13.0472201,13.0466881,13.0455460,13.0450912,13.0448137,13.0443449,13.0447029,13.0461048,13.0460752,13.0433500,13.0409049,13.0412921,13.0387375,13.0356453,13.0346335,13.0327725,13.0317111,13.0308389,13.0306928,13.0273311,13.0210761,13.0183256,13.0209571,13.0441898,13.0491542,13.0509415,13.0564002,13.0574767,13.0603991,13.0610988,13.0601299,13.0639661,13.0727876,13.0749170,13.0758342]}}