{
  "id": 537062,
  "name": "Birkenau",
  "polygon": {
    "numberOfPoints": 386,
    "box": {
      "min": {
        "x": 49.5352344,
        "y": 8.6803133
      },
      "max": {
        "x": 49.6019439,
        "y": 8.7765786
      },
      "center": {
        "x": 49.56858915,
        "y": 8.72844595
      },
      "area": {
        "x": 0.0667095,
        "y": 0.0962653
      }
    },
    "pointsx": [
      49.5996448,
      49.6000097,
      49.6005433,
      49.6010133,
      49.6015783,
      49.6019439,
      49.6015160,
      49.6010773,
      49.6007810,
      49.6005064,
      49.6001313,
      49.5997104,
      49.5995106,
      49.5997120,
      49.5997048,
      49.5995257,
      49.5980986,
      49.5968158,
      49.5961579,
      49.5961706,
      49.5979606,
      49.5968625,
      49.5961389,
      49.5958710,
      49.5956734,
      49.5954569,
      49.5952986,
      49.5950695,
      49.5944353,
      49.5936519,
      49.5930231,
      49.5921620,
      49.5910946,
      49.5902250,
      49.5894285,
      49.5880149,
      49.5865457,
      49.5860679,
      49.5850436,
      49.5837210,
      49.5825353,
      49.5825146,
      49.5838445,
      49.5838965,
      49.5849007,
      49.5848168,
      49.5853876,
      49.5859655,
      49.5855317,
      49.5857770,
      49.5856600,
      49.5856465,
      49.5856384,
      49.5842584,
      49.5832524,
      49.5826365,
      49.5810864,
      49.5806860,
      49.5801757,
      49.5800106,
      49.5798058,
      49.5797070,
      49.5796798,
      49.5796774,
      49.5797010,
      49.5797222,
      49.5797513,
      49.5802893,
      49.5799607,
      49.5800685,
      49.5801111,
      49.5803494,
      49.5805493,
      49.5805854,
      49.5797210,
      49.5790434,
      49.5784685,
      49.5784788,
      49.5779343,
      49.5786122,
      49.5777153,
      49.5776226,
      49.5775279,
      49.5772811,
      49.5770852,
      49.5769053,
      49.5767848,
      49.5761996,
      49.5747277,
      49.5740150,
      49.5733707,
      49.5730776,
      49.5725020,
      49.5711706,
      49.5698533,
      49.5688174,
      49.5677879,
      49.5675830,
      49.5666800,
      49.5654043,
      49.5639891,
      49.5624379,
      49.5601302,
      49.5588312,
      49.5574020,
      49.5571431,
      49.5567707,
      49.5553944,
      49.5551479,
      49.5548856,
      49.5543056,
      49.5535764,
      49.5532579,
      49.5530993,
      49.5531963,
      49.5529395,
      49.5530264,
      49.5533093,
      49.5535969,
      49.5539256,
      49.5541105,
      49.5543467,
      49.5552917,
      49.5571302,
      49.5582908,
      49.5591946,
      49.5601600,
      49.5613925,
      49.5611665,
      49.5601600,
      49.5613822,
      49.5613719,
      49.5606038,
      49.5598220,
      49.5598153,
      49.5595626,
      49.5592168,
      49.5584893,
      49.5575862,
      49.5573843,
      49.5569351,
      49.5566783,
      49.5561956,
      49.5556615,
      49.5547987,
      49.5539153,
      49.5534736,
      49.5532271,
      49.5530936,
      49.5517890,
      49.5517212,
      49.5510902,
      49.5508061,
      49.5503277,
      49.5500361,
      49.5497370,
      49.5497370,
      49.5487573,
      49.5486463,
      49.5483362,
      49.5481601,
      49.5481907,
      49.5460930,
      49.5456336,
      49.5438573,
      49.5430840,
      49.5422992,
      49.5410509,
      49.5393655,
      49.5378123,
      49.5352344,
      49.5377681,
      49.5392698,
      49.5389949,
      49.5391429,
      49.5408984,
      49.5391006,
      49.5381489,
      49.5423154,
      49.5436266,
      49.5440284,
      49.5438804,
      49.5445355,
      49.5444893,
      49.5444583,
      49.5443156,
      49.5441607,
      49.5441887,
      49.5446174,
      49.5448109,
      49.5461347,
      49.5476023,
      49.5475389,
      49.5472217,
      49.5474332,
      49.5478772,
      49.5474120,
      49.5468553,
      49.5478137,
      49.5478702,
      49.5478732,
      49.5483396,
      49.5487090,
      49.5486990,
      49.5493651,
      49.5494293,
      49.5499023,
      49.5499235,
      49.5495380,
      49.5494051,
      49.5493527,
      49.5493967,
      49.5493373,
      49.5490730,
      49.5489637,
      49.5488273,
      49.5487998,
      49.5490173,
      49.5499608,
      49.5500830,
      49.5501608,
      49.5503631,
      49.5508509,
      49.5513600,
      49.5517195,
      49.5519378,
      49.5521954,
      49.5524457,
      49.5525044,
      49.5527074,
      49.5527986,
      49.5528445,
      49.5530084,
      49.5532414,
      49.5533565,
      49.5536683,
      49.5548040,
      49.5551889,
      49.5553142,
      49.5556207,
      49.5556298,
      49.5557854,
      49.5559159,
      49.5560145,
      49.5561038,
      49.5567551,
      49.5575452,
      49.5576797,
      49.5578469,
      49.5578791,
      49.5580164,
      49.5581316,
      49.5583437,
      49.5584490,
      49.5589376,
      49.5590815,
      49.5591733,
      49.5592806,
      49.5593742,
      49.5596157,
      49.5600046,
      49.5602284,
      49.5602946,
      49.5606238,
      49.5606959,
      49.5607702,
      49.5608565,
      49.5611022,
      49.5615287,
      49.5616054,
      49.5616238,
      49.5616305,
      49.5617260,
      49.5619705,
      49.5620018,
      49.5619951,
      49.5627548,
      49.5629137,
      49.5631719,
      49.5637034,
      49.5641107,
      49.5643659,
      49.5644004,
      49.5647381,
      49.5650499,
      49.5655093,
      49.5658318,
      49.5663045,
      49.5667197,
      49.5669137,
      49.5673548,
      49.5678080,
      49.5682522,
      49.5688218,
      49.5690370,
      49.5691649,
      49.5694240,
      49.5691562,
      49.5689306,
      49.5699490,
      49.5703374,
      49.5708772,
      49.5710235,
      49.5714203,
      49.5716850,
      49.5720227,
      49.5722507,
      49.5722655,
      49.5727273,
      49.5731748,
      49.5733806,
      49.5736762,
      49.5739536,
      49.5745081,
      49.5746118,
      49.5748199,
      49.5751514,
      49.5754716,
      49.5756556,
      49.5757036,
      49.5756916,
      49.5755991,
      49.5754814,
      49.5755315,
      49.5758709,
      49.5761076,
      49.5761722,
      49.5768392,
      49.5769235,
      49.5771060,
      49.5779886,
      49.5782151,
      49.5795790,
      49.5803492,
      49.5810136,
      49.5813892,
      49.5823293,
      49.5827860,
      49.5835702,
      49.5838414,
      49.5844053,
      49.5848783,
      49.5853116,
      49.5857964,
      49.5861602,
      49.5862066,
      49.5869787,
      49.5873681,
      49.5877418,
      49.5877541,
      49.5881874,
      49.5884228,
      49.5889986,
      49.5897576,
      49.5898704,
      49.5899619,
      49.5910622,
      49.5910140,
      49.5907786,
      49.5907009,
      49.5906317,
      49.5903208,
      49.5901347,
      49.5900696,
      49.5899982,
      49.5899625,
      49.5904922,
      49.5911318,
      49.5915173,
      49.5916177,
      49.5917747,
      49.5918193,
      49.5918667,
      49.5921298,
      49.5932906,
      49.5934457,
      49.5938897,
      49.5950756,
      49.5957085,
      49.5964474,
      49.5965126,
      49.5965771,
      49.5968532,
      49.5973903,
      49.5980696,
      49.5993598
    ],