{
  "numberOfPolygons": 1,
  "box": {
    "min": {
      "x": 49.6018277,
      "y": 8.8064881
    },
    "max": {
      "x": 49.6555304,
      "y": 8.8846239
    },
    "center": {
      "x": 49.62867905,
      "y": 8.8455560
    }
  },
  "polygons": [
    {
      "numberOfPoints": 289,
      "box": {
        "min": {
          "x": 49.6018277,
          "y": 8.8064881
        },
        "max": {
          "x": 49.6555304,
          "y": 8.8846239
        },
        "center": {
          "x": 49.62867905,
          "y": 8.8455560
        }
      },
      "pointsx": [
        49.6264837,
        49.6285516,
        49.6286744,
        49.6289198,
        49.6290344,
        49.6291530,
        49.6294108,
        49.6293903,
        49.6297831,
        49.6315597,
        49.6329003,
        49.6335769,
        49.6340565,
        49.6342953,
        49.6346786,
        49.6349456,
        49.6358893,
        49.6362746,
        49.6369889,
        49.6374957,
        49.6378476,
        49.6382329,
        49.6393388,
        49.6406645,
        49.6409263,
        49.6413975,
        49.6416634,
        49.6425074,
        49.6427423,
        49.6433054,
        49.6437119,
        49.6443767,
        49.6448597,
        49.6449420,
        49.6448003,
        49.6443088,
        49.6441911,
        49.6437639,
        49.6434315,
        49.6426897,
        49.6432446,
        49.6435001,
        49.6437618,
        49.6438728,
        49.6443147,
        49.6443817,
        49.6446204,
        49.6447487,
        49.6449926,
        49.6448382,
        49.6450895,
        49.6460654,
        49.6468046,
        49.6467738,
        49.6473079,
        49.6477287,
        49.6479025,
        49.6480295,
        49.6487687,
        49.6491339,
        49.6506143,
        49.6509786,
        49.6513576,
        49.6523312,
        49.6526913,
        49.6528253,
        49.6530556,
        49.6532043,
        49.6532085,
        49.6534388,
        49.6539097,
        49.6541611,
        49.6545527,
        49.6548814,
        49.6550426,
        49.6552729,
        49.6555304,
        49.6554111,
        49.6552813,
        49.6550321,
        49.6549170,
        49.6545485,
        49.6545464,
        49.6544208,
        49.6539204,
        49.6538073,
        49.6536775,
        49.6528295,
        49.6527039,
        49.6525594,
        49.6520820,
        49.6514790,
        49.6513597,
        49.6512215,
        49.6512403,
        49.6511461,
        49.6509744,
        49.6507441,
        49.6503169,
        49.6495296,
        49.6488910,
        49.6486606,
        49.6485371,
        49.6482858,
        49.6480450,
        49.6479278,
        49.6474378,
        49.6471802,
        49.6470713,
        49.6469226,
        49.6468137,
        49.6465792,
        49.6463049,
        49.6465771,
        49.6470546,
        49.6471865,
        49.6473100,
        49.6474512,
        49.6476638,
        49.6479215,
        49.6480442,
        49.6485511,
        49.6487713,
        49.6489104,
        49.6494011,
        49.6493807,
        49.6497569,
        49.6496290,
        49.6496290,
        49.6491337,
        49.6487470,
        49.6488941,
        49.6488941,
        49.6491816,
        49.6491955,
        49.6490981,
        49.6491053,
        49.6491131,
        49.6488935,
        49.6485586,
        49.6466508,
        49.6463817,
        49.6457739,
        49.6455123,
        49.6446140,
        49.6440951,
        49.6438131,
        49.6433931,
        49.6418911,
        49.6415124,
        49.6412873,
        49.6406805,
        49.6398986,
        49.6377738,
        49.6376938,
        49.6371679,
        49.6370609,
        49.6352901,
        49.6329524,
        49.6318575,
        49.6311286,
        49.6309036,
        49.6279469,
        49.6261271,
        49.6244453,
        49.6236744,
        49.6227405,
        49.6221357,
        49.6219867,
        49.6206768,
        49.6180250,
        49.6174590,
        49.6169367,
        49.6163542,
        49.6159653,
        49.6155843,
        49.6150344,
        49.6141415,
        49.6118821,
        49.6084047,
        49.6072789,
        49.6070981,
        49.6069034,
        49.6067921,
        49.6065920,
        49.6066436,
        49.6068582,
        49.6068582,
        49.6068339,
        49.6072058,
        49.6063854,
        49.6060169,
        49.6055372,
        49.6052869,
        49.6048141,
        49.6033157,
        49.6025474,
        49.6018799,
        49.6018729,
        49.6018834,
        49.6019355,
        49.6021163,
        49.6022206,
        49.6020989,
        49.6020294,
        49.6019112,
        49.6018277,
        49.6020155,
        49.6022449,
        49.6025370,
        49.6028985,
        49.6028916,
        49.6028012,
        49.6027664,
        49.6026760,
        49.6026134,
        49.6025474,
        49.6024396,
        49.6023214,
        49.6022936,
        49.6023492,
        49.6023562,
        49.6023492,
        49.6024674,
        49.6025578,
        49.6026969,
        49.6029820,
        49.6031975,
        49.6033296,
        49.6035730,
        49.6038163,
        49.6041362,
        49.6045881,
        49.6047828,
        49.6049705,
        49.6050852,
        49.6051121,
        49.6051443,
        49.6058744,
        49.6064376,
        49.6065349,
        49.6064654,
        49.6062985,
        49.6062568,
        49.6066114,
        49.6069173,
        49.6072580,
        49.6069034,
        49.6068269,
        49.6069312,
        49.6066809,
        49.6063194,
        49.6059439,
        49.6060100,
        49.6059613,
        49.6058396,
        49.6058122,
        49.6057949,
        49.6058064,
        49.6057110,
        49.6059231,
        49.6059787,
        49.6060969,
        49.6062533,
        49.6066197,
        49.6067539,
        49.6068516,
        49.6099290,
        49.6101109,
        49.6104891,
        49.6137011,
        49.6153642,
        49.6163588,
        49.6169663,
        49.6178375,
        49.6188126,
        49.6196119,
        49.6203232,
        49.6210105,
        49.6211304,
        49.6211304,
        49.6214981,
        49.6220575,
        49.6227209,
        49.6236879,
        49.6243033,
        49.6249106,
        49.6254461,
        49.6254541
      ],