{
  "id": 539715,
  "name": "Dörsdorf",
  "polygon": {
    "numberOfPoints": 43,
    "box": {
      "min": {
        "x": 50.2302850,
        "y": 7.9777959
      },
      "max": {
        "x": 50.2581589,
        "y": 8.0382088
      },
      "center": {
        "x": 50.24422195,
        "y": 8.00800235
      },
      "area": {
        "x": 0.0278739,
        "y": 0.0604129
      }
    },
    "pointsx": [
      50.2383451,
      50.2379831,
      50.2378152,
      50.2360914,
      50.2363923,
      50.2364843,
      50.2365223,
      50.2364683,
      50.2362973,
      50.2360414,
      50.2349465,
      50.2347065,
      50.2333137,
      50.2331227,
      50.2324368,
      50.2323068,
      50.2322608,
      50.2319328,
      50.2319058,
      50.2321918,
      50.2321918,
      50.2317959,
      50.2314219,
      50.2312809,
      50.2310099,
      50.2302850,
      50.2432770,
      50.2447645,
      50.2489460,
      50.2555653,
      50.2552063,
      50.2551793,
      50.2550693,
      50.2547373,
      50.2534935,
      50.2551913,
      50.2581589,
      50.2505042,
      50.2508789,
      50.2479005,
      50.2466299,
      50.2453587,
      50.2437529
    ],
    "pointsy": [
      7.9898159,
      7.9898669,
      7.9899629,
      7.9911427,
      7.9928285,
      7.9939983,
      7.9952601,
      7.9955981,
      7.9960100,
      7.9963510,
      7.9947702,
      7.9953371,
      7.9945063,
      7.9943283,
      7.9933494,
      7.9930805,
      7.9928115,
      7.9933124,
      7.9934934,
      7.9951572,
      7.9953601,
      7.9966040,
      7.9964540,
      7.9969739,
      7.9976098,
      7.9991126,
      8.0143744,
      8.0244972,
      8.0382088,
      8.0320427,
      8.0294021,
      8.0292251,
      8.0287792,
      8.0289851,
      8.0255026,
      8.0241758,
      8.0217552,
      8.0024065,
      7.9897678,
      7.9813758,
      7.9777959,
      7.9781098,
      7.9927573
    ]
  }
}