{"id":539712,"name":"Katzenelnbogen","polygon":{"numberOfPoints":22,"box":{"min":{"x":50.2503765,"y":7.9388137},"max":{"x":50.2956556,"y":8.0266512},"center":{"x":50.27301605,"y":7.98273245},"area":{"x":0.0452791,"y":0.0878375}},"pointsx":[50.2553450,50.2542327,50.2582978,50.2613958,50.2503765,50.2583992,50.2614782,50.2641826,50.2735175,50.2832889,50.2855655,50.2891207,50.2912270,50.2956556,50.2882403,50.2852149,50.2810327,50.2778774,50.2719054,50.2704458,50.2642416,50.2589702],"pointsy":[7.9388137,7.9428339,7.9458213,7.9655760,7.9751803,7.9880896,7.9834360,7.9898354,7.9900693,8.0264892,8.0266512,8.0200561,8.0146100,7.9967855,7.9979299,7.9973123,7.9964586,7.9796375,7.9712000,7.9690627,7.9543537,7.9418578]}}