{
  "id": 539912,
  "name": "Reitzenhain",
  "polygon": {
    "numberOfPoints": 119,
    "box": {
      "min": {
        "x": 50.1424267,
        "y": 7.7661345
      },
      "max": {
        "x": 50.1739054,
        "y": 7.8108911
      },
      "center": {
        "x": 50.15816605,
        "y": 7.7885128
      },
      "area": {
        "x": 0.0314787,
        "y": 0.0447566
      }
    },
    "pointsx": [
      50.1721045,
      50.1716229,
      50.1713712,
      50.1715152,
      50.1719894,
      50.1723176,
      50.1739054,
      50.1696369,
      50.1692304,
      50.1670060,
      50.1652537,
      50.1650239,
      50.1647244,
      50.1642572,
      50.1633229,
      50.1627359,
      50.1622627,
      50.1601902,
      50.1590761,
      50.1584771,
      50.1579896,
      50.1577942,
      50.1570873,
      50.1564763,
      50.1571233,
      50.1559372,
      50.1555854,
      50.1553398,
      50.1552739,
      50.1551421,
      50.1546808,
      50.1540979,
      50.1539439,
      50.1539439,
      50.1538062,
      50.1535665,
      50.1532011,
      50.1528836,
      50.1528357,
      50.1530513,
      50.1530753,
      50.1529734,
      50.1526697,
      50.1523210,
      50.1521353,
      50.1519796,
      50.1512606,
      50.1509789,
      50.1509072,
      50.1503097,
      50.1497828,
      50.1494411,
      50.1483727,
      50.1485084,
      50.1476809,
      50.1471255,
      50.1465488,
      50.1460005,
      50.1461452,
      50.1460614,
      50.1458851,
      50.1457542,
      50.1458046,
      50.1457442,
      50.1459254,
      50.1459153,
      50.1463140,
      50.1454880,
      50.1451819,
      50.1448614,
      50.1439642,
      50.1429033,
      50.1424267,
      50.1425659,
      50.1425105,
      50.1428026,
      50.1430795,
      50.1431903,
      50.1431090,
      50.1430955,
      50.1429444,
      50.1430149,
      50.1427987,
      50.1434479,
      50.1437450,
      50.1453440,
      50.1451637,
      50.1454859,
      50.1454646,
      50.1464343,
      50.1476147,
      50.1499144,
      50.1501888,
      50.1508155,
      50.1512134,
      50.1515694,
      50.1520442,
      50.1523060,
      50.1527339,
      50.1531553,
      50.1530841,
      50.1533190,
      50.1539521,
      50.1555908,
      50.1564264,
      50.1566076,
      50.1577150,
      50.1585530,
      50.1594143,
      50.1604109,
      50.1616289,
      50.1618101,
      50.1628283,
      50.1631699,
      50.1636112,
      50.1652077,
      50.1666811,
      50.1681424,
      50.1703184
    ],
    "pointsy": [
      7.7933113,
      7.7924560,
      7.7910101,
      7.7896878,
      7.7877970,
      7.7870238,
      7.7814863,
      7.7793483,
      7.7787268,
      7.7743800,
      7.7765622,
      7.7760776,
      7.7757971,
      7.7757784,
      7.7755166,
      7.7749930,
      7.7744478,
      7.7705396,
      7.7684078,
      7.7679403,
      7.7661345,
      7.7674354,
      7.7663882,
      7.7676037,
      7.7687070,
      7.7711193,
      7.7707104,
      7.7702148,
      7.7695697,
      7.7694949,
      7.7696071,
      7.7688708,
      7.7692518,
      7.7694762,
      7.7696538,
      7.7695697,
      7.7697099,
      7.7696819,
      7.7699250,
      7.7702616,
      7.7704953,
      7.7707665,
      7.7712381,
      7.7718107,
      7.7729795,
      7.7731384,
      7.7729982,
      7.7731818,
      7.7741359,
      7.7749484,
      7.7751262,
      7.7754484,
      7.7756707,
      7.7769929,
      7.7784791,
      7.7804569,
      7.7818680,
      7.7837125,
      7.7839687,
      7.7844906,
      7.7847813,
      7.7854806,
      7.7858970,
      7.7867062,
      7.7871383,
      7.7876254,
      7.7889045,
      7.7902601,
      7.7911490,
      7.7916490,
      7.7923156,
      7.7945267,
      7.7958529,
      7.7967347,
      7.7980232,
      7.7985182,
      7.7993667,
      7.7998853,
      7.8001050,
      7.8004264,
      7.8007564,
      7.8010314,
      7.8013728,
      7.8015892,
      7.8014478,
      7.8017247,
      7.8039278,
      7.8060963,
      7.8096268,
      7.8108911,
      7.8081837,
      7.8024170,
      7.8017368,
      7.8022815,
      7.8026074,
      7.8024852,
      7.8021541,
      7.8019341,
      7.8012192,
      7.8013427,
      7.8007538,
      7.8001427,
      7.8007792,
      7.8001546,
      7.7991961,
      7.7993375,
      7.7974833,
      7.7993493,
      7.7978430,
      7.7966174,
      7.7956903,
      7.7959417,
      7.7952055,
      7.7964721,
      7.7991832,
      7.7988020,
      7.7988768,
      7.7989329,
      7.7981469
    ]
  }
}