{
  "numberOfPolygons": 1,
  "box": {
    "min": {
      "x": 50.1812601,
      "y": 7.7001024
    },
    "max": {
      "x": 50.2133728,
      "y": 7.7504879
    },
    "center": {
      "x": 50.19731645,
      "y": 7.72529515
    }
  },
  "polygons": [
    {
      "numberOfPoints": 297,
      "box": {
        "min": {
          "x": 50.1812601,
          "y": 7.7001024
        },
        "max": {
          "x": 50.2133728,
          "y": 7.7504879
        },
        "center": {
          "x": 50.19731645,
          "y": 7.72529515
        }
      },
      "pointsx": [
        50.1939116,
        50.1940495,
        50.1942541,
        50.1944905,
        50.1949096,
        50.1955222,
        50.1961168,
        50.1964331,
        50.1971150,
        50.1975971,
        50.1985605,
        50.1992659,
        50.1993936,
        50.1992227,
        50.1992840,
        50.1991121,
        50.1990028,
        50.1988726,
        50.1989364,
        50.1991056,
        50.1992072,
        50.1993334,
        50.1998861,
        50.1999748,
        50.2003872,
        50.2007996,
        50.2007775,
        50.2009616,
        50.2011211,
        50.2015114,
        50.2019974,
        50.2023214,
        50.2023857,
        50.2027593,
        50.2030935,
        50.2034545,
        50.2038110,
        50.2039987,
        50.2045162,
        50.2047699,
        50.2050057,
        50.2051431,
        50.2052526,
        50.2055119,
        50.2058583,
        50.2060997,
        50.2063009,
        50.2065087,
        50.2065646,
        50.2068507,
        50.2070295,
        50.2075335,
        50.2078710,
        50.2084230,
        50.2087839,
        50.2092153,
        50.2094332,
        50.2095869,
        50.2096209,
        50.2094529,
        50.2091906,
        50.2090982,
        50.2090706,
        50.2087755,
        50.2087692,
        50.2088498,
        50.2093956,
        50.2090367,
        50.2103460,
        50.2108204,
        50.2109143,
        50.2110003,
        50.2110523,
        50.2111053,
        50.2112970,
        50.2113674,
        50.2114243,
        50.2114338,
        50.2113651,
        50.2113288,
        50.2113400,
        50.2113774,
        50.2116942,
        50.2118188,
        50.2119640,
        50.2120427,
        50.2121161,
        50.2120996,
        50.2120475,
        50.2120856,
        50.2122593,
        50.2133121,
        50.2133728,
        50.2129645,
        50.2116479,
        50.2055462,
        50.1947562,
        50.1941461,
        50.1937274,
        50.1933917,
        50.1929134,
        50.1925482,
        50.1922729,
        50.1921651,
        50.1922179,
        50.1922469,
        50.1918043,
        50.1915868,
        50.1915718,
        50.1917873,
        50.1911768,
        50.1913251,
        50.1915694,
        50.1912195,
        50.1910210,
        50.1907591,
        50.1906659,
        50.1907456,
        50.1905374,
        50.1902996,
        50.1905831,
        50.1905831,
        50.1904801,
        50.1902084,
        50.1898481,
        50.1895764,
        50.1896094,
        50.1892999,
        50.1888521,
        50.1885773,
        50.1880515,
        50.1877530,
        50.1875263,
        50.1873851,
        50.1871416,
        50.1870523,
        50.1869973,
        50.1868256,
        50.1868788,
        50.1868969,
        50.1869080,
        50.1868829,
        50.1868189,
        50.1867658,
        50.1867589,
        50.1867980,
        50.1865561,
        50.1860226,
        50.1860549,
        50.1861844,
        50.1862375,
        50.1860782,
        50.1858644,
        50.1863871,
        50.1868946,
        50.1876016,
        50.1871261,
        50.1868151,
        50.1865528,
        50.1864031,
        50.1862595,
        50.1855503,
        50.1847150,
        50.1847368,
        50.1846970,
        50.1846173,
        50.1845961,
        50.1849753,
        50.1848439,
        50.1848288,
        50.1848038,
        50.1848684,
        50.1849332,
        50.1849879,
        50.1850411,
        50.1860026,
        50.1860325,
        50.1862628,
        50.1865454,
        50.1863776,
        50.1859394,
        50.1854837,
        50.1848594,
        50.1847562,
        50.1846465,
        50.1843909,
        50.1841289,
        50.1840441,
        50.1837736,
        50.1832200,
        50.1821053,
        50.1818546,
        50.1817060,
        50.1816467,
        50.1816649,
        50.1816538,
        50.1815605,
        50.1815313,
        50.1815447,
        50.1816451,
        50.1816886,
        50.1816981,
        50.1817068,
        50.1817463,
        50.1816744,
        50.1815906,
        50.1815083,
        50.1814087,
        50.1813510,
        50.1812846,
        50.1812601,
        50.1812680,
        50.1812775,
        50.1813455,
        50.1815060,
        50.1817819,
        50.1820491,
        50.1821709,
        50.1821313,
        50.1820634,
        50.1820910,
        50.1820966,
        50.1821495,
        50.1823409,
        50.1826595,
        50.1829310,
        50.1829997,
        50.1829665,
        50.1829800,
        50.1830053,
        50.1830385,
        50.1830883,
        50.1831824,
        50.1832464,
        50.1832650,
        50.1832934,
        50.1833867,
        50.1834788,
        50.1835603,
        50.1836449,
        50.1836844,
        50.1837358,
        50.1837456,
        50.1837674,
        50.1837658,
        50.1837725,
        50.1837592,
        50.1837341,
        50.1836832,
        50.1840510,
        50.1843194,
        50.1845156,
        50.1846727,
        50.1848750,
        50.1850539,
        50.1853658,
        50.1856867,
        50.1859455,
        50.1861339,
        50.1862775,
        50.1864956,
        50.1867141,
        50.1869243,
        50.1870758,
        50.1872384,
        50.1874659,
        50.1876431,
        50.1877974,
        50.1879349,
        50.1880808,
        50.1881322,
        50.1881546,
        50.1882071,
        50.1882837,
        50.1885302,
        50.1886560,
        50.1888075,
        50.1889310,
        50.1891401,
        50.1894548,
        50.1897063,
        50.1899841,
        50.1901730,
        50.1903608,
        50.1906118,
        50.1908823,
        50.1913054,
        50.1914032,
        50.1914368,
        50.1916235,
        50.1917755,
        50.1919655,
        50.1922829,
        50.1926607,
        50.1933716,
        50.1935214,
        50.1936207
      ],