{
  "numberOfPolygons": 1,
  "box": {
    "min": {
      "x": 50.1713712,
      "y": 7.7750951
    },
    "max": {
      "x": 50.1953709,
      "y": 7.8245652
    },
    "center": {
      "x": 50.18337105,
      "y": 7.79983015
    }
  },
  "polygons": [
    {
      "numberOfPoints": 44,
      "box": {
        "min": {
          "x": 50.1713712,
          "y": 7.7750951
        },
        "max": {
          "x": 50.1953709,
          "y": 7.8245652
        },
        "center": {
          "x": 50.18337105,
          "y": 7.79983015
        }
      },
      "pointsx": [
        50.1815879,
        50.1838465,
        50.1864473,
        50.1892009,
        50.1879159,
        50.1914000,
        50.1938044,
        50.1946159,
        50.1949156,
        50.1953709,
        50.1942547,
        50.1938891,
        50.1928832,
        50.1911664,
        50.1906920,
        50.1901403,
        50.1895725,
        50.1891672,
        50.1886493,
        50.1883590,
        50.1865245,
        50.1863030,
        50.1860276,
        50.1847644,
        50.1841217,
        50.1838122,
        50.1806868,
        50.1786425,
        50.1776333,
        50.1739054,
        50.1723176,
        50.1719894,
        50.1715152,
        50.1713712,
        50.1716229,
        50.1721045,
        50.1736729,
        50.1750861,
        50.1768722,
        50.1762541,
        50.1781410,
        50.1789707,
        50.1819654,
        50.1802369
      ],
      "pointsy": [
        7.8245652,
        7.8219303,
        7.8182508,
        7.8173190,
        7.8129706,
        7.8132841,
        7.8069154,
        7.8033179,
        7.8008996,
        7.7927273,
        7.7889689,
        7.7878785,
        7.7858174,
        7.7830823,
        7.7815888,
        7.7800260,
        7.7790646,
        7.7787315,
        7.7785806,
        7.7783020,
        7.7782266,
        7.7781892,
        7.7779461,
        7.7762276,
        7.7751459,
        7.7750951,
        7.7810075,
        7.7845818,
        7.7861820,
        7.7814863,
        7.7870238,
        7.7877970,
        7.7896878,
        7.7910101,
        7.7924560,
        7.7933113,
        7.7963950,
        7.8005089,
        7.8034066,
        7.8044247,
        7.8071198,
        7.8085187,
        7.8154470,
        7.8227550
      ]
    }
  ]
}