{"id":543121,"name":"Gierschnach","polygon":{"numberOfPoints":56,"box":{"min":{"x":50.2522689,"y":7.3213037},"max":{"x":50.2732418,"y":7.3585244},"center":{"x":50.26275535,"y":7.33991405},"area":{"x":0.0209729,"y":0.0372207}},"pointsx":[50.2656741,50.2678825,50.2680296,50.2699670,50.2707184,50.2712798,50.2718906,50.2722949,50.2726987,50.2730042,50.2732418,50.2715171,50.2718096,50.2690618,50.2699876,50.2707164,50.2701550,50.2697354,50.2707451,50.2703203,50.2707103,50.2709401,50.2709401,50.2703032,50.2704609,50.2710092,50.2711224,50.2714622,50.2718864,50.2722641,50.2723289,50.2727030,50.2706535,50.2706074,50.2613997,50.2583342,50.2589466,50.2574420,50.2557513,50.2568314,50.2535791,50.2522689,50.2552294,50.2564834,50.2586498,50.2577164,50.2593243,50.2602700,50.2623978,50.2644269,50.2654103,50.2678911,50.2675280,50.2667489,50.2657738,50.2649979],"pointsy":[7.3225266,7.3213037,7.3231168,7.3237507,7.3215143,7.3236561,7.3245005,7.3251113,7.3257431,7.3267368,7.3279695,7.3292177,7.3323868,7.3337428,7.3360387,7.3390742,7.3391975,7.3409494,7.3416136,7.3433351,7.3445772,7.3446861,7.3458520,7.3466207,7.3470661,7.3478754,7.3483953,7.3493239,7.3512505,7.3523293,7.3525771,7.3547058,7.3560359,7.3585244,7.3570965,7.3532529,7.3514626,7.3495801,7.3483865,7.3455217,7.3432446,7.3414806,7.3375988,7.3406387,7.3378059,7.3345372,7.3325481,7.3357531,7.3331337,7.3309918,7.3332239,7.3311220,7.3304811,7.3285828,7.3262069,7.3251404]}}