{
  "numberOfPolygons": 1,
  "box": {
    "min": {
      "x": 50.2500960,
      "y": 7.4060802
    },
    "max": {
      "x": 50.2903982,
      "y": 7.4593266
    },
    "center": {
      "x": 50.2702471,
      "y": 7.4327034
    }
  },
  "polygons": [
    {
      "numberOfPoints": 97,
      "box": {
        "min": {
          "x": 50.2500960,
          "y": 7.4060802
        },
        "max": {
          "x": 50.2903982,
          "y": 7.4593266
        },
        "center": {
          "x": 50.2702471,
          "y": 7.4327034
        }
      },
      "pointsx": [
        50.2571963,
        50.2590636,
        50.2594845,
        50.2601628,
        50.2606577,
        50.2665103,
        50.2678749,
        50.2709779,
        50.2718419,
        50.2731282,
        50.2761366,
        50.2794245,
        50.2803325,
        50.2819566,
        50.2825548,
        50.2850106,
        50.2862040,
        50.2870232,
        50.2873453,
        50.2882867,
        50.2892737,
        50.2903982,
        50.2885908,
        50.2878607,
        50.2874542,
        50.2870227,
        50.2871389,
        50.2868651,
        50.2863507,
        50.2859939,
        50.2859872,
        50.2860735,
        50.2860325,
        50.2860501,
        50.2861619,
        50.2860665,
        50.2860735,
        50.2863727,
        50.2860735,
        50.2862554,
        50.2861008,
        50.2857005,
        50.2841272,
        50.2838700,
        50.2809244,
        50.2812705,
        50.2816273,
        50.2814820,
        50.2815401,
        50.2806938,
        50.2805776,
        50.2801336,
        50.2802799,
        50.2768921,
        50.2765336,
        50.2759276,
        50.2749236,
        50.2750224,
        50.2741577,
        50.2731189,
        50.2734874,
        50.2734188,
        50.2727550,
        50.2706485,
        50.2713463,
        50.2689514,
        50.2680859,
        50.2660835,
        50.2624415,
        50.2612891,
        50.2605677,
        50.2596270,
        50.2570537,
        50.2564951,
        50.2541445,
        50.2543773,
        50.2525619,
        50.2530972,
        50.2512352,
        50.2500960,
        50.2511964,
        50.2523349,
        50.2529342,
        50.2531946,
        50.2551542,
        50.2545724,
        50.2551542,
        50.2557361,
        50.2554103,
        50.2553172,
        50.2558408,
        50.2560619,
        50.2572605,
        50.2568532,
        50.2572488,
        50.2577725,
        50.2577957
      ],
      "pointsy": [
        7.4409104,
        7.4414060,
        7.4416953,
        7.4423403,
        7.4429319,
        7.4501160,
        7.4531527,
        7.4568735,
        7.4578552,
        7.4583484,
        7.4593266,
        7.4585021,
        7.4582966,
        7.4575030,
        7.4572705,
        7.4565098,
        7.4563768,
        7.4565791,
        7.4567818,
        7.4574403,
        7.4558574,
        7.4444417,
        7.4386731,
        7.4370110,
        7.4368422,
        7.4362319,
        7.4353879,
        7.4348685,
        7.4346088,
        7.4343491,
        7.4339417,
        7.4335084,
        7.4325535,
        7.4318832,
        7.4315303,
        7.4312836,
        7.4310017,
        7.4306253,
        7.4302396,
        7.4297805,
        7.4291531,
        7.4264003,
        7.4251732,
        7.4254513,
        7.4217376,
        7.4217732,
        7.4207928,
        7.4204941,
        7.4203643,
        7.4195202,
        7.4190787,
        7.4184100,
        7.4180714,
        7.4129288,
        7.4133802,
        7.4126961,
        7.4126988,
        7.4112468,
        7.4098096,
        7.4084968,
        7.4072106,
        7.4072723,
        7.4080593,
        7.4103789,
        7.4117472,
        7.4142768,
        7.4119840,
        7.4094791,
        7.4117413,
        7.4075726,
        7.4060802,
        7.4068728,
        7.4098295,
        7.4077546,
        7.4104483,
        7.4110307,
        7.4133603,
        7.4143068,
        7.4152532,
        7.4183624,
        7.4222609,
        7.4220511,
        7.4222786,
        7.4251427,
        7.4242513,
        7.4258530,
        7.4258166,
        7.4269450,
        7.4278732,
        7.4295841,
        7.4318227,
        7.4319319,
        7.4345528,
        7.4352626,
        7.4363546,
        7.4370462,
        7.4390483
      ]
    }
  ]
}