{"id":547363,"name":"Urbar","polygon":{"numberOfPoints":227,"box":{"min":{"x":50.3714293,"y":7.6129643},"max":{"x":50.3893805,"y":7.6645036},"center":{"x":50.3804049,"y":7.63873395},"area":{"x":0.0179512,"y":0.0515393}},"pointsx":[50.3893805,50.3873340,50.3857595,50.3858766,50.3863751,50.3892975,50.3888356,50.3885916,50.3882636,50.3879157,50.3877027,50.3875877,50.3871148,50.3862799,50.3849520,50.3847920,50.3847800,50.3846701,50.3845861,50.3844331,50.3842391,50.3840401,50.3838691,50.3837962,50.3838841,50.3843381,50.3846281,50.3850780,50.3854670,50.3856120,50.3856730,50.3851960,50.3848950,50.3847191,50.3845631,50.3834492,50.3832622,50.3832662,50.3834112,50.3837582,50.3842651,50.3844671,50.3841891,50.3837582,50.3837582,50.3825493,50.3823043,50.3819804,50.3816564,50.3816104,50.3811565,50.3811255,50.3812485,50.3812255,50.3812894,50.3812595,50.3813544,50.3813434,50.3814344,50.3815494,50.3817554,50.3818014,50.3818084,50.3818924,50.3818814,50.3819234,50.3820454,50.3821823,50.3824193,50.3824873,50.3823923,50.3822663,50.3821063,50.3820144,50.3809775,50.3805385,50.3804885,50.3803135,50.3800576,50.3796686,50.3798826,50.3798676,50.3797716,50.3794396,50.3791767,50.3787567,50.3787037,50.3785967,50.3785904,50.3785697,50.3784017,50.3783148,50.3780898,50.3780058,50.3778448,50.3774449,50.3770479,50.3769599,50.3767199,50.3766249,50.3763960,50.3759680,50.3758840,50.3757928,50.3755636,50.3754209,50.3751883,50.3746278,50.3745410,50.3743808,50.3741276,50.3738297,50.3737133,50.3739747,50.3739163,50.3740987,50.3739225,50.3736526,50.3734077,50.3732161,50.3727136,50.3724090,50.3726541,50.3720369,50.3715306,50.3715980,50.3717833,50.3727331,50.3734653,50.3735776,50.3736765,50.3737460,50.3738454,50.3739442,50.3735737,50.3736991,50.3737776,50.3738716,50.3740418,50.3741854,50.3743400,50.3745093,50.3747085,50.3748213,50.3749863,50.3750458,50.3751261,50.3752159,50.3753074,50.3755056,50.3756112,50.3756219,50.3756319,50.3755050,50.3755157,50.3755301,50.3755114,50.3755157,50.3755677,50.3755968,50.3756383,50.3756853,50.3757119,50.3757565,50.3758438,50.3756033,50.3755994,50.3756062,50.3748908,50.3748827,50.3748361,50.3748668,50.3748420,50.3747943,50.3747464,50.3746899,50.3746210,50.3745509,50.3744224,50.3742938,50.3742185,50.3741275,50.3740124,50.3731630,50.3731287,50.3730059,50.3729555,50.3727830,50.3725973,50.3719333,50.3714293,50.3718142,50.3719214,50.3720436,50.3722055,50.3724850,50.3729156,50.3730531,50.3733545,50.3735438,50.3735543,50.3735419,50.3735027,50.3734045,50.3734296,50.3734791,50.3735223,50.3735631,50.3738397,50.3742162,50.3743706,50.3746681,50.3745098,50.3746581,50.3747103,50.3748170,50.3748781,50.3749702,50.3751168,50.3751413,50.3756710,50.3770788,50.3790776,50.3792279,50.3811264,50.3833359,50.3858372],"pointsy":[7.6163923,7.6225918,7.6350513,7.6363133,7.6416840,7.6442796,7.6444175,7.6447805,7.6454354,7.6463183,7.6463193,7.6465902,7.6461653,7.6487639,7.6485890,7.6485680,7.6496288,7.6510066,7.6517515,7.6516755,7.6515725,7.6528393,7.6536512,7.6546221,7.6550730,7.6564028,7.6570107,7.6577316,7.6584295,7.6588125,7.6592184,7.6589724,7.6599673,7.6596973,7.6595174,7.6598843,7.6601993,7.6607882,7.6613051,7.6618450,7.6619320,7.6620660,7.6626669,7.6633508,7.6635658,7.6637767,7.6638317,7.6639827,7.6640337,7.6644477,7.6645036,7.6637228,7.6629509,7.6625239,7.6621470,7.6619450,7.6615111,7.6610631,7.6608352,7.6606972,7.6603872,7.6602543,7.6600113,7.6595594,7.6591124,7.6588875,7.6585615,7.6578266,7.6572367,7.6566358,7.6561949,7.6559399,7.6557639,7.6559369,7.6538942,7.6515745,7.6509996,7.6501527,7.6497018,7.6497778,7.6488889,7.6487030,7.6487090,7.6482820,7.6486900,7.6476341,7.6469672,7.6469732,7.6468089,7.6462673,7.6462963,7.6451095,7.6447315,7.6447375,7.6449145,7.6441746,7.6449815,7.6452475,7.6456904,7.6457144,7.6460644,7.6460893,7.6461323,7.6459289,7.6457855,7.6454547,7.6453096,7.6453429,7.6452818,7.6452901,7.6451289,7.6452384,7.6450958,7.6449461,7.6446559,7.6444973,7.6442614,7.6439265,7.6436825,7.6435171,7.6432396,7.6431456,7.6421528,7.6418342,7.6415792,7.6411448,7.6401395,7.6404251,7.6406958,7.6400200,7.6395760,7.6391098,7.6385689,7.6379643,7.6378363,7.6372294,7.6372324,7.6372036,7.6370773,7.6369113,7.6366637,7.6363062,7.6359475,7.6356871,7.6352131,7.6349945,7.6346321,7.6340871,7.6334471,7.6325876,7.6317673,7.6317257,7.6316265,7.6315671,7.6314628,7.6311056,7.6307932,7.6305202,7.6301191,7.6297763,7.6291986,7.6286571,7.6284789,7.6282928,7.6280863,7.6281270,7.6279923,7.6277273,7.6278789,7.6256454,7.6249744,7.6246200,7.6244595,7.6243024,7.6241768,7.6240501,7.6239138,7.6238019,7.6236439,7.6235208,7.6234651,7.6234376,7.6234376,7.6234787,7.6235023,7.6237593,7.6236967,7.6234697,7.6231452,7.6218724,7.6209703,7.6193731,7.6194070,7.6193674,7.6190586,7.6188147,7.6185078,7.6183500,7.6182760,7.6182106,7.6180955,7.6177054,7.6175281,7.6172944,7.6172699,7.6173896,7.6175105,7.6176910,7.6174907,7.6169861,7.6171619,7.6164924,7.6162999,7.6157855,7.6156366,7.6152352,7.6150426,7.6143036,7.6131620,7.6129643,7.6131652,7.6136931,7.6145429,7.6145776,7.6150559,7.6168060,7.6173600]}}