{
  "numberOfPolygons": 1,
  "box": {
    "min": {
      "x": 50.3045298,
      "y": 7.0416835
    },
    "max": {
      "x": 50.3343049,
      "y": 7.0906168
    },
    "center": {
      "x": 50.31941735,
      "y": 7.06615015
    }
  },
  "polygons": [
    {
      "numberOfPoints": 17,
      "box": {
        "min": {
          "x": 50.3045298,
          "y": 7.0416835
        },
        "max": {
          "x": 50.3343049,
          "y": 7.0906168
        },
        "center": {
          "x": 50.31941735,
          "y": 7.06615015
        }
      },
      "pointsx": [
        50.3152268,
        50.3257842,
        50.3343049,
        50.3334468,
        50.3295152,
        50.3281585,
        50.3299623,
        50.3228715,
        50.3156826,
        50.3061826,
        50.3059974,
        50.3045298,
        50.3048191,
        50.3051207,
        50.3051418,
        50.3055571,
        50.3120459
      ],
      "pointsy": [
        7.0421611,
        7.0416835,
        7.0505922,
        7.0596564,
        7.0601466,
        7.0702415,
        7.0782084,
        7.0791974,
        7.0801999,
        7.0852058,
        7.0906168,
        7.0818850,
        7.0707474,
        7.0591397,
        7.0575691,
        7.0568061,
        7.0448844
      ]
    }
  ]
}