{
  "id": 548043,
  "name": "Hirten",
  "polygon": {
    "numberOfPoints": 10,
    "box": {
      "min": {
        "x": 50.3155891,
        "y": 7.0936289
      },
      "max": {
        "x": 50.3377880,
        "y": 7.1282356
      },
      "center": {
        "x": 50.32668855,
        "y": 7.11093225
      },
      "area": {
        "x": 0.0221989,
        "y": 0.0346067
      }
    },
    "pointsx": [
      50.3332897,
      50.3377880,
      50.3281498,
      50.3206349,
      50.3155891,
      50.3180371,
      50.3209051,
      50.3227509,
      50.3260589,
      50.3316018
    ],
    "pointsy": [
      7.0936289,
      7.1040156,
      7.1223389,
      7.1282356,
      7.1180229,
      7.1146169,
      7.1106225,
      7.1080870,
      7.0979466,
      7.0946368
    ]
  }
}