{
  "numberOfPolygons": 1,
  "box": {
    "min": {
      "x": 50.2894360,
      "y": 7.0164279
    },
    "max": {
      "x": 50.3152268,
      "y": 7.0575691
    },
    "center": {
      "x": 50.3023314,
      "y": 7.0369985
    }
  },
  "polygons": [
    {
      "numberOfPoints": 26,
      "box": {
        "min": {
          "x": 50.2894360,
          "y": 7.0164279
        },
        "max": {
          "x": 50.3152268,
          "y": 7.0575691
        },
        "center": {
          "x": 50.3023314,
          "y": 7.0369985
        }
      },
      "pointsx": [
        50.2894360,
        50.2895540,
        50.2904089,
        50.2901989,
        50.2907179,
        50.2909118,
        50.2910798,
        50.2914238,
        50.2915338,
        50.2915498,
        50.2917627,
        50.2921297,
        50.2922207,
        50.2923317,
        50.2926516,
        50.2929536,
        50.2931516,
        50.2935255,
        50.2935525,
        50.2987435,
        50.3073541,
        50.3135490,
        50.3152268,
        50.3120459,
        50.3055571,
        50.3051418
      ],
      "pointsy": [
        7.0421276,
        7.0402929,
        7.0371613,
        7.0367494,
        7.0342647,
        7.0325520,
        7.0310842,
        7.0300244,
        7.0290445,
        7.0265539,
        7.0257800,
        7.0257510,
        7.0241542,
        7.0228124,
        7.0218735,
        7.0200038,
        7.0186180,
        7.0171942,
        7.0166993,
        7.0164279,
        7.0251291,
        7.0377078,
        7.0421611,
        7.0448844,
        7.0568061,
        7.0575691
      ]
    }
  ]
}