{"id":548045,"name":"Kirchwald","polygon":{"numberOfPoints":61,"box":{"min":{"x":50.3529626,"y":7.1120737},"max":{"x":50.3837155,"y":7.1804640},"center":{"x":50.36833905,"y":7.14626885},"area":{"x":0.0307529,"y":0.0683903}},"pointsx":[50.3743781,50.3788157,50.3785809,50.3815073,50.3837155,50.3826773,50.3816844,50.3801284,50.3792955,50.3782216,50.3774921,50.3765777,50.3737502,50.3734433,50.3734214,50.3722644,50.3709383,50.3698382,50.3697374,50.3689391,50.3678928,50.3678308,50.3673752,50.3677131,50.3664223,50.3655234,50.3647373,50.3637451,50.3631169,50.3624614,50.3611629,50.3615517,50.3609463,50.3599706,50.3602118,50.3585673,50.3585673,50.3585235,50.3588414,50.3593786,50.3597514,50.3598500,50.3601022,50.3604420,50.3609354,50.3612971,50.3618233,50.3621851,50.3627771,50.3632375,50.3636869,50.3633033,50.3632715,50.3632334,50.3632005,50.3625647,50.3621756,50.3614411,50.3604135,50.3529626,50.3597533],"pointsy":[7.1120737,7.1238536,7.1309635,7.1388693,7.1512680,7.1551348,7.1597409,7.1610125,7.1623529,7.1643119,7.1692642,7.1733132,7.1728664,7.1731069,7.1753753,7.1779368,7.1804640,7.1790340,7.1781470,7.1775515,7.1769804,7.1760569,7.1736982,7.1727462,7.1711623,7.1731213,7.1716694,7.1737108,7.1744364,7.1731329,7.1727841,7.1720108,7.1708256,7.1700351,7.1685916,7.1675090,7.1664951,7.1654297,7.1648626,7.1645017,7.1634707,7.1618553,7.1604634,7.1592433,7.1581778,7.1579029,7.1566312,7.1551190,7.1543973,7.1537614,7.1531084,7.1529194,7.1520726,7.1511549,7.1498317,7.1493677,7.1517907,7.1529335,7.1517754,7.1319664,7.1146705]}}