{"id":548051,"name":"Monreal","polygon":{"numberOfPoints":149,"box":{"min":{"x":50.2632020,"y":7.1200623},"max":{"x":50.3094599,"y":7.2029239},"center":{"x":50.28633095,"y":7.1614931},"area":{"x":0.0462579,"y":0.0828616}},"pointsx":[50.2759626,50.2759706,50.2757676,50.2747037,50.2741808,50.2736808,50.2735819,50.2732499,50.2718691,50.2711141,50.2703362,50.2695573,50.2692443,50.2684364,50.2678335,50.2670246,50.2662387,50.2657357,50.2647359,50.2645259,50.2639499,50.2635530,50.2632370,50.2632020,50.2635880,50.2643319,50.2646709,50.2653388,50.2657847,50.2662507,50.2670816,50.2668916,50.2665477,50.2660937,50.2658227,50.2655098,50.2648538,50.2646669,50.2648958,50.2649378,50.2649728,50.2650338,50.2660857,50.2661667,50.2667006,50.2670973,50.2673756,50.2680665,50.2674596,50.2681305,50.2683595,50.2697563,50.2700153,50.2709692,50.2718961,50.2723380,50.2728460,50.2734749,50.2738149,50.2740058,50.2743948,50.2748147,50.2753107,50.2758666,50.2756537,50.2750657,50.2751385,50.2753487,50.2760956,50.2764506,50.2761076,50.2760316,50.2759436,50.2759953,50.2762296,50.2772905,50.2781024,50.2774695,50.2776794,50.2792693,50.2794572,50.2797772,50.2801742,50.2802082,50.2811081,50.2808071,50.2796322,50.2788123,50.2783844,50.2782054,50.2780374,50.2792503,50.2797242,50.2798802,50.2801322,50.2809371,50.2809901,50.2809101,50.2807921,50.2806321,50.2803571,50.2799492,50.2792963,50.2789493,50.2787133,50.2783464,50.2777174,50.2774695,50.2772365,50.2770645,50.2766226,50.2763516,50.2754897,50.2747718,50.2743068,50.2744748,50.2746998,50.2749668,50.2753097,50.2760506,50.2762406,50.2764586,50.2766296,50.2767406,50.2770425,50.2770955,50.2776795,50.2777934,50.2780034,50.2782134,50.2788573,50.2790833,50.2792543,50.2794113,50.2794953,50.2795483,50.2805620,50.2830565,50.2841516,50.2932188,50.3094599,50.3028785,50.3043313,50.2975592,50.2965020,50.2933861,50.2931242,50.2816562,50.2777996],"pointsy":[7.1237507,7.1242997,7.1249316,7.1242147,7.1240817,7.1245216,7.1237038,7.1231248,7.1217890,7.1213661,7.1208192,7.1201493,7.1200623,7.1202093,7.1201153,7.1201393,7.1205322,7.1213001,7.1223020,7.1224200,7.1226129,7.1228509,7.1235798,7.1245187,7.1256705,7.1269943,7.1269593,7.1284851,7.1284531,7.1290750,7.1296229,7.1305178,7.1312057,7.1324235,7.1335204,7.1337183,7.1339103,7.1345612,7.1353421,7.1364059,7.1369049,7.1378367,7.1395285,7.1396575,7.1417542,7.1426680,7.1425430,7.1442738,7.1449147,7.1462395,7.1466894,7.1488431,7.1485632,7.1505019,7.1522766,7.1523266,7.1515207,7.1510018,7.1509278,7.1502759,7.1505698,7.1504969,7.1502619,7.1491681,7.1501049,7.1514417,7.1516427,7.1522226,7.1533424,7.1550242,7.1553861,7.1558321,7.1563220,7.1563453,7.1564510,7.1570269,7.1574688,7.1584367,7.1585617,7.1598135,7.1599615,7.1615202,7.1624381,7.1625111,7.1633540,7.1644838,7.1658516,7.1669115,7.1676654,7.1681343,7.1688062,7.1701020,7.1704539,7.1706369,7.1710948,7.1730096,7.1733025,7.1738414,7.1740644,7.1742394,7.1744354,7.1746493,7.1749253,7.1750283,7.1752023,7.1758232,7.1766620,7.1768810,7.1770320,7.1767800,7.1762041,7.1759711,7.1755422,7.1763791,7.1767270,7.1772050,7.1776859,7.1782328,7.1787597,7.1796806,7.1804535,7.1807055,7.1808464,7.1810744,7.1814224,7.1817383,7.1823172,7.1825232,7.1832281,7.1835730,7.1841530,7.1844519,7.1847269,7.1850238,7.1852728,7.1856587,7.1856280,7.1812107,7.1792714,7.2029239,7.1699582,7.1496371,7.1473625,7.1463436,7.1461845,7.1425151,7.1422052,7.1286337,7.1240705]}}