{"id":548503,"name":"Bredenbek","polygon":{"numberOfPoints":132,"box":{"min":{"x":54.2958816,"y":9.8051974},"max":{"x":54.3317713,"y":9.9103324},"center":{"x":54.31382645,"y":9.8577649},"area":{"x":0.0358897,"y":0.1051350}},"pointsx":[54.3208493,54.3214330,54.3217649,54.3217790,54.3216589,54.3221321,54.3243376,54.3245880,54.3249290,54.3277168,54.3290916,54.3298286,54.3317713,54.3317713,54.3304338,54.3303013,54.3301574,54.3297820,54.3291767,54.3287247,54.3271357,54.3270256,54.3269245,54.3241400,54.3240080,54.3237135,54.3200386,54.3190054,54.3182666,54.3170471,54.3169979,54.3169707,54.3171794,54.3171011,54.3168023,54.3167716,54.3167473,54.3157090,54.3157616,54.3150334,54.3148251,54.3152476,54.3151369,54.3154764,54.3165767,54.3168830,54.3178034,54.3179898,54.3195085,54.3205741,54.3202685,54.3192565,54.3191129,54.3165631,54.3160232,54.3157622,54.3145894,54.3143689,54.3137248,54.3128657,54.3121774,54.3114225,54.3107151,54.3099728,54.3082084,54.3074931,54.3066393,54.3061128,54.3052874,54.3047003,54.3038927,54.3029226,54.3029491,54.3032185,54.3032256,54.3029937,54.3032192,54.3033608,54.3036351,54.3040550,54.3042561,54.3035720,54.3000447,54.2986547,54.2975611,54.2975857,54.2976464,54.2977055,54.2976597,54.2976124,54.2973610,54.2973018,54.2970977,54.2970400,54.2967679,54.2966897,54.2967561,54.2969677,54.2970642,54.2972457,54.2972221,54.2982616,54.2981285,54.2982289,54.2981745,54.2981915,54.2984729,54.3007292,54.2958816,54.3003726,54.3012971,54.3075385,54.3084286,54.3154269,54.3139745,54.3180712,54.3189964,54.3192545,54.3195420,54.3196391,54.3197521,54.3194626,54.3194343,54.3196886,54.3196744,54.3199146,54.3204725,54.3206702,54.3206067,54.3202041,54.3202889,54.3207832],"pointsy":[9.9103324,9.9098175,9.9095148,9.9088246,9.9079165,9.9060154,9.9046056,9.8958971,9.8840355,9.8841804,9.8771897,9.8734607,9.8734607,9.8698392,9.8694576,9.8680833,9.8651972,9.8635450,9.8611931,9.8594144,9.8622626,9.8623290,9.8622682,9.8634609,9.8605185,9.8595318,9.8561658,9.8563659,9.8547306,9.8526743,9.8526605,9.8526053,9.8520647,9.8514370,9.8516301,9.8514909,9.8513802,9.8516478,9.8508541,9.8500185,9.8481933,9.8473781,9.8466378,9.8456825,9.8463021,9.8421324,9.8408266,9.8361739,9.8310231,9.8299535,9.8284147,9.8287530,9.8274483,9.8275920,9.8140151,9.8110140,9.8067505,9.8058490,9.8059612,9.8051974,9.8057103,9.8056062,9.8055087,9.8067659,9.8069868,9.8065144,9.8063193,9.8067339,9.8066607,9.8100029,9.8099534,9.8108956,9.8120878,9.8126029,9.8135541,9.8143712,9.8158982,9.8164566,9.8166386,9.8168414,9.8174090,9.8192865,9.8197709,9.8203994,9.8216313,9.8218002,9.8224210,9.8227150,9.8230672,9.8232142,9.8235285,9.8235589,9.8235386,9.8236425,9.8242456,9.8244901,9.8255331,9.8260511,9.8261654,9.8263806,9.8282406,9.8334059,9.8359824,9.8377385,9.8385556,9.8393448,9.8437237,9.8515295,9.8593868,9.8627819,9.8677615,9.8753821,9.8847372,9.8858689,9.8978651,9.8964497,9.8977211,9.8990443,9.8992771,9.8993557,9.9000217,9.9004334,9.9008693,9.9012810,9.9019470,9.9025766,9.9030488,9.9041870,9.9053616,9.9072142,9.9088609,9.9097812]}}