{"id":548554,"name":"Bokel","polygon":{"numberOfPoints":121,"box":{"min":{"x":54.1994767,"y":9.7338143},"max":{"x":54.2466519,"y":9.8380036},"center":{"x":54.2230643,"y":9.78590895},"area":{"x":0.0471752,"y":0.1041893}},"pointsx":[54.2210792,54.2209449,54.2235969,54.2466519,54.2462228,54.2449088,54.2454239,54.2440925,54.2440428,54.2429479,54.2433908,54.2435841,54.2345334,54.2344957,54.2344670,54.2344327,54.2344406,54.2346044,54.2345912,54.2347656,54.2347286,54.2346731,54.2346256,54.2345410,54.2344116,54.2337828,54.2335856,54.2334370,54.2334954,54.2337891,54.2338016,54.2335110,54.2334301,54.2332207,54.2330986,54.2329922,54.2326803,54.2326002,54.2326504,54.2328229,54.2322895,54.2319091,54.2314652,54.2309527,54.2307863,54.2299558,54.2298396,54.2296176,54.2285703,54.2284321,54.2281518,54.2273410,54.2271990,54.2270308,54.2264143,54.2262798,54.2260929,54.2259696,54.2255436,54.2254166,54.2247122,54.2245636,54.2243609,54.2243616,54.2243618,54.2242202,54.2241978,54.2240848,54.2238461,54.2236826,54.2231775,54.2231401,54.2231251,54.2236483,54.2237829,54.2238651,54.2239734,54.2239548,54.2236745,54.2233456,54.2231476,54.2230205,54.2228561,54.2225945,54.2218134,54.2216527,54.2214845,54.2211930,54.2210398,54.2207969,54.2205502,54.2197438,54.2193549,54.2190385,54.2185838,54.2182773,54.2183267,54.2183814,54.2181476,54.2153592,54.2152054,54.2152760,54.2144456,54.2141160,54.1994767,54.2033744,54.2028661,54.2055774,54.2103217,54.2134561,54.2176066,54.2176913,54.2161667,54.2161667,54.2172678,54.2160820,54.2152349,54.2156585,54.2176066,54.2175219,54.2186230],"pointsy":[9.8281532,9.8204704,9.8186277,9.7677337,9.7674363,9.7665141,9.7591759,9.7585093,9.7584068,9.7561465,9.7545424,9.7538425,9.7513279,9.7512664,9.7495089,9.7479947,9.7477190,9.7467246,9.7460782,9.7446319,9.7441754,9.7435697,9.7432894,9.7430092,9.7427154,9.7417753,9.7415351,9.7412630,9.7400867,9.7390871,9.7386167,9.7379432,9.7372883,9.7367945,9.7364198,9.7357901,9.7352885,9.7349918,9.7345352,9.7340972,9.7339720,9.7345506,9.7344240,9.7344240,9.7338143,9.7340952,9.7341675,9.7343800,9.7355556,9.7357729,9.7363099,9.7371089,9.7372111,9.7372495,9.7373646,9.7374924,9.7377289,9.7379846,9.7396785,9.7400045,9.7412600,9.7415946,9.7421875,9.7429244,9.7430600,9.7437106,9.7441132,9.7446208,9.7456935,9.7474130,9.7483036,9.7487575,9.7492625,9.7501062,9.7509436,9.7512057,9.7515636,9.7523051,9.7526503,9.7529955,9.7534429,9.7535196,9.7535516,9.7534621,9.7529380,9.7530211,9.7531745,9.7532640,9.7535260,9.7539415,9.7542995,9.7524701,9.7511867,9.7515249,9.7525563,9.7532158,9.7549066,9.7553445,9.7598143,9.7586429,9.7608049,9.7621393,9.7623452,9.7624270,9.7991812,9.8013541,9.8090317,9.8154055,9.8152606,9.8172887,9.8171438,9.8190270,9.8201859,9.8227934,9.8240971,9.8277186,9.8285877,9.8365550,9.8380036,9.8327887,9.8290223]}}