{
  "id": 548517,
  "name": "Schmalstede",
  "polygon": {
    "numberOfPoints": 112,
    "box": {
      "min": {
        "x": 54.1808994,
        "y": 10.0093521
      },
      "max": {
        "x": 54.2106402,
        "y": 10.0514278
      },
      "center": {
        "x": 54.1957698,
        "y": 10.03038995
      },
      "area": {
        "x": 0.0297408,
        "y": 0.0420757
      }
    },
    "pointsx": [
      54.2100205,
      54.2095473,
      54.2100498,
      54.2092583,
      54.2090196,
      54.2106402,
      54.2106190,
      54.2093588,
      54.2080899,
      54.2059666,
      54.2044715,
      54.2035885,
      54.2034915,
      54.2033183,
      54.2026251,
      54.2025993,
      54.2021470,
      54.2034160,
      54.2033934,
      54.1963758,
      54.1945534,
      54.1917908,
      54.1898569,
      54.1903616,
      54.1894928,
      54.1901010,
      54.1907079,
      54.1889720,
      54.1894928,
      54.1875700,
      54.1871059,
      54.1851963,
      54.1808994,
      54.1836276,
      54.1868889,
      54.1878115,
      54.1876986,
      54.1876780,
      54.1876783,
      54.1876657,
      54.1876306,
      54.1876564,
      54.1877182,
      54.1877758,
      54.1879302,
      54.1879965,
      54.1880813,
      54.1881200,
      54.1883640,
      54.1884985,
      54.1885501,
      54.1886813,
      54.1887069,
      54.1887040,
      54.1887312,
      54.1887752,
      54.1888531,
      54.1888976,
      54.1890477,
      54.1892284,
      54.1893251,
      54.1894030,
      54.1894781,
      54.1894998,
      54.1893433,
      54.1894325,
      54.1896075,
      54.1896926,
      54.1897688,
      54.1902002,
      54.1908593,
      54.1910045,
      54.1912850,
      54.1917008,
      54.1918564,
      54.1929211,
      54.1932147,
      54.1936158,
      54.1940054,
      54.1943480,
      54.1945755,
      54.1954549,
      54.1959849,
      54.1976407,
      54.1977048,
      54.1978184,
      54.1982472,
      54.1983507,
      54.1984456,
      54.1985714,
      54.1986909,
      54.1991498,
      54.1992522,
      54.1995703,
      54.1997535,
      54.2000849,
      54.2004193,
      54.2006686,
      54.2011552,
      54.2013596,
      54.2014813,
      54.2020070,
      54.2022379,
      54.2028756,
      54.2035190,
      54.2051572,
      54.2063349,
      54.2068321,
      54.2072821,
      54.2076786,
      54.2091340,
      54.2096319
    ],
    "pointsy": [
      10.0347744,
      10.0329994,
      10.0328061,
      10.0299275,
      10.0286172,
      10.0285097,
      10.0276942,
      10.0277149,
      10.0284453,
      10.0296483,
      10.0296483,
      10.0301279,
      10.0293286,
      10.0279019,
      10.0221917,
      10.0219793,
      10.0106584,
      10.0102287,
      10.0093521,
      10.0108053,
      10.0125853,
      10.0124857,
      10.0139173,
      10.0226914,
      10.0230153,
      10.0245331,
      10.0259820,
      10.0293196,
      10.0359206,
      10.0372351,
      10.0375523,
      10.0348822,
      10.0431149,
      10.0468309,
      10.0512734,
      10.0514278,
      10.0509907,
      10.0505171,
      10.0501134,
      10.0499549,
      10.0496544,
      10.0495050,
      10.0491653,
      10.0490926,
      10.0489942,
      10.0488957,
      10.0486600,
      10.0485822,
      10.0483019,
      10.0480759,
      10.0479016,
      10.0476790,
      10.0475607,
      10.0472133,
      10.0469229,
      10.0467045,
      10.0466135,
      10.0466061,
      10.0465986,
      10.0468094,
      10.0468137,
      10.0467277,
      10.0465035,
      10.0461886,
      10.0452781,
      10.0449237,
      10.0446696,
      10.0446527,
      10.0446903,
      10.0459456,
      10.0473013,
      10.0473200,
      10.0469063,
      10.0465904,
      10.0465819,
      10.0470890,
      10.0471320,
      10.0469426,
      10.0468697,
      10.0466335,
      10.0465995,
      10.0463413,
      10.0485849,
      10.0485256,
      10.0467686,
      10.0467869,
      10.0466198,
      10.0465089,
      10.0463617,
      10.0461274,
      10.0460219,
      10.0462943,
      10.0462441,
      10.0456189,
      10.0445554,
      10.0440020,
      10.0438154,
      10.0431654,
      10.0422711,
      10.0417254,
      10.0411207,
      10.0403455,
      10.0397154,
      10.0388082,
      10.0387715,
      10.0385925,
      10.0383560,
      10.0383856,
      10.0382640,
      10.0377757,
      10.0368223,
      10.0360930
    ]
  }
}