{
  "id": 548571,
  "name": "Büdelsdorf",
  "polygon": {
    "numberOfPoints": 80,
    "box": {
      "min": {
        "x": 54.3074589,
        "y": 9.6534295
      },
      "max": {
        "x": 54.3301026,
        "y": 9.7173146
      },
      "center": {
        "x": 54.31878075,
        "y": 9.68537205
      },
      "area": {
        "x": 0.0226437,
        "y": 0.0638851
      }
    },
    "pointsx": [
      54.3269408,
      54.3264322,
      54.3260576,
      54.3248661,
      54.3239969,
      54.3274365,
      54.3276473,
      54.3279172,
      54.3279013,
      54.3282951,
      54.3285623,
      54.3295260,
      54.3296778,
      54.3299571,
      54.3301026,
      54.3277009,
      54.3263647,
      54.3263424,
      54.3263408,
      54.3263037,
      54.3262753,
      54.3262086,
      54.3261801,
      54.3256066,
      54.3249164,
      54.3241713,
      54.3234386,
      54.3225805,
      54.3185309,
      54.3170358,
      54.3156435,
      54.3151442,
      54.3153336,
      54.3152287,
      54.3142447,
      54.3137526,
      54.3133095,
      54.3132211,
      54.3131221,
      54.3114206,
      54.3111515,
      54.3114341,
      54.3111608,
      54.3099739,
      54.3096590,
      54.3093153,
      54.3091785,
      54.3086372,
      54.3079086,
      54.3074589,
      54.3077264,
      54.3080452,
      54.3086600,
      54.3100148,
      54.3104246,
      54.3107573,
      54.3103555,
      54.3096520,
      54.3107206,
      54.3111873,
      54.3112971,
      54.3120298,
      54.3127469,
      54.3124623,
      54.3124737,
      54.3141463,
      54.3155700,
      54.3176417,
      54.3217959,
      54.3246927,
      54.3252184,
      54.3255768,
      54.3264445,
      54.3256145,
      54.3255237,
      54.3264874,
      54.3266528,
      54.3266640,
      54.3269105,
      54.3260724
    ],
    "pointsy": [
      9.6883924,
      9.6864245,
      9.6859711,
      9.6857822,
      9.6808720,
      9.6791282,
      9.6807363,
      9.6799445,
      9.6788395,
      9.6782526,
      9.6781088,
      9.6771867,
      9.6767785,
      9.6751477,
      9.6747786,
      9.6699772,
      9.6666081,
      9.6644449,
      9.6643646,
      9.6624462,
      9.6609786,
      9.6575295,
      9.6560553,
      9.6564143,
      9.6568463,
      9.6570029,
      9.6571569,
      9.6568381,
      9.6559371,
      9.6555793,
      9.6534295,
      9.6541240,
      9.6547782,
      9.6549989,
      9.6557597,
      9.6561772,
      9.6567001,
      9.6577348,
      9.6578382,
      9.6596158,
      9.6601261,
      9.6604666,
      9.6611807,
      9.6604431,
      9.6609372,
      9.6613373,
      9.6620714,
      9.6643809,
      9.6654346,
      9.6676094,
      9.6710742,
      9.6727719,
      9.6744696,
      9.6776699,
      9.6786066,
      9.6802389,
      9.6826972,
      9.6850666,
      9.6883830,
      9.6891051,
      9.6914565,
      9.6983742,
      9.7013403,
      9.7057895,
      9.7072335,
      9.7084283,
      9.7093020,
      9.7121901,
      9.7143354,
      9.7171638,
      9.7173146,
      9.7128312,
      9.7019780,
      9.7008793,
      9.7003597,
      9.6961480,
      9.6960039,
      9.6959343,
      9.6943999,
      9.6939394
    ]
  }
}