{
  "id": 548569,
  "name": "Osterrönfeld",
  "polygon": {
    "numberOfPoints": 150,
    "box": {
      "min": {
        "x": 54.2516471,
        "y": 9.6666396
      },
      "max": {
        "x": 54.2993489,
        "y": 9.7594552
      },
      "center": {
        "x": 54.2754980,
        "y": 9.7130474
      },
      "area": {
        "x": 0.0477018,
        "y": 0.0928156
      }
    },
    "pointsx": [
      54.2992143,
      54.2975773,
      54.2959226,
      54.2952992,
      54.2943094,
      54.2934551,
      54.2928821,
      54.2922774,
      54.2922069,
      54.2913802,
      54.2905158,
      54.2902339,
      54.2902037,
      54.2895796,
      54.2893747,
      54.2889628,
      54.2881374,
      54.2859914,
      54.2861878,
      54.2837599,
      54.2837744,
      54.2832043,
      54.2823532,
      54.2828855,
      54.2821486,
      54.2818740,
      54.2800157,
      54.2799985,
      54.2787582,
      54.2780269,
      54.2773830,
      54.2770353,
      54.2766446,
      54.2751576,
      54.2749992,
      54.2747388,
      54.2740734,
      54.2742416,
      54.2741945,
      54.2734878,
      54.2730487,
      54.2726663,
      54.2726254,
      54.2721462,
      54.2719397,
      54.2706782,
      54.2699873,
      54.2691726,
      54.2698104,
      54.2703011,
      54.2694565,
      54.2696168,
      54.2693691,
      54.2698214,
      54.2696804,
      54.2699321,
      54.2698657,
      54.2692523,
      54.2689970,
      54.2655764,
      54.2648485,
      54.2637988,
      54.2626152,
      54.2612463,
      54.2580551,
      54.2560943,
      54.2556858,
      54.2566291,
      54.2524231,
      54.2516471,
      54.2516864,
      54.2520463,
      54.2520937,
      54.2533129,
      54.2544337,
      54.2565692,
      54.2586516,
      54.2589621,
      54.2592131,
      54.2597652,
      54.2599156,
      54.2616959,
      54.2617633,
      54.2615395,
      54.2613146,
      54.2611957,
      54.2611511,
      54.2611176,
      54.2625266,
      54.2627566,
      54.2663400,
      54.2666535,
      54.2668616,
      54.2676216,
      54.2682730,
      54.2687877,
      54.2691509,
      54.2692279,
      54.2692079,
      54.2692053,
      54.2691897,
      54.2692752,
      54.2694500,
      54.2696608,
      54.2735837,
      54.2745627,
      54.2753032,
      54.2773219,
      54.2775624,
      54.2799850,
      54.2794062,
      54.2789833,
      54.2791970,
      54.2835107,
      54.2865114,
      54.2876653,
      54.2887293,
      54.2890258,
      54.2903907,
      54.2920037,
      54.2930544,
      54.2933297,
      54.2937523,
      54.2939089,
      54.2942149,
      54.2946775,
      54.2945423,
      54.2955475,
      54.2956953,
      54.2958747,
      54.2957736,
      54.2962362,
      54.2961404,
      54.2969154,
      54.2988371,
      54.2985293,
      54.2980626,
      54.2980243,
      54.2980482,
      54.2963230,
      54.2962716,
      54.2962905,
      54.2984431,
      54.2988365,
      54.2993489,
      54.2992066,
      54.2993489,
      54.2988792,
      54.2984949,
      54.2983384
    ],
    "pointsy": [
      9.7036213,
      9.7002417,
      9.6948190,
      9.6918286,
      9.6866256,
      9.6818337,
      9.6787688,
      9.6746592,
      9.6736244,
      9.6679811,
      9.6677951,
      9.6673467,
      9.6666396,
      9.6667776,
      9.6672732,
      9.6685200,
      9.6740625,
      9.6743069,
      9.6790393,
      9.6792036,
      9.6779928,
      9.6779468,
      9.6783529,
      9.6807246,
      9.6809305,
      9.6809134,
      9.6805868,
      9.6809354,
      9.6807895,
      9.6809166,
      9.6810285,
      9.6801399,
      9.6806467,
      9.6802239,
      9.6796736,
      9.6791464,
      9.6778895,
      9.6766528,
      9.6762269,
      9.6757865,
      9.6756902,
      9.6762700,
      9.6763084,
      9.6764108,
      9.6765972,
      9.6788018,
      9.6792926,
      9.6881498,
      9.6885569,
      9.6913395,
      9.6923008,
      9.6943482,
      9.6946233,
      9.7004775,
      9.7006672,
      9.7011329,
      9.7012961,
      9.7002792,
      9.6999475,
      9.6976653,
      9.6973981,
      9.6970827,
      9.6962884,
      9.6963253,
      9.6989690,
      9.6970335,
      9.6997018,
      9.7101568,
      9.7107511,
      9.7101775,
      9.7123799,
      9.7194233,
      9.7203516,
      9.7389303,
      9.7563090,
      9.7566854,
      9.7553659,
      9.7554224,
      9.7554157,
      9.7554366,
      9.7555970,
      9.7554271,
      9.7555539,
      9.7559111,
      9.7566717,
      9.7571791,
      9.7577070,
      9.7589561,
      9.7594552,
      9.7549165,
      9.7529230,
      9.7526447,
      9.7529884,
      9.7524919,
      9.7513993,
      9.7501645,
      9.7494572,
      9.7492274,
      9.7484816,
      9.7484280,
      9.7481107,
      9.7480010,
      9.7483414,
      9.7482125,
      9.7417694,
      9.7400321,
      9.7394309,
      9.7373417,
      9.7373475,
      9.7374054,
      9.7361517,
      9.7338406,
      9.7335679,
      9.7323222,
      9.7311445,
      9.7312368,
      9.7315477,
      9.7314592,
      9.7302370,
      9.7297077,
      9.7300475,
      9.7300301,
      9.7296462,
      9.7298901,
      9.7297437,
      9.7292437,
      9.7290120,
      9.7279876,
      9.7278413,
      9.7276415,
      9.7273169,
      9.7268901,
      9.7265149,
      9.7259371,
      9.7252407,
      9.7240111,
      9.7219643,
      9.7219436,
      9.7218925,
      9.7134892,
      9.7134394,
      9.7133305,
      9.7132078,
      9.7116935,
      9.7109618,
      9.7084130,
      9.7074374,
      9.7063155,
      9.7052911,
      9.7044009
    ]
  }
}