{"id":548512,"name":"Techelsdorf","polygon":{"numberOfPoints":104,"box":{"min":{"x":54.1976407,"y":10.0302007},"max":{"x":54.2236584,"y":10.0687029},"center":{"x":54.21064955,"y":10.0494518},"area":{"x":0.0260177,"y":0.0385022}},"pointsx":[54.2088978,54.2097306,54.2097762,54.2100050,54.2120880,54.2123704,54.2121551,54.2121616,54.2122334,54.2122852,54.2135797,54.2140676,54.2190271,54.2206335,54.2218420,54.2220775,54.2225069,54.2235560,54.2225686,54.2233804,54.2234711,54.2236130,54.2236584,54.2236155,54.2234834,54.2231911,54.2229690,54.2228873,54.2226082,54.2224845,54.2223815,54.2222754,54.2217763,54.2216465,54.2214758,54.2211121,54.2209897,54.2195934,54.2193114,54.2191105,54.2189049,54.2184229,54.2182444,54.2175432,54.2170526,54.2168948,54.2163860,54.2162778,54.2163851,54.2163031,54.2156900,54.2154830,54.2153535,54.2149009,54.2145541,54.2141505,54.2136034,54.2134685,54.2134087,54.2132077,54.2130129,54.2129147,54.2124488,54.2118136,54.2110301,54.2104019,54.2100205,54.2096319,54.2091340,54.2076786,54.2072821,54.2068321,54.2063349,54.2051572,54.2035190,54.2028756,54.2022379,54.2020070,54.2014813,54.2013596,54.2011552,54.2006686,54.2004193,54.2000849,54.1997535,54.1995703,54.1992522,54.1991498,54.1986909,54.1985714,54.1984456,54.1983507,54.1982472,54.1978184,54.1977048,54.1976407,54.1992527,54.2026398,54.2033773,54.2053901,54.2055135,54.2062755,54.2072241,54.2073682],"pointsy":[10.0658683,10.0643436,10.0643657,10.0644767,10.0654872,10.0665033,10.0677970,10.0682758,10.0683497,10.0682452,10.0660909,10.0653603,10.0572759,10.0524566,10.0540929,10.0519811,10.0500870,10.0466130,10.0451235,10.0398120,10.0394290,10.0370892,10.0361717,10.0350187,10.0334309,10.0334156,10.0335144,10.0336428,10.0342403,10.0342970,10.0342550,10.0339900,10.0331161,10.0330197,10.0328930,10.0329260,10.0327935,10.0302694,10.0302007,10.0302940,10.0307149,10.0327767,10.0330399,10.0329585,10.0324755,10.0324480,10.0328671,10.0331577,10.0338734,10.0340473,10.0342682,10.0344071,10.0344164,10.0342631,10.0340345,10.0340239,10.0341124,10.0342578,10.0351083,10.0362219,10.0366145,10.0365308,10.0353617,10.0357422,10.0354873,10.0344132,10.0347744,10.0360930,10.0368223,10.0377757,10.0382640,10.0383856,10.0383560,10.0385925,10.0387715,10.0388082,10.0397154,10.0403455,10.0411207,10.0417254,10.0422711,10.0431654,10.0438154,10.0440020,10.0445554,10.0456189,10.0462441,10.0462943,10.0460219,10.0461274,10.0463617,10.0465089,10.0466198,10.0467869,10.0467686,10.0485256,10.0519466,10.0591352,10.0646978,10.0667177,10.0668416,10.0676063,10.0685582,10.0687029]}}