{"id":548602,"name":"Hanerau-Hademarschen","polygon":{"numberOfPoints":113,"box":{"min":{"x":54.1103949,"y":9.3791970},"max":{"x":54.1596289,"y":9.4557422},"center":{"x":54.1350119,"y":9.4174696},"area":{"x":0.0492340,"y":0.0765452}},"pointsx":[54.1596289,54.1560404,54.1526237,54.1525427,54.1525129,54.1495611,54.1489570,54.1444982,54.1443854,54.1437655,54.1429058,54.1424146,54.1421353,54.1411881,54.1406225,54.1406590,54.1379740,54.1379532,54.1355421,54.1341209,54.1341209,54.1358720,54.1379943,54.1360989,54.1349235,54.1333420,54.1313303,54.1272105,54.1233571,54.1235347,54.1237267,54.1229396,54.1195014,54.1179063,54.1155134,54.1172416,54.1143169,54.1137187,54.1103949,54.1104614,54.1116580,54.1109267,54.1153959,54.1137652,54.1136064,54.1148903,54.1172423,54.1175007,54.1147664,54.1152796,54.1178158,54.1185045,54.1187039,54.1158997,54.1157462,54.1111926,54.1106608,54.1107938,54.1125221,54.1159028,54.1157799,54.1170900,54.1178480,54.1177123,54.1176132,54.1175776,54.1176576,54.1176567,54.1177106,54.1182052,54.1185290,54.1191042,54.1202668,54.1207662,54.1207334,54.1228291,54.1246130,54.1269630,54.1281566,54.1293661,54.1321275,54.1340867,54.1356888,54.1375671,54.1387347,54.1401889,54.1437346,54.1450252,54.1463699,54.1505312,54.1532878,54.1561396,54.1577777,54.1580694,54.1588036,54.1579176,54.1566949,54.1555701,54.1543666,54.1537435,54.1516574,54.1505123,54.1494563,54.1483462,54.1480710,54.1481374,54.1498642,54.1517238,54.1520941,54.1521223,54.1543138,54.1545794,54.1578333],"pointsy":[9.4238511,9.4177532,9.4119433,9.4120036,9.4119017,9.4107926,9.4107837,9.4110710,9.4110772,9.4122906,9.4109131,9.4127799,9.4129784,9.4121447,9.4141446,9.4169732,9.4177811,9.4161241,9.4146113,9.4150316,9.4083409,9.4071962,9.4064023,9.4011082,9.4016350,9.3994168,9.4033513,9.4025575,9.4004995,9.3955327,9.3882509,9.3809501,9.3835062,9.3791970,9.3791970,9.3886092,9.3891762,9.3918978,9.3915576,9.3962071,9.3984751,9.4011967,9.4041742,9.4057433,9.4083279,9.4110739,9.4103444,9.4141563,9.4158236,9.4195100,9.4193630,9.4238768,9.4280726,9.4263239,9.4272852,9.4262582,9.4296602,9.4339695,9.4395261,9.4417911,9.4425175,9.4439703,9.4457031,9.4470296,9.4477291,9.4484639,9.4488605,9.4489408,9.4489275,9.4482318,9.4494227,9.4493485,9.4510108,9.4505917,9.4495999,9.4501286,9.4537640,9.4541838,9.4557422,9.4551681,9.4552503,9.4517682,9.4505758,9.4494411,9.4496378,9.4483970,9.4492675,9.4502858,9.4509338,9.4510760,9.4510560,9.4483417,9.4476609,9.4467124,9.4451336,9.4452127,9.4464203,9.4441871,9.4450989,9.4441389,9.4440621,9.4444722,9.4452886,9.4450202,9.4434951,9.4399797,9.4390725,9.4361241,9.4335965,9.4334025,9.4297736,9.4262582,9.4281860]}}