{"id":548851,"name":"Jade","polygon":{"numberOfPoints":544,"box":{"min":{"x":53.2844566,"y":8.1639845},"max":{"x":53.4542658,"y":8.3196684},"center":{"x":53.3693612,"y":8.24182645},"area":{"x":0.1698092,"y":0.1556839}},"pointsx":[53.4542658,53.4539941,53.4538008,53.4521371,53.4520566,53.4494515,53.4474295,53.4470278,53.4464822,53.4455790,53.4455539,53.4452786,53.4431012,53.4364267,53.4359145,53.4347784,53.4320136,53.4254247,53.4251951,53.4250324,53.4248772,53.4248557,53.4245618,53.4238707,53.4222499,53.4196834,53.4165146,53.4134531,53.4127796,53.4121432,53.4113435,53.4092865,53.4085739,53.4082829,53.4073011,53.4063525,53.4050682,53.4029321,53.4020598,53.4006692,53.3991315,53.3985116,53.3981583,53.3979182,53.3977949,53.3975062,53.3967798,53.3932411,53.3905353,53.3902228,53.3875234,53.3869940,53.3860137,53.3848572,53.3847847,53.3830094,53.3823284,53.3797530,53.3793134,53.3789182,53.3766949,53.3741560,53.3689759,53.3686002,53.3675739,53.3634918,53.3568696,53.3558586,53.3557474,53.3553110,53.3535400,53.3521267,53.3502195,53.3417907,53.3286791,53.3220577,53.3010734,53.3010477,53.3012428,53.3011428,53.3011361,53.3011298,53.3009708,53.3008897,53.3010296,53.2941558,53.2918407,53.2913641,53.2911500,53.2909737,53.2906338,53.2904286,53.2897073,53.2884096,53.2874861,53.2868038,53.2864703,53.2862586,53.2861063,53.2859539,53.2857807,53.2856942,53.2856050,53.2855599,53.2854865,53.2845586,53.2844566,53.2844683,53.2844815,53.2845389,53.2846544,53.2847273,53.2848055,53.2848997,53.2848993,53.2852511,53.2859088,53.2866003,53.2873670,53.2874507,53.2881649,53.2890267,53.2895555,53.2901295,53.2903260,53.2903344,53.2905057,53.2911996,53.2921725,53.2927423,53.2931651,53.2937074,53.2939685,53.2941372,53.2943340,53.2944786,53.2946679,53.2955458,53.2958337,53.2961277,53.2964848,53.2971086,53.2983675,53.2989128,53.2994948,53.2993627,53.2993064,53.2991954,53.2995843,53.2998293,53.3000543,53.3003133,53.3005952,53.3007212,53.3008742,53.3011072,53.3018121,53.3021211,53.3023240,53.3025140,53.3028880,53.3032469,53.3036929,53.3039069,53.3045208,53.3052537,53.3056617,53.3059706,53.3065316,53.3064955,53.3064626,53.3063516,53.3060846,53.3060816,53.3059246,53.3058788,53.3058406,53.3058256,53.3059358,53.3069200,53.3073534,53.3081604,53.3085182,53.3085477,53.3081387,53.3071595,53.3069759,53.3067303,53.3065805,53.3065835,53.3064798,53.3061437,53.3057396,53.3054248,53.3052285,53.3049660,53.3049130,53.3046987,53.3044340,53.3037312,53.3035248,53.3033177,53.3031765,53.3031439,53.3031236,53.3032888,53.3035186,53.3037118,53.3037879,53.3037428,53.3036018,53.3035396,53.3032810,53.3032505,53.3032428,53.3038104,53.3038378,53.3039138,53.3040478,53.3042961,53.3044643,53.3045970,53.3065009,53.3066300,53.3073877,53.3082863,53.3091862,53.3113719,53.3114029,53.3114789,53.3123598,53.3122418,53.3156939,53.3158263,53.3158853,53.3161012,53.3164142,53.3177407,53.3189219,53.3190700,53.3211102,53.3208398,53.3207606,53.3205592,53.3203857,53.3198966,53.3203629,53.3205260,53.3208508,53.3211151,53.3214560,53.3214697,53.3224996,53.3225044,53.3225560,53.3221407,53.3218867,53.3217676,53.3217036,53.3216502,53.3212341,53.3211865,53.3208201,53.3201389,53.3207391,53.3211712,53.3215227,53.3213707,53.3210997,53.3216947,53.3213587,53.3205008,53.3214507,53.3216297,53.3217517,53.3221796,53.3223816,53.3225336,53.3226366,53.3236365,53.3242354,53.3247923,53.3248453,53.3270091,53.3274130,53.3280481,53.3281649,53.3283399,53.3300174,53.3332194,53.3341433,53.3350472,53.3352454,53.3354257,53.3351142,53.3357072,53.3364147,53.3369340,53.3370762,53.3371538,53.3376604,53.3378428,53.3384702,53.3396586,53.3395254,53.3405579,53.3410275,53.3417064,53.3417754,53.3421574,53.3423243,53.3425073,53.3433322,53.3439652,53.3446591,53.3447581,53.3447131,53.3447051,53.3447581,53.3448771,53.3445941,53.3440681,53.3439652,53.3439842,53.3440642,53.3432172,53.3435572,53.3442471,53.3440710,53.3441633,53.3442262,53.3445411,53.3446861,53.3449249,53.3450750,53.3466579,53.3472458,53.3485087,53.3489746,53.3491296,53.3494816,53.3502705,53.3506674,53.3508243,53.3509534,53.3513423,53.3513423,53.3541540,53.3542638,53.3549626,53.3553727,53.3555349,53.3557069,53.3557826,53.3558628,53.3562558,53.3562868,53.3563248,53.3563355,53.3563738,53.3563085,53.3561145,53.3563205,53.3555429,53.3556906,53.3550349,53.3551729,53.3552109,53.3553439,53.3554129,53.3554239,53.3553369,53.3553669,53.3554239,53.3554239,53.3552069,53.3551649,53.3554451,53.3557720,53.3558951,53.3565476,53.3570471,53.3575508,53.3577082,53.3586294,53.3590287,53.3593382,53.3595187,53.3595754,53.3595393,53.3593949,53.3592595,53.3592332,53.3595156,53.3604946,53.3610243,53.3625201,53.3627751,53.3632101,53.3637600,53.3643549,53.3641940,53.3650909,53.3652818,53.3663537,53.3667007,53.3666317,53.3673526,53.3677916,53.3682535,53.3687834,53.3691004,53.3692224,53.3694164,53.3695654,53.3697523,53.3701763,53.3713702,53.3721441,53.3725830,53.3727770,53.3729950,53.3731210,53.3733609,53.3737619,53.3738459,53.3745778,53.3750777,53.3751537,53.3761266,53.3765506,53.3768435,53.3771075,53.3772555,53.3772975,53.3772975,53.3773625,53.3774425,53.3776224,53.3783664,53.3792133,53.3794722,53.3796552,53.3797012,53.3799112,53.3800252,53.3801242,53.3803691,53.3806241,53.3808071,53.3809791,53.3810551,53.3810441,53.3810481,53.3810671,53.3810781,53.3811350,53.3813450,53.3815320,53.3818410,53.3820469,53.3829698,53.3833018,53.3835848,53.3838057,53.3841947,53.3844927,53.3848506,53.3852136,53.3853886,53.3862815,53.3864724,53.3868884,53.3871664,53.3879333,53.3878993,53.3875713,53.3875973,53.3892427,53.3893181,53.3899131,53.3907070,53.3908900,53.3917369,53.3935027,53.3935177,53.3944636,53.3955134,53.3963443,53.3973632,53.3983741,53.3986111,53.3996710,53.3999309,53.4006128,53.4019217,53.4020207,53.4030506,53.4034205,53.4037985,53.4049813,53.4066292,53.4069761,53.4074111,53.4094518,53.4097758,53.4100278,53.4097798,53.4066172,53.4062472,53.4039585,53.4026657,53.4022807,53.4017268,53.4000870,53.3995950,53.3992551,53.3992091,53.3995151,53.3998351,53.4024058,53.4045766,53.4052785,53.4066103,53.4099780,53.4133236,53.4151514,53.4186000,53.4219337,53.4254093,53.4287999,53.4306087,53.4329516,53.4342614,53.4346691,53.4350254,53.4367610,53.4401106,53.4425864,53.4434103,53.4445201,53.4470189,53.4505135,53.4539542],