{"id":55158,"name":"Büdingen","polygon":{"numberOfPoints":902,"box":{"min":{"x":50.2296898,"y":8.9996016},"max":{"x":50.3437876,"y":9.2273722},"center":{"x":50.2867387,"y":9.1134869},"area":{"x":0.1140978,"y":0.2277706}},"pointsx":[50.2489428,50.2492142,50.2496521,50.2504721,50.2513467,50.2526325,50.2537171,50.2547764,50.2551603,50.2554660,50.2554087,50.2561938,50.2578924,50.2580324,50.2599471,50.2599075,50.2605492,50.2616974,50.2615554,50.2628550,50.2630660,50.2647477,50.2652735,50.2653635,50.2658419,50.2664340,50.2664482,50.2667182,50.2669408,50.2672582,50.2679024,50.2678503,50.2684518,50.2691576,50.2692381,50.2695270,50.2697510,50.2699422,50.2703687,50.2699907,50.2701689,50.2698686,50.2701062,50.2701656,50.2703009,50.2704494,50.2706375,50.2737507,50.2751870,50.2768691,50.2788272,50.2800990,50.2799903,50.2817558,50.2816420,50.2831962,50.2852094,50.2902315,50.2904168,50.2907111,50.2908492,50.2919399,50.2920501,50.2921771,50.2963027,50.2964335,50.2977676,50.2982971,50.2985204,50.2986969,50.2986657,50.2994393,50.2995483,50.2996573,50.2996625,50.3007475,50.3012666,50.3013259,50.3019285,50.3021206,50.3022622,50.3025118,50.3019684,50.3027888,50.3028282,50.3038570,50.3064663,50.3065589,50.3076319,50.3076041,50.3079182,50.3085195,50.3091695,50.3097350,50.3097916,50.3099280,50.3103504,50.3107948,50.3109015,50.3111056,50.3119328,50.3113227,50.3114670,50.3110526,50.3106085,50.3101940,50.3102842,50.3104595,50.3110995,50.3110564,50.3116828,50.3120755,50.3139644,50.3140119,50.3140589,50.3148594,50.3148765,50.3153156,50.3153618,50.3159704,50.3161938,50.3162669,50.3164326,50.3165211,50.3165327,50.3162669,50.3161283,50.3160512,50.3156615,50.3156628,50.3158957,50.3159909,50.3162093,50.3162877,50.3164255,50.3166909,50.3157445,50.3165640,50.3165721,50.3173755,50.3190638,50.3200103,50.3211436,50.3223921,50.3227268,50.3230821,50.3231279,50.3232793,50.3241133,50.3244510,50.3249312,50.3253113,50.3254501,50.3263982,50.3267424,50.3269832,50.3270448,50.3276609,50.3279802,50.3280978,50.3283890,50.3284058,50.3285347,50.3288539,50.3300188,50.3305117,50.3317422,50.3319900,50.3324857,50.3326880,50.3329393,50.3331870,50.3336370,50.3340735,50.3341463,50.3345198,50.3348169,50.3349613,50.3349358,50.3323636,50.3304393,50.3285771,50.3296554,50.3340736,50.3357866,50.3367489,50.3420198,50.3419815,50.3429683,50.3429912,50.3398273,50.3397325,50.3392888,50.3383402,50.3369631,50.3311637,50.3326251,50.3325716,50.3327552,50.3331683,50.3339793,50.3344154,50.3350811,50.3354559,50.3355860,50.3357161,50.3359532,50.3367106,50.3368866,50.3369631,50.3370473,50.3372462,50.3374986,50.3377358,50.3379347,50.3381550,50.3353993,50.3352557,50.3352557,50.3357854,50.3363401,50.3362277,50.3348401,50.3347100,50.3344245,50.3334965,50.3328224,50.3329581,50.3280537,50.3249167,50.3274687,50.3315302,50.3318233,50.3323885,50.3333515,50.3334248,50.3343877,50.3352584,50.3364149,50.3365085,50.3372585,50.3373234,50.3388512,50.3390549,50.3398234,50.3397864,50.3396660,50.3392679,50.3393697,50.3388419,50.3387031,50.3381382,50.3382216,50.3378154,50.3376529,50.3376289,50.3382439,50.3383419,50.3396568,50.3408882,50.3417913,50.3423237,50.3425223,50.3427450,50.3429040,50.3434552,50.3432510,50.3437876,50.3435712,50.3432879,50.3428248,50.3426273,50.3421084,50.3414072,50.3411065,50.3405672,50.3398459,50.3390552,50.3387023,50.3384696,50.3377979,50.3373049,50.3372727,50.3366924,50.3366035,50.3365267,50.3365207,50.3361574,50.3358024,50.3353825,50.3349239,50.3348829,50.3346876,50.3344701,50.3343534,50.3342998,50.3341338,50.3340791,50.3339064,50.3337927,50.3326100,50.3324920,50.3318551,50.3322740,50.3325212,50.3326750,50.3318661,50.3310841,50.3308852,50.3306372,50.3303092,50.3290014,50.3287304,50.3287154,50.3285284,50.3276205,50.3252168,50.3250418,50.3242599,50.3234200,50.3232600,50.3229850,50.3224251,50.3225541,50.3230730,50.3230730,50.3230120,50.3228670,50.3226341,50.3225311,50.3221311,50.3216542,50.3209752,50.3206163,50.3201813,50.3199374,50.3198614,50.3194724,50.3193004,50.3191254,50.3189385,50.3187775,50.3186445,50.3184575,50.3182555,50.3180076,50.3181635,50.3181755,50.3183045,50.3184195,50.3184742,50.3176083,50.3166544,50.3164524,50.3161555,50.3159645,50.3157655,50.3155635,50.3148736,50.3145416,50.3143547,50.3142667,50.3142597,50.3141527,50.3142137,50.3144497,50.3145227,50.3144077,50.3144117,50.3143547,50.3142587,50.3134388,50.3124319,50.3116380,50.3108141,50.3099522,50.3092163,50.3084954,50.3082474,50.3081174,50.3079304,50.3066296,50.3063966,50.3062676,50.3060386,50.3057906,50.3053707,50.3052341,50.3043138,50.3039408,50.3037552,50.3028023,50.3021643,50.3015854,50.3015734,50.3008185,50.2995516,50.2994636,50.2988267,50.2984078,50.2982358,50.2979188,50.2977168,50.2976289,50.2974419,50.2973389,50.2972549,50.2970489,50.2968619,50.2966600,50.2963280,50.2961990,50.2959510,50.2957061,50.2954741,50.2953591,50.2951111,50.2950541,50.2950391,50.2949821,50.2947642,50.2947182,50.2945162,50.2944592,50.2944442,50.2943562,50.2941992,50.2940512,50.2938223,50.2937043,50.2936773,50.2935743,50.2933873,50.2932113,50.2930404,50.2928794,50.2927084,50.2925784,50.2925064,50.2923424,50.2922844,50.2921855,50.2921555,50.2921555,50.2920405,50.2918235,50.2917085,50.2915335,50.2914765,50.2913885,50.2912896,50.2911866,50.2910866,50.2907966,50.2907546,50.2907546,50.2906826,50.2906096,50.2904117,50.2900497,50.2898317,50.2896597,50.2893708,50.2891838,50.2889658,50.2888358,50.2888248,50.2887108,50.2884779,50.2883479,50.2879699,50.2872650,50.2870780,50.2869900,50.2868751,50.2867881,50.2866731,50.2865851,50.2865701,50.2865131,50.2864141,50.2862691,50.2860092,50.2860092,50.2859482,50.2856322,50.2854142,50.2853232,50.2852652,50.2851782,50.2851932,50.2851202,50.2851472,50.2850752,50.2849453,50.2848273,50.2837974,50.2837134,50.2835114,50.2832514,50.2830345,50.2829465,50.2828285,50.2829425,50.2829575,50.2828855,50.2828125,50.2826835,50.2823775,50.2821716,50.2820156,50.2819586,50.2819276,50.2819236,50.2818366,50.2817786,50.2818626,50.2818326,50.2817756,50.2815996,50.2813786,50.2813216,50.2813026,50.2808557,50.2805777,50.2801428,50.2800858,50.2800548,50.2800888,50.2800928,50.2800818,50.2798908,50.2798448,50.2796128,50.2795968,50.2796388,50.2796658,50.2797228,50.2804137,50.2805847,50.2806877,50.2807567,50.2808137,50.2809736,50.2812296,50.2815046,50.2818055,50.2820235,50.2822975,50.2825305,50.2826864,50.2827744,50.2828314,50.2828894,50.2828894,50.2828284,50.2827404,50.2826224,50.2824505,50.2819695,50.2812296,50.2803027,50.2799407,50.2794868,50.2790208,50.2786129,50.2783379,50.2775830,50.2775260,50.2772510,50.2769760,50.2765571,50.2764001,50.2760641,50.2754882,50.2735084,50.2731235,50.2728755,50.2725855,50.2723686,50.2721816,50.2718456,50.2718606,50.2721206,50.2717576,50.2715096,50.2714377,50.2713957,50.2713767,50.2712737,50.2706787,50.2704498,50.2698128,50.2699688,50.2691299,50.2689689,50.2685040,50.2642884,50.2641324,50.2639565,50.2637855,50.2628316,50.2626296,50.2622556,50.2610428,50.2602069,50.2596579,50.2593980,50.2592950,50.2591350,50.2588600,50.2585591,50.2582691,50.2580401,50.2578681,50.2574682,50.2573082,50.2569493,50.2568353,50.2554044,50.2552744,50.2548325,50.2546415,50.2543975,50.2536266,50.2523568,50.2521088,50.2517878,50.2512199,50.2510329,50.2502700,50.2498920,50.2493811,50.2492217,50.2491015,50.2489619,50.2486482,50.2483702,50.2475723,50.2474393,50.2472902,50.2472633,50.2471453,50.2470423,50.2468593,50.2468283,50.2468443,50.2468973,50.2470383,50.2471533,50.2474853,50.2476412,50.2484802,50.2488541,50.2491441,50.2487401,50.2492011,50.2496440,50.2497740,50.2498310,50.2497890,50.2499190,50.2501019,50.2502469,50.2502579,50.2501969,50.2502769,50.2504759,50.2509108,50.2511968,50.2509338,50.2506549,50.2505249,50.2503919,50.2504069,50.2506779,50.2507348,50.2507048,50.2499569,50.2500979,50.2504609,50.2504882,50.2504989,50.2509298,50.2509448,50.2507848,50.2516277,50.2517117,50.2516697,50.2515547,50.2513837,50.2505558,50.2499799,50.2498499,50.2494719,50.2493920,50.2490570,50.2490260,50.2488510,50.2469542,50.2466042,50.2462983,50.2461693,50.2460923,50.2457493,50.2457303,