{
  "id": 552387,
  "name": "Goosefeld",
  "polygon": {
    "numberOfPoints": 516,
    "box": {
      "min": {
        "x": 54.4067185,
        "y": 9.7819939
      },
      "max": {
        "x": 54.4490219,
        "y": 9.8609370
      },
      "center": {
        "x": 54.4278702,
        "y": 9.82146545
      },
      "area": {
        "x": 0.0423034,
        "y": 0.0789431
      }
    },
    "pointsx": [
      54.4453323,
      54.4454003,
      54.4451817,
      54.4443151,
      54.4445416,
      54.4447255,
      54.4438498,
      54.4441545,
      54.4442536,
      54.4443461,
      54.4443559,
      54.4443145,
      54.4445276,
      54.4444687,
      54.4433231,
      54.4437378,
      54.4431145,
      54.4437476,
      54.4424998,
      54.4426605,
      54.4428114,
      54.4439967,
      54.4451575,
      54.4448222,
      54.4449525,
      54.4451018,
      54.4490219,
      54.4485090,
      54.4481874,
      54.4475960,
      54.4468217,
      54.4461662,
      54.4454691,
      54.4447250,
      54.4445203,
      54.4442939,
      54.4441013,
      54.4439207,
      54.4435243,
      54.4431920,
      54.4427735,
      54.4425969,
      54.4425085,
      54.4423444,
      54.4421851,
      54.4421763,
      54.4422399,
      54.4419447,
      54.4419196,
      54.4415008,
      54.4403453,
      54.4393897,
      54.4390220,
      54.4379094,
      54.4376942,
      54.4369145,
      54.4368211,
      54.4358556,
      54.4356699,
      54.4355848,
      54.4354557,
      54.4354282,
      54.4354086,
      54.4356952,
      54.4357881,
      54.4357526,
      54.4357408,
      54.4357711,
      54.4357739,
      54.4357073,
      54.4356839,
      54.4356847,
      54.4360974,
      54.4351615,
      54.4350515,
      54.4349518,
      54.4347932,
      54.4346665,
      54.4345873,
      54.4345791,
      54.4346258,
      54.4346899,
      54.4348206,
      54.4349273,
      54.4352637,
      54.4354237,
      54.4355667,
      54.4356271,
      54.4356083,
      54.4354251,
      54.4351819,
      54.4349958,
      54.4354490,
      54.4354925,
      54.4354353,
      54.4350757,
      54.4346896,
      54.4345255,
      54.4342927,
      54.4340722,
      54.4336391,
      54.4336892,
      54.4337751,
      54.4339425,
      54.4339737,
      54.4341131,
      54.4342402,
      54.4343192,
      54.4344342,
      54.4345114,
      54.4342711,
      54.4341667,
      54.4337187,
      54.4337128,
      54.4335627,
      54.4335259,
      54.4329153,
      54.4329119,
      54.4328688,
      54.4327034,
      54.4322409,
      54.4321870,
      54.4323576,
      54.4333749,
      54.4336792,
      54.4338860,
      54.4349436,
      54.4349696,
      54.4346337,
      54.4345475,
      54.4345893,
      54.4346187,
      54.4332094,
      54.4329755,
      54.4328022,
      54.4321559,
      54.4321388,
      54.4319550,
      54.4318542,
      54.4318276,
      54.4316641,
      54.4315855,
      54.4315406,
      54.4314694,
      54.4313889,
      54.4312744,
      54.4310701,
      54.4309246,
      54.4307599,
      54.4306063,
      54.4304824,
      54.4304499,
      54.4304979,
      54.4304608,
      54.4303153,
      54.4301450,
      54.4300645,
      54.4299995,
      54.4297425,
      54.4295971,
      54.4295600,
      54.4294238,
      54.4293866,
      54.4291978,
      54.4291173,
      54.4289408,
      54.4288542,
      54.4287303,
      54.4286638,
      54.4285632,
      54.4283976,
      54.4283070,
      54.4282454,
      54.4281490,
      54.4280089,
      54.4278535,
      54.4277616,
      54.4276893,
      54.4275345,
      54.4273767,
      54.4271878,
      54.4271414,
      54.4271681,
      54.4271754,
      54.4268349,
      54.4265098,
      54.4263086,
      54.4261383,
      54.4259185,
      54.4254634,
      54.4250765,
      54.4248381,
      54.4245656,
      54.4244059,
      54.4241945,
      54.4241206,
      54.4241146,
      54.4239936,
      54.4238159,
      54.4236967,
      54.4235218,
      54.4232447,
      54.4231712,
      54.4230760,
      54.4228669,
      54.4227662,
      54.4227457,
      54.4227567,
      54.4227479,
      54.4226669,
      54.4224108,
      54.4222663,
      54.4221546,
      54.4219116,
      54.4215328,
      54.4214053,
      54.4213464,
      54.4212799,
      54.4212133,
      54.4210647,
      54.4208743,
      54.4207411,
      54.4206419,
      54.4205915,
      54.4205204,
      54.4203573,
      54.4200408,
      54.4198016,
      54.4194827,
      54.4195456,
      54.4195118,
      54.4194607,
      54.4193430,
      54.4191416,
      54.4190280,
      54.4188816,
      54.4187255,
      54.4185186,
      54.4182467,
      54.4181295,
      54.4180669,
      54.4179641,
      54.4179533,
      54.4181613,
      54.4181689,
      54.4185379,
      54.4186167,
      54.4187141,
      54.4188159,
      54.4188488,
      54.4189043,
      54.4190119,
      54.4190006,
      54.4190995,
      54.4192265,
      54.4194169,
      54.4200015,
      54.4200847,
      54.4203321,
      54.4205335,
      54.4208663,
      54.4209116,
      54.4204935,
      54.4204978,
      54.4204431,
      54.4204781,
      54.4205745,
      54.4209729,
      54.4211634,
      54.4212225,
      54.4213364,
      54.4215487,
      54.4216298,
      54.4219253,
      54.4222055,
      54.4226549,
      54.4225633,
      54.4224296,
      54.4220651,
      54.4217628,
      54.4207640,
      54.4206624,
      54.4203684,
      54.4203426,
      54.4202869,
      54.4197705,
      54.4197388,
      54.4197158,
      54.4194509,
      54.4193348,
      54.4191093,
      54.4185729,
      54.4184284,
      54.4181963,
      54.4180282,
      54.4176073,
      54.4175154,
      54.4175120,
      54.4173134,
      54.4171114,
      54.4172543,
      54.4174575,
      54.4173193,
      54.4170364,
      54.4165044,
      54.4161147,
      54.4160451,
      54.4157277,
      54.4156797,
      54.4155512,
      54.4154200,
      54.4151280,
      54.4149103,
      54.4146500,
      54.4145015,
      54.4142134,
      54.4139455,
      54.4137132,
      54.4134640,
      54.4128533,
      54.4127624,
      54.4121308,
      54.4119821,
      54.4117824,
      54.4115841,
      54.4113619,
      54.4111998,
      54.4110837,
      54.4110370,
      54.4109939,
      54.4109195,
      54.4107969,
      54.4105209,
      54.4103654,
      54.4102362,
      54.4100652,
      54.4095976,
      54.4095774,
      54.4094690,
      54.4093110,
      54.4091639,
      54.4088790,
      54.4086560,
      54.4084640,
      54.4083200,
      54.4081806,
      54.4079986,
      54.4073573,
      54.4073088,
      54.4072854,
      54.4072807,
      54.4070396,
      54.4069395,
      54.4068607,
      54.4067185,
      54.4068377,
      54.4070394,
      54.4073155,
      54.4081701,
      54.4083322,
      54.4085689,
      54.4097564,
      54.4101533,
      54.4102438,
      54.4111234,
      54.4116048,
      54.4116769,
      54.4118578,
      54.4133448,
      54.4137675,
      54.4143360,
      54.4145786,
      54.4146114,
      54.4149049,
      54.4150391,
      54.4151175,
      54.4154323,
      54.4154245,
      54.4156871,
      54.4160146,
      54.4162150,
      54.4165398,
      54.4167331,
      54.4170645,
      54.4174648,
      54.4177686,
      54.4184520,
      54.4186287,
      54.4185685,
      54.4185436,
      54.4187200,
      54.4185461,
      54.4185999,
      54.4187891,
      54.4191126,
      54.4192620,
      54.4192903,
      54.4190545,
      54.4202293,
      54.4201377,
      54.4201392,
      54.4201107,
      54.4201238,
      54.4201343,
      54.4202256,
      54.4203700,
      54.4204318,
      54.4205232,
      54.4208914,
      54.4213480,
      54.4215777,
      54.4216838,
      54.4219018,
      54.4220756,
      54.4220796,
      54.4221786,
      54.4221207,
      54.4221737,
      54.4225994,
      54.4226524,
      54.4228335,
