{
  "numberOfPolygons": 1,
  "box": {
    "min": {
      "x": 54.1724002,
      "y": 10.0833264
    },
    "max": {
      "x": 54.2192235,
      "y": 10.1313674
    },
    "center": {
      "x": 54.19581185,
      "y": 10.1073469
    }
  },
  "polygons": [
    {
      "numberOfPoints": 194,
      "box": {
        "min": {
          "x": 54.1724002,
          "y": 10.0833264
        },
        "max": {
          "x": 54.2192235,
          "y": 10.1313674
        },
        "center": {
          "x": 54.19581185,
          "y": 10.1073469
        }
      },
      "pointsx": [
        54.2134182,
        54.2134654,
        54.2142083,
        54.2141878,
        54.2139455,
        54.2132758,
        54.2135097,
        54.2136497,
        54.2135420,
        54.2143241,
        54.2145632,
        54.2148422,
        54.2150113,
        54.2147461,
        54.2147767,
        54.2144489,
        54.2140729,
        54.2140687,
        54.2155574,
        54.2154876,
        54.2163703,
        54.2180797,
        54.2178693,
        54.2187114,
        54.2192235,
        54.2177057,
        54.2176623,
        54.2154506,
        54.2131953,
        54.2108098,
        54.2051623,
        54.2050469,
        54.2037415,
        54.2030528,
        54.2032657,
        54.2027247,
        54.2024657,
        54.2021895,
        54.2018499,
        54.1984651,
        54.1983414,
        54.1980852,
        54.1977094,
        54.1979258,
        54.1978856,
        54.1970291,
        54.1964581,
        54.1963016,
        54.1955592,
        54.1925283,
        54.1910767,
        54.1893696,
        54.1915473,
        54.1889002,
        54.1812616,
        54.1786138,
        54.1770945,
        54.1746201,
        54.1744031,
        54.1724002,
        54.1726221,
        54.1730052,
        54.1732986,
        54.1735051,
        54.1748865,
        54.1764169,
        54.1766807,
        54.1793218,
        54.1809095,
        54.1813167,
        54.1818699,
        54.1820224,
        54.1826409,
        54.1831859,
        54.1837364,
        54.1841297,
        54.1848043,
        54.1856015,
        54.1857507,
        54.1861279,
        54.1869353,
        54.1870487,
        54.1873792,
        54.1875478,
        54.1882199,
        54.1885885,
        54.1888709,
        54.1889469,
        54.1887949,
        54.1887299,
        54.1887299,
        54.1889699,
        54.1891109,
        54.1896228,
        54.1901297,
        54.1903087,
        54.1911256,
        54.1913166,
        54.1919415,
        54.1920335,
        54.1922125,
        54.1925215,
        54.1926625,
        54.1927924,
        54.1928954,
        54.1930094,
        54.1930744,
        54.1933724,
        54.1934754,
        54.1935894,
        54.1937424,
        54.1945853,
        54.1947262,
        54.1949552,
        54.1950202,
        54.1953402,
        54.1954322,
        54.1954702,
        54.1955582,
        54.1956761,
        54.1966680,
        54.1969120,
        54.1974999,
        54.1980609,
        54.1982899,
        54.1984798,
        54.1988118,
        54.1992737,
        54.2003986,
        54.2010395,
        54.2015055,
        54.2018404,
        54.2022684,
        54.2023064,
        54.2023784,
        54.2024664,
        54.2028403,
        54.2030773,
        54.2033283,
        54.2034163,
        54.2034393,
        54.2034243,
        54.2038742,
        54.2048091,
        54.2051211,
        54.2054720,
        54.2056820,
        54.2058200,
        54.2058580,
        54.2058810,
        54.2060070,
        54.2063690,
        54.2066113,
        54.2070559,
        54.2073798,
        54.2075818,
        54.2077198,
        54.2082307,
        54.2082647,
        54.2082537,
        54.2083187,
        54.2086537,
        54.2085667,
        54.2092416,
        54.2093176,
        54.2096646,
        54.2093256,
        54.2092646,
        54.2092986,
        54.2092716,
        54.2091996,
        54.2091237,
        54.2092226,
        54.2093096,
        54.2093446,
        54.2093676,
        54.2093516,
        54.2094126,
        54.2095276,
        54.2096156,
        54.2097416,
        54.2101535,
        54.2103405,
        54.2106685,
        54.2109045,
        54.2110304,
        54.2115154,
        54.2116794,
        54.2117934,
        54.2118544,
        54.2118963,
        54.2120333,
        54.2124113,
        54.2126483
      ],