{"id":556099,"name":"Beringstedt","polygon":{"numberOfPoints":174,"box":{"min":{"x":54.0912413,"y":9.5091183},"max":{"x":54.1545289,"y":9.5663489},"center":{"x":54.1228851,"y":9.5377336},"area":{"x":0.0632876,"y":0.0572306}},"pointsx":[54.1187242,54.1105482,54.1086868,54.1055620,54.1026365,54.1014397,54.0997773,54.0997773,54.0987134,54.0950559,54.0931938,54.0929122,54.0929352,54.0929502,54.0929162,54.0927332,54.0927102,54.0926262,54.0926412,54.0928402,54.0929162,54.0929962,54.0929962,54.0927332,54.0926682,54.0926682,54.0927522,54.0929351,54.0925382,54.0925082,54.0926342,54.0930381,54.0931261,54.0931561,54.0931181,54.0929961,54.0928511,54.0927521,54.0926342,54.0922562,54.0920882,54.0912413,54.0912643,54.0925422,54.0927751,54.0931981,54.0932481,54.0938390,54.0941899,54.0946289,54.0946002,54.0945599,54.0945569,54.0947629,54.0949148,54.0951328,54.0953618,54.0965557,54.0969026,54.0970556,54.0973296,54.0974056,54.0974286,54.0975706,54.0976085,54.0975316,54.0975316,54.0976465,54.0979705,54.0982185,54.0981995,54.0981805,54.0982185,54.0977685,54.0975016,54.0974786,54.0982875,54.0983025,54.0984935,54.0987375,54.0987904,54.0989164,54.0991994,54.0993784,54.0995194,54.0996034,54.0996034,54.0991954,54.0990384,54.0990614,54.0990354,54.0990464,54.0990964,54.0990844,54.0987904,54.0983555,54.0983445,54.0983405,54.0986074,54.0987604,54.0988744,54.0988324,54.0986574,54.0986424,54.0987034,54.0988174,54.0989584,54.0991344,54.0994013,54.0989934,54.0988784,54.0983555,54.0981685,54.0980655,54.0978865,54.0976505,54.0975166,54.0971656,54.0967806,54.0967426,54.0967536,54.0968036,54.0969786,54.0971196,54.0971966,54.0971696,54.0971006,54.0968836,54.0969716,54.0969826,54.0969256,54.0969136,54.0986692,54.1026155,54.1052750,54.1063842,54.1104274,54.1175732,54.1243855,54.1285388,54.1292863,54.1390032,54.1415774,54.1427399,54.1461441,54.1469744,54.1492160,54.1513744,54.1530347,54.1545289,54.1543303,54.1539478,54.1512084,54.1506273,54.1475555,54.1458120,54.1457290,54.1431550,54.1407617,54.1366744,54.1370453,54.1349974,54.1351263,54.1344166,54.1335699,54.1318846,54.1301162,54.1306153,54.1286219,54.1251331,54.1217272,54.1201487,54.1177394,54.1189025],"pointsy":[9.5602252,9.5568232,9.5569366,9.5603386,9.5603386,9.5624932,9.5614726,9.5645345,9.5663489,9.5586376,9.5570500,9.5559151,9.5554332,9.5552622,9.5538475,9.5519548,9.5509309,9.5499071,9.5496471,9.5492092,9.5489902,9.5482713,9.5479664,9.5466196,9.5460537,9.5455088,9.5449629,9.5444400,9.5437231,9.5433531,9.5426992,9.5412365,9.5407575,9.5403436,9.5398877,9.5391028,9.5384939,9.5382759,9.5382339,9.5382139,9.5380870,9.5368962,9.5350665,9.5352294,9.5330278,9.5332437,9.5327198,9.5329338,9.5305991,9.5281575,9.5278800,9.5274896,9.5271127,9.5240632,9.5238422,9.5236902,9.5236662,9.5257469,9.5258948,9.5260458,9.5262318,9.5266757,9.5269787,9.5272176,9.5273926,9.5276756,9.5279595,9.5284374,9.5291313,9.5297912,9.5300502,9.5302911,9.5309390,9.5311370,9.5313330,9.5329017,9.5333316,9.5340995,9.5346654,9.5348364,9.5353583,9.5354663,9.5358122,9.5357453,9.5355703,9.5353073,9.5347634,9.5341995,9.5333756,9.5325908,9.5321128,9.5316759,9.5311960,9.5310230,9.5310030,9.5308760,9.5303991,9.5301152,9.5301342,9.5299792,9.5293923,9.5291953,9.5289583,9.5287614,9.5282175,9.5275856,9.5272796,9.5269946,9.5266427,9.5265607,9.5263867,9.5273046,9.5274746,9.5274316,9.5271946,9.5266857,9.5260668,9.5250880,9.5241541,9.5238282,9.5231973,9.5227173,9.5218875,9.5219505,9.5214505,9.5200778,9.5197278,9.5188820,9.5184030,9.5179471,9.5165473,9.5163134,9.5155345,9.5113863,9.5091183,9.5100947,9.5136543,9.5129456,9.5157806,9.5159223,9.5147883,9.5150718,9.5181903,9.5230099,9.5214506,9.5271206,9.5283964,9.5265536,9.5268371,9.5281129,9.5288631,9.5337829,9.5373267,9.5422880,9.5455482,9.5456900,9.5424297,9.5448395,9.5424215,9.5428249,9.5370131,9.5363791,9.5410600,9.5414098,9.5412725,9.5428593,9.5439118,9.5361927,9.5359092,9.5405870,9.5390277,9.5507930,9.5539115,9.5583058]}}