{
  "id": 556296,
  "name": "Wiesenburg/Mark",
  "polygon": {
    "numberOfPoints": 497,
    "box": {
      "min": {
        "x": 52.0007196,
        "y": 12.2558557
      },
      "max": {
        "x": 52.1789489,
        "y": 12.5814672
      },
      "center": {
        "x": 52.08983425,
        "y": 12.41866145
      },
      "area": {
        "x": 0.1782293,
        "y": 0.3256115
      }
    },
    "pointsx": [
      52.0156856,
      52.0155644,
      52.0153898,
      52.0151019,
      52.0147836,
      52.0142963,
      52.0138806,
      52.0135660,
      52.0139595,
      52.0136954,
      52.0136825,
      52.0008993,
      52.0009320,
      52.0007196,
      52.0019548,
      52.0013828,
      52.0029283,
      52.0034577,
      52.0037114,
      52.0039921,
      52.0042120,
      52.0044141,
      52.0049279,
      52.0052754,
      52.0055818,
      52.0063004,
      52.0066333,
      52.0070156,
      52.0070484,
      52.0071795,
      52.0080811,
      52.0091139,
      52.0093541,
      52.0102245,
      52.0108948,
      52.0111719,
      52.0116148,
      52.0151072,
      52.0160791,
      52.0170854,
      52.0175951,
      52.0183452,
      52.0194465,
      52.0219448,
      52.0242000,
      52.0258584,
      52.0278203,
      52.0300462,
      52.0331749,
      52.0334993,
      52.0340120,
      52.0342543,
      52.0345849,
      52.0343684,
      52.0347651,
      52.0347658,
      52.0347301,
      52.0345856,
      52.0333075,
      52.0322217,
      52.0304664,
      52.0302386,
      52.0297005,
      52.0292466,
      52.0291626,
      52.0287656,
      52.0278877,
      52.0259959,
      52.0252290,
      52.0247790,
      52.0240581,
      52.0231937,
      52.0198356,
      52.0188477,
      52.0174048,
      52.0166389,
      52.0165009,
      52.0165849,
      52.0165766,
      52.0165739,
      52.0166999,
      52.0167758,
      52.0169018,
      52.0166268,
      52.0166228,
      52.0169248,
      52.0170967,
      52.0179436,
      52.0181646,
      52.0180724,
      52.0183326,
      52.0189198,
      52.0194419,
      52.0211678,
      52.0214072,
      52.0215673,
      52.0223002,
      52.0239969,
      52.0248938,
      52.0254737,
      52.0262326,
      52.0267665,
      52.0271215,
      52.0271896,
      52.0275564,
      52.0276364,
      52.0279834,
      52.0283763,
      52.0289102,
      52.0298951,
      52.0303371,
      52.0306960,
      52.0310920,
      52.0320118,
      52.0325271,
      52.0341706,
      52.0347965,
      52.0348385,
      52.0351514,
      52.0355064,
      52.0359523,
      52.0368912,
      52.0391260,
      52.0410907,
      52.0435958,
      52.0436598,
      52.0438057,
      52.0448792,
      52.0447887,
      52.0452963,
      52.0454567,
      52.0456680,
      52.0460486,
      52.0463105,
      52.0463349,
      52.0465778,
      52.0472628,
      52.0482511,
      52.0493576,
      52.0516141,
      52.0533215,
      52.0556299,
      52.0583822,
      52.0593063,
      52.0603029,
      52.0603090,
      52.0609726,
      52.0609957,
      52.0620260,
      52.0626958,
      52.0626982,
      52.0632219,
      52.0634127,
      52.0641371,
      52.0648491,
      52.0653537,
      52.0653546,
      52.0658446,
      52.0661392,
      52.0665710,
      52.0671859,
      52.0685545,
      52.0706128,
      52.0727917,
      52.0740301,
      52.0756655,
      52.0757891,
      52.0781574,
      52.0783492,
      52.0803715,
      52.0809814,
      52.0815187,
      52.0822453,
      52.0829035,
      52.0838994,
      52.0847635,
      52.0853144,
      52.0856166,
      52.0872018,
      52.0881775,
      52.0885796,
      52.0889573,
      52.0893278,
      52.0900787,
      52.0906548,
      52.0911354,
      52.0917939,
      52.0925460,
      52.0930575,
      52.0945311,
      52.0951070,
      52.0955080,
      52.0954818,
      52.0953928,
      52.0955379,
      52.0956552,
      52.0959584,
      52.0965397,
      52.0975501,
      52.0977627,
      52.0986925,
      52.0994094,
      52.0999974,
      52.1007913,
      52.1031030,
      52.1037659,
      52.1040298,
      52.1042048,
      52.1040111,
      52.1039712,
      52.1039253,
      52.1037624,
      52.1038912,
      52.1045382,
      52.1060195,
      52.1069806,
      52.1077305,
      52.1086854,
      52.1097947,
      52.1118779,
      52.1129008,
      52.1147365,
      52.1183421,
      52.1208528,
      52.1225576,
      52.1238165,
      52.1244874,
      52.1256973,
      52.1276730,
      52.1309917,
      52.1320675,
      52.1326015,
      52.1330024,
      52.1337613,
      52.1342688,
      52.1346481,
      52.1366711,
      52.1409960,
      52.1426033,
      52.1443013,
      52.1474247,
      52.1516880,
      52.1545754,
      52.1554179,
      52.1558392,
      52.1527518,
      52.1506452,
      52.1493734,
      52.1472024,
      52.1458381,
      52.1430793,
      52.1397897,
      52.1380784,
      52.1376622,
      52.1375938,
      52.1376089,
      52.1374127,
      52.1368444,
      52.1368279,
      52.1369234,
      52.1372671,
      52.1380290,
      52.1382918,
      52.1398003,
      52.1413471,
      52.1428338,
      52.1441375,
      52.1444383,
      52.1447806,
      52.1449439,
      52.1457551,
      52.1463476,
      52.1467242,
      52.1469454,
      52.1469471,
      52.1468026,
      52.1466495,
      52.1462890,
      52.1456037,
      52.1455711,
      52.1457429,
      52.1462528,
      52.1467866,
      52.1474194,
      52.1496394,
      52.1507558,
      52.1503171,
      52.1494748,
      52.1492131,
      52.1492635,
      52.1507193,
      52.1518934,
      52.1514965,
      52.1516933,
      52.1520132,
      52.1519849,
      52.1522338,
      52.1527649,
      52.1537366,
      52.1549774,
      52.1559224,
      52.1563591,
      52.1561047,
      52.1556488,
      52.1552073,
      52.1585272,
      52.1605161,
      52.1633161,
      52.1642820,
      52.1651896,
      52.1651494,
      52.1657147,
      52.1685049,
      52.1707889,
      52.1731078,
      52.1757882,
      52.1774515,
      52.1785278,
      52.1789489,
      52.1786627,
      52.1785166,
      52.1780041,
      52.1772221,
      52.1767463,
      52.1765357,
      52.1760356,
      52.1753672,
      52.1753273,
      52.1754599,
      52.1752436,
      52.1688000,
      52.1685894,
      52.1697348,
      52.1704514,
      52.1707430,
      52.1706680,
      52.1708693,
      52.1659572,
      52.1656738,
      52.1651848,
      52.1631480,
      52.1621327,
      52.1625354,
      52.1628645,
      52.1632890,
      52.1632355,
      52.1634895,
      52.1636575,
      52.1607888,
      52.1593448,
      52.1576374,
      52.1545371,
      52.1532995,
      52.1511589,
      52.1493525,
      52.1479516,
      52.1450968,
      52.1449638,
      52.1444489,
      52.1433613,
      52.1411780,
      52.1406793,
      52.1387772,
      52.1390116,
      52.1365749,
      52.1363925,
      52.1360439,
      52.1360681,
      52.1358482,
      52.1340793,
      52.1322209,
      52.1315995,
      52.1311332,
      52.1287311,
      52.1260386,
      52.1242140,
      52.1212067,
      52.1214346,
      52.1189553,
      52.1187377,
      52.1157283,
      52.1159786,
      52.1138203,
      52.1121336,
      52.1121260,
      52.1104784,
      52.1099673,
      52.1099750,
      52.1108735,
      52.1107964,
      52.1095665,
      52.1088615,
      52.1079139,
      52.1081287,
      52.1089063,
      52.1090091,
      52.1089590,
      52.1087745,
      52.1111094,
      52.1112530,
      52.1114286,
      52.1124512,
      52.1123892,
      52.1110504,
      52.1108587,
      52.1104732,
      52.1099767,
      52.1099804,
      52.1099899,
      52.1099899,
      52.1097764,
      52.1096631,
      52.1089725,
      52.1090329,
      52.1090934,
      52.1062244,
      52.0950588,
      52.0958181,
      52.0950390,
      52.0939317,
      52.0934044,
