{
  "id": 556628,
  "name": "Friedrichsholm",
  "polygon": {
    "numberOfPoints": 69,
    "box": {
      "min": {
        "x": 54.2958844,
        "y": 9.3996835
      },
      "max": {
        "x": 54.3206789,
        "y": 9.4675253
      },
      "center": {
        "x": 54.30828165,
        "y": 9.4336044
      },
      "area": {
        "x": 0.0247945,
        "y": 0.0678418
      }
    },
    "pointsx": [
      54.3206789,
      54.3152622,
      54.3181554,
      54.3111957,
      54.3107681,
      54.3093844,
      54.3049276,
      54.3070288,
      54.3068211,
      54.3066465,
      54.3064055,
      54.3063215,
      54.3061546,
      54.3057456,
      54.3051967,
      54.3049447,
      54.3047347,
      54.3043578,
      54.3039566,
      54.3038648,
      54.3038559,
      54.3032889,
      54.3017181,
      54.3014241,
      54.3009322,
      54.3007057,
      54.3005694,
      54.3001118,
      54.2996166,
      54.2972803,
      54.2979261,
      54.2973142,
      54.2975254,
      54.2977652,
      54.2976228,
      54.2978246,
      54.2968413,
      54.2967111,
      54.2965232,
      54.2965441,
      54.2967929,
      54.2958844,
      54.2961667,
      54.2963330,
      54.2964782,
      54.2965891,
      54.2967177,
      54.2968345,
      54.2975096,
      54.2986447,
      54.2988762,
      54.2995014,
      54.2997977,
      54.3000119,
      54.3002599,
      54.3008134,
      54.3009022,
      54.3013179,
      54.3047335,
      54.3062813,
      54.3070125,
      54.3074819,
      54.3084940,
      54.3096778,
      54.3104605,
      54.3113019,
      54.3132107,
      54.3166362,
      54.3173187
    ],
    "pointsy": [
      9.4532092,
      9.4454811,
      9.4287206,
      9.4207991,
      9.4203714,
      9.4165805,
      9.4054405,
      9.4029288,
      9.4017874,
      9.4011483,
      9.4000424,
      9.3999934,
      9.3999944,
      9.3996835,
      9.4003124,
      9.4007953,
      9.4013033,
      9.4020271,
      9.4027028,
      9.4026460,
      9.4028156,
      9.4032860,
      9.4046897,
      9.4048847,
      9.4051267,
      9.4054282,
      9.4055902,
      9.4082933,
      9.4095954,
      9.4116578,
      9.4157609,
      9.4159937,
      9.4205401,
      9.4249806,
      9.4254891,
      9.4265982,
      9.4282432,
      9.4300088,
      9.4302354,
      9.4319765,
      9.4343339,
      9.4345074,
      9.4369386,
      9.4393087,
      9.4405882,
      9.4424373,
      9.4438252,
      9.4447050,
      9.4497435,
      9.4509945,
      9.4514505,
      9.4531824,
      9.4577657,
      9.4590202,
      9.4609461,
      9.4626007,
      9.4627821,
      9.4630203,
      9.4647970,
      9.4648922,
      9.4650047,
      9.4653382,
      9.4650366,
      9.4653193,
      9.4667806,
      9.4675253,
      9.4565076,
      9.4620405,
      9.4605071
    ]
  }
}