{
  "id": 556602,
  "name": "Elsdorf-Westermühlen",
  "polygon": {
    "numberOfPoints": 207,
    "box": {
      "min": {
        "x": 54.2321892,
        "y": 9.4323939
      },
      "max": {
        "x": 54.2916500,
        "y": 9.5868941
      },
      "center": {
        "x": 54.2619196,
        "y": 9.5096440
      },
      "area": {
        "x": 0.0594608,
        "y": 0.1545002
      }
    },
    "pointsx": [
      54.2916500,
      54.2841032,
      54.2837045,
      54.2824025,
      54.2813453,
      54.2809321,
      54.2806786,
      54.2801277,
      54.2768319,
      54.2736180,
      54.2721569,
      54.2701293,
      54.2695092,
      54.2662589,
      54.2648873,
      54.2620001,
      54.2618713,
      54.2616498,
      54.2610754,
      54.2608611,
      54.2609265,
      54.2608123,
      54.2597231,
      54.2593145,
      54.2590094,
      54.2589621,
      54.2587950,
      54.2580419,
      54.2577339,
      54.2572555,
      54.2572084,
      54.2567762,
      54.2566730,
      54.2568352,
      54.2565293,
      54.2563627,
      54.2562693,
      54.2556826,
      54.2548495,
      54.2543148,
      54.2541488,
      54.2540414,
      54.2539225,
      54.2536901,
      54.2534334,
      54.2536264,
      54.2533976,
      54.2530582,
      54.2527773,
      54.2524144,
      54.2528829,
      54.2532366,
      54.2532623,
      54.2536675,
      54.2536676,
      54.2536675,
      54.2536827,
      54.2542960,
      54.2540654,
      54.2556564,
      54.2569622,
      54.2567308,
      54.2571282,
      54.2574267,
      54.2576794,
      54.2574497,
      54.2572549,
      54.2571960,
      54.2572835,
      54.2563541,
      54.2564754,
      54.2563737,
      54.2539886,
      54.2534426,
      54.2523058,
      54.2506429,
      54.2492391,
      54.2483922,
      54.2479153,
      54.2476783,
      54.2475033,
      54.2474153,
      54.2473503,
      54.2471992,
      54.2470233,
      54.2463221,
      54.2463386,
      54.2463657,
      54.2462225,
      54.2459962,
      54.2457080,
      54.2456185,
      54.2455843,
      54.2456957,
      54.2471085,
      54.2476592,
      54.2491138,
      54.2493510,
      54.2498563,
      54.2502453,
      54.2507552,
      54.2514982,
      54.2515287,
      54.2512902,
      54.2512757,
      54.2511056,
      54.2503553,
      54.2503342,
      54.2496248,
      54.2506201,
      54.2500873,
      54.2473689,
      54.2456091,
      54.2427534,
      54.2433486,
      54.2429845,
      54.2432845,
      54.2432290,
      54.2437290,
      54.2438845,
      54.2438734,
      54.2432068,
      54.2433290,
      54.2439870,
      54.2444823,
      54.2446956,
      54.2462533,
      54.2437957,
      54.2433734,
      54.2424916,
      54.2398844,
      54.2400178,
      54.2393135,
      54.2385141,
      54.2383557,
      54.2369739,
      54.2365290,
      54.2364501,
      54.2364633,
      54.2363844,
      54.2362464,
      54.2360559,
      54.2356993,
      54.2353464,
      54.2352765,
      54.2351380,
      54.2337352,
      54.2328722,
      54.2321892,
      54.2322531,
      54.2330920,
      54.2331270,
      54.2333891,
      54.2339309,
      54.2342979,
      54.2348921,
      54.2351717,
      54.2358075,
      54.2352824,
      54.2358924,
      54.2362749,
      54.2365866,
      54.2370511,
      54.2371715,
      54.2376219,
      54.2381139,
      54.2389869,
      54.2392602,
      54.2394636,
      54.2402728,
      54.2411467,
      54.2412873,
      54.2414791,
      54.2416628,
      54.2417987,
      54.2418148,
      54.2418005,
      54.2415600,
      54.2415844,
      54.2416808,
      54.2418388,
      54.2424740,
      54.2426559,
      54.2431368,
      54.2432917,
      54.2433956,
      54.2435995,
      54.2444517,
      54.2448553,
      54.2452645,
      54.2455770,
      54.2476021,
      54.2539478,
      54.2557748,
      54.2591449,
      54.2632046,
      54.2643729,
      54.2678836,
      54.2749080,
      54.2802921,
      54.2803662,
      54.2769722,
      54.2818744,
      54.2835956,
      54.2845694,
      54.2865011,
      54.2912068
    ],
    "pointsy": [
      9.5430932,
      9.5253942,
      9.5244592,
      9.5199366,
      9.5086369,
      9.4967595,
      9.4960235,
      9.4950418,
      9.4890002,
      9.4826602,
      9.4807711,
      9.4778041,
      9.4777088,
      9.4770488,
      9.4762199,
      9.4764450,
      9.4760412,
      9.4756885,
      9.4758383,
      9.4758316,
      9.4754014,
      9.4748451,
      9.4765077,
      9.4778736,
      9.4782819,
      9.4786202,
      9.4791013,
      9.4791405,
      9.4799339,
      9.4803163,
      9.4802013,
      9.4806802,
      9.4816975,
      9.4829863,
      9.4831555,
      9.4833402,
      9.4834337,
      9.4833111,
      9.4826973,
      9.4816965,
      9.4788166,
      9.4785289,
      9.4781675,
      9.4774820,
      9.4769475,
      9.4764133,
      9.4751651,
      9.4745661,
      9.4738140,
      9.4687668,
      9.4662388,
      9.4653361,
      9.4643454,
      9.4627712,
      9.4619822,
      9.4613841,
      9.4594927,
      9.4589212,
      9.4512584,
      9.4492710,
      9.4445001,
      9.4418118,
      9.4417253,
      9.4415012,
      9.4414147,
      9.4400031,
      9.4394376,
      9.4389798,
      9.4339209,
      9.4340525,
      9.4329641,
      9.4329667,
      9.4323939,
      9.4324359,
      9.4327788,
      9.4337607,
      9.4349145,
      9.4358554,
      9.4366043,
      9.4371612,
      9.4379951,
      9.4390695,
      9.4395788,
      9.4415846,
      9.4420902,
      9.4430035,
      9.4436910,
      9.4439698,
      9.4443171,
      9.4448519,
      9.4453265,
      9.4457669,
      9.4462699,
      9.4466477,
      9.4483189,
      9.4496173,
      9.4528652,
      9.4540217,
      9.4564856,
      9.4582207,
      9.4594379,
      9.4612115,
      9.4616729,
      9.4659856,
      9.4662467,
      9.4708250,
      9.4709585,
      9.4709622,
      9.4718416,
      9.4758554,
      9.4768785,
      9.4956337,
      9.5077077,
      9.5272995,
      9.5304519,
      9.5306264,
      9.5331173,
      9.5346765,
      9.5357033,
      9.5368441,
      9.5389738,
      9.5400956,
      9.5424344,
      9.5445303,
      9.5443080,
      9.5469029,
      9.5480163,
      9.5526072,
      9.5548129,
      9.5568384,
      9.5615060,
      9.5627610,
      9.5643555,
      9.5649386,
      9.5649813,
      9.5642135,
      9.5656647,
      9.5662561,
      9.5671103,
      9.5687661,
      9.5699423,
      9.5705403,
      9.5713320,
      9.5720036,
      9.5723182,
      9.5734208,
      9.5716663,
      9.5708612,
      9.5708487,
      9.5724365,
      9.5737338,
      9.5740833,
      9.5745027,
      9.5752367,
      9.5756212,
      9.5758134,
      9.5757610,
      9.5773731,
      9.5789065,
      9.5794087,
      9.5800157,
      9.5807419,
      9.5830111,
      9.5833869,
      9.5842428,
      9.5849651,
      9.5862125,
      9.5868941,
      9.5866209,
      9.5856548,
      9.5850078,
      9.5847718,
      9.5820944,
      9.5812152,
      9.5805722,
      9.5802644,
      9.5799307,
      9.5782174,
      9.5779595,
      9.5776699,
      9.5772731,
      9.5764029,
      9.5761032,
      9.5750309,
      9.5746790,
      9.5743400,
      9.5731726,
      9.5717914,
      9.5711349,
      9.5705572,
      9.5712457,
      9.5696356,
      9.5722009,
      9.5722572,
      9.5684894,
      9.5658810,
      9.5678916,
      9.5739340,
      9.5765740,
      9.5725637,
      9.5716008,
      9.5555961,
      9.5459864,
      9.5448386,
      9.5446340,
      9.5446800,
      9.5428675
    ]
  }
}