{"id":55771,"name":"Mittenwalde","polygon":{"numberOfPoints":574,"box":{"min":{"x":52.1426020,"y":13.4497364},"max":{"x":52.3311834,"y":13.6240959},"center":{"x":52.2368927,"y":13.53691615},"area":{"x":0.1885814,"y":0.1743595}},"pointsx":[52.3221044,52.3223047,52.3223277,52.3244580,52.3255949,52.3265883,52.3274407,52.3280667,52.3302175,52.3308514,52.3311834,52.3308054,52.3309544,52.3307678,52.3308921,52.3288887,52.3279893,52.3274016,52.3267823,52.3258199,52.3257219,52.3250211,52.3212501,52.3170932,52.3170784,52.3173438,52.3178899,52.3179719,52.3178050,52.3175090,52.3174034,52.3174155,52.3173073,52.3173184,52.3173295,52.3172718,52.3174222,52.3176478,52.3178160,52.3183604,52.3185950,52.3188089,52.3147854,52.3133106,52.3133233,52.3091438,52.3076274,52.3071575,52.3068842,52.3067400,52.3052681,52.3040289,52.3034291,52.3025078,52.3005785,52.2981551,52.2974743,52.2958247,52.2946685,52.2931544,52.2932334,52.2913837,52.2908385,52.2907226,52.2901321,52.2887955,52.2878800,52.2876824,52.2867386,52.2862135,52.2859300,52.2848642,52.2846328,52.2845176,52.2842761,52.2851582,52.2864288,52.2875839,52.2888912,52.2892587,52.2898414,52.2856938,52.2853472,52.2805427,52.2802962,52.2793192,52.2799336,52.2801699,52.2807265,52.2812044,52.2814722,52.2819553,52.2822546,52.2819027,52.2814459,52.2810573,52.2814512,52.2815772,52.2814992,52.2783446,52.2751569,52.2736299,52.2720320,52.2710950,52.2705856,52.2687682,52.2678123,52.2677001,52.2670401,52.2668143,52.2664834,52.2661892,52.2658425,52.2655536,52.2653172,52.2650546,52.2648445,52.2647604,52.2646659,52.2645608,52.2644190,52.2642404,52.2637781,52.2637256,52.2636888,52.2636888,52.2636205,52.2634944,52.2633894,52.2632686,52.2630637,52.2626119,52.2620761,52.2617871,52.2614509,52.2610990,52.2607680,52.2604738,52.2599262,52.2597122,52.2594430,52.2592486,52.2591961,52.2592696,52.2591645,52.2586392,52.2583134,52.2581926,52.2579614,52.2571891,52.2569002,52.2565009,52.2561121,52.2559737,52.2554974,52.2548721,52.2545516,52.2540157,52.2534745,52.2528226,52.2517178,52.2511293,52.2503950,52.2498124,52.2492488,52.2484612,52.2477899,52.2473321,52.2482536,52.2487266,52.2496192,52.2506045,52.2515772,52.2526636,52.2533116,52.2537477,52.2538948,52.2541943,52.2543099,52.2546830,52.2548353,52.2551769,52.2554343,52.2557496,52.2559807,52.2561436,52.2565797,52.2561804,52.2554910,52.2530991,52.2503218,52.2487240,52.2464700,52.2447673,52.2439790,52.2427387,52.2417296,52.2392909,52.2363685,52.2334143,52.2304284,52.2277315,52.2267221,52.2246296,52.2244673,52.2241781,52.2231679,52.2217926,52.2204742,52.2204321,52.2204424,52.2196005,52.2195240,52.2181726,52.2158778,52.2151805,52.2126297,52.2123810,52.2120306,52.2115272,52.2111787,52.2108487,52.2103785,52.2100675,52.2097493,52.2094123,52.2092505,52.2090559,52.2084737,52.2082006,52.2079129,52.2074509,52.2068914,52.2065266,52.2061195,52.2059241,52.2057196,52.2055929,52.2054495,52.2053465,52.2052362,52.2051565,52.2050264,52.2049388,52.2047237,52.2043560,52.2034066,52.2027258,52.2008268,52.1993616,52.1968123,52.1959807,52.1950394,52.1948227,52.1943772,52.1935860,52.1932839,52.1927960,52.1919880,52.1913044,52.1906660,52.1899541,52.1893311,52.1887102,52.1884944,52.1878577,52.1876629,52.1872947,52.1861054,52.1855260,52.1850944,52.1847532,52.1844322,52.1839599,52.1835270,52.1830521,52.1818351,52.1808733,52.1805036,52.1801902,52.1796957,52.1789891,52.1783207,52.1780733,52.1782905,52.1790166,52.1784587,52.1777639,52.1768008,52.1762586,52.1760007,52.1754796,52.1750533,52.1744374,52.1731375,52.1716531,52.1623651,52.1624533,52.1619766,52.1587227,52.1582675,52.1577591,52.1572694,52.1564806,52.1564472,52.1563531,52.1518928,52.1504374,52.1501812,52.1472135,52.1452251,52.1480588,52.1443763,52.1443139,52.1434883,52.1433632,52.1426020,52.1445259,52.1450289,52.1454246,52.1459151,52.1463081,52.1468625,52.1471107,52.1470479,52.1472832,52.1472134,52.1460362,52.1470725,52.1481970,52.1484649,52.1483694,52.1483864,52.1483254,52.1480924,52.1479434,52.1479364,52.1493837,52.1495692,52.1498052,52.1499432,52.1499652,52.1499563,52.1496920,52.1515204,52.1531803,52.1550228,52.1567917,52.1581237,52.1596088,52.1617149,52.1646396,52.1660115,52.1670585,52.1671039,52.1674008,52.1678376,52.1693004,52.1719259,52.1725924,52.1731142,52.1735037,52.1770270,52.1769060,52.1768382,52.1821421,52.1826552,52.1848575,52.1931931,52.1934831,52.1935943,52.1942710,52.1948064,52.1948723,52.1948834,52.1948184,52.1951496,52.1948129,52.1943466,52.1942885,52.1942235,52.1944295,52.1950665,52.1957424,52.1963673,52.1992860,52.2013417,52.2078000,52.2152391,52.2203464,52.2229102,52.2245320,52.2252489,52.2259761,52.2264577,52.2271913,52.2285569,52.2328255,52.2336109,52.2346327,52.2348537,52.2357845,52.2364104,52.2367234,52.2368114,52.2368534,52.2419989,52.2442089,52.2409859,52.2418182,52.2426105,52.2430967,52.2424548,52.2418662,52.2413025,52.2401476,52.2395885,52.2378973,52.2377768,52.2332356,52.2332572,52.2332513,52.2333210,52.2333847,52.2334051,52.2319608,52.2321719,52.2321737,52.2322646,52.2323537,52.2333367,52.2338815,52.2345063,52.2351713,52.2357200,52.2358340,52.2360839,52.2361409,52.2371483,52.2375077,52.2365550,52.2359368,52.2358487,52.2374749,52.2383093,52.2389058,52.2396318,52.2398729,52.2401239,52.2400477,52.2398959,52.2411094,52.2418577,52.2423556,52.2431137,52.2441707,52.2445347,52.2449374,52.2453131,52.2465139,52.2472483,52.2483014,52.2492702,52.2513963,52.2524104,52.2533267,52.2540715,52.2557948,52.2567228,52.2576534,52.2579043,52.2581958,52.2585362,52.2599170,52.2599050,52.2596841,52.2596231,52.2597371,52.2598401,52.2610190,52.2614620,52.2618605,52.2617680,52.2610141,52.2608893,52.2608020,52.2609783,52.2610722,52.2624231,52.2634030,52.2644029,52.2654138,52.2651128,52.2651048,52.2651278,52.2651008,52.2650248,52.2650129,52.2649789,52.2650509,52.2651319,52.2658068,52.2660008,52.2661458,52.2667607,52.2671307,52.2675767,52.2676756,52.2682556,52.2691145,52.2690685,52.2694494,52.2698774,52.2703693,52.2708653,52.2709753,52.2712692,52.2723561,52.2726271,52.2731190,52.2741649,52.2743669,52.2748818,52.2763887,52.2781285,52.2785554,52.2789374,52.2809701,52.2811341,52.2815921,52.2819470,52.2820840,52.2834728,52.2839307,52.2840337,52.2844443,52.2857228,52.2860848,52.2962822,52.2966982,52.2984162,52.2982130,52.2981441,52.2981361,52.2981291,52.2993000,52.2996389,52.3009978,52.3031415,52.3053090,52.3058382,52.3070131,52.3074061,52.3079100,52.3085769,52.3091418,52.3094088,52.3100347,52.3107596,52.3121975,52.3138334,52.3140742,52.3144310,52.3154701,52.3155691,52.3159590,52.3163100,52.3162600,52.3192966,52.3200325,52.3208564,52.3212614,52.3218213,52.3220543],