{
  "numberOfPolygons": 1,
  "box": {
    "min": {
      "x": 48.9303299,
      "y": 8.6478998
    },
    "max": {
      "x": 48.9572940,
      "y": 8.7046574
    },
    "center": {
      "x": 48.94381195,
      "y": 8.6762786
    }
  },
  "polygons": [
    {
      "numberOfPoints": 155,
      "box": {
        "min": {
          "x": 48.9303299,
          "y": 8.6478998
        },
        "max": {
          "x": 48.9572940,
          "y": 8.7046574
        },
        "center": {
          "x": 48.94381195,
          "y": 8.6762786
        }
      },
      "pointsx": [
        48.9369293,
        48.9371037,
        48.9400918,
        48.9399773,
        48.9398212,
        48.9411135,
        48.9417239,
        48.9430849,
        48.9441331,
        48.9443691,
        48.9461396,
        48.9473850,
        48.9486960,
        48.9489354,
        48.9502967,
        48.9503205,
        48.9503610,
        48.9504253,
        48.9505275,
        48.9508023,
        48.9508655,
        48.9509818,
        48.9510954,
        48.9512978,
        48.9513645,
        48.9513620,
        48.9513702,
        48.9513821,
        48.9516061,
        48.9521966,
        48.9527828,
        48.9551505,
        48.9551386,
        48.9551461,
        48.9554592,
        48.9542592,
        48.9539130,
        48.9534155,
        48.9535151,
        48.9534834,
        48.9534971,
        48.9539197,
        48.9535803,
        48.9535019,
        48.9533532,
        48.9531838,
        48.9530730,
        48.9528405,
        48.9531752,
        48.9533949,
        48.9537406,
        48.9540627,
        48.9536913,
        48.9536402,
        48.9543588,
        48.9545807,
        48.9554410,
        48.9555818,
        48.9560898,
        48.9565630,
        48.9569245,
        48.9570474,
        48.9572940,
        48.9572684,
        48.9572396,
        48.9572381,
        48.9570402,
        48.9569645,
        48.9565458,
        48.9563613,
        48.9563190,
        48.9562396,
        48.9558477,
        48.9557771,
        48.9557106,
        48.9550756,
        48.9552306,
        48.9553592,
        48.9555521,
        48.9554376,
        48.9555483,
        48.9548951,
        48.9540849,
        48.9540708,
        48.9537408,
        48.9528763,
        48.9528102,
        48.9526596,
        48.9524173,
        48.9521190,
        48.9518126,
        48.9515724,
        48.9511141,
        48.9508324,
        48.9507386,
        48.9500263,
        48.9500014,
        48.9500483,
        48.9497336,
        48.9495155,
        48.9491124,
        48.9487338,
        48.9484414,
        48.9483533,
        48.9482264,
        48.9479141,
        48.9476892,
        48.9472956,
        48.9471244,
        48.9469560,
        48.9462125,
        48.9457756,
        48.9455995,
        48.9451908,
        48.9450780,
        48.9448842,
        48.9439561,
        48.9435339,
        48.9430789,
        48.9424994,
        48.9416821,
        48.9414542,
        48.9407409,
        48.9408679,
        48.9403113,
        48.9397465,
        48.9396081,
        48.9392818,
        48.9386266,
        48.9377154,
        48.9374370,
        48.9368817,
        48.9349668,
        48.9339375,
        48.9333527,
        48.9324003,
        48.9312233,
        48.9307421,
        48.9309772,
        48.9303523,
        48.9303299,
        48.9311023,
        48.9318034,
        48.9323128,
        48.9327128,
        48.9329875,
        48.9339841,
        48.9348556,
        48.9352369,
        48.9355920,
        48.9367261,
        48.9372178,
        48.9377944,
        48.9378772,
        48.9369409
      ],
      "pointsy": [
        8.6987063,
        8.6989370,
        8.7024250,
        8.7028341,
        8.7036757,
        8.7038379,
        8.7039077,
        8.7040861,
        8.7043798,
        8.7043905,
        8.7041719,
        8.7040673,
        8.7043168,
        8.7043969,
        8.7046574,
        8.7028892,
        8.7022085,
        8.7018276,
        8.7012188,
        8.6993439,
        8.6986920,
        8.6972007,
        8.6964457,
        8.6954287,
        8.6944921,
        8.6935313,
        8.6932118,
        8.6928867,
        8.6921710,
        8.6908726,
        8.6899132,
        8.6848493,
        8.6842256,
        8.6838753,
        8.6818330,
        8.6816297,
        8.6798593,
        8.6802060,
        8.6776908,
        8.6765804,
        8.6764009,
        8.6755695,
        8.6749576,
        8.6748008,
        8.6745963,
        8.6742942,
        8.6740966,
        8.6738472,
        8.6730720,
        8.6725843,
        8.6723425,
        8.6703784,
        8.6683201,
        8.6672392,
        8.6654072,
        8.6655601,
        8.6641864,
        8.6643179,
        8.6634514,
        8.6639971,
        8.6636511,
        8.6632294,
        8.6624311,
        8.6621102,
        8.6617224,
        8.6615854,
        8.6600719,
        8.6596941,
        8.6570739,
        8.6554958,
        8.6552430,
        8.6550492,
        8.6541774,
        8.6541011,
        8.6540814,
        8.6538972,
        8.6535103,
        8.6530765,
        8.6521699,
        8.6521431,
        8.6508784,
        8.6507430,
        8.6505284,
        8.6506142,
        8.6505874,
        8.6500413,
        8.6491969,
        8.6485763,
        8.6485651,
        8.6489321,
        8.6490498,
        8.6492264,
        8.6497057,
        8.6497183,
        8.6499748,
        8.6494997,
        8.6500168,
        8.6506264,
        8.6506937,
        8.6506180,
        8.6505058,
        8.6490800,
        8.6482217,
        8.6478998,
        8.6480929,
        8.6483015,
        8.6484148,
        8.6486715,
        8.6488270,
        8.6490246,
        8.6480573,
        8.6485723,
        8.6496130,
        8.6508659,
        8.6512116,
        8.6512091,
        8.6524485,
        8.6529705,
        8.6536894,
        8.6548535,
        8.6560556,
        8.6562114,
        8.6568778,
        8.6570676,
        8.6577488,
        8.6587146,
        8.6585942,
        8.6592987,
        8.6599397,
        8.6607530,
        8.6610058,
        8.6614913,
        8.6635012,
        8.6649906,
        8.6657807,
        8.6675603,
        8.6700751,
        8.6718279,
        8.6736298,
        8.6776281,
        8.6778149,
        8.6783827,
        8.6811626,
        8.6831275,
        8.6843345,
        8.6851430,
        8.6879388,
        8.6895786,
        8.6902545,
        8.6907804,
        8.6940621,
        8.6954219,
        8.6966651,
        8.6968234,
        8.6986797
      ]
    }
  ]
}