{
  "id": 62493,
  "name": "Weimar",
  "polygon": {
    "numberOfPoints": 486,
    "box": {
      "min": {
        "x": 50.9171123,
        "y": 11.2349051
      },
      "max": {
        "x": 51.0367147,
        "y": 11.4019598
      },
      "center": {
        "x": 50.9769135,
        "y": 11.31843245
      },
      "area": {
        "x": 0.1196024,
        "y": 0.1670547
      }
    },
    "pointsx": [
      51.0322407,
      51.0323841,
      51.0307080,
      51.0259514,
      51.0259491,
      51.0282780,
      51.0300169,
      51.0319071,
      51.0310372,
      51.0308419,
      51.0316545,
      51.0301300,
      51.0287527,
      51.0273613,
      51.0270762,
      51.0262269,
      51.0260366,
      51.0258487,
      51.0250298,
      51.0244539,
      51.0231376,
      51.0234905,
      51.0247231,
      51.0248044,
      51.0219137,
      51.0220127,
      51.0221317,
      51.0222837,
      51.0233756,
      51.0244273,
      51.0247531,
      51.0253526,
      51.0258446,
      51.0257258,
      51.0261654,
      51.0253286,
      51.0241506,
      51.0224762,
      51.0217957,
      51.0206169,
      51.0205139,
      51.0202849,
      51.0187511,
      51.0212578,
      51.0217267,
      51.0252134,
      51.0257553,
      51.0263766,
      51.0214909,
      51.0217078,
      51.0241076,
      51.0254465,
      51.0250645,
      51.0234507,
      51.0232835,
      51.0207620,
      51.0207036,
      51.0195752,
      51.0200181,
      51.0203921,
      51.0205901,
      51.0195912,
      51.0195982,
      51.0195982,
      51.0197052,
      51.0214493,
      51.0216388,
      51.0215831,
      51.0195353,
      51.0187677,
      51.0200498,
      51.0188746,
      51.0177935,
      51.0158978,
      51.0139680,
      51.0135710,
      51.0120372,
      51.0105953,
      51.0113852,
      51.0107563,
      51.0078036,
      51.0076656,
      51.0044620,
      51.0026631,
      51.0015030,
      51.0017093,
      51.0016074,
      51.0011399,
      51.0008003,
      50.9998974,
      50.9999945,
      51.0002205,
      51.0001438,
      50.9991500,
      50.9992978,
      50.9988679,
      50.9974714,
      50.9970693,
      50.9967475,
      50.9964366,
      50.9965136,
      50.9970355,
      50.9975254,
      50.9969619,
      50.9968856,
      50.9962681,
      50.9967934,
      50.9966209,
      50.9961162,
      50.9955530,
      50.9946259,
      50.9936170,
      50.9930532,
      50.9919808,
      50.9911826,
      50.9906552,
      50.9860941,
      50.9854912,
      50.9843733,
      50.9848123,
      50.9849413,
      50.9849573,
      50.9885349,
      50.9905187,
      50.9918126,
      50.9921365,
      50.9934864,
      50.9958398,
      50.9953000,
      50.9922966,
      50.9919433,
      50.9901976,
      50.9905590,
      50.9896946,
      50.9896778,
      50.9890841,
      50.9872094,
      50.9866036,
      50.9850324,
      50.9841418,
      50.9836860,
      50.9836998,
      50.9828955,
      50.9822153,
      50.9818070,
      50.9814494,
      50.9813278,
      50.9812995,
      50.9798152,
      50.9780305,
      50.9766498,
      50.9767421,
      50.9746901,
      50.9731630,
      50.9723894,
      50.9719031,
      50.9717937,
      50.9671540,
      50.9670884,
      50.9680088,
      50.9674119,
      50.9645637,
      50.9640181,
      50.9553078,
      50.9554206,
      50.9554981,
      50.9553902,
      50.9547747,
      50.9544342,
      50.9544896,
      50.9542106,
      50.9524273,
      50.9493681,
      50.9469161,
      50.9473475,
      50.9477642,
      50.9478809,
      50.9478934,
      50.9478717,
      50.9476559,
      50.9471247,
      50.9468424,
      50.9465305,
      50.9461801,
      50.9459600,
      50.9459100,
      50.9459643,
      50.9460709,
      50.9461313,
      50.9460952,
      50.9460988,
      50.9461734,
      50.9462865,
      50.9467411,
      50.9452232,
      50.9457101,
      50.9462784,
      50.9457514,
      50.9446517,
      50.9423535,
      50.9412555,
      50.9405877,
      50.9400547,
      50.9401961,
      50.9396878,
      50.9401504,
      50.9392094,
      50.9382384,
      50.9384133,
      50.9373516,
      50.9371070,
      50.9371153,
      50.9379538,
      50.9387776,
      50.9399428,
      50.9400846,
      50.9411434,
      50.9415142,
      50.9415302,
      50.9415225,
      50.9414809,
      50.9414197,
      50.9419679,
      50.9420003,
      50.9419710,
      50.9420280,
      50.9420496,
      50.9420492,
      50.9420481,
      50.9419756,
      50.9419957,
      50.9420604,
      50.9422484,
      50.9426815,
      50.9428433,
      50.9426399,
      50.9424087,
      50.9424210,
      50.9422977,
      50.9423270,
      50.9422284,
      50.9422253,
      50.9422715,
      50.9423047,
      50.9422022,
      50.9421359,
      50.9421374,
      50.9421421,
      50.9419679,
      50.9419001,
      50.9417521,
      50.9415608,
      50.9415024,
      50.9414900,
      50.9414378,
      50.9408011,
      50.9396581,
      50.9393045,
      50.9392490,
      50.9392261,
      50.9391953,
      50.9391487,
      50.9384062,
      50.9383167,
      50.9382612,
      50.9381966,
      50.9361650,
      50.9357011,
      50.9354791,
      50.9351476,
      50.9348626,
      50.9346351,
      50.9334999,
      50.9326552,
      50.9325982,
      50.9318197,
      50.9311784,
      50.9305896,
      50.9299267,
      50.9297032,
      50.9294380,
      50.9294134,
      50.9293162,
      50.9291729,
      50.9290125,
      50.9289046,
      50.9288503,
      50.9282270,
      50.9267686,
      50.9256109,
      50.9247983,
      50.9243485,
      50.9230567,
      50.9220745,
      50.9214239,
      50.9199851,
      50.9187365,
      50.9189133,
      50.9192890,
      50.9192974,
      50.9194768,
      50.9194906,
      50.9192532,
      50.9200283,
      50.9195845,
      50.9193497,
      50.9192640,
      50.9195120,
      50.9178318,
      50.9181353,
      50.9183987,
      50.9203658,
      50.9208085,
      50.9211553,
      50.9215281,
      50.9217012,
      50.9216791,
      50.9215684,
      50.9215610,
      50.9217455,
      50.9222103,
      50.9224126,
      50.9224401,
      50.9226094,
      50.9223832,
      50.9221944,
      50.9221229,
      50.9218063,
      50.9216197,
      50.9211564,
      50.9210571,
      50.9204101,
      50.9189787,
      50.9182795,
      50.9182474,
      50.9174175,
      50.9171123,
      50.9172116,
      50.9174456,
      50.9184974,
      50.9182895,
      50.9177699,
      50.9178487,
      50.9176771,
      50.9176845,
      50.9181568,
      50.9184518,
      50.9186421,
      50.9189287,
      50.9192091,
      50.9191215,
      50.9194230,
      50.9200081,
      50.9203695,
      50.9209312,
      50.9214451,
      50.9226138,
      50.9239216,
      50.9248755,
      50.9262104,
      50.9264553,
      50.9270382,
      50.9272930,
      50.9274692,
      50.9264283,
      50.9263213,
      50.9262563,
      50.9263863,
      50.9266479,
      50.9275721,
      50.9298159,
      50.9304598,
      50.9332375,
      50.9352932,
      50.9353282,
      50.9353242,
      50.9358622,
      50.9358812,
      50.9359002,
      50.9371250,
      50.9393844,
      50.9376129,
      50.9405412,
      50.9405141,
      50.9421127,
      50.9420046,
      50.9416568,
      50.9432898,
      50.9432934,
      50.9436243,
      50.9436933,
      50.9437623,
      50.9440928,
      50.9440591,
      50.9437201,
      50.9437151,
      50.9452283,
      50.9459021,
      50.9460431,
      50.9462111,
      50.9464543,
      50.9484263,
      50.9492557,
      50.9513455,
      50.9513694,
      50.9537872,
      50.9560857,
      50.9561329,
      50.9637550,
      50.9638890,
      50.9660023,
      50.9661870,
      50.9681654,
      50.9678503,
      50.9701091,
      50.9702985,
      50.9716806,
      50.9745315,
      50.9749501,
      50.9754157,
      50.9757250,
