{"id":63503,"name":"Herten","polygon":{"numberOfPoints":787,"box":{"min":{"x":51.5508324,"y":7.0666089},"max":{"x":51.6341591,"y":7.1796486},"center":{"x":51.59249575,"y":7.12312875},"area":{"x":0.0833267,"y":0.1130397}},"pointsx":[51.6341439,51.6341591,51.6340446,51.6339440,51.6338256,51.6337278,51.6336190,51.6335622,51.6335185,51.6334128,51.6332110,51.6331411,51.6329775,51.6328922,51.6328154,51.6326049,51.6325829,51.6325059,51.6324430,51.6323186,51.6318881,51.6312374,51.6310244,51.6305930,51.6304200,51.6299262,51.6298536,51.6296918,51.6295349,51.6295093,51.6295737,51.6296752,51.6290829,51.6287903,51.6286928,51.6285242,51.6285633,51.6287576,51.6286982,51.6286642,51.6285353,51.6283825,51.6278701,51.6276545,51.6274198,51.6280391,51.6286165,51.6283941,51.6282437,51.6281257,51.6276678,51.6272620,51.6266039,51.6264458,51.6259404,51.6258434,51.6257755,51.6256848,51.6256774,51.6257004,51.6256886,51.6260982,51.6264385,51.6271863,51.6271228,51.6270657,51.6268879,51.6267583,51.6266335,51.6265476,51.6263394,51.6261146,51.6259381,51.6257450,51.6253919,51.6252490,51.6251548,51.6249643,51.6247698,51.6248469,51.6250724,51.6254328,51.6259415,51.6264037,51.6268570,51.6271158,51.6274947,51.6275503,51.6275873,51.6280217,51.6283269,51.6286597,51.6278632,51.6266559,51.6266515,51.6265107,51.6255603,51.6254238,51.6255871,51.6256977,51.6267857,51.6268320,51.6269415,51.6269549,51.6265984,51.6264309,51.6264168,51.6261479,51.6256352,51.6250065,51.6247400,51.6245557,51.6240040,51.6243108,51.6243340,51.6243372,51.6244125,51.6253949,51.6247174,51.6243038,51.6238609,51.6235606,51.6234260,51.6230943,51.6230106,51.6227226,51.6226034,51.6225555,51.6225114,51.6223681,51.6221460,51.6221361,51.6222021,51.6225322,51.6227747,51.6229143,51.6230517,51.6232104,51.6233175,51.6234976,51.6236843,51.6235898,51.6235928,51.6235601,51.6232049,51.6229272,51.6222410,51.6211300,51.6198683,51.6188088,51.6181697,51.6175209,51.6173122,51.6161834,51.6157905,51.6157815,51.6156496,51.6155506,51.6154578,51.6152996,51.6150257,51.6149317,51.6148777,51.6146727,51.6146687,51.6145008,51.6141225,51.6139227,51.6136015,51.6135136,51.6132745,51.6131966,51.6130551,51.6128730,51.6126733,51.6125581,51.6121921,51.6119031,51.6119034,51.6118564,51.6118369,51.6118368,51.6114408,51.6112815,51.6111429,51.6109966,51.6108241,51.6104036,51.6103403,51.6102580,51.6096935,51.6093621,51.6092568,51.6092491,51.6083471,51.6074134,51.6070621,51.6065823,51.6059740,51.6058988,51.6058441,51.6057894,51.6059894,51.6062016,51.6063500,51.6064844,51.6060212,51.6053706,51.6050806,51.6036635,51.6027318,51.6016678,51.6006900,51.6006612,51.6006596,51.6003715,51.5999777,51.5993469,51.5987318,51.5981428,51.5976169,51.5971910,51.5971434,51.5965907,51.5960704,51.5957435,51.5956620,51.5955830,51.5955446,51.5949233,51.5948095,51.5939686,51.5934311,51.5932640,51.5931370,51.5929514,51.5928142,51.5923441,51.5915921,51.5915513,51.5914839,51.5911890,51.5909779,51.5907793,51.5904812,51.5901245,51.5900289,51.5899953,51.5899827,51.5895695,51.5891390,51.5885359,51.5880441,51.5884070,51.5887108,51.5888241,51.5888876,51.5889784,51.5892239,51.5895374,51.5898066,51.5899965,51.5900888,51.5901612,51.5903346,51.5905825,51.5906863,51.5907902,51.5914978,51.5919715,51.5919931,51.5920139,51.5923677,51.5928070,51.5928448,51.5929578,51.5931392,51.5933238,51.5933739,51.5933633,51.5933752,51.5933903,51.5934035,51.5934544,51.5935531,51.5929671,51.5928888,51.5927910,51.5928906,51.5929161,51.5930078,51.5926849,51.5927220,51.5928397,51.5929989,51.5931256,51.5932323,51.5932438,51.5932854,51.5934310,51.5935428,51.5936144,51.5936989,51.5939049,51.5941614,51.5941483,51.5941521,51.5941821,51.5942417,51.5942384,51.5940768,51.5940203,51.5939591,51.5938790,51.5937478,51.5933982,51.5933180,51.5929976,51.5928444,51.5926531,51.5924963,51.5922962,51.5921033,51.5916407,51.5912127,51.5908330,51.5908029,51.5907687,51.5901185,51.5895482,51.5891882,51.5889966,51.5888383,51.5887436,51.5886989,51.5887252,51.5885374,51.5886201,51.5886192,51.5886048,51.5885231,51.5884513,51.5882672,51.5882684,51.5879663,51.5875787,51.5874856,51.5873474,51.5873821,51.5870037,51.5866035,51.5865602,51.5865019,51.5862378,51.5862169,51.5862820,51.5863209,51.5856492,51.5855664,51.5857575,51.5859400,51.5859416,51.5860037,51.5860052,51.5861744,51.5863587,51.5861394,51.5861574,51.5861060,51.5860438,51.5859124,51.5858102,51.5856110,51.5851847,51.5846163,51.5843855,51.5841981,51.5836706,51.5833165,51.5830001,51.5823314,51.5821731,51.5814927,51.5813766,51.5805272,51.5798900,51.5797766,51.5796629,51.5788973,51.5782353,51.5782215,51.5782448,51.5779890,51.5779889,51.5779665,51.5779383,51.5779070,51.5778837,51.5778360,51.5775897,51.5775725,51.5774379,51.5773728,51.5771787,51.5771045,51.5770294,51.5769371,51.5768204,51.5767167,51.5765617,51.5762997,51.5761949,51.5761358,51.5761467,51.5761186,51.5761279,51.5761514,51.5759839,51.5758393,51.5757032,51.5753966,51.5752529,51.5751643,51.5750294,51.5748779,51.5746770,51.5745541,51.5745187,51.5745049,51.5744364,51.5744175,51.5744157,51.5744082,51.5743609,51.5742612,51.5742678,51.5741920,51.5742577,51.5742346,51.5742283,51.5742427,51.5742493,51.5742184,51.5741833,51.5741055,51.5740539,51.5740032,51.5739944,51.5740021,51.5739515,51.5739369,51.5738985,51.5738485,51.5736965,51.5736150,51.5736141,51.5734813,51.5725940,51.5725818,51.5720355,51.5703531,51.5700980,51.5700866,51.5693791,51.5687945,51.5672944,51.5668111,51.5667876,51.5666360,51.5665779,51.5664990,51.5652100,51.5636285,51.5631284,51.5623969,51.5618775,51.5612560,51.5605357,51.5600635,51.5599560,51.5599520,51.5597897,51.5589400,51.5580293,51.5573048,51.5573034,51.5560406,51.5547980,51.5535202,51.5534344,51.5534389,51.5530663,51.5523286,51.5516452,51.5515916,51.5515521,51.5514188,51.5512101,51.5511776,51.5511594,51.5511341,51.5511162,51.5509969,51.5511452,51.5512713,51.5512646,51.5512452,51.5510590,51.5509014,51.5508713,51.5508862,51.5509085,51.5509141,51.5510082,51.5509941,51.5509488,51.5509398,51.5508830,51.5508605,51.5508324,51.5508695,51.5508785,51.5509021,51.5510086,51.5510517,51.5515287,51.5517236,51.5518392,51.5520367,51.5521645,51.5521895,51.5522342,51.5523347,51.5526108,51.5527602,51.5529044,51.5530462,51.5531898,51.5537616,51.5537901,51.5543379,51.5545450,51.5545676,51.5548848,51.5548761,51.5552283,51.5554091,51.5557433,51.5561632,51.5562852,51.5564117,51.5566963,51.5567325,51.5567822,51.5568544,51.5582728,51.5592530,51.5599473,51.5606955,51.5607090,51.5611103,51.5611509,51.5612005,51.5617278,51.5626733,51.5632783,51.5633051,51.5636659,51.5638733,51.5640701,51.5641889,51.5642970,51.5655184,51.5660727,51.5670646,51.5676327,51.5679142,51.5692002,51.5701171,51.5714033,51.5723620,51.5728078,51.5730540,51.5730770,51.5732672,51.5737235,51.5739857,51.5748237,51.5754855,51.5758886,51.5760224,51.5768433,51.5770641,51.5772987,51.5775377,51.5775919,51.5777724,51.5780115,51.5781512,51.5782685,51.5783858,51.5785167,51.5795164,51.5799932,51.5801337,51.5806648,51.5832664,51.5834598,51.5840453,51.5840455,51.5838667,51.5839696,51.5854587,51.5857673,51.5864620,51.5869645,51.5872295,51.5875348,51.5882442,51.5886303,51.5902152,51.5906012,51.5921186,51.5928680,51.5935456,51.5943495,51.5946007,51.5948426,51.5950797,51.5952585,51.5955218,51.5957444,51.5957489,51.5959045,51.5959222,51.5960820,51.5961841,51.5963479,51.5965785,51.5966673,51.5968620,51.5970252,51.5970913,51.5971794,51.5973769,51.5974076,51.5977456,51.5978190,51.5978236,51.5978696,51.5978742,51.5979201,51.5982233,51.5990777,51.5992888,51.5993439,51.5993851,51.5993897,51.6017258,51.6016861,51.6016398,51.6015968,51.6015517,51.6014352,51.6013393,51.6014513,51.6018780,51.6022131,51.6022374,51.6024947,51.6027372,51.6027355,51.6028651,51.6030719,51.6032845,51.6035629,51.6035826,51.6036251,51.6037344,51.6038308,51.6038467,51.6041416,51.6039820,51.6041065,51.6041639,51.6043985,51.6045107,51.6045965,51.6046395,51.6050861,51.6057337,51.6059130,51.6060259,51.6062005,51.6063090,51.6064449,51.6066568,51.6069064,51.6074164,51.6079790,51.6081333,51.6084060,51.6085961,51.6087400,51.6088711,51.6089904,