{
  "id": 659750,
  "name": "Dreieich",
  "polygon": {
    "numberOfPoints": 302,
    "box": {
      "min": {
        "x": 49.9533482,
        "y": 8.6352236
      },
      "max": {
        "x": 50.0539497,
        "y": 8.7669837
      },
      "center": {
        "x": 50.00364895,
        "y": 8.70110365
      },
      "area": {
        "x": 0.1006015,
        "y": 0.1317601
      }
    },
    "pointsx": [
      50.0128718,
      50.0129385,
      50.0133694,
      50.0144637,
      50.0150403,
      50.0155935,
      50.0156714,
      50.0159072,
      50.0161949,
      50.0164505,
      50.0166636,
      50.0168713,
      50.0171184,
      50.0172708,
      50.0175548,
      50.0178952,
      50.0180458,
      50.0183947,
      50.0210477,
      50.0210969,
      50.0268098,
      50.0273323,
      50.0300436,
      50.0310481,
      50.0312995,
      50.0314862,
      50.0315667,
      50.0320724,
      50.0330733,
      50.0334692,
      50.0340916,
      50.0341546,
      50.0335657,
      50.0330841,
      50.0328579,
      50.0327370,
      50.0335598,
      50.0343024,
      50.0346631,
      50.0349666,
      50.0367359,
      50.0379706,
      50.0384181,
      50.0390999,
      50.0398085,
      50.0398481,
      50.0398541,
      50.0398550,
      50.0398716,
      50.0399178,
      50.0400745,
      50.0403116,
      50.0403645,
      50.0405991,
      50.0407236,
      50.0407801,
      50.0408125,
      50.0408168,
      50.0398596,
      50.0398713,
      50.0400053,
      50.0400244,
      50.0400421,
      50.0400672,
      50.0401522,
      50.0401827,
      50.0402233,
      50.0402802,
      50.0403213,
      50.0403557,
      50.0404105,
      50.0403849,
      50.0401724,
      50.0395667,
      50.0390348,
      50.0437277,
      50.0451155,
      50.0454949,
      50.0460257,
      50.0462047,
      50.0462486,
      50.0462773,
      50.0473004,
      50.0474163,
      50.0476121,
      50.0478507,
      50.0479194,
      50.0481331,
      50.0482377,
      50.0483482,
      50.0485680,
      50.0488911,
      50.0488897,
      50.0494553,
      50.0500436,
      50.0503348,
      50.0502588,
      50.0502435,
      50.0539497,
      50.0538777,
      50.0530010,
      50.0520758,
      50.0491622,
      50.0482244,
      50.0476064,
      50.0394985,
      50.0336238,
      50.0333142,
      50.0332370,
      50.0331571,
      50.0327843,
      50.0311095,
      50.0308978,
      50.0300831,
      50.0293526,
      50.0288695,
      50.0284413,
      50.0277542,
      50.0271412,
      50.0266968,
      50.0256665,
      50.0252354,
      50.0249871,
      50.0246673,
      50.0242648,
      50.0240568,
      50.0237262,
      50.0234707,
      50.0230681,
      50.0228421,
      50.0225222,
      50.0223640,
      50.0222370,
      50.0221527,
      50.0218658,
      50.0218119,
      50.0217888,
      50.0214434,
      50.0202010,
      50.0184359,
      50.0148832,
      50.0146750,
      50.0145034,
      50.0144646,
      50.0144276,
      50.0142125,
      50.0140526,
      50.0139919,
      50.0139798,
      50.0139698,
      50.0142125,
      50.0143504,
      50.0147806,
      50.0149835,
      50.0150709,
      50.0152253,
      50.0151584,
      50.0147590,
      50.0142899,
      50.0142238,
      50.0137682,
      50.0129588,
      50.0121156,
      50.0120576,
      50.0112970,
      50.0110699,
      50.0108527,
      50.0106839,
      50.0105899,
      50.0102179,
      50.0101555,
      50.0097424,
      50.0093142,
      50.0089711,
      50.0085682,
      50.0081732,
      50.0077842,
      50.0069769,
      50.0067178,
      50.0062713,
      50.0059808,
      50.0059714,
      50.0058885,
      50.0056530,
      50.0054982,
      50.0033520,
      50.0032683,
      50.0032125,
      50.0023277,
      50.0016898,
      50.0016079,
      50.0004688,
      50.0003840,
      49.9996440,
      49.9983484,
      49.9968526,
      49.9957756,
      49.9949734,
      49.9932851,
      49.9929515,
      49.9925659,
      49.9913461,
      49.9901372,
      49.9881995,
      49.9880393,
      49.9869659,
      49.9867823,
      49.9866075,
      49.9865909,
      49.9865247,
      49.9864565,
      49.9860811,
      49.9857079,
      49.9854702,
      49.9850976,
      49.9848224,
      49.9846165,
      49.9842156,
      49.9839271,
      49.9837552,
      49.9836698,
      49.9831285,
      49.9823893,
      49.9818248,
      49.9797801,
      49.9740740,
      49.9700191,
      49.9681639,
      49.9634680,
      49.9595107,
      49.9584105,
      49.9601511,
      49.9596393,
      49.9584944,
      49.9584184,
      49.9582314,
      49.9579035,
      49.9577015,
      49.9574575,
      49.9572855,
      49.9572555,
      49.9573235,
      49.9574765,
      49.9569995,
      49.9572395,
      49.9571785,
      49.9571175,
      49.9556337,
      49.9553597,
      49.9551267,
      49.9547378,
      49.9539479,
      49.9537299,
      49.9538029,
      49.9538139,
      49.9533482,
      49.9613634,
      49.9632517,
      49.9661251,
      49.9706072,
      49.9735459,
      49.9774898,
      49.9820998,
      49.9836080,
      49.9870382,
      49.9874649,
      49.9874321,
      49.9903697,
      49.9902220,
      49.9923389,
      49.9938322,
      49.9966217,
      50.0016515,
      50.0027768,
      50.0046067,
      50.0055319,
      50.0055320,
      50.0056026,
      50.0056742,
      50.0056832,
      50.0057253,
      50.0057395,
      50.0057449,
      50.0058155,
      50.0058827,
      50.0060270,
      50.0064766,
      50.0067289,
      50.0068313,
      50.0068492,
      50.0069289,
      50.0069804,
      50.0071626,
      50.0075186,
      50.0075524,
      50.0082438,
      50.0086671,
      50.0096501,
      50.0098442,
      50.0101344,
      50.0111901,
      50.0113427
    ],