{
  "numberOfPolygons": 1,
  "box": {
    "min": {
      "x": 49.0585021,
      "y": 8.8117529
    },
    "max": {
      "x": 49.0954883,
      "y": 8.8798336
    },
    "center": {
      "x": 49.0769952,
      "y": 8.84579325
    }
  },
  "polygons": [
    {
      "numberOfPoints": 384,
      "box": {
        "min": {
          "x": 49.0585021,
          "y": 8.8117529
        },
        "max": {
          "x": 49.0954883,
          "y": 8.8798336
        },
        "center": {
          "x": 49.0769952,
          "y": 8.84579325
        }
      },
      "pointsx": [
        49.0865264,
        49.0861230,
        49.0856448,
        49.0853934,
        49.0848885,
        49.0847797,
        49.0843952,
        49.0841444,
        49.0839763,
        49.0838736,
        49.0837743,
        49.0834467,
        49.0829673,
        49.0825028,
        49.0822013,
        49.0820890,
        49.0818301,
        49.0816881,
        49.0815500,
        49.0813410,
        49.0812261,
        49.0811158,
        49.0810654,
        49.0811028,
        49.0811567,
        49.0812285,
        49.0813097,
        49.0810196,
        49.0808291,
        49.0807523,
        49.0807028,
        49.0806535,
        49.0805226,
        49.0805503,
        49.0801037,
        49.0791781,
        49.0791175,
        49.0776437,
        49.0776092,
        49.0774624,
        49.0772604,
        49.0771629,
        49.0771359,
        49.0771101,
        49.0770338,
        49.0769275,
        49.0768563,
        49.0767802,
        49.0759427,
        49.0758805,
        49.0756757,
        49.0749525,
        49.0746957,
        49.0740101,
        49.0739548,
        49.0739227,
        49.0738906,
        49.0738106,
        49.0735338,
        49.0732757,
        49.0732161,
        49.0731775,
        49.0731299,
        49.0730392,
        49.0732413,
        49.0715432,
        49.0712933,
        49.0707944,
        49.0696883,
        49.0695671,
        49.0696654,
        49.0697977,
        49.0699232,
        49.0699786,
        49.0700036,
        49.0700445,
        49.0701243,
        49.0701402,
        49.0701492,
        49.0701422,
        49.0701376,
        49.0701581,
        49.0701397,
        49.0701283,
        49.0700940,
        49.0700666,
        49.0700255,
        49.0699820,
        49.0699592,
        49.0699477,
        49.0699293,
        49.0699474,
        49.0699381,
        49.0699355,
        49.0699123,
        49.0699123,
        49.0698673,
        49.0698707,
        49.0697633,
        49.0697182,
        49.0673225,
        49.0666700,
        49.0660110,
        49.0655122,
        49.0649730,
        49.0647658,
        49.0645357,
        49.0643598,
        49.0634926,
        49.0633372,
        49.0627126,
        49.0616129,
        49.0616209,
        49.0617139,
        49.0618050,
        49.0620900,
        49.0620739,
        49.0619734,
        49.0620416,
        49.0619725,
        49.0619670,
        49.0619536,
        49.0618994,
        49.0618455,
        49.0617921,
        49.0617982,
        49.0618619,
        49.0620602,
        49.0620047,
        49.0620067,
        49.0620296,
        49.0620907,
        49.0618061,
        49.0614663,
        49.0617410,
        49.0617385,
        49.0616010,
        49.0614816,
        49.0614356,
        49.0614899,
        49.0614780,
        49.0613836,
        49.0612691,
        49.0609350,
        49.0604085,
        49.0604646,
        49.0602228,
        49.0600946,
        49.0597124,
        49.0597969,
        49.0598534,
        49.0598204,
        49.0595934,
        49.0589966,
        49.0585021,
        49.0592606,
        49.0594738,
        49.0596543,
        49.0598547,
        49.0599596,
        49.0600547,
        49.0601167,
        49.0604864,
        49.0606040,
        49.0610040,
        49.0613247,
        49.0615844,
        49.0617947,
        49.0632948,
        49.0638450,
        49.0640466,
        49.0642839,
        49.0646725,
        49.0654752,
        49.0658914,
        49.0670827,
        49.0676264,
        49.0681776,
        49.0682277,
        49.0685534,
        49.0688361,
        49.0692436,
        49.0693322,
        49.0696516,
        49.0696099,
        49.0698134,
        49.0698480,
        49.0699999,
        49.0701215,
        49.0702611,
        49.0704487,
        49.0708671,
        49.0710231,
        49.0713458,
        49.0714737,
        49.0716108,
        49.0717477,
        49.0718526,
        49.0721236,
        49.0722397,
        49.0723031,
        49.0723509,
        49.0724968,
        49.0726656,
        49.0728208,
        49.0732952,
        49.0736768,
        49.0747401,
        49.0750774,
        49.0752531,
        49.0755292,
        49.0762415,
        49.0763397,
        49.0763571,
        49.0765506,
        49.0766012,
        49.0767593,
        49.0768466,
        49.0769186,
        49.0769652,
        49.0769429,
        49.0767717,
        49.0767696,
        49.0768522,
        49.0769190,
        49.0770701,
        49.0771775,
        49.0774752,
        49.0775006,
        49.0775050,
        49.0775207,
        49.0775822,
        49.0779096,
        49.0781780,
        49.0786435,
        49.0789029,
        49.0789412,
        49.0789884,
        49.0792881,
        49.0794843,
        49.0796943,
        49.0801375,
        49.0801581,
        49.0802748,
        49.0805882,
        49.0807621,
        49.0811784,
        49.0814920,
        49.0817150,
        49.0818626,
        49.0818996,
        49.0823260,
        49.0823815,
        49.0825637,
        49.0826989,
        49.0827745,
        49.0828799,
        49.0832641,
        49.0834974,
        49.0836917,
        49.0843477,
        49.0847341,
        49.0850497,
        49.0862691,
        49.0863657,
        49.0863189,
        49.0864723,
        49.0866398,
        49.0867570,
        49.0868195,
        49.0870596,
        49.0873476,
        49.0878618,
        49.0882869,
        49.0887761,
        49.0892224,
        49.0895587,
        49.0897876,
        49.0901958,
        49.0903403,
        49.0907063,
        49.0908252,
        49.0910332,
        49.0910267,
        49.0909791,
        49.0909111,
        49.0906729,
        49.0905604,
        49.0905721,
        49.0906708,
        49.0906800,
        49.0908997,
        49.0913775,
        49.0914238,
        49.0916071,
        49.0917478,
        49.0919700,
        49.0920085,
        49.0921914,
        49.0922921,
        49.0923163,
        49.0924570,
        49.0928513,
        49.0931629,
        49.0935721,
        49.0934386,
        49.0934196,
        49.0940529,
        49.0941961,
        49.0942350,
        49.0952005,
        49.0953613,
        49.0954883,
        49.0954414,
        49.0953303,
        49.0951713,
        49.0949123,
        49.0946055,
        49.0942022,
        49.0940087,
        49.0940271,
        49.0940980,
        49.0941799,
        49.0941892,
        49.0941780,
        49.0941649,
        49.0941516,
        49.0941475,
        49.0941138,
        49.0940940,
        49.0940809,
        49.0940613,
        49.0940123,
        49.0940061,
        49.0939079,
        49.0936393,
        49.0935160,
        49.0934515,
        49.0934170,
        49.0933806,
        49.0928326,
        49.0926063,
        49.0925290,
        49.0923439,
        49.0918703,
        49.0918763,
        49.0918794,
        49.0919252,
        49.0919895,
        49.0920389,
        49.0918988,
        49.0917366,
        49.0915025,
        49.0912448,
        49.0911578,
        49.0908717,
        49.0906747,
        49.0905630,
        49.0904591,
        49.0901130,
        49.0900887,
        49.0900365,
        49.0899540,
        49.0898899,
        49.0897803,
        49.0896318,
        49.0894410,
        49.0891806,
        49.0892771,
        49.0892302,
        49.0891851,
