{"id":722148,"name":"Weil im Schönbuch","polygon":{"numberOfPoints":500,"box":{"min":{"x":48.5880705,"y":9.0222540},"max":{"x":48.6479251,"y":9.1014340},"center":{"x":48.6179978,"y":9.0618440},"area":{"x":0.0598546,"y":0.0791800}},"pointsx":[48.6121981,48.6115719,48.6114706,48.6106056,48.6101090,48.6095465,48.6082220,48.6068049,48.6066152,48.6063250,48.6057170,48.6053615,48.6045999,48.6042032,48.6040336,48.6038254,48.6036039,48.6033779,48.6031523,48.6029747,48.6023114,48.6020505,48.6018877,48.6017542,48.6014420,48.6022222,48.6020614,48.6018434,48.6016365,48.6013382,48.6007600,48.6003779,48.6000184,48.5999727,48.6000110,48.6000544,48.5994714,48.5984284,48.5981394,48.5978127,48.5976332,48.5974836,48.5974786,48.5975228,48.5976105,48.5976803,48.5977438,48.5977630,48.5978642,48.5980707,48.5979389,48.5975490,48.5971109,48.5961699,48.5961057,48.5959787,48.5952739,48.5951120,48.5943355,48.5941013,48.5939118,48.5938270,48.5935969,48.5934819,48.5930904,48.5925167,48.5921547,48.5918897,48.5910047,48.5900184,48.5899098,48.5899264,48.5898968,48.5899602,48.5901183,48.5903581,48.5907095,48.5910829,48.5936259,48.5936776,48.5936931,48.5936766,48.5935740,48.5934173,48.5932932,48.5931004,48.5929612,48.5925524,48.5923648,48.5921477,48.5920145,48.5919364,48.5918829,48.5918179,48.5917149,48.5915740,48.5930314,48.5936972,48.5937129,48.5937056,48.5936387,48.5934985,48.5933675,48.5932406,48.5932282,48.5932449,48.5932640,48.5932393,48.5931458,48.5928792,48.5927566,48.5926500,48.5925271,48.5923493,48.5922401,48.5921744,48.5920811,48.5918966,48.5917580,48.5916742,48.5916037,48.5915173,48.5914998,48.5913954,48.5911388,48.5908977,48.5907703,48.5907460,48.5907353,48.5906537,48.5903692,48.5901071,48.5897970,48.5896486,48.5891442,48.5889502,48.5888681,48.5886660,48.5885452,48.5883834,48.5884523,48.5884003,48.5882294,48.5880705,48.5888461,48.5890942,48.5899656,48.5899932,48.5900281,48.5900379,48.5901060,48.5902113,48.5915485,48.5916749,48.5918096,48.5920385,48.5921443,48.5922311,48.5923571,48.5925315,48.5926739,48.5930588,48.5936353,48.5939784,48.5942005,48.5944184,48.5946115,48.5948415,48.5951545,48.5953799,48.5955842,48.5958452,48.5961024,48.5964005,48.5969392,48.5974875,48.5978595,48.5979887,48.5981272,48.5981664,48.5981533,48.5985038,48.5987850,48.5991052,48.5992725,48.5994807,48.5997341,48.6000618,48.6003531,48.6010038,48.6014867,48.6018505,48.6024102,48.6028939,48.6036361,48.6040367,48.6045718,48.6049284,48.6052194,48.6055605,48.6057344,48.6059301,48.6063702,48.6066993,48.6073618,48.6073177,48.6073035,48.6073210,48.6073802,48.6074583,48.6084457,48.6088686,48.6091205,48.6094559,48.6096974,48.6103903,48.6106138,48.6107815,48.6110487,48.6112177,48.6113958,48.6115424,48.6118916,48.6120243,48.6121029,48.6122725,48.6124420,48.6127204,48.6130048,48.6134284,48.6134515,48.6139306,48.6143784,48.6153870,48.6156550,48.6158821,48.6162540,48.6163932,48.6167743,48.6168409,48.6176275,48.6182769,48.6191591,48.6193240,48.6194737,48.6196408,48.6202170,48.6205181,48.6206719,48.6208412,48.6213883,48.6212379,48.6230705,48.6230881,48.6238477,48.6242536,48.6246869,48.6252568,48.6254919,48.6257640,48.6270266,48.6274337,48.6269550,48.6300599,48.6302734,48.6303638,48.6305534,48.6308623,48.6315587,48.6316717,48.6317166,48.6318531,48.6321762,48.6322421,48.6328093,48.6327942,48.6328120,48.6328278,48.6332678,48.6336250,48.6337194,48.6339174,48.6343969,48.6345958,48.6349621,48.6352831,48.6355413,48.6361501,48.6364129,48.6369663,48.6371662,48.6375726,48.6380915,48.6382712,48.6384982,48.6388253,48.6391787,48.6394843,48.6398084,48.6400982,48.6404106,48.6406702,48.6417412,48.6416094,48.6420745,48.6424840,48.6426509,48.6431368,48.6434351,48.6435412,48.6435663,48.6436015,48.6436468,48.6436923,48.6437427,48.6438236,48.6436414,48.6438787,48.6440253,48.6442025,48.6442682,48.6442833,48.6443136,48.6443186,48.6442679,48.6443741,48.6444449,48.6445004,48.6447906,48.6450568,48.6451626,48.6451887,48.6452122,48.6453034,48.6456626,48.6457586,48.6461787,48.6463047,48.6456792,48.6458413,48.6460749,48.6462557,48.6461823,48.6463989,48.6465273,48.6466149,48.6466951,48.6468193,48.6470663,48.6471125,48.6471447,48.6471861,48.6472692,48.6474608,48.6476201,48.6476687,48.6477049,48.6478217,48.6478683,48.6479052,48.6479154,48.6479251,48.6478674,48.6477972,48.6474553,48.6469821,48.6465954,48.6462633,48.6459328,48.6456569,48.6453086,48.6450970,48.6446096,48.6440491,48.6437925,48.6437074,48.6435478,48.6433855,48.6427732,48.6426992,48.6427346,48.6429073,48.6428718,48.6428355,48.6432766,48.6439170,48.6440943,48.6446956,48.6451094,48.6451644,48.6451851,48.6452151,48.6448513,48.6444385,48.6440638,48.6435367,48.6428335,48.6423926,48.6436366,48.6383795,48.6374483,48.6366032,48.6363343,48.6351188,48.6347234,48.6343773,48.6336638,48.6329965,48.6328269,48.6326136,48.6316422,48.6315147,48.6307770,48.6306086,48.6303109,48.6301584,48.6299672,48.6295634,48.6293967,48.6292388,48.6291430,48.6290706,48.6290313,48.6289932,48.6288935,48.6289511,48.6288653,48.6286907,48.6282660,48.6281075,48.6280096,48.6279313,48.6276376,48.6275878,48.6275651,48.6273429,48.6273105,48.6272807,48.6272399,48.6271860,48.6270380,48.6269739,48.6267416,48.6263584,48.6263149,48.6262988,48.6262216,48.6262189,48.6261132,48.6260264,48.6258556,48.6257233,48.6255363,48.6252644,48.6246810,48.6241127,48.6239680,48.6236540,48.6234446,48.6233485,48.6219089,48.6217791,48.6215563,48.6213321,48.6211152,48.6207862,48.6200115,48.6197009,48.6189977,48.6178283,48.6173622,48.6172626,48.6172524,48.6170065,48.6160359,48.6159413,48.6157015,48.6154798,48.6146742,48.6143989,48.6142445,48.6140145,48.6136218,48.6133957,48.6131969,48.6126094,48.6125066,48.6126012,48.6127569,48.6129212,48.6131189,48.6130752,48.6131896,48.6127927,48.6125567,48.6120224,48.6120706,48.6121575,48.6120123,48.6120669],