{
  "id": 897895,
  "name": "Juist",
  "polygon": {
    "numberOfPoints": 182,
    "box": {
      "min": {
        "x": 53.6627299,
        "y": 6.8650037
      },
      "max": {
        "x": 53.6887509,
        "y": 7.1050957
      },
      "center": {
        "x": 53.6757404,
        "y": 6.9850497
      },
      "area": {
        "x": 0.0260210,
        "y": 0.2400920
      }
    },
    "pointsx": [
      53.6795836,
      53.6794548,
      53.6793785,
      53.6794184,
      53.6793492,
      53.6790042,
      53.6787449,
      53.6786487,
      53.6785977,
      53.6783852,
      53.6783466,
      53.6787461,
      53.6793749,
      53.6798885,
      53.6810046,
      53.6815181,
      53.6820892,
      53.6826290,
      53.6830533,
      53.6836035,
      53.6842008,
      53.6847143,
      53.6850863,
      53.6853797,
      53.6859744,
      53.6861241,
      53.6860991,
      53.6859744,
      53.6860779,
      53.6862582,
      53.6864068,
      53.6864598,
      53.6863537,
      53.6863219,
      53.6863644,
      53.6864916,
      53.6864810,
      53.6865446,
      53.6865446,
      53.6867419,
      53.6868841,
      53.6871704,
      53.6874909,
      53.6876478,
      53.6885388,
      53.6887084,
      53.6887509,
      53.6886402,
      53.6885996,
      53.6883619,
      53.6883101,
      53.6880706,
      53.6878690,
      53.6878926,
      53.6868079,
      53.6863198,
      53.6858177,
      53.6829994,
      53.6817952,
      53.6809008,
      53.6805417,
      53.6794790,
      53.6767700,
      53.6753328,
      53.6757827,
      53.6767979,
      53.6776581,
      53.6775928,
      53.6744573,
      53.6716090,
      53.6685584,
      53.6644414,
      53.6627299,
      53.6634154,
      53.6636073,
      53.6643389,
      53.6649178,
      53.6647953,
      53.6654599,
      53.6651804,
      53.6644682,
      53.6648227,
      53.6649566,
      53.6657672,
      53.6664442,
      53.6668152,
      53.6669421,
      53.6668416,
      53.6665125,
      53.6672546,
      53.6667566,
      53.6650946,
      53.6660494,
      53.6676772,
      53.6688623,
      53.6716282,
      53.6730242,
      53.6732662,
      53.6734905,
      53.6739812,
      53.6739304,
      53.6691048,
      53.6690541,
      53.6690460,
      53.6690924,
      53.6739846,
      53.6740665,
      53.6747498,
      53.6756137,
      53.6755915,
      53.6759585,
      53.6755594,
      53.6753016,
      53.6737204,
      53.6735546,
      53.6719142,
      53.6713861,
      53.6710670,
      53.6707630,
      53.6705007,
      53.6704216,
      53.6703918,
      53.6704220,
      53.6704773,
      53.6705574,
      53.6706436,
      53.6710406,
      53.6712194,
      53.6716312,
      53.6719540,
      53.6723280,
      53.6737661,
      53.6742103,
      53.6739740,
      53.6719272,
      53.6718993,
      53.6718548,
      53.6717848,
      53.6717234,
      53.6716848,
      53.6716692,
      53.6716802,
      53.6717048,
      53.6717189,
      53.6717301,
      53.6717350,
      53.6717641,
      53.6718296,
      53.6719432,
      53.6720606,
      53.6721965,
      53.6723136,
      53.6724747,
      53.6737417,
      53.6738553,
      53.6752817,
      53.6753197,
      53.6753882,
      53.6757575,
      53.6758673,
      53.6758618,
      53.6754269,
      53.6756436,
      53.6757838,
      53.6765842,
      53.6767907,
      53.6775153,
      53.6785066,
      53.6803928,
      53.6810505,
      53.6808710,
      53.6812299,
      53.6818081,
      53.6814293,
      53.6812997,
      53.6813595,
      53.6799049,
      53.6801134,
      53.6804831,
      53.6811722,
      53.6798567,
      53.6796194
    ],
    "pointsy": [
      7.0960076,
      7.0970602,
      7.0978324,
      7.0981997,
      7.0987861,
      7.0998619,
      7.0997700,
      7.0996464,
      7.0995809,
      7.0996573,
      7.0997698,
      7.1007973,
      7.1016094,
      7.1024832,
      7.1036835,
      7.1042395,
      7.1047514,
      7.1050300,
      7.1050957,
      7.1049810,
      7.1046720,
      7.1042926,
      7.1038336,
      7.1033481,
      7.1009386,
      7.1000978,
      7.0995933,
      7.0990046,
      7.0984403,
      7.0979400,
      7.0976005,
      7.0973146,
      7.0970287,
      7.0965284,
      7.0960101,
      7.0957421,
      7.0953311,
      7.0950095,
      7.0940267,
      7.0928151,
      7.0926151,
      7.0905244,
      7.0880854,
      7.0874330,
      7.0857890,
      7.0825011,
      7.0759253,
      7.0720460,
      7.0694039,
      7.0639047,
      7.0601659,
      7.0578221,
      7.0544649,
      7.0532208,
      7.0388797,
      7.0304840,
      7.0251209,
      7.0071163,
      6.9788137,
      6.9655321,
      6.9545560,
      6.9355077,
      6.9070621,
      6.8875743,
      6.8827915,
      6.8786974,
      6.8762598,
      6.8720209,
      6.8695571,
      6.8667960,
      6.8653513,
      6.8650037,
      6.8688704,
      6.8711195,
      6.8744855,
      6.8741504,
      6.8774025,
      6.8856406,
      6.8882142,
      6.8907458,
      6.8954016,
      6.8969920,
      6.8989048,
      6.9033973,
      6.9048096,
      6.9058960,
      6.9069671,
      6.9097034,
      6.9191450,
      6.9302312,
      6.9344385,
      6.9462758,
      6.9587673,
      6.9615182,
      6.9639501,
      6.9664458,
      6.9689144,
      6.9713312,
      6.9731548,
      6.9765763,
      6.9766504,
      6.9750869,
      6.9751335,
      6.9752352,
      6.9752991,
      6.9769147,
      6.9770344,
      6.9831589,
      6.9853060,
      6.9863457,
      6.9886719,
      6.9891989,
      6.9899468,
      6.9923513,
      6.9926528,
      6.9945597,
      6.9951291,
      6.9953699,
      6.9955321,
      6.9956647,
      6.9957694,
      6.9959461,
      6.9961078,
      6.9962022,
      6.9962477,
      6.9962349,
      6.9960715,
      6.9959658,
      6.9956901,
      6.9954340,
      6.9963540,
      6.9947243,
      6.9957972,
      6.9975623,
      6.9975538,
      6.9975057,
      6.9974441,
      6.9974263,
      6.9974650,
      6.9975366,
      6.9976473,
      6.9977292,
      6.9978032,
      6.9978503,
      6.9980927,
      6.9984441,
      6.9987764,
      6.9991006,
      6.9993676,
      6.9995591,
      6.9996917,
      6.9997881,
      6.9998450,
      6.9998693,
      7.0000572,
      6.9999882,
      7.0026926,
      7.0044072,
      7.0085785,
      7.0101257,
      7.0132529,
      7.0158025,
      7.0185200,
      7.0251615,
      7.0325710,
      7.0381063,
      7.0440956,
      7.0584169,
      7.0670695,
      7.0682819,
      7.0698135,
      7.0701502,
      7.0712105,
      7.0726580,
      7.0739708,
      7.0748124,
      7.0755713,
      7.0806528,
      7.0843534,
      7.0883337,
      7.0937031,
      7.0949108
    ]
  }
}