{"id":898632,"name":"Großefehn","polygon":{"numberOfPoints":782,"box":{"min":{"x":53.3322803,"y":7.4863719},"max":{"x":53.4620641,"y":7.7304200},"center":{"x":53.3971722,"y":7.60839595},"area":{"x":0.1297838,"y":0.2440481}},"pointsx":[53.4304201,53.4290832,53.4290912,53.4290473,53.4279534,53.4264064,53.4260376,53.4258744,53.4256789,53.4254520,53.4243767,53.4228348,53.4223155,53.4222378,53.4219051,53.4212392,53.4180223,53.4173214,53.4166283,53.4152186,53.4141575,53.4113557,53.4101043,53.4086665,53.4078145,53.4070905,53.4058596,53.4058327,53.4053892,53.4032791,53.3988671,53.3979616,53.3976941,53.3964169,53.3960706,53.3966621,53.3966832,53.3949801,53.3948891,53.3948068,53.3893838,53.3886719,53.3878540,53.3878473,53.3877474,53.3876143,53.3866933,53.3861081,53.3853683,53.3851950,53.3848120,53.3838696,53.3826231,53.3804583,53.3778772,53.3779188,53.3776690,53.3775857,53.3761285,53.3757955,53.3768363,53.3751293,53.3750460,53.3738802,53.3714236,53.3706219,53.3706449,53.3705919,53.3701150,53.3700160,53.3698980,53.3698940,53.3697560,53.3696001,53.3692911,53.3692111,53.3691651,53.3691731,53.3691191,53.3689741,53.3686772,53.3683302,53.3681042,53.3679482,53.3677953,53.3672543,53.3671203,53.3670064,53.3668994,53.3668954,53.3668994,53.3668570,53.3665968,53.3662543,53.3660945,53.3660335,53.3659075,53.3657285,53.3655645,53.3652096,53.3648776,53.3628288,53.3624475,53.3620429,53.3610780,53.3607771,53.3607421,53.3606891,53.3603681,53.3599262,53.3597877,53.3597242,53.3595632,53.3595062,53.3593422,53.3591513,53.3587133,53.3582624,53.3577664,53.3571835,53.3568935,53.3568245,53.3563016,53.3557866,53.3554477,53.3550237,53.3547988,53.3542458,53.3540478,53.3538299,53.3538649,53.3539289,53.3539829,53.3539409,53.3538339,53.3536509,53.3534749,53.3533689,53.3532809,53.3528420,53.3529450,53.3531929,53.3539479,53.3540858,53.3540059,53.3538419,53.3529030,53.3525900,53.3524870,53.3524228,53.3521906,53.3525038,53.3526360,53.3526909,53.3528460,53.3541119,53.3544438,53.3559696,53.3560806,53.3561496,53.3561496,53.3562376,53.3564016,53.3565386,53.3566226,53.3566796,53.3567826,53.3567556,53.3565346,53.3564396,53.3564546,53.3566646,53.3566226,53.3563596,53.3562296,53.3561986,53.3565046,53.3567688,53.3568300,53.3568685,53.3569349,53.3569679,53.3570297,53.3570447,53.3569259,53.3567256,53.3563187,53.3561383,53.3560313,53.3559697,53.3558329,53.3555960,53.3552834,53.3550948,53.3549006,53.3547732,53.3547268,53.3546340,53.3545212,53.3544087,53.3542963,53.3541917,53.3540796,53.3540419,53.3540049,53.3539418,53.3538730,53.3537664,53.3536799,53.3535068,53.3534372,53.3533322,53.3531974,53.3531017,53.3530668,53.3530364,53.3530342,53.3530269,53.3530221,53.3529319,53.3527599,53.3526665,53.3525631,53.3523313,53.3522515,53.3521809,53.3521103,53.3520028,53.3519248,53.3518224,53.3516693,53.3515730,53.3514654,53.3513324,53.3509852,53.3509059,53.3508843,53.3509196,53.3511522,53.3511212,53.3510762,53.3510222,53.3509153,53.3506603,53.3504923,53.3503773,53.3499354,53.3497594,53.3496454,53.3494774,53.3494054,53.3493474,53.3491185,53.3484665,53.3482796,53.3482756,53.3480316,53.3475476,53.3473947,53.3472997,53.3468337,53.3465937,53.3465138,53.3464788,53.3465707,53.3465817,53.3464758,53.3461818,53.3460438,53.3460438,53.3458988,53.3454149,53.3453039,53.3453919,53.3453959,53.3452089,53.3451399,53.3451399,53.3449269,53.3448769,53.3448849,53.3449569,53.3451099,53.3451859,53.3449719,53.3448659,53.3448350,53.3448620,53.3450029,53.3450109,53.3450679,53.3451589,53.3450869,53.3448270,53.3448120,53.3451559,53.3453159,53.3454679,53.3454069,53.3453159,53.3452279,53.3450559,53.3449190,53.3448540,53.3447700,53.3449649,53.3448770,53.3447360,53.3444990,53.3444040,53.3443810,53.3442700,53.3442820,53.3440720,53.3440571,53.3438851,53.3438161,53.3437061,53.3434691,53.3433361,53.3432101,53.3431642,53.3431682,53.3433011,53.3435911,53.3437171,53.3439841,53.3438281,53.3437821,53.3438391,53.3437971,53.3436261,53.3438431,53.3438051,53.3435301,53.3434161,53.3434311,53.3434961,53.3436871,53.3437361,53.3437551,53.3436291,53.3435871,53.3435721,53.3435231,53.3434311,53.3434081,53.3432862,53.3429242,53.3429242,53.3428892,53.3426982,53.3426262,53.3425342,53.3423743,53.3418943,53.3416993,53.3416463,53.3413674,53.3413864,53.3414434,53.3414784,53.3414624,53.3415883,53.3414244,53.3414284,53.3412684,53.3412334,53.3412684,53.3414404,53.3414744,53.3414704,53.3416873,53.3417643,53.3419353,53.3417753,53.3417523,53.3417833,53.3418633,53.3419773,53.3421193,53.3421383,53.3423893,53.3423933,53.3423783,53.3424313,53.3425083,53.3427252,53.3429582,53.3430882,53.3431872,53.3431912,53.3433392,53.3436101,53.3436641,53.3436141,53.3435341,53.3435111,53.3435911,53.3436981,53.3437591,53.3438811,53.3440761,53.3442321,53.3442591,53.3442251,53.3441021,53.3440801,53.3441221,53.3442511,53.3442631,53.3428172,53.3406925,53.3406765,53.3398416,53.3389567,53.3386357,53.3392766,53.3394066,53.3399335,53.3387007,53.3383647,53.3383727,53.3382087,53.3381787,53.3380178,53.3379378,53.3378388,53.3377778,53.3377358,53.3377508,53.3362410,53.3353631,53.3351951,53.3350541,53.3344742,53.3344662,53.3338332,53.3322803,53.3331833,53.3339041,53.3349161,53.3345282,53.3342441,53.3342266,53.3338379,53.3336963,53.3328494,53.3328034,53.3327218,53.3333333,53.3332383,53.3331407,53.3336693,53.3332383,53.3338413,53.3344553,53.3344488,53.3341841,53.3341910,53.3342042,53.3355121,53.3385178,53.3403146,53.3405665,53.3405505,53.3406615,53.3409123,53.3411850,53.3415254,53.3412564,53.3414814,53.3418674,53.3421263,53.3426493,53.3429083,53.3430382,53.3430342,53.3431072,53.3432102,53.3431912,53.3432752,53.3441291,53.3460899,53.3459639,53.3458419,53.3457009,53.3454260,53.3452160,53.3450680,53.3448880,53.3448080,53.3448160,53.3446021,53.3445871,53.3446291,53.3445411,53.3447590,53.3446401,53.3445371,53.3440301,53.3438321,53.3434842,53.3433202,53.3430382,53.3428323,53.3426223,53.3425953,53.3425923,53.3425003,53.3422943,53.3420044,53.3418554,53.3418514,53.3416194,53.3414744,53.3413295,53.3413295,53.3413295,53.3415584,53.3413825,53.3415394,53.3417944,53.3419134,53.3420084,53.3424503,53.3427333,53.3428433,53.3434352,53.3438622,53.3440682,53.3444691,53.3447781,53.3448431,53.3451130,53.3451130,53.3454300,53.3456700,53.3458000,53.3460209,53.3462499,53.3463949,53.3467649,53.3468798,53.3469261,53.3470248,53.3470248,53.3468869,53.3466659,53.3465479,53.3464139,53.3461589,53.3459720,53.3454720,53.3449341,53.3445371,53.3433473,53.3412755,53.3412495,53.3412075,53.3411385,53.3409515,53.3411575,53.3402306,53.3400396,53.3399746,53.3405316,53.3406886,53.3415545,53.3425954,53.3429623,53.3432553,53.3434233,53.3439382,53.3440952,53.3442822,53.3445942,53.3446591,53.3448201,53.3448921,53.3449571,53.3449634,53.3449936,53.3450371,53.3452241,53.3456630,53.3467229,53.3470549,53.3475238,53.3481918,53.3496526,53.3503505,53.3503355,53.3506865,53.3512554,53.3516404,53.3523383,53.3529943,53.3535932,53.3540501,53.3546041,53.3550350,53.3550470,53.3560039,53.3561109,53.3576845,53.3577328,53.3592466,53.3593616,53.3652528,53.3640154,53.3622969,53.3618163,53.3605153,53.3604809,53.3604478,53.3608250,53.3589667,53.3597373,53.3619050,53.3596134,53.3568274,53.3571848,53.3570908,53.3571931,53.3574330,53.3566276,53.3566488,53.3568162,53.3566955,53.3583731,53.3687904,53.3688160,53.3689742,53.3754711,53.3754587,53.3756936,53.3807379,53.3832645,53.3826998,53.3827608,53.3828132,53.3828682,53.3809472,53.3826840,53.3827823,53.3840508,53.3867916,53.3888876,53.3873206,53.3873471,53.3873432,53.3892881,53.3896484,53.3896997,53.3896730,53.3912720,53.3913177,53.3917904,53.3973317,53.3958963,53.3958778,53.3959007,53.3958679,53.3956612,53.3925696,53.3948708,53.3950093,53.3955120,53.3961293,53.3966224,53.3973853,53.3996958,53.4005794,53.4006074,53.4032349,53.4048715,53.4050454,53.4050694,53.4052959,53.4056888,53.4072448,53.4074379,53.4093956,53.4093981,53.4094860,53.4095294,53.4095307,53.4114742,53.4158479,53.4158676,53.4174648,53.4211704,53.4211706,53.4213626,53.4250558,53.4239816,53.4205309,53.4231609,53.4231782,53.4232006,53.4261139,53.4296084,53.4318474,53.4347013,