{"id":908343,"name":"Heimsheim","polygon":{"numberOfPoints":363,"box":{"min":{"x":48.7922826,"y":8.8381058},"max":{"x":48.8370006,"y":8.9021871},"center":{"x":48.8146416,"y":8.87014645},"area":{"x":0.0447180,"y":0.0640813}},"pointsx":[48.8353665,48.8353284,48.8352312,48.8350835,48.8347925,48.8346699,48.8345331,48.8344159,48.8343333,48.8339501,48.8336191,48.8332612,48.8328739,48.8323652,48.8317804,48.8315717,48.8313255,48.8306856,48.8302669,48.8302167,48.8299536,48.8299159,48.8298402,48.8297298,48.8295870,48.8294822,48.8294563,48.8293981,48.8293004,48.8284490,48.8276645,48.8276503,48.8268519,48.8266922,48.8265420,48.8264845,48.8263379,48.8262641,48.8261355,48.8260672,48.8259322,48.8258704,48.8254959,48.8249423,48.8250400,48.8250114,48.8242557,48.8239608,48.8236511,48.8235370,48.8230664,48.8222161,48.8216015,48.8220470,48.8225310,48.8226671,48.8222398,48.8218060,48.8211077,48.8204940,48.8198235,48.8190619,48.8189459,48.8182930,48.8179731,48.8178498,48.8173014,48.8170754,48.8171970,48.8171059,48.8173048,48.8171840,48.8173075,48.8171663,48.8169900,48.8166894,48.8158285,48.8166832,48.8167425,48.8171287,48.8174395,48.8177339,48.8181751,48.8192303,48.8194065,48.8200416,48.8205531,48.8205237,48.8206257,48.8200172,48.8199278,48.8200989,48.8197149,48.8204054,48.8202323,48.8199919,48.8197124,48.8193747,48.8191023,48.8188626,48.8187901,48.8190852,48.8194063,48.8195933,48.8198475,48.8203206,48.8205477,48.8209012,48.8213035,48.8214776,48.8217687,48.8223164,48.8223476,48.8229173,48.8216181,48.8215684,48.8214878,48.8212123,48.8211793,48.8210037,48.8207807,48.8205625,48.8200746,48.8198937,48.8198268,48.8189276,48.8185043,48.8180999,48.8182005,48.8164154,48.8164438,48.8164523,48.8164046,48.8164044,48.8163243,48.8162316,48.8161126,48.8156732,48.8150522,48.8150098,48.8149457,48.8146261,48.8145115,48.8144269,48.8141531,48.8139673,48.8136640,48.8134606,48.8131429,48.8131161,48.8131536,48.8132484,48.8132022,48.8131183,48.8130812,48.8111025,48.8107446,48.8106937,48.8105602,48.8102561,48.8103555,48.8089022,48.8086674,48.8083128,48.8081337,48.8079386,48.8081428,48.8077619,48.8072222,48.8062971,48.8056793,48.8055509,48.8034084,48.8031355,48.8030069,48.8029712,48.8029480,48.8029333,48.8028870,48.8026215,48.8021145,48.8018055,48.8016499,48.8016410,48.8017408,48.8005075,48.8000727,48.7995299,48.7992195,48.7990414,48.7986340,48.7980831,48.7980663,48.7981127,48.7979792,48.7979833,48.7980927,48.7981998,48.7983828,48.7985516,48.7986919,48.7987028,48.7987825,48.7989957,48.7994948,48.7997202,48.8000590,48.8008268,48.8009467,48.8011473,48.8013542,48.8015216,48.8020730,48.8023576,48.8027455,48.8030491,48.8024518,48.8020342,48.8017824,48.8015186,48.8012264,48.8009474,48.8003747,48.7990818,48.7987709,48.7987029,48.7984946,48.7985366,48.7982842,48.7981096,48.7979415,48.7977920,48.7977071,48.7974374,48.7972185,48.7968615,48.7966864,48.7964448,48.7960697,48.7955990,48.7952397,48.7948215,48.7944934,48.7942456,48.7937255,48.7934310,48.7930499,48.7926387,48.7922826,48.7924466,48.7926238,48.7926934,48.7927013,48.7926614,48.7925505,48.7925122,48.7925878,48.7925074,48.7927770,48.7930005,48.7932404,48.7931926,48.7928575,48.7930152,48.7929674,48.7939583,48.7942831,48.7944616,48.7944831,48.7948009,48.7946792,48.7953021,48.7952614,48.7967323,48.7967389,48.7982535,48.7981694,48.7981170,48.7989096,48.7995106,48.7998478,48.8011448,48.8026884,48.8037365,48.8042595,48.8043989,48.8046709,48.8052160,48.8064742,48.8072081,48.8075438,48.8078338,48.8091987,48.8095576,48.8097930,48.8099530,48.8100992,48.8103207,48.8115353,48.8117946,48.8125275,48.8131213,48.8132148,48.8133151,48.8133993,48.8135903,48.8137153,48.8138308,48.8143764,48.8146497,48.8150440,48.8161294,48.8165226,48.8171011,48.8176154,48.8182397,48.8190558,48.8200988,48.8212594,48.8228067,48.8234397,48.8237435,48.8241020,48.8241113,48.8241847,48.8251296,48.8256489,48.8260218,48.8263074,48.8270455,48.8272559,48.8281282,48.8282283,48.8288529,48.8294340,48.8301840,48.8302696,48.8304652,48.8313969,48.8318311,48.8320231,48.8325535,48.8330471,48.8332666,48.8337853,48.8339956,48.8345996,48.8350456,48.8354026,48.8357048,48.8361872,48.8367495,48.8370006,48.8364975,48.8361420,48.8358618,48.8357778,48.8355666,48.8355306,48.8355472,48.8356371,48.8356634,48.8355471],"pointsy":[8.8719731,8.8727767,8.8737708,8.8746300,8.8760990,8.8767953,8.8775647,8.8779985,8.8779092,8.8786634,8.8793584,8.8801817,8.8810780,8.8818852,8.8824957,8.8828816,8.8836694,8.8848271,8.8856899,8.8855310,8.8848539,8.8846230,8.8839455,8.8835785,8.8832418,8.8830003,8.8829430,8.8829169,8.8828954,8.8815000,8.8793369,8.8792972,8.8797101,8.8791014,8.8791420,8.8788873,8.8782387,8.8779500,8.8774748,8.8769483,8.8759224,8.8754206,8.8751934,8.8748426,8.8751979,8.8751807,8.8746382,8.8756810,8.8755391,8.8773883,8.8772378,8.8768049,8.8765372,8.8750374,8.8733714,8.8727343,8.8726216,8.8726959,8.8730548,8.8734412,8.8741321,8.8733288,8.8736820,8.8729333,8.8724139,8.8725177,8.8716936,8.8722714,8.8724638,8.8725818,8.8727090,8.8728997,8.8730238,8.8732562,8.8729662,8.8724443,8.8738074,8.8752061,8.8749915,8.8757498,8.8763591,8.8769894,8.8779496,8.8773513,8.8772561,8.8771797,8.8771954,8.8782201,8.8784116,8.8814525,8.8820749,8.8820974,8.8838352,8.8847150,8.8851565,8.8847903,8.8853519,8.8860304,8.8856430,8.8861876,8.8864258,8.8872387,8.8882724,8.8888997,8.8887260,8.8891708,8.8894399,8.8890246,8.8900193,8.8904194,8.8901594,8.8915031,8.8915805,8.8912430,8.8973272,8.8973621,8.8976159,8.8988275,8.8991950,8.8997142,8.9004209,8.9012644,8.9010559,8.9008761,8.9005663,8.9008203,8.9010157,8.9010237,8.9018017,8.9021871,8.9019997,8.9007892,8.9006884,8.9004290,8.9003627,8.9002860,8.9001946,8.8998574,8.8993378,8.8992625,8.8991482,8.8984377,8.8980163,8.8977056,8.8966811,8.8963391,8.8956988,8.8952326,8.8942355,8.8940828,8.8938340,8.8935720,8.8926158,8.8914031,8.8909872,8.8913052,8.8913045,8.8913043,8.8904651,8.8905588,8.8913631,8.8916140,8.8915042,8.8911230,8.8908165,8.8910463,8.8913635,8.8918095,8.8909278,8.8915272,8.8918148,8.8914084,8.8915585,8.8918429,8.8925442,8.8934092,8.8940494,8.8942880,8.8944330,8.8951189,8.8967403,8.8979761,8.8985873,8.8990509,8.9007967,8.9003331,8.9000204,8.8993326,8.8987754,8.8983573,8.8977227,8.8975495,8.8973941,8.8957969,8.8956105,8.8954460,8.8951966,8.8950532,8.8948449,8.8945523,8.8941945,8.8939771,8.8935300,8.8931358,8.8925930,8.8921938,8.8914463,8.8896892,8.8894483,8.8895196,8.8891792,8.8890217,8.8887575,8.8884214,8.8879409,8.8874250,8.8866328,8.8860365,8.8856218,8.8848401,8.8842556,8.8838130,8.8831528,8.8818473,8.8813361,8.8810086,8.8796113,8.8789439,8.8782695,8.8776461,8.8769500,8.8768118,8.8763320,8.8755498,8.8745493,8.8729172,8.8722757,8.8717217,8.8710570,8.8702404,8.8696850,8.8691980,8.8688122,8.8686592,8.8683483,8.8681795,8.8680157,8.8678314,8.8676259,8.8659668,8.8641083,8.8624602,8.8608050,8.8590841,8.8573493,8.8565441,8.8562367,8.8530541,8.8529545,8.8494270,8.8491615,8.8489091,8.8478269,8.8475818,8.8472604,8.8462958,8.8460478,8.8459409,8.8463033,8.8463049,8.8454616,8.8452995,8.8449022,8.8442647,8.8443404,8.8436528,8.8429684,8.8426193,8.8422441,8.8425495,8.8425496,8.8424646,8.8423368,8.8422390,8.8422471,8.8422950,8.8422116,8.8420446,8.8435415,8.8437080,8.8437274,8.8436603,8.8431979,8.8431948,8.8432172,8.8432461,8.8433025,8.8433908,8.8439572,8.8440377,8.8440644,8.8440495,8.8439729,8.8438308,8.8436470,8.8431411,8.8426821,8.8422579,8.8407715,8.8403517,8.8398726,8.8385737,8.8381058,8.8382687,8.8385191,8.8389453,8.8394607,8.8403384,8.8413555,8.8426161,8.8431133,8.8431611,8.8431950,8.8433611,8.8436035,8.8452289,8.8461004,8.8466953,8.8468644,8.8473545,8.8476520,8.8492036,8.8493814,8.8504709,8.8515156,8.8525115,8.8526040,8.8528158,8.8529559,8.8532355,8.8534292,8.8540030,8.8544765,8.8546181,8.8550015,8.8552816,8.8563334,8.8570806,8.8578385,8.8585965,8.8591775,8.8597479,8.8599481,8.8610922,8.8618479,8.8624822,8.8629396,8.8641175,8.8646198,8.8652017,8.8661332,8.8672068,8.8698531]}}