{"id":915554,"name":"Riesbürg","polygon":{"numberOfPoints":695,"box":{"min":{"x":48.8073926,"y":10.3870619},"max":{"x":48.8373989,"y":10.4506649},"center":{"x":48.82239575,"y":10.4188634},"area":{"x":0.0300063,"y":0.0636030}},"pointsx":[48.8198309,48.8199451,48.8203193,48.8205834,48.8207779,48.8210827,48.8213762,48.8215882,48.8216004,48.8216796,48.8215671,48.8215861,48.8216624,48.8217839,48.8218918,48.8219423,48.8220064,48.8220558,48.8221458,48.8222214,48.8223305,48.8223972,48.8225212,48.8226292,48.8226801,48.8227030,48.8227055,48.8226834,48.8226520,48.8226268,48.8226309,48.8226436,48.8226817,48.8228235,48.8228936,48.8229918,48.8231317,48.8232628,48.8234740,48.8236426,48.8236217,48.8238060,48.8238388,48.8240969,48.8243505,48.8245929,48.8248186,48.8251898,48.8255108,48.8254888,48.8254473,48.8253928,48.8253270,48.8252304,48.8251817,48.8250429,48.8249755,48.8249466,48.8249777,48.8250286,48.8252588,48.8254514,48.8256539,48.8257644,48.8258532,48.8259705,48.8260589,48.8261680,48.8262712,48.8263845,48.8266696,48.8264279,48.8262534,48.8260781,48.8259627,48.8260396,48.8263067,48.8265157,48.8266294,48.8270193,48.8273257,48.8275732,48.8277891,48.8280306,48.8282130,48.8280226,48.8280439,48.8280460,48.8280007,48.8279060,48.8277368,48.8276341,48.8285638,48.8285695,48.8285313,48.8285567,48.8285597,48.8286176,48.8286487,48.8286473,48.8287034,48.8287563,48.8289347,48.8294259,48.8298954,48.8298935,48.8298698,48.8299361,48.8305790,48.8310753,48.8310698,48.8310372,48.8309611,48.8307720,48.8307387,48.8306838,48.8310517,48.8313058,48.8314083,48.8320119,48.8323468,48.8327589,48.8333020,48.8338019,48.8343089,48.8346097,48.8345491,48.8344250,48.8342296,48.8340192,48.8339031,48.8338453,48.8337818,48.8337007,48.8336484,48.8335403,48.8334542,48.8333858,48.8333223,48.8332550,48.8332097,48.8336784,48.8339652,48.8340016,48.8340271,48.8340534,48.8340687,48.8341850,48.8341897,48.8342029,48.8345495,48.8353947,48.8353751,48.8353414,48.8352707,48.8356575,48.8361850,48.8364926,48.8370111,48.8369937,48.8369632,48.8369268,48.8368970,48.8368810,48.8368655,48.8368455,48.8368312,48.8369542,48.8369559,48.8369549,48.8369586,48.8369786,48.8369989,48.8370346,48.8370879,48.8371367,48.8371591,48.8372330,48.8372834,48.8373248,48.8373567,48.8373825,48.8373989,48.8373974,48.8373856,48.8373677,48.8373519,48.8373187,48.8372462,48.8371865,48.8370796,48.8369420,48.8367827,48.8366182,48.8364624,48.8363165,48.8361610,48.8360292,48.8359233,48.8358594,48.8358245,48.8358162,48.8358462,48.8358726,48.8358082,48.8356893,48.8355315,48.8354078,48.8353341,48.8352733,48.8351719,48.8351142,48.8350799,48.8350518,48.8350257,48.8350270,48.8350485,48.8350815,48.8351147,48.8351602,48.8352120,48.8352388,48.8352488,48.8352437,48.8352393,48.8352300,48.8352138,48.8351963,48.8351772,48.8351639,48.8351556,48.8351143,48.8350486,48.8349719,48.8349332,48.8348854,48.8348234,48.8347399,48.8346439,48.8345597,48.8344880,48.8344416,48.8344197,48.8341065,48.8338948,48.8336837,48.8336158,48.8335434,48.8334493,48.8334356,48.8332068,48.8327680,48.8323561,48.8321903,48.8321873,48.8321678,48.8321391,48.8321147,48.8320690,48.8320184,48.8319906,48.8319508,48.8319341,48.8319129,48.8319016,48.8318991,48.8318469,48.8315503,48.8310605,48.8308770,48.8307764,48.8309739,48.8307520,48.8305115,48.8303091,48.8301283,48.8299936,48.8298765,48.8297037,48.8295574,48.8294000,48.8292322,48.8290767,48.8289559,48.8289599,48.8289439,48.8288777,48.8287533,48.8285691,48.8283162,48.8280695,48.8279252,48.8278975,48.8278215,48.8277895,48.8277677,48.8277661,48.8277645,48.8277674,48.8277714,48.8275496,48.8274110,48.8272959,48.8271843,48.8270485,48.8269563,48.8269403,48.8269071,48.8269040,48.8268866,48.8268683,48.8264379,48.8262871,48.8261314,48.8259812,48.8260233,48.8260621,48.8257129,48.8256282,48.8254149,48.8250709,48.8248630,48.8245642,48.8243177,48.8241927,48.8241560,48.8241028,48.8240293,48.8239066,48.8237978,48.8237303,48.8236610,48.8236294,48.8235343,48.8233538,48.8232122,48.8230611,48.8229423,48.8228457,48.8227353,48.8226255,48.8225531,48.8224600,48.8223616,48.8222193,48.8220736,48.8220468,48.8218809,48.8216704,48.8214691,48.8212458,48.8210365,48.8208902,48.8207785,48.8206746,48.8205441,48.8205105,48.8204190,48.8203027,48.8200977,48.8196387,48.8193237,48.8191478,48.8190251,48.8185909,48.8179349,48.8174089,48.8172934,48.8172449,48.8173070,48.8174427,48.8175241,48.8175388,48.8174544,48.8173904,48.8173002,48.8171334,48.8169662,48.8168615,48.8167479,48.8166367,48.8165534,48.8164636,48.8164528,48.8163795,48.8162310,48.8160414,48.8158996,48.8157465,48.8155638,48.8154291,48.8153013,48.8151458,48.8149583,48.8148260,48.8147025,48.8145842,48.8145146,48.8144659,48.8143109,48.8141607,48.8140126,48.8138875,48.8138647,48.8137072,48.8136091,48.8135310,48.8134399,48.8123887,48.8123032,48.8121739,48.8120885,48.8120410,48.8119618,48.8119049,48.8118231,48.8117719,48.8117517,48.8116645,48.8115917,48.8114974,48.8114245,48.8113590,48.8113122,48.8112800,48.8111156,48.8108895,48.8107111,48.8105898,48.8105163,48.8104695,48.8104549,48.8103487,48.8102422,48.8101915,48.8101012,48.8100708,48.8101042,48.8101335,48.8101737,48.8102477,48.8103812,48.8104893,48.8105985,48.8106956,48.8107795,48.8109065,48.8110059,48.8110955,48.8112110,48.8113496,48.8115287,48.8117083,48.8117744,48.8118139,48.8117958,48.8117090,48.8115379,48.8114083,48.8113552,48.8113386,48.8113422,48.8113787,48.8114098,48.8113483,48.8112229,48.8110681,48.8109241,48.8107055,48.8105503,48.8104520,48.8103940,48.8103128,48.8102814,48.8102343,48.8101709,48.8100747,48.8099845,48.8097971,48.8095453,48.8094424,48.8093301,48.8092730,48.8092378,48.8092277,48.8092436,48.8092873,48.8093140,48.8093640,48.8094282,48.8095583,48.8096532,48.8095094,48.8093765,48.8092680,48.8092451,48.8092546,48.8092836,48.8093050,48.8093245,48.8093535,48.8093777,48.8093787,48.8093480,48.8093271,48.8093395,48.8093114,48.8092528,48.8091728,48.8090343,48.8086111,48.8082494,48.8081468,48.8080392,48.8079615,48.8079029,48.8078236,48.8077275,48.8075846,48.8073926,48.8074527,48.8076797,48.8078392,48.8079602,48.8080973,48.8082073,48.8083438,48.8084588,48.8085509,48.8086542,48.8087459,48.8087824,48.8088175,48.8088542,48.8088848,48.8088828,48.8088645,48.8088578,48.8088643,48.8090106,48.8090128,48.8090010,48.8089995,48.8090082,48.8090328,48.8090768,48.8090926,48.8091022,48.8091023,48.8090861,48.8090313,48.8089406,48.8088431,48.8087531,48.8086745,48.8085762,48.8085134,48.8084671,48.8084101,48.8083732,48.8083497,48.8082894,48.8083584,48.8084731,48.8084056,48.8083270,48.8082487,48.8081526,48.8080929,48.8080744,48.8080967,48.8081381,48.8082212,48.8083300,48.8084288,48.8085178,48.8086343,48.8087777,48.8089572,48.8091157,48.8093104,48.8094723,48.8096817,48.8100664,48.8106332,48.8112704,48.8116253,48.8118031,48.8119702,48.8126300,48.8131408,48.8130230,48.8128597,48.8127709,48.8127041,48.8126666,48.8126778,48.8127555,48.8128986,48.8130797,48.8132000,48.8132720,48.8132927,48.8132888,48.8132615,48.8131434,48.8131173,48.8130247,48.8129332,48.8128022,48.8126792,48.8125476,48.8124723,48.8126285,48.8127809,48.8130468,48.8133315,48.8135310,48.8136683,48.8137477,48.8138255,48.8139139,48.8140230,48.8141553,48.8143406,48.8144935,48.8145948,48.8147612,48.8149593,48.8150801,48.8151773,48.8153085,48.8154416,48.8156567,48.8159152,48.8161279,48.8163726,48.8164592,48.8165226,48.8165878,48.8166573,48.8167151,48.8167807,48.8168164,48.8168464,48.8168741,48.8169168,48.8169643,48.8169972,48.8170500,48.8171167,48.8172026,48.8173024,48.8174375,48.8176128,48.8178245,48.8180007,48.8181978,48.8184452,48.8185032,48.8187624,48.8188988,48.8190051,48.8192244,48.8194229,48.8194162,48.8194954,48.8195886,48.8198629,48.8201813,48.8204556,48.8205530,48.8208009,48.8210353,48.8212650,48.8214320,48.8217741,48.8217179,48.8216516,48.8215384,48.8215405,48.8213771,48.8212493,48.8211668,48.8210276,48.8209169,48.8207994,48.8206373,48.8204118,48.8202402,48.8200825,48.8199501,48.8198423,48.8197575,48.8197249],