{"id":929730,"name":"Sauerlach","polygon":{"numberOfPoints":635,"box":{"min":{"x":47.9199719,"y":11.5664402},"max":{"x":48.0062222,"y":11.7023882},"center":{"x":47.96309705,"y":11.6344142},"area":{"x":0.0862503,"y":0.1359480}},"pointsx":[47.9203021,47.9203288,47.9204771,47.9208292,47.9207809,47.9203492,47.9207961,47.9229971,47.9230102,47.9236357,47.9237502,47.9235361,47.9237350,47.9246249,47.9251104,47.9248989,47.9241669,47.9248251,47.9256059,47.9258648,47.9258156,47.9256195,47.9241095,47.9223382,47.9222095,47.9221733,47.9221199,47.9221199,47.9220952,47.9221035,47.9223040,47.9234098,47.9237994,47.9242851,47.9243766,47.9246793,47.9247909,47.9249371,47.9255704,47.9262031,47.9263080,47.9264440,47.9267290,47.9268904,47.9269750,47.9269949,47.9271192,47.9271275,47.9272741,47.9272623,47.9271313,47.9271054,47.9271809,47.9271893,47.9274141,47.9274908,47.9277510,47.9281126,47.9279141,47.9277532,47.9274341,47.9265682,47.9251674,47.9247289,47.9246326,47.9245433,47.9242382,47.9238275,47.9233885,47.9231659,47.9225571,47.9225596,47.9227333,47.9229741,47.9233007,47.9239594,47.9240751,47.9241743,47.9244975,47.9246515,47.9247328,47.9248669,47.9249611,47.9250772,47.9253272,47.9256694,47.9260270,47.9270744,47.9271723,47.9272395,47.9273975,47.9275523,47.9277405,47.9278546,47.9279135,47.9279908,47.9281723,47.9282672,47.9284270,47.9287038,47.9289368,47.9291264,47.9293170,47.9295248,47.9297933,47.9300753,47.9304041,47.9306345,47.9308758,47.9310279,47.9311336,47.9315160,47.9316035,47.9315578,47.9312731,47.9311387,47.9311062,47.9309872,47.9309481,47.9310102,47.9313144,47.9316367,47.9320750,47.9325286,47.9328459,47.9331015,47.9330946,47.9330676,47.9330633,47.9332512,47.9334661,47.9343626,47.9346757,47.9350561,47.9357154,47.9361185,47.9367636,47.9368654,47.9368745,47.9369267,47.9374872,47.9377939,47.9378175,47.9377211,47.9376819,47.9375335,47.9374134,47.9373728,47.9373690,47.9373506,47.9373422,47.9373376,47.9372901,47.9372363,47.9371703,47.9370336,47.9369036,47.9366985,47.9367223,47.9367696,47.9368860,47.9372768,47.9381285,47.9381353,47.9386647,47.9391753,47.9391791,47.9391934,47.9409606,47.9411724,47.9412466,47.9413513,47.9414345,47.9415131,47.9416189,47.9417957,47.9426468,47.9428990,47.9430857,47.9434577,47.9437563,47.9440908,47.9508368,47.9536533,47.9544161,47.9554915,47.9563127,47.9572549,47.9581017,47.9591141,47.9594654,47.9599024,47.9609693,47.9617284,47.9618742,47.9621285,47.9629312,47.9645434,47.9708724,47.9709097,47.9709312,47.9709528,47.9711654,47.9715635,47.9764690,47.9761812,47.9782447,47.9782572,47.9783373,47.9784262,47.9785024,47.9786296,47.9788404,47.9788875,47.9789263,47.9789670,47.9791432,47.9791780,47.9792688,47.9795229,47.9797863,47.9799024,47.9807403,47.9816886,47.9824077,47.9826574,47.9832322,47.9832478,47.9832679,47.9832914,47.9833537,47.9840413,47.9843975,47.9846950,47.9849241,47.9852851,47.9855776,47.9856241,47.9858384,47.9859038,47.9862750,47.9865147,47.9868061,47.9869845,47.9873158,47.9884190,47.9892004,47.9912775,47.9914260,47.9914617,47.9915607,47.9917460,47.9917754,47.9918868,47.9923482,47.9927653,47.9931878,47.9934537,47.9938881,47.9942464,47.9943660,47.9944064,47.9944231,47.9944253,47.9944243,47.9943106,47.9942235,47.9940691,47.9940077,47.9939240,47.9938940,47.9936504,47.9931634,47.9928919,47.9931692,47.9932168,47.9932455,47.9936043,47.9936021,47.9935943,47.9935879,47.9935507,47.9934226,47.9932956,47.9930973,47.9927804,47.9925600,47.9922142,47.9920888,47.9920064,47.9920967,47.9934346,47.9950323,47.9965853,47.9968133,47.9970719,47.9971074,47.9974114,47.9976892,47.9978243,47.9978552,47.9978588,47.9978568,47.9978124,47.9977930,47.9977557,47.9980142,47.9982791,47.9984292,47.9983925,47.9983824,47.9981477,47.9980460,47.9979441,47.9979674,47.9980394,47.9984115,47.9973362,47.9971179,47.9968598,47.9965574,47.9963468,47.9961986,47.9959673,47.9956342,47.9952174,47.9950613,47.9952189,47.9952835,47.9950422,47.9951173,47.9951808,47.9956040,47.9958742,47.9991221,47.9997308,48.0001393,48.0010182,48.0013635,48.0025057,48.0027818,48.0039374,48.0047629,48.0062222,47.9988531,47.9973638,47.9968873,47.9947175,47.9908458,47.9870264,47.9832331,47.9836465,47.9842169,47.9847846,47.9826475,47.9822981,47.9817551,47.9814863,47.9812105,47.9811075,47.9799347,47.9794131,47.9791404,47.9788725,47.9777513,47.9770627,47.9766746,47.9762317,47.9760726,47.9758997,47.9756682,47.9760450,47.9762700,47.9767617,47.9766882,47.9766692,47.9766959,47.9765571,47.9761174,47.9759687,47.9758028,47.9755882,47.9753674,47.9752379,47.9760047,47.9762121,47.9764686,47.9767154,47.9770862,47.9771459,47.9772502,47.9773888,47.9775396,47.9775823,47.9776166,47.9776904,47.9777362,47.9777460,47.9777807,47.9777983,47.9778241,47.9778564,47.9779392,47.9780205,47.9780606,47.9778573,47.9776609,47.9772789,47.9769955,47.9766074,47.9764127,47.9762157,47.9760761,47.9759815,47.9759356,47.9756779,47.9756909,47.9750159,47.9746251,47.9744713,47.9742071,47.9741294,47.9740222,47.9736019,47.9732186,47.9728686,47.9725039,47.9724756,47.9710903,47.9708797,47.9705865,47.9705319,47.9702101,47.9702307,47.9702440,47.9702445,47.9702196,47.9701760,47.9685927,47.9686101,47.9686375,47.9686666,47.9686141,47.9685386,47.9685330,47.9679461,47.9674469,47.9672655,47.9672103,47.9672071,47.9670856,47.9667370,47.9665520,47.9664910,47.9665062,47.9664210,47.9662998,47.9661957,47.9659988,47.9656728,47.9647786,47.9643833,47.9638525,47.9637051,47.9634410,47.9630462,47.9628843,47.9629853,47.9631926,47.9634636,47.9637520,47.9628417,47.9627476,47.9626501,47.9625778,47.9625702,47.9618930,47.9616607,47.9614792,47.9613712,47.9613103,47.9612975,47.9613047,47.9613867,47.9613811,47.9607670,47.9605743,47.9604553,47.9602548,47.9596133,47.9590487,47.9581536,47.9581387,47.9574438,47.9570487,47.9567514,47.9563286,47.9558812,47.9557986,47.9557703,47.9553994,47.9541992,47.9541583,47.9527954,47.9516535,47.9516280,47.9517167,47.9517089,47.9516260,47.9514278,47.9512131,47.9510255,47.9509643,47.9507115,47.9505135,47.9503216,47.9503118,47.9502365,47.9502150,47.9496253,47.9489297,47.9484071,47.9481281,47.9479225,47.9475822,47.9471290,47.9466560,47.9460127,47.9458102,47.9457419,47.9457243,47.9445984,47.9444867,47.9441493,47.9441035,47.9427138,47.9424005,47.9421793,47.9420130,47.9418633,47.9417554,47.9414260,47.9410517,47.9408994,47.9406991,47.9406927,47.9407826,47.9412571,47.9414980,47.9415344,47.9420859,47.9420695,47.9419490,47.9412664,47.9413832,47.9416672,47.9417192,47.9415968,47.9414038,47.9412583,47.9410913,47.9410726,47.9411166,47.9413221,47.9412716,47.9399202,47.9396296,47.9392077,47.9391105,47.9390938,47.9390645,47.9390484,47.9389363,47.9386505,47.9371911,47.9372256,47.9373413,47.9373948,47.9374203,47.9377333,47.9377482,47.9371619,47.9368315,47.9359308,47.9354548,47.9351757,47.9350323,47.9346868,47.9345165,47.9344120,47.9341519,47.9341194,47.9340297,47.9337157,47.9332707,47.9331695,47.9329607,47.9328762,47.9324361,47.9320051,47.9318210,47.9314289,47.9307325,47.9300202,47.9299400,47.9286192,47.9281078,47.9273404,47.9266827,47.9257182,47.9255254,47.9245913,47.9240073,47.9237009,47.9236141,47.9236791,47.9238348,47.9243273,47.9228117,47.9221892,47.9212567,47.9206264,47.9202946,47.9202837,47.9202714,47.9201533,47.9199719,47.9200653,47.9200874,47.9202718,47.9202888,47.9203622,47.9203433,47.9202683,47.9202881],