{
  "numberOfPolygons": 2,
  "box": {
    "min": {
      "x": 48.7359780,
      "y": 8.7552143
    },
    "max": {
      "x": 48.7626843,
      "y": 8.8355590
    },
    "center": {
      "x": 48.74933115,
      "y": 8.79538665
    }
  },
  "polygons": [
    {
      "numberOfPoints": 137,
      "box": {
        "min": {
          "x": 48.7359780,
          "y": 8.7887461
        },
        "max": {
          "x": 48.7626442,
          "y": 8.8355590
        },
        "center": {
          "x": 48.7493111,
          "y": 8.81215255
        }
      },
      "pointsx": [
        48.7516576,
        48.7522777,
        48.7528894,
        48.7535831,
        48.7541763,
        48.7547308,
        48.7553309,
        48.7559765,
        48.7565469,
        48.7567729,
        48.7571744,
        48.7575805,
        48.7578587,
        48.7581254,
        48.7584788,
        48.7589096,
        48.7592741,
        48.7596319,
        48.7602020,
        48.7608473,
        48.7609406,
        48.7611483,
        48.7612436,
        48.7613824,
        48.7615263,
        48.7619021,
        48.7620204,
        48.7621226,
        48.7625282,
        48.7624803,
        48.7625980,
        48.7626442,
        48.7624337,
        48.7622090,
        48.7616587,
        48.7611275,
        48.7606518,
        48.7604865,
        48.7598581,
        48.7587442,
        48.7585040,
        48.7577984,
        48.7569187,
        48.7564757,
        48.7559891,
        48.7558742,
        48.7560109,
        48.7553034,
        48.7550866,
        48.7548858,
        48.7545938,
        48.7543451,
        48.7541490,
        48.7532300,
        48.7524683,
        48.7512735,
        48.7512827,
        48.7503684,
        48.7495770,
        48.7483056,
        48.7480135,
        48.7455371,
        48.7453978,
        48.7449687,
        48.7445304,
        48.7443678,
        48.7442320,
        48.7431588,
        48.7432088,
        48.7432381,
        48.7422962,
        48.7421692,
        48.7421024,
        48.7411801,
        48.7405369,
        48.7398130,
        48.7394925,
        48.7390010,
        48.7380064,
        48.7371888,
        48.7364374,
        48.7364095,
        48.7364544,
        48.7365132,
        48.7365625,
        48.7366647,
        48.7366274,
        48.7365994,
        48.7365277,
        48.7364398,
        48.7362103,
        48.7359780,
        48.7362867,
        48.7361972,
        48.7364242,
        48.7365189,
        48.7365439,
        48.7365786,
        48.7367414,
        48.7368587,
        48.7372434,
        48.7378807,
        48.7382182,
        48.7383181,
        48.7382925,
        48.7380776,
        48.7378375,
        48.7377181,
        48.7378662,
        48.7380415,
        48.7382079,
        48.7385250,
        48.7387132,
        48.7389528,
        48.7389799,
        48.7389116,
        48.7387550,
        48.7393294,
        48.7403155,
        48.7409445,
        48.7413048,
        48.7417810,
        48.7421234,
        48.7424609,
        48.7424881,
        48.7426547,
        48.7427457,
        48.7430545,
        48.7450142,
        48.7463755,
        48.7470447,
        48.7489272,
        48.7489929,
        48.7500635,
        48.7504391,
        48.7511146,
        48.7513388
      ],
      "pointsy": [
        8.7948798,
        8.7971467,
        8.7974445,
        8.7980223,
        8.7986656,
        8.7992882,
        8.7999937,
        8.8009204,
        8.8015948,
        8.8015018,
        8.8020966,
        8.8025981,
        8.8033448,
        8.8041847,
        8.8052182,
        8.8065316,
        8.8081283,
        8.8093795,
        8.8105896,
        8.8119070,
        8.8124289,
        8.8123669,
        8.8136075,
        8.8144611,
        8.8144199,
        8.8159511,
        8.8166285,
        8.8175857,
        8.8179552,
        8.8186964,
        8.8193305,
        8.8197081,
        8.8205720,
        8.8211951,
        8.8219292,
        8.8226378,
        8.8233748,
        8.8237659,
        8.8246101,
        8.8263090,
        8.8266687,
        8.8282884,
        8.8302482,
        8.8314566,
        8.8322986,
        8.8323923,
        8.8326478,
        8.8340463,
        8.8343338,
        8.8346027,
        8.8349680,
        8.8352438,
        8.8352953,
        8.8354323,
        8.8355590,
        8.8354783,
        8.8351196,
        8.8350461,
        8.8348180,
        8.8344725,
        8.8347072,
        8.8340268,
        8.8341200,
        8.8335400,
        8.8332534,
        8.8331887,
        8.8339053,
        8.8332705,
        8.8322867,
        8.8317216,
        8.8313623,
        8.8316363,
        8.8321274,
        8.8315020,
        8.8310198,
        8.8303205,
        8.8300638,
        8.8298637,
        8.8294670,
        8.8294110,
        8.8293821,
        8.8292268,
        8.8283111,
        8.8274608,
        8.8265071,
        8.8256426,
        8.8247345,
        8.8238849,
        8.8229492,
        8.8226010,
        8.8222676,
        8.8217547,
        8.8205465,
        8.8188768,
        8.8176744,
        8.8169173,
        8.8166999,
        8.8158995,
        8.8146146,
        8.8141583,
        8.8130168,
        8.8116458,
        8.8107497,
        8.8098655,
        8.8089478,
        8.8081106,
        8.8072667,
        8.8062909,
        8.8054857,
        8.8046009,
        8.8037681,
        8.8029652,
        8.8025532,
        8.8010744,
        8.8002701,
        8.7996080,
        8.7991466,
        8.7981347,
        8.7966680,
        8.7955971,
        8.7947592,
        8.7930198,
        8.7916057,
        8.7907576,
        8.7899982,
        8.7900072,
        8.7905865,
        8.7907741,
        8.7896348,
        8.7887461,
        8.7895647,
        8.7920142,
        8.7918894,
        8.7932478,
        8.7935621,
        8.7942884,
        8.7945326
      ]
    },
    {
      "numberOfPoints": 136,
      "box": {
        "min": {
          "x": 48.7447285,
          "y": 8.7552143
        },
        "max": {
          "x": 48.7626843,
          "y": 8.7841791
        },
        "center": {
          "x": 48.7537064,
          "y": 8.7696967
        }
      },