{"id":933547,"name":"Jesenwang","polygon":{"numberOfPoints":644,"box":{"min":{"x":48.1383441,"y":11.1023421},"max":{"x":48.1945769,"y":11.1677591},"center":{"x":48.1664605,"y":11.1350506},"area":{"x":0.0562328,"y":0.0654170}},"pointsx":[48.1483334,48.1483621,48.1487585,48.1491491,48.1490289,48.1490184,48.1488849,48.1483147,48.1478872,48.1472887,48.1469331,48.1464814,48.1461322,48.1462697,48.1466303,48.1472637,48.1482154,48.1487744,48.1489836,48.1494239,48.1496676,48.1502492,48.1504212,48.1505418,48.1506375,48.1507011,48.1507016,48.1507306,48.1508675,48.1511296,48.1513804,48.1515173,48.1516381,48.1509834,48.1503582,48.1502870,48.1499146,48.1500098,48.1500552,48.1489080,48.1484985,48.1483266,48.1481150,48.1478637,48.1479767,48.1482747,48.1486408,48.1487991,48.1490327,48.1492679,48.1494303,48.1497881,48.1501349,48.1503851,48.1504590,48.1506523,48.1509763,48.1515184,48.1518918,48.1520921,48.1521508,48.1521669,48.1521785,48.1522852,48.1523518,48.1524379,48.1526928,48.1536117,48.1536693,48.1537962,48.1542603,48.1545497,48.1547837,48.1551253,48.1562843,48.1571338,48.1572403,48.1576171,48.1584704,48.1589458,48.1591424,48.1593608,48.1600302,48.1601914,48.1609485,48.1610572,48.1611735,48.1614402,48.1617070,48.1620227,48.1627599,48.1627396,48.1627388,48.1632578,48.1641458,48.1640723,48.1639737,48.1639256,48.1639098,48.1640511,48.1665399,48.1681296,48.1683155,48.1683618,48.1684112,48.1684982,48.1685134,48.1694193,48.1700521,48.1702846,48.1709951,48.1716177,48.1716860,48.1718415,48.1719141,48.1721207,48.1726839,48.1734602,48.1736362,48.1738465,48.1742171,48.1754733,48.1756051,48.1758209,48.1762999,48.1764690,48.1765611,48.1767437,48.1767594,48.1767265,48.1770384,48.1771980,48.1772957,48.1773934,48.1778901,48.1782451,48.1785244,48.1785413,48.1786246,48.1794267,48.1797416,48.1801536,48.1803422,48.1805836,48.1808339,48.1815035,48.1818948,48.1819101,48.1819385,48.1820251,48.1821754,48.1822857,48.1823588,48.1824375,48.1824374,48.1824408,48.1826000,48.1832548,48.1837542,48.1837132,48.1833217,48.1833081,48.1837182,48.1834052,48.1834173,48.1836916,48.1837049,48.1840508,48.1854338,48.1858129,48.1864768,48.1880955,48.1880962,48.1881161,48.1881167,48.1881174,48.1881185,48.1881421,48.1881784,48.1882239,48.1883175,48.1886832,48.1888539,48.1890075,48.1891811,48.1893395,48.1893664,48.1896086,48.1899709,48.1901266,48.1904980,48.1906005,48.1908425,48.1910975,48.1914061,48.1918289,48.1919504,48.1922877,48.1927569,48.1929346,48.1931456,48.1931533,48.1931450,48.1931491,48.1931480,48.1933961,48.1939289,48.1945769,48.1945501,48.1945337,48.1944982,48.1944798,48.1938720,48.1938000,48.1937327,48.1935109,48.1932793,48.1931360,48.1929843,48.1928418,48.1925782,48.1923205,48.1920129,48.1920068,48.1920000,48.1920733,48.1921768,48.1923037,48.1926919,48.1929427,48.1929570,48.1929772,48.1930469,48.1931135,48.1931827,48.1931013,48.1930353,48.1926132,48.1925590,48.1925001,48.1934741,48.1938582,48.1941508,48.1940604,48.1935605,48.1931254,48.1928004,48.1924668,48.1919117,48.1910227,48.1907019,48.1902761,48.1900681,48.1896343,48.1892046,48.1891989,48.1891840,48.1891686,48.1891516,48.1891338,48.1891148,48.1891056,48.1885729,48.1883064,48.1880589,48.1879205,48.1878412,48.1878356,48.1878481,48.1874521,48.1867700,48.1864034,48.1863253,48.1860656,48.1854463,48.1852155,48.1850398,48.1849698,48.1849851,48.1849600,48.1849161,48.1848575,48.1846848,48.1845305,48.1843036,48.1841854,48.1840854,48.1839837,48.1839553,48.1838383,48.1835402,48.1833846,48.1829968,48.1829062,48.1827977,48.1827530,48.1826726,48.1826635,48.1826593,48.1826378,48.1825048,48.1824410,48.1823753,48.1823486,48.1823959,48.1821387,48.1816812,48.1815887,48.1814511,48.1813001,48.1811498,48.1809258,48.1804986,48.1801452,48.1799650,48.1797820,48.1786370,48.1780797,48.1778318,48.1775722,48.1773803,48.1771171,48.1769016,48.1768887,48.1768815,48.1768383,48.1768362,48.1767766,48.1767000,48.1762286,48.1755652,48.1753832,48.1751754,48.1750447,48.1749983,48.1747290,48.1744460,48.1739226,48.1738083,48.1737336,48.1734374,48.1728527,48.1727679,48.1721626,48.1717124,48.1715224,48.1714723,48.1706872,48.1695677,48.1693623,48.1693166,48.1692711,48.1690369,48.1689656,48.1689428,48.1688759,48.1684129,48.1676738,48.1675810,48.1671156,48.1670213,48.1670169,48.1670125,48.1670554,48.1671129,48.1671839,48.1671904,48.1672308,48.1672284,48.1671769,48.1671362,48.1670641,48.1670433,48.1670410,48.1672819,48.1674251,48.1674636,48.1675097,48.1675323,48.1675492,48.1675573,48.1675620,48.1675622,48.1675661,48.1675710,48.1675700,48.1675866,48.1676020,48.1674691,48.1672574,48.1656161,48.1654311,48.1653591,48.1648235,48.1647989,48.1646255,48.1645368,48.1642879,48.1640329,48.1637933,48.1637032,48.1636460,48.1631811,48.1627513,48.1620326,48.1613081,48.1605567,48.1604102,48.1598272,48.1593880,48.1590772,48.1586864,48.1570992,48.1568825,48.1566782,48.1561010,48.1550293,48.1546121,48.1544179,48.1544035,48.1542272,48.1539593,48.1537296,48.1533121,48.1532174,48.1531210,48.1528887,48.1525530,48.1524163,48.1514122,48.1509245,48.1508980,48.1507538,48.1505247,48.1504764,48.1502929,48.1501997,48.1501095,48.1500576,48.1498381,48.1496759,48.1486132,48.1482791,48.1481608,48.1478877,48.1475969,48.1474516,48.1473725,48.1470574,48.1469103,48.1465665,48.1461918,48.1458707,48.1458256,48.1456766,48.1454471,48.1450607,48.1450424,48.1449075,48.1447479,48.1446912,48.1445811,48.1444596,48.1438216,48.1438489,48.1438443,48.1438033,48.1437544,48.1436149,48.1433002,48.1430038,48.1426432,48.1420956,48.1415002,48.1408546,48.1405455,48.1404478,48.1403679,48.1403176,48.1403282,48.1402855,48.1402872,48.1402973,48.1403407,48.1404237,48.1405394,48.1405999,48.1406086,48.1406191,48.1406030,48.1406109,48.1406437,48.1406773,48.1407705,48.1408929,48.1410365,48.1411545,48.1411948,48.1412375,48.1412125,48.1412082,48.1411580,48.1410906,48.1409884,48.1408992,48.1409022,48.1409147,48.1408072,48.1408199,48.1408275,48.1408614,48.1410096,48.1411240,48.1414413,48.1420582,48.1427426,48.1432548,48.1435129,48.1437690,48.1438758,48.1439378,48.1441223,48.1443912,48.1448370,48.1455203,48.1456342,48.1457409,48.1458810,48.1459019,48.1458985,48.1460016,48.1461585,48.1462832,48.1463384,48.1463517,48.1467275,48.1467771,48.1467764,48.1468446,48.1470107,48.1472067,48.1476728,48.1477761,48.1476009,48.1473796,48.1471533,48.1468337,48.1467583,48.1467643,48.1470720,48.1474425,48.1475323,48.1476258,48.1476999,48.1476988,48.1476846,48.1475788,48.1468776,48.1459929,48.1459472,48.1459232,48.1457216,48.1453136,48.1452197,48.1450478,48.1446908,48.1443290,48.1440134,48.1437935,48.1434374,48.1431740,48.1430122,48.1429213,48.1428285,48.1422556,48.1420518,48.1418328,48.1415537,48.1413492,48.1410776,48.1406040,48.1403847,48.1396545,48.1393607,48.1392517,48.1389851,48.1388016,48.1386286,48.1384204,48.1383441,48.1383930,48.1384581,48.1384910,48.1390902,48.1393930,48.1394483,48.1401634,48.1403113,48.1403270,48.1404452,48.1405290,48.1405501,48.1405580,48.1405665,48.1406583,48.1407820,48.1409972,48.1411106,48.1414877,48.1417394,48.1419315,48.1422573,48.1423194,48.1424628,48.1425767,48.1425958,48.1427272,48.1427406,48.1428359,48.1431975,48.1433380,48.1434491,48.1434536,48.1434719,48.1434745,48.1435340,48.1435671,48.1436005,48.1436348,48.1436582,48.1438783,48.1438898,48.1440633,48.1443011,48.1445699,48.1447928,48.1449712,48.1450316,48.1452745,48.1455151,48.1458505,48.1462687,48.1466639,48.1473798],