{
  "id": 935920,
  "name": "Neckarwestheim",
  "polygon": {
    "numberOfPoints": 542,
    "box": {
      "min": {
        "x": 49.0203349,
        "y": 9.1660758
      },
      "max": {
        "x": 49.0630424,
        "y": 9.2563369
      },
      "center": {
        "x": 49.04168865,
        "y": 9.21120635
      },
      "area": {
        "x": 0.0427075,
        "y": 0.0902611
      }
    },
    "pointsx": [
      49.0304650,
      49.0308083,
      49.0310106,
      49.0312405,
      49.0314682,
      49.0316186,
      49.0319037,
      49.0321795,
      49.0324374,
      49.0326581,
      49.0320676,
      49.0315852,
      49.0312580,
      49.0310570,
      49.0308581,
      49.0306892,
      49.0305175,
      49.0303187,
      49.0302486,
      49.0301964,
      49.0301351,
      49.0300645,
      49.0300014,
      49.0299820,
      49.0299694,
      49.0299779,
      49.0300040,
      49.0300735,
      49.0301653,
      49.0302846,
      49.0303273,
      49.0303020,
      49.0302099,
      49.0302211,
      49.0302910,
      49.0302925,
      49.0302042,
      49.0303356,
      49.0304726,
      49.0305753,
      49.0305938,
      49.0305475,
      49.0305152,
      49.0304790,
      49.0304577,
      49.0303898,
      49.0302399,
      49.0297961,
      49.0293400,
      49.0291021,
      49.0289452,
      49.0292713,
      49.0290104,
      49.0287490,
      49.0286778,
      49.0286324,
      49.0286759,
      49.0290482,
      49.0294615,
      49.0299335,
      49.0305686,
      49.0310205,
      49.0311200,
      49.0313559,
      49.0316822,
      49.0317168,
      49.0326100,
      49.0329228,
      49.0333231,
      49.0338057,
      49.0329966,
      49.0326087,
      49.0322871,
      49.0319975,
      49.0317833,
      49.0316061,
      49.0314362,
      49.0313006,
      49.0312124,
      49.0309752,
      49.0306312,
      49.0302546,
      49.0299362,
      49.0295151,
      49.0292112,
      49.0288021,
      49.0286850,
      49.0285789,
      49.0285015,
      49.0284389,
      49.0283324,
      49.0282959,
      49.0281901,
      49.0280705,
      49.0277493,
      49.0274908,
      49.0272448,
      49.0270189,
      49.0266334,
      49.0262315,
      49.0258928,
      49.0256913,
      49.0254741,
      49.0251554,
      49.0248653,
      49.0246909,
      49.0245003,
      49.0242318,
      49.0239698,
      49.0238085,
      49.0237302,
      49.0235467,
      49.0232945,
      49.0227854,
      49.0225488,
      49.0222083,
      49.0220711,
      49.0219478,
      49.0217298,
      49.0215604,
      49.0213888,
      49.0212129,
      49.0210166,
      49.0205767,
      49.0204377,
      49.0203349,
      49.0203780,
      49.0204112,
      49.0205386,
      49.0206793,
      49.0208476,
      49.0209433,
      49.0210011,
      49.0210152,
      49.0210271,
      49.0211940,
      49.0215352,
      49.0215271,
      49.0217489,
      49.0220523,
      49.0222284,
      49.0223772,
      49.0224775,
      49.0224917,
      49.0224632,
      49.0231043,
      49.0236698,
      49.0240894,
      49.0251983,
      49.0253507,
      49.0255963,
      49.0258365,
      49.0260162,
      49.0261603,
      49.0262756,
      49.0264218,
      49.0264961,
      49.0265699,
      49.0266664,
      49.0267711,
      49.0268462,
      49.0270112,
      49.0272471,
      49.0273537,
      49.0274505,
      49.0275261,
      49.0276067,
      49.0276515,
      49.0277449,
      49.0279061,
      49.0280770,
      49.0287140,
      49.0293761,
      49.0297506,
      49.0302666,
      49.0308127,
      49.0313448,
      49.0320026,
      49.0329165,
      49.0336475,
      49.0336910,
      49.0350864,
      49.0352959,
      49.0354327,
      49.0356359,
      49.0359191,
      49.0362071,
      49.0362291,
      49.0362506,
      49.0363004,
      49.0363549,
      49.0364690,
      49.0366018,
      49.0367564,
      49.0369323,
      49.0371410,
      49.0372138,
      49.0372842,
      49.0373921,
      49.0375263,
      49.0376864,
      49.0378454,
      49.0379948,
      49.0380439,
      49.0380520,
      49.0380441,
      49.0382722,
      49.0385630,
      49.0388412,
      49.0390925,
      49.0395299,
      49.0398646,
      49.0400667,
      49.0403289,
      49.0402447,
      49.0403434,
      49.0405090,
      49.0406701,
      49.0407729,
      49.0409667,
      49.0412196,
      49.0414515,
      49.0416542,
      49.0417950,
      49.0424460,
      49.0429487,
      49.0442671,
      49.0445514,
      49.0455847,
      49.0456579,
      49.0457363,
      49.0458051,
      49.0459254,
      49.0460955,
      49.0462654,
      49.0464028,
      49.0465273,
      49.0465591,
      49.0466937,
      49.0469246,
      49.0472824,
      49.0478738,
      49.0482299,
      49.0485092,
      49.0487196,
      49.0488702,
      49.0490715,
      49.0493295,
      49.0496767,
      49.0510820,
      49.0511883,
      49.0514143,
      49.0517877,
      49.0518826,
      49.0520650,
      49.0522645,
      49.0525635,
      49.0527925,
      49.0529701,
      49.0533057,
      49.0536870,
      49.0538839,
      49.0541183,
      49.0543508,
      49.0547033,
      49.0550816,
      49.0547020,
      49.0544562,
      49.0542771,
      49.0541818,
      49.0541359,
      49.0541248,
      49.0541843,
      49.0542407,
      49.0542457,
      49.0542300,
      49.0548450,
      49.0548439,
      49.0548326,
      49.0547930,
      49.0547351,
      49.0549089,
      49.0550763,
      49.0552775,
      49.0555940,
      49.0558733,
      49.0560613,
      49.0562319,
      49.0563873,
      49.0565846,
      49.0568394,
      49.0570464,
      49.0571883,
      49.0573714,
      49.0574933,
      49.0575904,
      49.0576915,
      49.0578196,
      49.0579425,
      49.0581219,
      49.0582234,
      49.0583806,
      49.0586091,
      49.0587631,
      49.0588753,
      49.0590987,
      49.0592487,
      49.0593751,
      49.0594894,
      49.0595442,
      49.0595842,
      49.0595372,
      49.0594564,
      49.0593850,
      49.0595173,
      49.0594655,
      49.0593945,
      49.0592787,
      49.0592588,
      49.0592823,
      49.0593194,
      49.0593156,
      49.0592689,
      49.0591597,
      49.0591266,
      49.0591463,
      49.0591849,
      49.0592311,
      49.0594343,
      49.0595452,
      49.0596595,
      49.0597798,
      49.0598693,
      49.0599153,
      49.0599492,
      49.0599793,
      49.0600276,
      49.0600912,
      49.0601505,
      49.0601761,
      49.0601930,
      49.0602487,
      49.0603379,
      49.0604674,
      49.0606217,
      49.0607174,
      49.0607793,
      49.0608256,
      49.0609090,
      49.0609921,
      49.0610562,
      49.0611243,
      49.0611944,
      49.0612439,
      49.0612921,
      49.0613861,
      49.0614523,
      49.0614908,
      49.0615336,
      49.0615969,
      49.0616632,
      49.0617232,
      49.0617356,
      49.0617256,
      49.0617587,
      49.0618140,
      49.0619307,
      49.0619383,
      49.0622089,
      49.0620303,
      49.0623674,
      49.0622098,
      49.0620022,
      49.0616666,
      49.0615137,
      49.0615828,
      49.0616288,
      49.0617026,
      49.0617694,
      49.0618132,
      49.0618570,
      49.0618871,
      49.0618964,
      49.0618989,
      49.0618902,
      49.0618545,
      49.0617807,
      49.0616667,
      49.0619047,
      49.0620626,
      49.0622161,
      49.0623765,
      49.0624430,
      49.0625623,
      49.0626910,
      49.0629092,
      49.0630424,
      49.0626838,
      49.0622338,
      49.0619277,
      49.0615188,
      49.0609566,
      49.0603052,
      49.0601293,
      49.0598893,
      49.0599697,
      49.0597070,
      49.0594399,
      49.0594655,
      49.0595285,
      49.0595726,
      49.0595864,
      49.0590657,
      49.0587230,
      49.0582754,
      49.0577616,
      49.0577381,
      49.0577217,
      49.0572946,
      49.0568468,
      49.0565134,
