{"id":936731,"name":"Schwabsoien","polygon":{"numberOfPoints":817,"box":{"min":{"x":47.8238438,"y":10.7583384},"max":{"x":47.8640453,"y":10.8604081},"center":{"x":47.84394455,"y":10.80937325},"area":{"x":0.0402015,"y":0.1020697}},"pointsx":[47.8295724,47.8291520,47.8288375,47.8299020,47.8303189,47.8303385,47.8304013,47.8305537,47.8303901,47.8303100,47.8302218,47.8300049,47.8297285,47.8294444,47.8291398,47.8291321,47.8280384,47.8280122,47.8279852,47.8279320,47.8278536,47.8278200,47.8278392,47.8278908,47.8280622,47.8281339,47.8281436,47.8281845,47.8281541,47.8280045,47.8280351,47.8280458,47.8280194,47.8280242,47.8279359,47.8276441,47.8276930,47.8274372,47.8270898,47.8268475,47.8267786,47.8265195,47.8259486,47.8257743,47.8255499,47.8251196,47.8249068,47.8248162,47.8246599,47.8246351,47.8244335,47.8243346,47.8243453,47.8243211,47.8239374,47.8238438,47.8238884,47.8240234,47.8244277,47.8245687,47.8245972,47.8247849,47.8248402,47.8250534,47.8250957,47.8252240,47.8252683,47.8253120,47.8254423,47.8255549,47.8255749,47.8255740,47.8255347,47.8254867,47.8254747,47.8255313,47.8255131,47.8254055,47.8252379,47.8252128,47.8252130,47.8253909,47.8255596,47.8257612,47.8258006,47.8257066,47.8255026,47.8251218,47.8249111,47.8246899,47.8246894,47.8248372,47.8249727,47.8250661,47.8252153,47.8254451,47.8260738,47.8261192,47.8257816,47.8257393,47.8258162,47.8259258,47.8260218,47.8260476,47.8260312,47.8259624,47.8259631,47.8259943,47.8261151,47.8261442,47.8262725,47.8263438,47.8264034,47.8265008,47.8265922,47.8266762,47.8267832,47.8268647,47.8270770,47.8270758,47.8270367,47.8270572,47.8271119,47.8272347,47.8273045,47.8273079,47.8272515,47.8273106,47.8273933,47.8274631,47.8275484,47.8275209,47.8274334,47.8274291,47.8278432,47.8282434,47.8285086,47.8285355,47.8285957,47.8286704,47.8286918,47.8287119,47.8287622,47.8287792,47.8296427,47.8296737,47.8299362,47.8303757,47.8306098,47.8307811,47.8307901,47.8309825,47.8313169,47.8311530,47.8308163,47.8306728,47.8306612,47.8306393,47.8305913,47.8299097,47.8298232,47.8296084,47.8294327,47.8292379,47.8290194,47.8288907,47.8287925,47.8280306,47.8276959,47.8273426,47.8271652,47.8275137,47.8270916,47.8265460,47.8262229,47.8259030,47.8257703,47.8251246,47.8249813,47.8249699,47.8246631,47.8245246,47.8245464,47.8247159,47.8244622,47.8244496,47.8244202,47.8246241,47.8248129,47.8245241,47.8244722,47.8241020,47.8240054,47.8239108,47.8239014,47.8248032,47.8248352,47.8249998,47.8250363,47.8257403,47.8257408,47.8258936,47.8264196,47.8266105,47.8268879,47.8275310,47.8277875,47.8279083,47.8279445,47.8285695,47.8291733,47.8291780,47.8292033,47.8293111,47.8294361,47.8294721,47.8295509,47.8296600,47.8298441,47.8299010,47.8303618,47.8303011,47.8302783,47.8302931,47.8303103,47.8303864,47.8304114,47.8304361,47.8305017,47.8305727,47.8308465,47.8310236,47.8311575,47.8313459,47.8315786,47.8318135,47.8318446,47.8319735,47.8319172,47.8318578,47.8318580,47.8312916,47.8306817,47.8306289,47.8306435,47.8309767,47.8309866,47.8309902,47.8312178,47.8312334,47.8317594,47.8318530,47.8320683,47.8321446,47.8320284,47.8320405,47.8324218,47.8323512,47.8322687,47.8322680,47.8322636,47.8322739,47.8323091,47.8326164,47.8327163,47.8330539,47.8332224,47.8328270,47.8326819,47.8333545,47.8335120,47.8337900,47.8337267,47.8336964,47.8335193,47.8334509,47.8333204,47.8331544,47.8331433,47.8330911,47.8327216,47.8322033,47.8318810,47.8321157,47.8321316,47.8322756,47.8325088,47.8331633,47.8337549,47.8337475,47.8327712,47.8325403,47.8326159,47.8327458,47.8328426,47.8329180,47.8330366,47.8327949,47.8324975,47.8322746,47.8321823,47.8322722,47.8327634,47.8330678,47.8332920,47.8332151,47.8331941,47.8331114,47.8330461,47.8327896,47.8327036,47.8329054,47.8330124,47.8331400,47.8330905,47.8335037,47.8340638,47.8341914,47.8337372,47.8333111,47.8332154,47.8332861,47.8334531,47.8340334,47.8340428,47.8342618,47.8343425,47.8341349,47.8341183,47.8341176,47.8341191,47.8341756,47.8341725,47.8343405,47.8344183,47.8346481,47.8347706,47.8349105,47.8349208,47.8349768,47.8353949,47.8354112,47.8353669,47.8352686,47.8350042,47.8345795,47.8345178,47.8345418,47.8352634,47.8356178,47.8357651,47.8377793,47.8378945,47.8397923,47.8401733,47.8401182,47.8402963,47.8403045,47.8405492,47.8407063,47.8407885,47.8409197,47.8410429,47.8409876,47.8409080,47.8407328,47.8406624,47.8410677,47.8412257,47.8415922,47.8417458,47.8420415,47.8424580,47.8423422,47.8422336,47.8423356,47.8424422,47.8425524,47.8428978,47.8431308,47.8433646,47.8436416,47.8436730,47.8442807,47.8442984,47.8447167,47.8450739,47.8450797,47.8453278,47.8452120,47.8449300,47.8446756,47.8446079,47.8443868,47.8441110,47.8439368,47.8437602,47.8434721,47.8433676,47.8437742,47.8447073,47.8452265,47.8453525,47.8451979,47.8450037,47.8448734,47.8447764,47.8447388,47.8466056,47.8468110,47.8467781,47.8478259,47.8479857,47.8483795,47.8487982,47.8490501,47.8486040,47.8483456,47.8482907,47.8482840,47.8484635,47.8488204,47.8489232,47.8492608,47.8496611,47.8498285,47.8501077,47.8502906,47.8511582,47.8520928,47.8523083,47.8533370,47.8538399,47.8542515,47.8553465,47.8554325,47.8554341,47.8554662,47.8555464,47.8561140,47.8563038,47.8569053,47.8570636,47.8579823,47.8597428,47.8597725,47.8604521,47.8609640,47.8612720,47.8615689,47.8618253,47.8620994,47.8623396,47.8626031,47.8627288,47.8628700,47.8630717,47.8632069,47.8632290,47.8632458,47.8632910,47.8636419,47.8639184,47.8640453,47.8635955,47.8630841,47.8624117,47.8621398,47.8617870,47.8614139,47.8610537,47.8608574,47.8606980,47.8605346,47.8601783,47.8601625,47.8598720,47.8597321,47.8597494,47.8597762,47.8597835,47.8598199,47.8596474,47.8595037,47.8594187,47.8592319,47.8591664,47.8588091,47.8587179,47.8585992,47.8584921,47.8584195,47.8583344,47.8580747,47.8580098,47.8573550,47.8568936,47.8564974,47.8562283,47.8559711,47.8558809,47.8557405,47.8553727,47.8551743,47.8549557,47.8548505,47.8542563,47.8539914,47.8537870,47.8533679,47.8531064,47.8529815,47.8528334,47.8523528,47.8521312,47.8521162,47.8519389,47.8518026,47.8516682,47.8515329,47.8514587,47.8516729,47.8517754,47.8518054,47.8519544,47.8525760,47.8523848,47.8524801,47.8524770,47.8524603,47.8528024,47.8529227,47.8529102,47.8529076,47.8529388,47.8530187,47.8530711,47.8531820,47.8534037,47.8534497,47.8537819,47.8541989,47.8549039,47.8549181,47.8549788,47.8550198,47.8551721,47.8552354,47.8553474,47.8558710,47.8559518,47.8560646,47.8563700,47.8572535,47.8575693,47.8582049,47.8580371,47.8577473,47.8575906,47.8575600,47.8573413,47.8572923,47.8567946,47.8566466,47.8565123,47.8565517,47.8564004,47.8562456,47.8559707,47.8559142,47.8556413,47.8551876,47.8548425,47.8545824,47.8544420,47.8542342,47.8538864,47.8524804,47.8523145,47.8522417,47.8522360,47.8521392,47.8519536,47.8520744,47.8520752,47.8521599,47.8522114,47.8522589,47.8522544,47.8522161,47.8521541,47.8520853,47.8520065,47.8519145,47.8518888,47.8518380,47.8517635,47.8517195,47.8517045,47.8517062,47.8516824,47.8516860,47.8516643,47.8516660,47.8516721,47.8516379,47.8516463,47.8517978,47.8519886,47.8521525,47.8522680,47.8524637,47.8526277,47.8527240,47.8528724,47.8529155,47.8528803,47.8528488,47.8528414,47.8528784,47.8529678,47.8531617,47.8532703,47.8534704,47.8535852,47.8535179,47.8534843,47.8532575,47.8531928,47.8530860,47.8529668,47.8528675,47.8527233,47.8525419,47.8522353,47.8520639,47.8519576,47.8518932,47.8521610,47.8522347,47.8522770,47.8523746,47.8524338,47.8526994,47.8528392,47.8529552,47.8530570,47.8531184,47.8531482,47.8533649,47.8535310,47.8536376,47.8536486,47.8536774,47.8537481,47.8536739,47.8535586,47.8534977,47.8529175,47.8527314,47.8525631,47.8524573,47.8524054,47.8523868,47.8523267,47.8522177,47.8521299,47.8519821,47.8518887,47.8516311,47.8511757,47.8508410,47.8508812,47.8509421,47.8509645,47.8508176,47.8504399,47.8502253,47.8500039,47.8499577,47.8499436,47.8499710,47.8500724,47.8502534,47.8504067,47.8507686,47.8508648,47.8509379,47.8509813,47.8510017,47.8510831,47.8511479,47.8512582,47.8515065,47.8518205,47.8520032,47.8521417,47.8523178,47.8524458,47.8527253,47.8528838,47.8530221,47.8531033,47.8534291,47.8534873,