{
  "numberOfPolygons": 1,
  "box": {
    "min": {
      "x": 53.9193240,
      "y": 9.1632098
    },
    "max": {
      "x": 53.9589211,
      "y": 9.2288252
    },
    "center": {
      "x": 53.93912255,
      "y": 9.1960175
    }
  },
  "polygons": [
    {
      "numberOfPoints": 129,
      "box": {
        "min": {
          "x": 53.9193240,
          "y": 9.1632098
        },
        "max": {
          "x": 53.9589211,
          "y": 9.2288252
        },
        "center": {
          "x": 53.93912255,
          "y": 9.1960175
        }
      },
      "pointsx": [
        53.9461265,
        53.9470043,
        53.9488372,
        53.9488660,
        53.9499535,
        53.9497944,
        53.9515404,
        53.9520407,
        53.9526066,
        53.9535006,
        53.9548831,
        53.9556686,
        53.9556589,
        53.9560431,
        53.9572117,
        53.9575319,
        53.9586808,
        53.9589211,
        53.9587696,
        53.9585450,
        53.9582313,
        53.9580798,
        53.9578645,
        53.9577743,
        53.9577434,
        53.9576531,
        53.9575459,
        53.9575071,
        53.9574479,
        53.9574477,
        53.9573265,
        53.9572384,
        53.9572124,
        53.9569425,
        53.9567718,
        53.9564501,
        53.9561101,
        53.9554681,
        53.9547208,
        53.9542091,
        53.9539937,
        53.9535939,
        53.9528615,
        53.9522471,
        53.9521049,
        53.9509526,
        53.9509740,
        53.9511964,
        53.9504032,
        53.9507388,
        53.9506793,
        53.9503314,
        53.9498035,
        53.9496962,
        53.9495978,
        53.9494807,
        53.9489705,
        53.9490100,
        53.9488040,
        53.9477816,
        53.9465382,
        53.9453973,
        53.9448085,
        53.9420901,
        53.9426365,
        53.9424779,
        53.9421360,
        53.9381083,
        53.9376958,
        53.9371649,
        53.9350519,
        53.9322688,
        53.9326086,
        53.9329847,
        53.9333417,
        53.9338316,
        53.9333738,
        53.9330955,
        53.9319186,
        53.9305696,
        53.9313989,
        53.9307371,
        53.9311573,
        53.9311179,
        53.9301475,
        53.9302332,
        53.9296305,
        53.9294727,
        53.9243251,
        53.9193240,
        53.9198407,
        53.9209439,
        53.9213568,
        53.9219055,
        53.9233989,
        53.9241227,
        53.9245238,
        53.9246078,
        53.9270117,
        53.9280984,
        53.9290523,
        53.9294817,
        53.9300024,
        53.9300402,
        53.9305741,
        53.9319660,
        53.9325999,
        53.9331029,
        53.9333018,
        53.9334717,
        53.9336258,
        53.9339388,
        53.9344577,
        53.9349607,
        53.9352016,
        53.9356666,
        53.9357086,
        53.9357236,
        53.9356816,
        53.9356816,
        53.9356246,
        53.9356396,
        53.9362465,
        53.9373564,
        53.9391152,
        53.9399891,
        53.9402711,
        53.9408470,
        53.9411980
      ],
      "pointsy": [
        9.2286315,
        9.2288252,
        9.2248663,
        9.2222318,
        9.2156565,
        9.2152306,
        9.2135646,
        9.2130068,
        9.2126292,
        9.2123577,
        9.2121195,
        9.2121173,
        9.1989301,
        9.1977062,
        9.1962478,
        9.1927562,
        9.1889691,
        9.1886529,
        9.1884234,
        9.1880227,
        9.1874249,
        9.1869975,
        9.1864977,
        9.1861966,
        9.1856885,
        9.1850899,
        9.1838436,
        9.1833799,
        9.1829063,
        9.1829049,
        9.1820559,
        9.1814205,
        9.1805178,
        9.1798932,
        9.1794800,
        9.1787804,
        9.1782561,
        9.1771872,
        9.1763968,
        9.1756409,
        9.1754054,
        9.1752573,
        9.1739592,
        9.1744894,
        9.1754719,
        9.1755154,
        9.1739129,
        9.1732563,
        9.1705714,
        9.1702541,
        9.1700811,
        9.1691739,
        9.1692269,
        9.1691701,
        9.1689695,
        9.1686149,
        9.1667910,
        9.1667593,
        9.1657055,
        9.1632098,
        9.1645952,
        9.1660180,
        9.1643574,
        9.1677853,
        9.1688462,
        9.1688947,
        9.1691048,
        9.1742469,
        9.1750501,
        9.1744193,
        9.1770186,
        9.1805083,
        9.1816164,
        9.1826007,
        9.1839569,
        9.1851537,
        9.1857812,
        9.1860513,
        9.1882664,
        9.1906588,
        9.1919154,
        9.1927864,
        9.1933538,
        9.1934115,
        9.1948307,
        9.1950043,
        9.1957867,
        9.1955425,
        9.2008965,
        9.2060975,
        9.2061493,
        9.2066418,
        9.2068051,
        9.2070037,
        9.2075881,
        9.2077175,
        9.2078010,
        9.2074762,
        9.2080656,
        9.2085619,
        9.2088238,
        9.2088338,
        9.2088459,
        9.2088468,
        9.2088698,
        9.2092037,
        9.2093927,
        9.2094887,
        9.2094647,
        9.2095523,
        9.2096317,
        9.2099466,
        9.2102276,
        9.2116393,
        9.2124052,
        9.2130261,
        9.2136480,
        9.2140299,
        9.2142689,
        9.2147958,
        9.2151068,
        9.2152967,
        9.2167085,
        9.2158466,
        9.2146958,
        9.2192631,
        9.2209838,
        9.2215327,
        9.2219866
      ]
    }
  ]
}