{"id":941090,"name":"Holzheim","polygon":{"numberOfPoints":369,"box":{"min":{"x":48.3624487,"y":10.0848990},"max":{"x":48.3935302,"y":10.1325780},"center":{"x":48.37798945,"y":10.1087385},"area":{"x":0.0310815,"y":0.0476790}},"pointsx":[48.3931462,48.3927301,48.3907626,48.3906841,48.3906436,48.3905588,48.3904158,48.3904711,48.3905261,48.3899414,48.3892040,48.3892744,48.3901672,48.3910953,48.3910264,48.3908261,48.3906354,48.3904320,48.3898342,48.3897868,48.3897765,48.3897187,48.3897145,48.3897135,48.3896982,48.3896987,48.3896987,48.3896982,48.3897932,48.3925276,48.3919416,48.3918931,48.3911026,48.3910614,48.3909756,48.3899040,48.3898963,48.3896834,48.3898712,48.3908147,48.3909098,48.3910026,48.3909814,48.3909569,48.3924928,48.3926700,48.3931555,48.3933412,48.3932187,48.3931807,48.3933258,48.3935302,48.3933181,48.3932909,48.3925591,48.3921743,48.3920706,48.3919788,48.3920540,48.3921580,48.3917871,48.3918406,48.3917765,48.3916039,48.3911902,48.3907528,48.3906807,48.3901555,48.3901127,48.3899852,48.3896549,48.3890557,48.3887352,48.3885654,48.3885554,48.3884189,48.3880970,48.3880762,48.3880609,48.3874098,48.3873193,48.3872286,48.3872119,48.3871952,48.3871965,48.3871444,48.3866252,48.3865711,48.3861842,48.3861692,48.3859420,48.3858836,48.3859036,48.3859661,48.3860371,48.3858733,48.3856348,48.3848587,48.3844331,48.3844162,48.3844602,48.3840613,48.3834128,48.3831587,48.3831093,48.3824947,48.3824303,48.3824091,48.3823142,48.3823705,48.3823892,48.3826181,48.3821658,48.3820247,48.3819906,48.3819699,48.3818518,48.3818272,48.3816893,48.3812402,48.3811926,48.3811557,48.3811353,48.3811296,48.3811262,48.3811586,48.3813694,48.3817604,48.3818908,48.3821188,48.3823247,48.3824969,48.3826108,48.3826257,48.3824762,48.3808886,48.3797388,48.3789713,48.3780490,48.3777213,48.3772521,48.3768280,48.3765623,48.3757757,48.3745143,48.3738770,48.3735275,48.3735364,48.3735533,48.3737515,48.3737278,48.3737175,48.3737241,48.3737549,48.3738069,48.3739188,48.3743988,48.3745898,48.3749620,48.3751793,48.3752429,48.3742656,48.3741350,48.3740722,48.3740448,48.3739812,48.3737970,48.3737158,48.3732351,48.3729366,48.3723724,48.3721187,48.3720573,48.3717379,48.3715793,48.3712079,48.3711954,48.3712350,48.3712595,48.3710950,48.3712223,48.3712781,48.3715816,48.3716373,48.3717060,48.3718139,48.3720034,48.3721025,48.3721667,48.3723413,48.3724957,48.3725639,48.3726425,48.3727304,48.3728274,48.3729285,48.3732672,48.3732000,48.3731326,48.3727919,48.3722751,48.3718612,48.3713518,48.3711279,48.3707904,48.3708175,48.3707405,48.3705586,48.3704954,48.3707177,48.3708232,48.3708649,48.3708940,48.3709703,48.3710973,48.3710996,48.3713326,48.3713778,48.3714450,48.3715489,48.3716034,48.3716514,48.3718366,48.3719870,48.3722239,48.3724752,48.3725654,48.3725454,48.3725366,48.3722536,48.3721684,48.3720548,48.3712701,48.3715504,48.3716295,48.3715029,48.3708257,48.3704972,48.3703607,48.3702651,48.3697168,48.3695600,48.3687826,48.3684068,48.3682902,48.3678039,48.3661573,48.3648664,48.3646854,48.3645787,48.3639909,48.3635100,48.3630020,48.3624487,48.3624623,48.3626351,48.3627303,48.3631183,48.3636330,48.3636533,48.3636828,48.3646455,48.3651767,48.3653740,48.3653913,48.3653969,48.3654299,48.3654421,48.3654567,48.3655127,48.3655357,48.3656396,48.3663773,48.3672633,48.3674638,48.3676204,48.3677975,48.3677319,48.3673323,48.3665472,48.3663038,48.3661936,48.3659651,48.3658338,48.3657135,48.3656097,48.3654402,48.3653194,48.3653122,48.3652649,48.3651750,48.3651014,48.3650246,48.3648190,48.3646742,48.3645580,48.3643387,48.3643568,48.3643800,48.3644370,48.3647213,48.3648707,48.3649005,48.3650437,48.3651375,48.3652050,48.3657413,48.3668832,48.3669253,48.3670682,48.3678791,48.3679854,48.3681786,48.3684088,48.3685561,48.3685724,48.3690127,48.3693857,48.3695401,48.3696899,48.3698815,48.3704864,48.3708863,48.3710024,48.3711436,48.3714932,48.3721065,48.3722125,48.3723113,48.3724102,48.3726387,48.3733890,48.3734792,48.3735485,48.3744553,48.3752126,48.3755745,48.3756300,48.3756929,48.3757118,48.3757324,48.3757540,48.3773051,48.3772847,48.3772626,48.3793482,48.3795409,48.3815025,48.3821022,48.3824214,48.3827480,48.3838875,48.3841312,48.3843515,48.3847032,48.3853749,48.3856740,48.3859889,48.3882615,48.3886302,48.3891955,48.3895238,48.3898975,48.3909661,48.3913486,48.3916880,48.3919301,48.3920637,48.3923932],