{
  "id": 942032,
  "name": "Emmerting",
  "polygon": {
    "numberOfPoints": 441,
    "box": {
      "min": {
        "x": 48.1788674,
        "y": 12.7277959
      },
      "max": {
        "x": 48.2295218,
        "y": 12.8039770
      },
      "center": {
        "x": 48.2041946,
        "y": 12.76588645
      },
      "area": {
        "x": 0.0506544,
        "y": 0.0761811
      }
    },
    "pointsx": [
      48.1788674,
      48.1795697,
      48.1796936,
      48.1799745,
      48.1802268,
      48.1805015,
      48.1805785,
      48.1809832,
      48.1814617,
      48.1825525,
      48.1829000,
      48.1830729,
      48.1833128,
      48.1836029,
      48.1844170,
      48.1854771,
      48.1859084,
      48.1863032,
      48.1865708,
      48.1866089,
      48.1868258,
      48.1869062,
      48.1870501,
      48.1871385,
      48.1873847,
      48.1878883,
      48.1893122,
      48.1895403,
      48.1896874,
      48.1899800,
      48.1902428,
      48.1902964,
      48.1906626,
      48.1906890,
      48.1908892,
      48.1909951,
      48.1911132,
      48.1912686,
      48.1913437,
      48.1914480,
      48.1915591,
      48.1916753,
      48.1917075,
      48.1918703,
      48.1923430,
      48.1922605,
      48.1925928,
      48.1925661,
      48.1923301,
      48.1923608,
      48.1924127,
      48.1924093,
      48.1924120,
      48.1924187,
      48.1923755,
      48.1923005,
      48.1922211,
      48.1922035,
      48.1921876,
      48.1922152,
      48.1922926,
      48.1925937,
      48.1927798,
      48.1929072,
      48.1930346,
      48.1931139,
      48.1931626,
      48.1932905,
      48.1934177,
      48.1941057,
      48.1947616,
      48.1953057,
      48.1955352,
      48.1962608,
      48.1965743,
      48.1970951,
      48.1975818,
      48.1977462,
      48.1980097,
      48.1983879,
      48.1987191,
      48.1988026,
      48.1989852,
      48.1991178,
      48.1991483,
      48.1994140,
      48.2002199,
      48.2011072,
      48.2017910,
      48.2020080,
      48.2020791,
      48.2022058,
      48.2023141,
      48.2024393,
      48.2026606,
      48.2027657,
      48.2029405,
      48.2031126,
      48.2032234,
      48.2043040,
      48.2044882,
      48.2046580,
      48.2049694,
      48.2051735,
      48.2053322,
      48.2055358,
      48.2071658,
      48.2072827,
      48.2075278,
      48.2085163,
      48.2088640,
      48.2088824,
      48.2089265,
      48.2089938,
      48.2090170,
      48.2090875,
      48.2092337,
      48.2094939,
      48.2096445,
      48.2099436,
      48.2105177,
      48.2107387,
      48.2110623,
      48.2113562,
      48.2114598,
      48.2116699,
      48.2118141,
      48.2121467,
      48.2123453,
      48.2126123,
      48.2128771,
      48.2130303,
      48.2133471,
      48.2133987,
      48.2137826,
      48.2142084,
      48.2145633,
      48.2147802,
      48.2149880,
      48.2150982,
      48.2152030,
      48.2151704,
      48.2151589,
      48.2151559,
      48.2151516,
      48.2151461,
      48.2151480,
      48.2151537,
      48.2152183,
      48.2152389,
      48.2152554,
      48.2152397,
      48.2151940,
      48.2151841,
      48.2151380,
      48.2151150,
      48.2150767,
      48.2150729,
      48.2150712,
      48.2150703,
      48.2151024,
      48.2151183,
      48.2151556,
      48.2151702,
      48.2152137,
      48.2152380,
      48.2153410,
      48.2154479,
      48.2157626,
      48.2161942,
      48.2165006,
      48.2169482,
      48.2172920,
      48.2173984,
      48.2173771,
      48.2173116,
      48.2176148,
      48.2176786,
      48.2178278,
      48.2183590,
      48.2185521,
      48.2190334,
      48.2195697,
      48.2200350,
      48.2200319,
      48.2200302,
      48.2200278,
      48.2200266,
      48.2200197,
      48.2202415,
      48.2211570,
      48.2213060,
      48.2219467,
      48.2221463,
      48.2223211,
      48.2224692,
      48.2225694,
      48.2226630,
      48.2228170,
      48.2229372,
      48.2231135,
      48.2232438,
      48.2233919,
      48.2235335,
      48.2236179,
      48.2237201,
      48.2240291,
      48.2239982,
      48.2240993,
      48.2243659,
      48.2244698,
      48.2245044,
      48.2245169,
      48.2245597,
      48.2246420,
      48.2246836,
      48.2248786,
      48.2251443,
      48.2254602,
      48.2257586,
      48.2259019,
      48.2260336,
      48.2261677,
      48.2263639,
      48.2267812,
      48.2270220,
      48.2278572,
      48.2281637,
      48.2283866,
      48.2285784,
      48.2287595,
      48.2290212,
      48.2291069,
      48.2292183,
      48.2293459,
      48.2294663,
      48.2294876,
      48.2295006,
      48.2295009,
      48.2295015,
      48.2295218,
      48.2294895,
      48.2292878,
      48.2291004,
      48.2288435,
      48.2280850,
      48.2278642,
      48.2277375,
      48.2276301,
      48.2272952,
      48.2271047,
      48.2269638,
      48.2269036,
      48.2269412,
      48.2270158,
      48.2266203,
      48.2265352,
      48.2264446,
      48.2263734,
      48.2263183,
      48.2262296,
      48.2261136,
      48.2259753,
      48.2257862,
      48.2255067,
      48.2253068,
      48.2251102,
      48.2247919,
      48.2248192,
      48.2248204,
      48.2248300,
      48.2249333,
      48.2249500,
      48.2249562,
      48.2250719,
      48.2250751,
      48.2249986,
      48.2247128,
      48.2243961,
      48.2242180,
      48.2240373,
      48.2236810,
      48.2221974,
      48.2214410,
      48.2210121,
      48.2207959,
      48.2206367,
      48.2202933,
      48.2201693,
      48.2201190,
      48.2207069,
      48.2211488,
      48.2215048,
      48.2216767,
      48.2219079,
      48.2219281,
      48.2214966,
      48.2214849,
      48.2211671,
      48.2211510,
      48.2208621,
      48.2208334,
      48.2210406,
      48.2219545,
      48.2221993,
      48.2222867,
      48.2222880,
      48.2223177,
      48.2223170,
      48.2223227,
      48.2222960,
      48.2222039,
      48.2221939,
      48.2167115,
      48.2154742,
      48.2155544,
      48.2156515,
      48.2155616,
      48.2153939,
      48.2153413,
      48.2152157,
      48.2150447,
      48.2149519,
      48.2148573,
      48.2118728,
      48.2091489,
      48.2045982,
      48.2025125,
      48.2007284,
      48.1991193,
      48.1976624,
      48.1976705,
      48.1986946,
      48.1990178,
      48.1991204,
      48.1992481,
      48.1997974,
      48.1998342,
      48.1998370,
      48.1998302,
      48.1997541,
      48.1997334,
      48.1996386,
      48.1995428,
      48.1994722,
      48.1994510,
      48.1993465,
      48.1993399,
      48.1993270,
      48.1993063,
      48.1992441,
      48.1992218,
      48.1991938,
      48.1991584,
      48.1991210,
      48.1987512,
      48.1986741,
      48.1986429,
      48.1986075,
      48.1985906,
      48.1985419,
      48.1984734,
      48.1982347,
      48.1979328,
      48.1977144,
      48.1973751,
      48.1973083,
      48.1972547,
      48.1970149,
      48.1968848,
      48.1968495,
      48.1962987,
      48.1962923,
      48.1962188,
      48.1962119,
      48.1961915,
      48.1961757,
      48.1961517,
      48.1961211,
      48.1960744,
      48.1960563,
      48.1948905,
      48.1941800,
      48.1933431,
      48.1927814,
      48.1924750,
      48.1919232,
      48.1915073,
      48.1913025,
      48.1910694,
      48.1909284,
      48.1901357,
      48.1882132,
      48.1866579,
      48.1865649,
      48.1864717,
      48.1864566,
      48.1863451,
      48.1863325,
      48.1861095,
      48.1860604,
      48.1860475,
      48.1859844,
      48.1859281,
      48.1858644,
      48.1857932,
      48.1856391,
      48.1854496,
      48.1854423,
      48.1851614,
      48.1849792,
      48.1843940,
      48.1842918,
      48.1841576,
      48.1841389,
      48.1839927,
      48.1839878,
      48.1839394,
      48.1838758,
      48.1834819,
      48.1826539,
