{"id":942025,"name":"Teising","polygon":{"numberOfPoints":357,"box":{"min":{"x":48.2180323,"y":12.5853418},"max":{"x":48.2427420,"y":12.6354871},"center":{"x":48.23038715,"y":12.61041445},"area":{"x":0.0247097,"y":0.0501453}},"pointsx":[48.2277429,48.2276375,48.2275065,48.2257587,48.2254883,48.2253765,48.2251590,48.2249175,48.2246399,48.2244118,48.2242752,48.2230662,48.2231722,48.2224513,48.2226333,48.2223952,48.2225366,48.2227065,48.2228544,48.2214855,48.2218082,48.2218461,48.2217623,48.2216075,48.2204055,48.2203519,48.2202792,48.2199356,48.2198699,48.2195619,48.2184218,48.2181801,48.2180323,48.2181046,48.2181761,48.2184009,48.2185446,48.2192983,48.2193602,48.2194687,48.2194969,48.2195032,48.2195125,48.2196288,48.2196916,48.2197016,48.2198271,48.2199034,48.2199054,48.2199417,48.2199469,48.2199672,48.2199762,48.2199781,48.2199905,48.2189612,48.2189675,48.2189721,48.2190019,48.2190713,48.2192605,48.2192937,48.2192447,48.2192484,48.2192491,48.2191987,48.2191584,48.2191262,48.2191205,48.2191304,48.2192095,48.2192572,48.2192966,48.2193651,48.2194386,48.2195864,48.2197899,48.2204071,48.2211839,48.2213646,48.2199451,48.2200133,48.2200640,48.2201379,48.2203296,48.2206550,48.2207639,48.2208097,48.2215254,48.2217258,48.2221596,48.2221728,48.2222131,48.2223062,48.2223992,48.2224457,48.2226296,48.2227404,48.2228294,48.2228982,48.2229912,48.2231492,48.2232301,48.2233082,48.2233285,48.2234795,48.2245133,48.2254601,48.2255908,48.2256752,48.2256843,48.2256367,48.2255768,48.2255283,48.2255090,48.2255590,48.2256326,48.2274097,48.2275706,48.2275745,48.2277584,48.2279440,48.2279423,48.2279402,48.2291385,48.2296616,48.2304913,48.2304373,48.2301867,48.2300584,48.2301437,48.2302291,48.2301728,48.2301448,48.2300022,48.2298887,48.2296530,48.2295942,48.2295213,48.2313830,48.2312392,48.2311648,48.2317348,48.2324906,48.2324736,48.2324364,48.2331814,48.2331212,48.2346027,48.2348439,48.2348626,48.2348382,48.2348039,48.2347548,48.2346759,48.2346022,48.2344786,48.2343985,48.2343747,48.2342678,48.2340747,48.2338252,48.2336668,48.2335926,48.2333998,48.2332317,48.2333262,48.2333428,48.2334358,48.2334926,48.2336739,48.2337001,48.2338605,48.2339073,48.2339273,48.2343187,48.2348777,48.2353509,48.2355283,48.2357619,48.2360615,48.2363561,48.2365037,48.2367636,48.2368465,48.2370253,48.2371283,48.2372363,48.2373118,48.2373112,48.2372978,48.2372403,48.2371697,48.2371686,48.2371929,48.2372470,48.2373421,48.2374248,48.2375406,48.2375605,48.2375782,48.2376559,48.2378651,48.2382131,48.2383665,48.2383317,48.2383862,48.2383763,48.2383751,48.2384068,48.2384390,48.2386241,48.2386580,48.2387930,48.2388216,48.2389240,48.2390005,48.2391405,48.2391937,48.2394081,48.2395026,48.2397470,48.2397425,48.2398015,48.2398657,48.2403837,48.2404878,48.2405297,48.2405616,48.2407976,48.2409217,48.2409298,48.2408514,48.2408148,48.2405939,48.2405074,48.2407851,48.2408429,48.2411798,48.2412516,48.2415590,48.2416195,48.2417322,48.2421633,48.2425406,48.2427420,48.2420403,48.2410439,48.2408436,48.2407398,48.2403251,48.2399732,48.2396942,48.2397029,48.2397398,48.2398454,48.2397541,48.2397303,48.2395919,48.2394799,48.2394623,48.2392290,48.2398729,48.2403397,48.2401509,48.2389198,48.2388238,48.2387361,48.2386979,48.2387020,48.2387032,48.2387126,48.2387872,48.2387763,48.2387699,48.2387660,48.2385837,48.2384173,48.2380455,48.2377670,48.2374393,48.2371621,48.2368916,48.2367260,48.2364793,48.2361253,48.2358505,48.2357933,48.2350249,48.2349029,48.2348520,48.2348647,48.2348736,48.2347423,48.2347147,48.2347290,48.2347929,48.2347977,48.2347603,48.2346945,48.2346933,48.2347347,48.2347573,48.2348225,48.2350477,48.2356024,48.2356483,48.2357007,48.2357284,48.2357720,48.2357211,48.2355685,48.2352641,48.2351652,48.2348506,48.2344224,48.2339371,48.2335419,48.2332616,48.2329167,48.2328622,48.2330058,48.2331894,48.2332811,48.2335564,48.2336344,48.2338168,48.2338197,48.2338347,48.2338360,48.2336770,48.2335126,48.2333827,48.2331599,48.2325118,48.2319283,48.2316407,48.2314981,48.2308269,48.2302322,48.2300324,48.2294564,48.2290799,48.2290454,48.2290243,48.2290033,48.2289868,48.2289223,48.2288767,48.2287823,48.2287473,48.2286341,48.2281725,48.2281550,48.2280834,48.2279351,48.2278130],