{"id":943199,"name":"Reinhardshagen","polygon":{"numberOfPoints":270,"box":{"min":{"x":51.4606473,"y":9.5602376},"max":{"x":51.5473589,"y":9.6447377},"center":{"x":51.5040031,"y":9.60248765},"area":{"x":0.0867116,"y":0.0845001}},"pointsx":[51.4661132,51.4668509,51.4665366,51.4665156,51.4666204,51.4666833,51.4665366,51.4671443,51.4678150,51.4680874,51.4688000,51.4693239,51.4701071,51.4692931,51.4687003,51.4679617,51.4673368,51.4661070,51.4648772,51.4631600,51.4606473,51.4607483,51.4614742,51.4642034,51.4646512,51.4649841,51.4653865,51.4658016,51.4662540,51.4671102,51.4680633,51.4688379,51.4695544,51.4698897,51.4717045,51.4731127,51.4738503,51.4743868,51.4746214,51.4748729,51.4750238,51.4759290,51.4766498,51.4770688,51.4774711,51.4778231,51.4782422,51.4785607,51.4793150,51.4792768,51.4798947,51.4815369,51.4821644,51.4828442,51.4840510,51.4848219,51.4848387,51.4844197,51.4842856,51.4846135,51.4857448,51.4871484,51.4871209,51.4873063,51.4877662,51.4879241,51.4881712,51.4886311,51.4889331,51.4890704,51.4914534,51.4922651,51.4928935,51.4935742,51.4940978,51.4945429,51.4947786,51.4947786,51.4945691,51.4936789,51.4920818,51.4911130,51.4923436,51.4930244,51.4944906,51.4953284,51.4955378,51.4953545,51.4986532,51.4997004,51.5010616,51.5016774,51.5053807,51.5065848,51.5105868,51.5116639,51.5125312,51.5129218,51.5142906,51.5157795,51.5184515,51.5208073,51.5204615,51.5232312,51.5239428,51.5244034,51.5249074,51.5251630,51.5258833,51.5265968,51.5262331,51.5261777,51.5267517,51.5281988,51.5301565,51.5317563,51.5316956,51.5305976,51.5295144,51.5280820,51.5275140,51.5270220,51.5289157,51.5305069,51.5307738,51.5319318,51.5340228,51.5362552,51.5370360,51.5384787,51.5392174,51.5395061,51.5467044,51.5473589,51.5468170,51.5462831,51.5457801,51.5450392,51.5449822,51.5442083,51.5436624,51.5433194,51.5426325,51.5423425,51.5416446,51.5414996,51.5411147,51.5406257,51.5397258,51.5396268,51.5393709,51.5387259,51.5381920,51.5375971,51.5367732,51.5357853,51.5352363,51.5346174,51.5331796,51.5323896,51.5294640,51.5282321,51.5273932,51.5268133,51.5261793,51.5257644,51.5243225,51.5237806,51.5230437,51.5223577,51.5216558,51.5214228,51.5211248,51.5210608,51.5209839,51.5209768,51.5210068,51.5212089,51.5215108,51.5220747,51.5227276,51.5231506,51.5234296,51.5236695,51.5237765,51.5238075,51.5237995,51.5236125,51.5232695,51.5229336,51.5222546,51.5218467,51.5201219,51.5189200,51.5181651,51.5178331,51.5170472,51.5167083,51.5157544,51.5148925,51.5148005,51.5135217,51.5129007,51.5126417,51.5120538,51.5120658,51.5118708,51.5112149,51.5105360,51.5097841,51.5091932,51.5088682,51.5081023,51.5070494,51.5061145,51.5050766,51.5038328,51.5025019,51.5020290,51.5009611,51.5001822,51.4995643,51.4987444,51.4982214,51.4972335,51.4963186,51.4954977,51.4951438,51.4939569,51.4926561,51.4919961,51.4899174,51.4884485,51.4872697,51.4866938,51.4854769,51.4853739,51.4843970,51.4837371,51.4831152,51.4816733,51.4806815,51.4791106,51.4784157,51.4778168,51.4770199,51.4763600,51.4759250,51.4756770,51.4752951,51.4751121,51.4748802,51.4746622,51.4746594,51.4746352,51.4745712,51.4743992,51.4741243,51.4735903,51.4730144,51.4720185,51.4712896,51.4703557,51.4702367,51.4696268,51.4681620,51.4680250,51.4678340,51.4671431,51.4666051],"pointsy":[9.6437609,9.6401074,9.6395355,9.6380889,9.6365077,9.6351621,9.6340519,9.6341864,9.6339173,9.6337827,9.6340182,9.6340519,9.6332978,9.6321541,9.6291930,9.6268525,9.6259700,9.6260580,9.6262168,9.6269174,9.6268616,9.6226602,9.6129452,9.6126770,9.6117168,9.6121888,9.6117962,9.6115226,9.6106664,9.6098585,9.6108831,9.6117758,9.6123191,9.6111417,9.6065058,9.6036261,9.6008001,9.5990777,9.5987009,9.5975436,9.5968169,9.5962786,9.5952290,9.5950406,9.5952828,9.5952828,9.5945293,9.5949599,9.5935335,9.5933035,9.5923114,9.5914620,9.5911691,9.5910852,9.5907623,9.5900087,9.5893627,9.5882862,9.5880709,9.5878461,9.5879134,9.5886535,9.5877876,9.5870490,9.5868396,9.5868506,9.5873687,9.5887577,9.5905215,9.5916680,9.5908939,9.5912303,9.5915247,9.5914405,9.5908098,9.5890015,9.5851327,9.5775212,9.5734841,9.5697835,9.5651577,9.5622561,9.5602376,9.5632654,9.5684378,9.5725590,9.5784884,9.5874876,9.5821469,9.5818526,9.5818946,9.5813730,9.5782361,9.5783202,9.5776524,9.5785139,9.5789517,9.5788229,9.5789967,9.5790332,9.5801686,9.5833001,9.5842227,9.5872193,9.5883265,9.5895314,9.5922543,9.5948046,9.5951361,9.5935515,9.5930021,9.5917662,9.5907405,9.5925784,9.5913982,9.5896869,9.5917447,9.5939248,9.5952445,9.5975962,9.5988590,9.6006143,9.6002677,9.6058263,9.6071020,9.6090085,9.6120426,9.6125200,9.6132147,9.6148155,9.6158626,9.6171012,9.6134298,9.6146864,9.6155173,9.6164181,9.6175160,9.6190748,9.6191718,9.6204646,9.6210875,9.6213794,9.6218614,9.6219614,9.6220134,9.6218644,9.6218524,9.6217854,9.6216004,9.6217954,9.6217994,9.6216015,9.6215165,9.6215265,9.6216485,9.6218215,9.6218315,9.6216905,9.6208496,9.6203497,9.6185270,9.6176512,9.6168473,9.6162024,9.6154975,9.6149246,9.6129849,9.6120990,9.6106253,9.6091415,9.6075897,9.6067169,9.6050621,9.6037173,9.6028814,9.6019636,9.6013527,9.6006894,9.6000269,9.5991380,9.5982191,9.5974262,9.5964484,9.5949966,9.5929959,9.5923670,9.5910512,9.5899853,9.5890575,9.5883396,9.5875227,9.5871878,9.5859050,9.5850991,9.5847132,9.5847192,9.5849642,9.5852551,9.5861250,9.5870209,9.5871958,9.5891047,9.5900164,9.5903834,9.5912543,9.5915022,9.5918392,9.5931510,9.5944048,9.5956196,9.5963945,9.5967535,9.5974754,9.5985062,9.5994391,9.6004350,9.6016518,9.6030216,9.6034126,9.6042524,9.6048214,9.6052063,9.6055453,9.6055733,9.6056513,9.6057833,9.6059342,9.6061492,9.6071081,9.6081240,9.6087859,9.6108296,9.6122814,9.6134302,9.6139451,9.6148670,9.6149453,9.6156879,9.6163288,9.6169237,9.6185705,9.6199803,9.6223660,9.6233708,9.6242197,9.6253695,9.6262024,9.6268023,9.6272643,9.6284891,9.6296759,9.6313297,9.6340213,9.6341525,9.6352991,9.6366629,9.6376767,9.6387496,9.6397704,9.6406943,9.6419621,9.6426630,9.6435189,9.6436549,9.6439329,9.6446128,9.6446768,9.6447377,9.6445988,9.6443208]}}