{
  "numberOfPolygons": 1,
  "box": {
    "min": {
      "x": 54.1031034,
      "y": 13.3321334
    },
    "max": {
      "x": 54.1566475,
      "y": 13.4395204
    },
    "center": {
      "x": 54.12987545,
      "y": 13.3858269
    }
  },
  "polygons": [
    {
      "numberOfPoints": 299,
      "box": {
        "min": {
          "x": 54.1031034,
          "y": 13.3321334
        },
        "max": {
          "x": 54.1566475,
          "y": 13.4395204
        },
        "center": {
          "x": 54.12987545,
          "y": 13.3858269
        }
      },
      "pointsx": [
        54.1518720,
        54.1516280,
        54.1515928,
        54.1508828,
        54.1505699,
        54.1484951,
        54.1475952,
        54.1473502,
        54.1468013,
        54.1454855,
        54.1449395,
        54.1446536,
        54.1445077,
        54.1443866,
        54.1440166,
        54.1437187,
        54.1428108,
        54.1428378,
        54.1429748,
        54.1428688,
        54.1428078,
        54.1426168,
        54.1427388,
        54.1427958,
        54.1426588,
        54.1426508,
        54.1426698,
        54.1426928,
        54.1420139,
        54.1418579,
        54.1420179,
        54.1425789,
        54.1429068,
        54.1432008,
        54.1446077,
        54.1448867,
        54.1468475,
        54.1473664,
        54.1476404,
        54.1481094,
        54.1484913,
        54.1488343,
        54.1491052,
        54.1492882,
        54.1494102,
        54.1495102,
        54.1494452,
        54.1498872,
        54.1502921,
        54.1506851,
        54.1508371,
        54.1512870,
        54.1515770,
        54.1519129,
        54.1523139,
        54.1524319,
        54.1529358,
        54.1533508,
        54.1536178,
        54.1539467,
        54.1543737,
        54.1551286,
        54.1557735,
        54.1558805,
        54.1558115,
        54.1560255,
        54.1560745,
        54.1562235,
        54.1565095,
        54.1566475,
        54.1565555,
        54.1563615,
        54.1561705,
        54.1558196,
        54.1554836,
        54.1551636,
        54.1547927,
        54.1542587,
        54.1533128,
        54.1528399,
        54.1521649,
        54.1516498,
        54.1515090,
        54.1510581,
        54.1508641,
        54.1506201,
        54.1499441,
        54.1488109,
        54.1486553,
        54.1484383,
        54.1481514,
        54.1478924,
        54.1474465,
        54.1471525,
        54.1469655,
        54.1466256,
        54.1462906,
        54.1465186,
        54.1467826,
        54.1468626,
        54.1465076,
        54.1463626,
        54.1461377,
        54.1456607,
        54.1454087,
        54.1453408,
        54.1453828,
        54.1452908,
        54.1450768,
        54.1447988,
        54.1445928,
        54.1445907,
        54.1444289,
        54.1443599,
        54.1443099,
        54.1441239,
        54.1438339,
        54.1436850,
        54.1437157,
        54.1435780,
        54.1431510,
        54.1431740,
        54.1429141,
        54.1427841,
        54.1423651,
        54.1420752,
        54.1418502,
        54.1418272,
        54.1420212,
        54.1417582,
        54.1415333,
        54.1406404,
        54.1404464,
        54.1403014,
        54.1399954,
        54.1399575,
        54.1398125,
        54.1397635,
        54.1397405,
        54.1394575,
        54.1391756,
        54.1373748,
        54.1360290,
        54.1354140,
        54.1349261,
        54.1345269,
        54.1328703,
        54.1329313,
        54.1330533,
        54.1325114,
        54.1322134,
        54.1319694,
        54.1317755,
        54.1311615,
        54.1304786,
        54.1301307,
        54.1295317,
        54.1290708,
        54.1275790,
        54.1271100,
        54.1263891,
        54.1252902,
        54.1249473,
        54.1246803,
        54.1241304,
        54.1230705,
        54.1224106,
        54.1213911,
        54.1212473,
        54.1201788,
        54.1195528,
        54.1190459,
        54.1187019,
        54.1185689,
        54.1183819,
        54.1180880,
        54.1180588,
        54.1181259,
        54.1201597,
        54.1207356,
        54.1220554,
        54.1222084,
        54.1225133,
        54.1215904,
        54.1206285,
        54.1205216,
        54.1203506,
        54.1197966,
        54.1198086,
        54.1194306,
        54.1189537,
        54.1180728,
        54.1177488,
        54.1176718,
        54.1170349,
        54.1169439,
        54.1159100,
        54.1157800,
        54.1137313,
        54.1137583,
        54.1137912,
        54.1140862,
        54.1141132,
        54.1142312,
        54.1140752,
        54.1137512,
        54.1098946,
        54.1093217,
        54.1088717,
        54.1086697,
        54.1083258,
        54.1081088,
        54.1078148,
        54.1075559,
        54.1075179,
        54.1074068,
        54.1076358,
        54.1079408,
        54.1081427,
        54.1085327,
        54.1091886,
        54.1093486,
        54.1092876,
        54.1090586,
        54.1087036,
        54.1079107,
        54.1075787,
        54.1072548,
        54.1068808,
        54.1066858,
        54.1057899,
        54.1053969,
        54.1052020,
        54.1044621,
        54.1036002,
        54.1031034,
        54.1033504,
        54.1033128,
        54.1031452,
        54.1069491,
        54.1082711,
        54.1085846,
        54.1089677,
        54.1075746,
        54.1072887,
        54.1070487,
        54.1068497,
        54.1066897,
        54.1065787,
        54.1065027,
        54.1064797,
        54.1065297,
        54.1066287,
        54.1067069,
        54.1070066,
        54.1141215,
        54.1150247,
        54.1172680,
        54.1172514,
        54.1191105,
        54.1191022,
        54.1213746,
        54.1215606,
        54.1229382,
        54.1231427,
        54.1251148,
        54.1268827,
        54.1286461,
        54.1289163,
        54.1293310,
        54.1298814,
        54.1317213,
        54.1338224,
        54.1337450,
        54.1363374,
        54.1364383,
        54.1405352,
        54.1412189,
        54.1428838,
        54.1437284,
        54.1444682,
        54.1446902,
        54.1437284,
        54.1448201,
        54.1454849,
        54.1458065,
        54.1459238,
        54.1458886,
        54.1460529,
        54.1461584,
        54.1460646,
        54.1461584,
        54.1465073,
        54.1467184,
        54.1468552,
        54.1470791,
        54.1474275,
        54.1481159,
        54.1501480
      ],