{"id":956143,"name":"Zöschingen","polygon":{"numberOfPoints":830,"box":{"min":{"x":48.6564733,"y":10.2680348},"max":{"x":48.7035845,"y":10.3520231},"center":{"x":48.6800289,"y":10.31002895},"area":{"x":0.0471112,"y":0.0839883}},"pointsx":[48.6590640,48.6591395,48.6592064,48.6590832,48.6590119,48.6589519,48.6597174,48.6597307,48.6597501,48.6620008,48.6626334,48.6633443,48.6634039,48.6634437,48.6639660,48.6639751,48.6653330,48.6656371,48.6656343,48.6656204,48.6655710,48.6655210,48.6654489,48.6654162,48.6654122,48.6654478,48.6654424,48.6654550,48.6654591,48.6654608,48.6654537,48.6654605,48.6654854,48.6655239,48.6655509,48.6655731,48.6656068,48.6656383,48.6656519,48.6656609,48.6657132,48.6658050,48.6659446,48.6660705,48.6660414,48.6669100,48.6669854,48.6669786,48.6669697,48.6669609,48.6679036,48.6679675,48.6680231,48.6695964,48.6696375,48.6696627,48.6696857,48.6699234,48.6699440,48.6699761,48.6700126,48.6700969,48.6709393,48.6714004,48.6717661,48.6717695,48.6718126,48.6718578,48.6719511,48.6719660,48.6721455,48.6721869,48.6726567,48.6733279,48.6734847,48.6736668,48.6737835,48.6738677,48.6739895,48.6740510,48.6741033,48.6741304,48.6741600,48.6749090,48.6752444,48.6752718,48.6756439,48.6758222,48.6759513,48.6760738,48.6762443,48.6763033,48.6764353,48.6765769,48.6767025,48.6768380,48.6769823,48.6771450,48.6774224,48.6776515,48.6778464,48.6780208,48.6781658,48.6782947,48.6784374,48.6784937,48.6785590,48.6786496,48.6787473,48.6788678,48.6789863,48.6790915,48.6792081,48.6793524,48.6794744,48.6795967,48.6798116,48.6800799,48.6802000,48.6803827,48.6806410,48.6808444,48.6808992,48.6810217,48.6811628,48.6812995,48.6815383,48.6820038,48.6822327,48.6824104,48.6825007,48.6826350,48.6828628,48.6830524,48.6832530,48.6834425,48.6835974,48.6837248,48.6838755,48.6840424,48.6841975,48.6842422,48.6844101,48.6846524,48.6848696,48.6850291,48.6851752,48.6852154,48.6854321,48.6853996,48.6853744,48.6853600,48.6853549,48.6853588,48.6853481,48.6853802,48.6861035,48.6860765,48.6861572,48.6862343,48.6863415,48.6864336,48.6865481,48.6866426,48.6867196,48.6868081,48.6869766,48.6870404,48.6871156,48.6871973,48.6872743,48.6873257,48.6873740,48.6874456,48.6875289,48.6877576,48.6878361,48.6878509,48.6878487,48.6878564,48.6879250,48.6880333,48.6881942,48.6883528,48.6884933,48.6886297,48.6888007,48.6886023,48.6887924,48.6886237,48.6886264,48.6885628,48.6885925,48.6887241,48.6888477,48.6890961,48.6892817,48.6895555,48.6896429,48.6896856,48.6897215,48.6898066,48.6899644,48.6899900,48.6901261,48.6905577,48.6907282,48.6905479,48.6908653,48.6906609,48.6904111,48.6903348,48.6903202,48.6903454,48.6903814,48.6903673,48.6901781,48.6900439,48.6899493,48.6899256,48.6897761,48.6896374,48.6894872,48.6893139,48.6891154,48.6889167,48.6886990,48.6884789,48.6882310,48.6879936,48.6878297,48.6876895,48.6875078,48.6873450,48.6874037,48.6876211,48.6880893,48.6883406,48.6885125,48.6887796,48.6887760,48.6887624,48.6887295,48.6887054,48.6886384,48.6886038,48.6880522,48.6877625,48.6876361,48.6875215,48.6869562,48.6867187,48.6865018,48.6858864,48.6853757,48.6851911,48.6851690,48.6847483,48.6845154,48.6842395,48.6838935,48.6836971,48.6835858,48.6833434,48.6830701,48.6828514,48.6824125,48.6823878,48.6832465,48.6835227,48.6835849,48.6836638,48.6837728,48.6838951,48.6839628,48.6841229,48.6841609,48.6842439,48.6843330,48.6844442,48.6846552,48.6848587,48.6848808,48.6855287,48.6855549,48.6857643,48.6859118,48.6859674,48.6859911,48.6860128,48.6860154,48.6860601,48.6860815,48.6861979,48.6864046,48.6866104,48.6868301,48.6871023,48.6870483,48.6866350,48.6864105,48.6862414,48.6859488,48.6860734,48.6861413,48.6862308,48.6862595,48.6865859,48.6867650,48.6869286,48.6870442,48.6871289,48.6873205,48.6875603,48.6875899,48.6877933,48.6878714,48.6878350,48.6876901,48.6875212,48.6874950,48.6873755,48.6873385,48.6873509,48.6882156,48.6886994,48.6888537,48.6890516,48.6889071,48.6888951,48.6888630,48.6888943,48.6889283,48.6890101,48.6890900,48.6892823,48.6894312,48.6894854,48.6895254,48.6896416,48.6897820,48.6900270,48.6901579,48.6902799,48.6903977,48.6905295,48.6906314,48.6906946,48.6907391,48.6907816,48.6908156,48.6908501,48.6908673,48.6908636,48.6908433,48.6907889,48.6907589,48.6908877,48.6909981,48.6911169,48.6913103,48.6914759,48.6916503,48.6917494,48.6918273,48.6918532,48.6919110,48.6917046,48.6914956,48.6913482,48.6914453,48.6921168,48.6923442,48.6924947,48.6926523,48.6927534,48.6929111,48.6930732,48.6932328,48.6933428,48.6934689,48.6935541,48.6936513,48.6937967,48.6939031,48.6939852,48.6940971,48.6944442,48.6946621,48.6948094,48.6950516,48.6953924,48.6964309,48.6972041,48.6972735,48.6974485,48.6982375,48.6988070,48.6988868,48.6990328,48.6992050,48.6994823,48.6997170,48.6998580,48.6999720,48.7000367,48.7001066,48.7001489,48.7003087,48.7005702,48.7007441,48.7009142,48.7010063,48.7011085,48.7012090,48.7012655,48.7012947,48.7013602,48.7014103,48.7014738,48.7015615,48.7016649,48.7017196,48.7018140,48.7019461,48.7022146,48.7024631,48.7031279,48.7033906,48.7034993,48.7035720,48.7035845,48.7033310,48.7030471,48.7027313,48.7025480,48.7024858,48.7020742,48.7015303,48.7011915,48.7008805,48.7006768,48.7003653,48.6999690,48.6994305,48.6990941,48.6990368,48.6989001,48.6986941,48.6982717,48.6977653,48.6975658,48.6975473,48.6974657,48.6973642,48.6972237,48.6969514,48.6964648,48.6962251,48.6958490,48.6954545,48.6951820,48.6943925,48.6940610,48.6938786,48.6937290,48.6936852,48.6934732,48.6932464,48.6929005,48.6925158,48.6918401,48.6913108,48.6909414,48.6907784,48.6905806,48.6904403,48.6904056,48.6902560,48.6900293,48.6896105,48.6891073,48.6889332,48.6881650,48.6877003,48.6873205,48.6869791,48.6866877,48.6863432,48.6860696,48.6859264,48.6857149,48.6856159,48.6855458,48.6855082,48.6854520,48.6852953,48.6851363,48.6847751,48.6844144,48.6839555,48.6833798,48.6829049,48.6830013,48.6831098,48.6837627,48.6839348,48.6840298,48.6840925,48.6842668,48.6843489,48.6845630,48.6846002,48.6851343,48.6855134,48.6855106,48.6847251,48.6844171,48.6841713,48.6836303,48.6834904,48.6833476,48.6832569,48.6831812,48.6829388,48.6820229,48.6817221,48.6816416,48.6816165,48.6815139,48.6814904,48.6815698,48.6817706,48.6818559,48.6818806,48.6818904,48.6819056,48.6819269,48.6818977,48.6818838,48.6814111,48.6809712,48.6806075,48.6800455,48.6793107,48.6792570,48.6790672,48.6790294,48.6788727,48.6787642,48.6780598,48.6778937,48.6776745,48.6773265,48.6773315,48.6772932,48.6778489,48.6774707,48.6771562,48.6779853,48.6778909,48.6778139,48.6779296,48.6781994,48.6782089,48.6783264,48.6783444,48.6785017,48.6787069,48.6788901,48.6790622,48.6793605,48.6797309,48.6799664,48.6800016,48.6803686,48.6804969,48.6807724,48.6811362,48.6815036,48.6816522,48.6820886,48.6825764,48.6827665,48.6828535,48.6830890,48.6831273,48.6833541,48.6835805,48.6842608,48.6846437,48.6855088,48.6858618,48.6860956,48.6861325,48.6861184,48.6862168,48.6858669,48.6857193,48.6853432,48.6851864,48.6835194,48.6834907,48.6834337,48.6835144,48.6832558,48.6831699,48.6828478,48.6825236,48.6821069,48.6820969,48.6817945,48.6813800,48.6810546,48.6809558,48.6805038,48.6804786,48.6801515,48.6799183,48.6794985,48.6781906,48.6783112,48.6781019,48.6783012,48.6778724,48.6780355,48.6778270,48.6776471,48.6774994,48.6772424,48.6768083,48.6767935,48.6768960,48.6769883,48.6769015,48.6766621,48.6765281,48.6761738,48.6759290,48.6757814,48.6756677,48.6755179,48.6746205,48.6745536,48.6741972,48.6739202,48.6737875,48.6737667,48.6736011,48.6735287,48.6732763,48.6728398,48.6723988,48.6721358,48.6719413,48.6717018,48.6715258,48.6713882,48.6710873,48.6708987,48.6707933,48.6706439,48.6704853,48.6704369,48.6699555,48.6698223,48.6696891,48.6696210,48.6687829,48.6681219,48.6680392,48.6680173,48.6679491,48.6678788,48.6679738,48.6680546,48.6684352,48.6686760,48.6688687,48.6691627,48.6691950,48.6691554,48.6689075,48.6688029,48.6686850,48.6685583,48.6681141,48.6679022,48.6677805,48.6677739,48.6677231,48.6676603,48.6674459,48.6669337,48.6663261,48.6661167,48.6660391,48.6654934,48.6651746,48.6650343,48.6645432,48.6643911,48.6642993,48.6648443,48.6654186,