{
  "id": 957877,
  "name": "Wasbek",
  "polygon": {
    "numberOfPoints": 140,
    "box": {
      "min": {
        "x": 54.0584071,
        "y": 9.8519097
      },
      "max": {
        "x": 54.1109722,
        "y": 9.9356753
      },
      "center": {
        "x": 54.08468965,
        "y": 9.8937925
      },
      "area": {
        "x": 0.0525651,
        "y": 0.0837656
      }
    },
    "pointsx": [
      54.0702145,
      54.0808105,
      54.0812953,
      54.0850640,
      54.0864497,
      54.0881335,
      54.0954613,
      54.0966473,
      54.0976312,
      54.0980292,
      54.0981132,
      54.0966337,
      54.1003560,
      54.1032438,
      54.1053672,
      54.1068959,
      54.1087643,
      54.1077452,
      54.1104627,
      54.1103778,
      54.1094436,
      54.1109722,
      54.1097833,
      54.1051124,
      54.1037140,
      54.1024527,
      54.1019268,
      54.1013199,
      54.1012019,
      54.1006559,
      54.1004310,
      54.0998010,
      54.0992711,
      54.0991421,
      54.0988711,
      54.0985812,
      54.0982752,
      54.0967884,
      54.0963834,
      54.0956775,
      54.0953005,
      54.0943466,
      54.0929278,
      54.0913480,
      54.0908260,
      54.0903331,
      54.0896772,
      54.0879644,
      54.0877054,
      54.0866635,
      54.0861446,
      54.0855157,
      54.0850197,
      54.0842448,
      54.0832949,
      54.0821400,
      54.0819981,
      54.0802782,
      54.0798623,
      54.0792824,
      54.0785804,
      54.0784897,
      54.0777985,
      54.0772416,
      54.0764217,
      54.0761237,
      54.0755558,
      54.0755518,
      54.0750398,
      54.0730221,
      54.0720112,
      54.0716342,
      54.0711113,
      54.0705274,
      54.0701234,
      54.0695934,
      54.0695435,
      54.0693185,
      54.0687106,
      54.0686276,
      54.0677697,
      54.0677237,
      54.0676057,
      54.0672697,
      54.0669727,
      54.0668887,
      54.0668158,
      54.0668617,
      54.0667168,
      54.0664188,
      54.0663238,
      54.0661788,
      54.0659388,
      54.0657859,
      54.0657479,
      54.0652599,
      54.0650119,
      54.0648320,
      54.0647480,
      54.0645702,
      54.0644183,
      54.0643378,
      54.0642666,
      54.0642097,
      54.0641091,
      54.0633981,
      54.0630751,
      54.0635295,
      54.0641318,
      54.0636452,
      54.0614347,
      54.0614347,
      54.0584071,
      54.0585019,
      54.0592438,
      54.0605939,
      54.0605175,
      54.0605104,
      54.0605442,
      54.0608079,
      54.0608524,
      54.0609005,
      54.0609076,
      54.0609718,
      54.0609949,
      54.0610573,
      54.0611730,
      54.0611410,
      54.0610697,
      54.0610003,
      54.0610181,
      54.0610234,
      54.0610430,
      54.0614670,
      54.0617062,
      54.0624884,
      54.0630158,
      54.0632930,
      54.0634178,
      54.0690435
    ],
    "pointsy": [
      9.8519097,
      9.8544137,
      9.8544573,
      9.8572113,
      9.8575542,
      9.8581170,
      9.8607590,
      9.8606364,
      9.8605363,
      9.8621255,
      9.8630059,
      9.8642232,
      9.8719679,
      9.8819632,
      9.8838464,
      9.8923931,
      9.8935520,
      9.8977530,
      9.8992016,
      9.9048511,
      9.9096315,
      9.9232483,
      9.9294772,
      9.9278838,
      9.9269181,
      9.9297298,
      9.9293529,
      9.9288539,
      9.9288549,
      9.9288410,
      9.9294529,
      9.9297838,
      9.9304177,
      9.9308447,
      9.9308687,
      9.9304057,
      9.9300248,
      9.9281651,
      9.9278892,
      9.9270293,
      9.9269943,
      9.9266614,
      9.9279942,
      9.9283392,
      9.9288111,
      9.9292510,
      9.9298369,
      9.9315977,
      9.9319246,
      9.9332104,
      9.9337434,
      9.9341143,
      9.9343243,
      9.9344353,
      9.9344883,
      9.9341804,
      9.9341714,
      9.9348613,
      9.9348453,
      9.9351962,
      9.9352462,
      9.9352582,
      9.9352572,
      9.9352642,
      9.9354772,
      9.9355622,
      9.9355682,
      9.9350443,
      9.9348883,
      9.9349764,
      9.9350084,
      9.9351553,
      9.9355253,
      9.9356753,
      9.9354173,
      9.9343335,
      9.9340115,
      9.9337716,
      9.9335490,
      9.9335186,
      9.9333427,
      9.9335456,
      9.9335067,
      9.9332077,
      9.9330917,
      9.9325068,
      9.9324068,
      9.9319019,
      9.9313160,
      9.9311390,
      9.9310581,
      9.9307771,
      9.9306801,
      9.9305811,
      9.9303392,
      9.9301442,
      9.9299443,
      9.9300072,
      9.9300502,
      9.9299042,
      9.9298070,
      9.9297393,
      9.9296446,
      9.9296356,
      9.9296586,
      9.9296854,
      9.9229085,
      9.9174835,
      9.9130956,
      9.9083277,
      9.8996361,
      9.8931174,
      9.8865372,
      9.8844240,
      9.8838425,
      9.8775949,
      9.8774132,
      9.8772736,
      9.8770793,
      9.8762416,
      9.8759685,
      9.8758622,
      9.8756589,
      9.8754950,
      9.8753159,
      9.8751338,
      9.8748212,
      9.8745055,
      9.8740958,
      9.8738287,
      9.8725995,
      9.8724507,
      9.8710424,
      9.8643226,
      9.8639926,
      9.8652187,
      9.8660412,
      9.8662849,
      9.8664478,
      9.8554202
    ]
  }
}