{
  "numberOfPolygons": 1,
  "box": {
    "min": {
      "x": 48.0793480,
      "y": 10.1358780
    },
    "max": {
      "x": 48.1247878,
      "y": 10.1974931
    },
    "center": {
      "x": 48.1020679,
      "y": 10.16668555
    }
  },
  "polygons": [
    {
      "numberOfPoints": 405,
      "box": {
        "min": {
          "x": 48.0793480,
          "y": 10.1358780
        },
        "max": {
          "x": 48.1247878,
          "y": 10.1974931
        },
        "center": {
          "x": 48.1020679,
          "y": 10.16668555
        }
      },
      "pointsx": [
        48.0989082,
        48.0989871,
        48.0990364,
        48.0990918,
        48.0991481,
        48.0992808,
        48.0994390,
        48.0995993,
        48.0998105,
        48.0999473,
        48.1000076,
        48.1001420,
        48.1002832,
        48.1004056,
        48.1005416,
        48.1006660,
        48.1007717,
        48.1009244,
        48.1010515,
        48.1011820,
        48.1013101,
        48.1014608,
        48.1015977,
        48.1017685,
        48.1021054,
        48.1023150,
        48.1024381,
        48.1026137,
        48.1028604,
        48.1030408,
        48.1032217,
        48.1034232,
        48.1035769,
        48.1037445,
        48.1039033,
        48.1040482,
        48.1042921,
        48.1044924,
        48.1046444,
        48.1047451,
        48.1048092,
        48.1049143,
        48.1050169,
        48.1051534,
        48.1052941,
        48.1054121,
        48.1055955,
        48.1057699,
        48.1059100,
        48.1059435,
        48.1059635,
        48.1059740,
        48.1060152,
        48.1060795,
        48.1061527,
        48.1062731,
        48.1067848,
        48.1069483,
        48.1072431,
        48.1074160,
        48.1074964,
        48.1075675,
        48.1076131,
        48.1076563,
        48.1077700,
        48.1078745,
        48.1079294,
        48.1080024,
        48.1080597,
        48.1081285,
        48.1082022,
        48.1083014,
        48.1085690,
        48.1088527,
        48.1090502,
        48.1092995,
        48.1093693,
        48.1094159,
        48.1094672,
        48.1095541,
        48.1096528,
        48.1097481,
        48.1098051,
        48.1099068,
        48.1099977,
        48.1100683,
        48.1100879,
        48.1101167,
        48.1102437,
        48.1103138,
        48.1106132,
        48.1104523,
        48.1102796,
        48.1102444,
        48.1102387,
        48.1102397,
        48.1102475,
        48.1102618,
        48.1103323,
        48.1105101,
        48.1105917,
        48.1107875,
        48.1108119,
        48.1106950,
        48.1104778,
        48.1101544,
        48.1106478,
        48.1107342,
        48.1108771,
        48.1109956,
        48.1111352,
        48.1113763,
        48.1114725,
        48.1115780,
        48.1117637,
        48.1118542,
        48.1121359,
        48.1124834,
        48.1127484,
        48.1129987,
        48.1133499,
        48.1134667,
        48.1134435,
        48.1134136,
        48.1134402,
        48.1135885,
        48.1138417,
        48.1141606,
        48.1149083,
        48.1151479,
        48.1161136,
        48.1163382,
        48.1164969,
        48.1165387,
        48.1165995,
        48.1166912,
        48.1168178,
        48.1170841,
        48.1171196,
        48.1173711,
        48.1175529,
        48.1177926,
        48.1178471,
        48.1179775,
        48.1181489,
        48.1182120,
        48.1182591,
        48.1185725,
        48.1191237,
        48.1192892,
        48.1196934,
        48.1198454,
        48.1200198,
        48.1201429,
        48.1202213,
        48.1203434,
        48.1204354,
        48.1206845,
        48.1207315,
        48.1213924,
        48.1218737,
        48.1219163,
        48.1229533,
        48.1230149,
        48.1239126,
        48.1239844,
        48.1240472,
        48.1247878,
        48.1244145,
        48.1240313,
        48.1237586,
        48.1236046,
        48.1236088,
        48.1234603,
        48.1233495,
        48.1233339,
        48.1230820,
        48.1228764,
        48.1226718,
        48.1223345,
        48.1221759,
        48.1219138,
        48.1216931,
        48.1213324,
        48.1200343,
        48.1199376,
        48.1197766,
        48.1193533,
        48.1192238,
        48.1190866,
        48.1186939,
        48.1177459,
        48.1177038,
        48.1172204,
        48.1166820,
        48.1159825,
        48.1151952,
        48.1145886,
        48.1142262,
        48.1131425,
        48.1129278,
        48.1126891,
        48.1119971,
        48.1117567,
        48.1113909,
        48.1109310,
        48.1105961,
        48.1100852,
        48.1092818,
        48.1091152,
        48.1088271,
        48.1085865,
        48.1084682,
        48.1083810,
        48.1083459,
        48.1083771,
        48.1082044,
        48.1081402,
        48.1079303,
        48.1071501,
        48.1061662,
        48.1050650,
        48.1048173,
        48.1044938,
        48.1042683,
        48.1039187,
        48.1038828,
        48.1035951,
        48.1034522,
        48.1034458,
        48.1034398,
        48.1034345,
        48.1034289,
        48.1039427,
        48.1040683,
        48.1041469,
        48.1042646,
        48.1043119,
        48.1043571,
        48.1043837,
        48.1043952,
        48.1044027,
        48.1043988,
        48.1043712,
        48.1043385,
        48.1042916,
        48.1042633,
        48.1042550,
        48.1042147,
        48.1041922,
        48.1041840,
        48.1041719,
        48.1041117,
        48.1040555,
        48.1039851,
        48.1039561,
        48.1039254,
        48.1039213,
        48.1039156,
        48.1039125,
        48.1036880,
        48.1029932,
        48.1020293,
        48.1009137,
        48.0990903,
        48.0986281,
        48.0982494,
        48.0982021,
        48.0979144,
        48.0971664,
        48.0971074,
        48.0969788,
        48.0966116,
        48.0965515,
        48.0961554,
        48.0953781,
        48.0949289,
        48.0945643,
        48.0942682,
        48.0935428,
        48.0934317,
        48.0932273,
        48.0930651,
        48.0928225,
        48.0928045,
        48.0927089,
        48.0923106,
        48.0920817,
        48.0918906,
        48.0916893,
        48.0914577,
        48.0914400,
        48.0912870,
        48.0912761,
        48.0912102,
        48.0911204,
        48.0909072,
        48.0903903,
        48.0892732,
        48.0890652,
        48.0889604,
        48.0885858,
        48.0885431,
        48.0885211,
        48.0883583,
        48.0882694,
        48.0885178,
        48.0877505,
        48.0882995,
        48.0886690,
        48.0883394,
        48.0877431,
        48.0875570,
        48.0868506,
        48.0856169,
        48.0850383,
        48.0848472,
        48.0848303,
        48.0848134,
        48.0847461,
        48.0845040,
        48.0844453,
        48.0844220,
        48.0829516,
        48.0826346,
        48.0825394,
        48.0806395,
        48.0806220,
        48.0805477,
        48.0802421,
        48.0802214,
        48.0804678,
        48.0801718,
        48.0798741,
        48.0798480,
        48.0798412,
        48.0795845,
        48.0793480,
        48.0805181,
        48.0810438,
        48.0811659,
        48.0811503,
        48.0810475,
        48.0809520,
        48.0808411,
        48.0809188,
        48.0814019,
        48.0815747,
        48.0817593,
        48.0820046,
        48.0822521,
        48.0825463,
        48.0826717,
        48.0826375,
        48.0826252,
        48.0827665,
        48.0832501,
        48.0834130,
        48.0834846,
        48.0835870,
        48.0836426,
        48.0837155,
        48.0837329,
        48.0837430,
        48.0837593,
        48.0842202,
        48.0842417,
        48.0842673,
        48.0846053,
        48.0855854,
