{"id":962254,"name":"Holzheim","polygon":{"numberOfPoints":676,"box":{"min":{"x":48.5964618,"y":10.9141932},"max":{"x":48.6432683,"y":11.0044102},"center":{"x":48.61986505,"y":10.9593017},"area":{"x":0.0468065,"y":0.0902170}},"pointsx":[48.5976562,48.5976971,48.5977925,48.5978994,48.5979630,48.5980487,48.5981651,48.5982878,48.5983102,48.5981085,48.5976878,48.5975079,48.5970853,48.5964618,48.5967834,48.5969421,48.5971224,48.5976119,48.5977361,48.5978436,48.5980773,48.5980921,48.5980377,48.5979832,48.5985137,48.5987734,48.5988737,48.5988324,48.5987690,48.5988360,48.5988803,48.5989406,48.5989547,48.5989661,48.5989990,48.5990526,48.5991651,48.5992873,48.5994947,48.5995625,48.5996449,48.5996572,48.5996880,48.6006470,48.6007821,48.6008811,48.6010427,48.6008163,48.6008121,48.6008080,48.6002663,48.6005865,48.6006071,48.6002146,48.6003178,48.6011336,48.6011445,48.6012468,48.6012790,48.6012716,48.6012743,48.6012790,48.6012881,48.6013632,48.6014626,48.6016217,48.6016440,48.6016662,48.6016744,48.6017039,48.6012676,48.6012205,48.6010627,48.6010764,48.6009704,48.6010294,48.6010529,48.6011536,48.6010283,48.6010132,48.6008245,48.6008055,48.6007195,48.6006318,48.6000907,48.5998470,48.5996892,48.5998847,48.6000881,48.6001352,48.6001738,48.6004757,48.6005078,48.6005439,48.6003590,48.6000651,48.6001683,48.6002181,48.5999812,48.5997896,48.5996688,48.5995614,48.5994537,48.5994098,48.5993699,48.5993163,48.5992049,48.5990466,48.5988877,48.5990366,48.5982916,48.5987085,48.5990457,48.5991371,48.5992401,48.5993451,48.5995410,48.5997358,48.5997826,48.5998007,48.5998879,48.6001251,48.6001447,48.6002428,48.6004670,48.6006343,48.6010041,48.6014171,48.6011785,48.6011668,48.6011938,48.6010144,48.6010152,48.6011210,48.6011173,48.6010974,48.6011034,48.6011296,48.6011288,48.6011339,48.6012099,48.6012634,48.6012889,48.6008858,48.6008198,48.6007524,48.6006527,48.6006042,48.6006993,48.6009719,48.6011471,48.6012808,48.6013430,48.6015434,48.6000572,48.5999388,48.5994959,48.5990391,48.5987541,48.5984858,48.5982934,48.5982727,48.5981561,48.5981603,48.5981113,48.5981047,48.5980861,48.5980374,48.5980737,48.5990355,48.5995445,48.6000213,48.6002605,48.6006779,48.6006860,48.6008275,48.6009321,48.6012219,48.6014645,48.6015732,48.6019117,48.6020434,48.6022899,48.6028739,48.6033653,48.6034185,48.6034229,48.6034177,48.6032464,48.6030643,48.6029962,48.6026290,48.6018728,48.6020086,48.6023366,48.6027451,48.6030951,48.6033121,48.6034361,48.6034832,48.6034721,48.6034241,48.6033238,48.6024722,48.6025458,48.6028580,48.6031004,48.6032020,48.6031062,48.6031880,48.6033660,48.6033687,48.6036399,48.6036644,48.6038965,48.6039736,48.6040902,48.6052339,48.6065854,48.6062727,48.6055158,48.6055088,48.6055039,48.6054973,48.6054951,48.6054992,48.6055080,48.6058182,48.6058962,48.6059447,48.6059669,48.6060281,48.6060712,48.6061593,48.6062535,48.6063638,48.6063763,48.6066163,48.6066467,48.6067339,48.6074714,48.6076131,48.6077096,48.6077532,48.6078053,48.6078722,48.6081402,48.6083094,48.6083620,48.6082617,48.6077505,48.6075958,48.6073784,48.6072427,48.6071232,48.6069916,48.6068251,48.6091209,48.6092649,48.6093756,48.6094636,48.6101055,48.6101861,48.6107561,48.6109197,48.6109549,48.6110630,48.6111232,48.6113608,48.6116198,48.6116721,48.6117981,48.6119011,48.6120003,48.6121922,48.6122739,48.6124990,48.6125125,48.6125622,48.6126592,48.6127561,48.6128031,48.6127988,48.6127907,48.6127966,48.6127951,48.6127629,48.6127180,48.6126839,48.6130275,48.6131493,48.6132146,48.6132685,48.6132416,48.6131792,48.6131680,48.6132079,48.6132228,48.6132716,48.6133299,48.6133577,48.6133699,48.6134420,48.6137528,48.6138698,48.6138814,48.6138669,48.6132436,48.6132173,48.6132614,48.6135683,48.6136247,48.6136310,48.6137112,48.6137635,48.6137736,48.6137904,48.6138145,48.6136236,48.6136192,48.6135139,48.6137659,48.6138669,48.6140083,48.6139407,48.6140921,48.6141703,48.6142475,48.6142664,48.6143001,48.6143949,48.6148101,48.6149933,48.6150904,48.6151315,48.6151712,48.6151799,48.6151897,48.6151946,48.6152296,48.6152885,48.6153483,48.6154039,48.6155428,48.6158303,48.6159711,48.6167379,48.6171472,48.6163262,48.6161112,48.6159728,48.6158665,48.6157714,48.6157532,48.6157389,48.6157040,48.6156712,48.6157683,48.6160114,48.6160058,48.6160046,48.6162933,48.6163783,48.6164348,48.6164742,48.6166088,48.6167150,48.6167771,48.6169904,48.6171735,48.6172515,48.6173797,48.6176862,48.6178843,48.6180751,48.6181711,48.6182669,48.6184407,48.6185053,48.6185516,48.6186650,48.6187394,48.6189071,48.6191100,48.6191331,48.6193151,48.6194006,48.6194356,48.6197535,48.6198684,48.6199631,48.6200040,48.6200690,48.6200786,48.6201545,48.6202411,48.6203165,48.6203724,48.6204789,48.6206219,48.6206401,48.6206876,48.6207806,48.6208252,48.6208555,48.6209237,48.6210131,48.6210950,48.6208032,48.6207851,48.6207269,48.6207692,48.6208591,48.6210361,48.6211750,48.6213116,48.6215607,48.6216110,48.6216012,48.6218615,48.6219045,48.6219674,48.6220002,48.6220959,48.6221916,48.6229347,48.6234828,48.6235836,48.6250343,48.6251538,48.6253681,48.6254504,48.6254626,48.6257522,48.6264615,48.6277312,48.6277482,48.6279807,48.6279711,48.6279431,48.6280803,48.6282815,48.6283807,48.6285068,48.6286759,48.6290760,48.6291927,48.6294070,48.6298967,48.6303726,48.6302100,48.6310517,48.6311932,48.6314391,48.6315179,48.6314684,48.6314295,48.6314442,48.6316361,48.6320946,48.6319579,48.6317691,48.6315071,48.6314964,48.6315162,48.6316099,48.6316187,48.6316514,48.6316409,48.6316124,48.6315743,48.6314456,48.6313214,48.6311422,48.6310840,48.6310970,48.6311854,48.6313505,48.6313914,48.6314280,48.6316227,48.6318060,48.6320412,48.6325610,48.6327814,48.6329909,48.6331969,48.6334326,48.6336846,48.6339821,48.6340342,48.6344361,48.6347611,48.6347941,48.6348163,48.6354064,48.6361180,48.6363618,48.6368223,48.6368527,48.6368770,48.6369269,48.6371928,48.6375023,48.6389633,48.6389649,48.6390165,48.6390479,48.6391606,48.6397154,48.6397040,48.6396930,48.6398827,48.6398688,48.6398597,48.6398022,48.6397542,48.6397199,48.6396590,48.6395499,48.6394299,48.6394412,48.6395993,48.6396653,48.6396998,48.6397608,48.6397934,48.6398853,48.6399301,48.6399981,48.6404315,48.6407896,48.6409887,48.6412597,48.6413874,48.6415417,48.6432068,48.6432360,48.6432624,48.6432679,48.6432683,48.6432641,48.6422948,48.6422497,48.6407963,48.6407527,48.6407049,48.6431231,48.6418618,48.6418171,48.6417723,48.6410159,48.6409115,48.6408071,48.6406739,48.6395905,48.6400415,48.6402292,48.6389490,48.6388142,48.6386842,48.6379166,48.6354895,48.6354084,48.6359123,48.6339977,48.6335428,48.6331281,48.6328334,48.6320059,48.6313901,48.6308182,48.6298027,48.6287807,48.6284049,48.6275846,48.6271214,48.6269548,48.6268284,48.6267584,48.6267030,48.6266949,48.6266230,48.6266018,48.6265339,48.6254452,48.6253015,48.6247621,48.6237326,48.6236227,48.6232344,48.6232096,48.6218159,48.6217218,48.6217036,48.6216615,48.6214280,48.6213293,48.6212100,48.6211686,48.6211675,48.6211797,48.6215459,48.6198596,48.6183207,48.6166478,48.6165153,48.6164817,48.6164397,48.6163135,48.6152336,48.6137331,48.6130591,48.6121215,48.6119428,48.6117628,48.6115223,48.6111745,48.6105828,48.6101543,48.6098106,48.6097375,48.6095540,48.6093447,48.6090889,48.6089595,48.6085905,48.6085468,48.6084175,48.6083389,48.6079162,48.6078779,48.6076009,48.6071642,48.6067184,48.6061517,48.6056811,48.6054013,48.6047728,48.6046603,48.6046422,48.6036390,48.6036223,48.6021638,48.6020110,48.6019009,48.6017981,48.6011998,48.6011407,48.6010478,48.5997663,48.5990544,48.5978479,48.5977918,48.5975507,48.5975352,48.5971527,48.5971330,48.5971274,48.5971297,48.5971368,48.5971467,48.5971612,48.5971794,48.5971973,48.5972193,48.5972436,48.5972660,48.5972893,48.5973092,48.5973440,48.5974024,48.5974854,48.5975607,48.5976174,48.5976384],