{
  "id": 964190,
  "name": "Gaushorn",
  "polygon": {
    "numberOfPoints": 288,
    "box": {
      "min": {
        "x": 54.1784427,
        "y": 9.1892199
      },
      "max": {
        "x": 54.2163665,
        "y": 9.2439938
      },
      "center": {
        "x": 54.1974046,
        "y": 9.21660685
      },
      "area": {
        "x": 0.0379238,
        "y": 0.0547739
      }
    },
    "pointsx": [
      54.2159763,
      54.2153253,
      54.2148947,
      54.2143415,
      54.2134867,
      54.2130440,
      54.2125062,
      54.2119226,
      54.2112575,
      54.2107655,
      54.2102403,
      54.2095001,
      54.2084641,
      54.2086221,
      54.2068396,
      54.2074187,
      54.2064560,
      54.2048242,
      54.2003221,
      54.1964333,
      54.1940967,
      54.1920600,
      54.1894712,
      54.1893748,
      54.1873235,
      54.1871637,
      54.1846429,
      54.1845404,
      54.1822513,
      54.1810414,
      54.1784427,
      54.1801404,
      54.1799745,
      54.1812017,
      54.1838400,
      54.1872144,
      54.1903592,
      54.1906299,
      54.1907513,
      54.1918046,
      54.1928373,
      54.1940226,
      54.1943191,
      54.1944450,
      54.1945477,
      54.1949706,
      54.1953664,
      54.1962337,
      54.1963025,
      54.1984332,
      54.1998222,
      54.2017832,
      54.2037479,
      54.2038379,
      54.2040326,
      54.2042417,
      54.2044753,
      54.2044606,
      54.2054779,
      54.2054415,
      54.2055068,
      54.2055289,
      54.2055279,
      54.2055370,
      54.2055475,
      54.2055656,
      54.2055772,
      54.2056029,
      54.2056246,
      54.2056470,
      54.2056725,
      54.2056848,
      54.2056951,
      54.2057492,
      54.2057570,
      54.2057587,
      54.2057575,
      54.2057506,
      54.2057399,
      54.2057282,
      54.2057153,
      54.2057114,
      54.2055493,
      54.2055310,
      54.2055200,
      54.2054937,
      54.2054555,
      54.2053918,
      54.2053907,
      54.2053868,
      54.2053880,
      54.2053884,
      54.2054018,
      54.2054067,
      54.2054339,
      54.2054453,
      54.2054579,
      54.2054779,
      54.2055007,
      54.2055545,
      54.2056397,
      54.2057309,
      54.2057519,
      54.2057617,
      54.2057564,
      54.2057420,
      54.2058597,
      54.2060160,
      54.2060295,
      54.2060370,
      54.2060531,
      54.2061133,
      54.2061242,
      54.2061380,
      54.2061359,
      54.2061877,
      54.2062137,
      54.2062314,
      54.2062446,
      54.2063855,
      54.2065763,
      54.2066134,
      54.2066926,
      54.2068043,
      54.2069582,
      54.2070040,
      54.2072043,
      54.2072270,
      54.2072740,
      54.2073173,
      54.2073341,
      54.2074574,
      54.2075025,
      54.2075713,
      54.2075778,
      54.2075776,
      54.2075555,
      54.2075366,
      54.2075227,
      54.2075063,
      54.2074589,
      54.2074443,
      54.2074509,
      54.2074518,
      54.2074071,
      54.2073108,
      54.2073051,
      54.2073037,
      54.2073066,
      54.2073118,
      54.2073267,
      54.2073499,
      54.2073715,
      54.2074050,
      54.2075014,
      54.2075916,
      54.2076705,
      54.2077017,
      54.2077213,
      54.2077278,
      54.2077274,
      54.2076986,
      54.2076666,
      54.2076390,
      54.2076602,
      54.2078284,
      54.2078486,
      54.2078639,
      54.2078792,
      54.2079344,
      54.2079794,
      54.2080168,
      54.2083318,
      54.2083454,
      54.2083564,
      54.2083677,
      54.2084409,
      54.2084509,
      54.2084645,
      54.2084815,
      54.2085767,
      54.2087014,
      54.2087923,
      54.2088822,
      54.2090459,
      54.2091057,
      54.2091452,
      54.2091748,
      54.2092069,
      54.2092500,
      54.2092806,
      54.2093224,
      54.2093817,
      54.2094485,
      54.2094981,
      54.2095455,
      54.2096208,
      54.2096944,
      54.2097543,
      54.2098274,
      54.2101394,
      54.2102705,
      54.2104966,
      54.2105636,
      54.2109314,
      54.2109838,
      54.2110104,
      54.2112247,
      54.2111955,
      54.2114830,
      54.2115704,
      54.2116216,
      54.2133899,
      54.2134235,
      54.2133779,
      54.2133498,
      54.2133417,
      54.2132847,
      54.2132848,
      54.2132703,
      54.2132523,
      54.2132270,
      54.2131738,
      54.2131466,
      54.2131040,
      54.2130188,
      54.2128879,
      54.2127775,
      54.2127363,
      54.2126600,
      54.2126140,
      54.2126036,
      54.2123778,
      54.2122944,
      54.2121869,
      54.2121131,
      54.2120888,
      54.2120798,
      54.2120843,
      54.2120925,
      54.2121146,
      54.2121221,
      54.2121246,
      54.2121276,
      54.2121246,
      54.2121387,
      54.2121706,
      54.2125539,
      54.2127825,
      54.2130009,
      54.2132159,
      54.2132652,
      54.2133475,
      54.2134154,
      54.2134981,
      54.2138463,
      54.2139018,
      54.2140406,
      54.2141005,
      54.2142004,
      54.2142613,
      54.2143250,
      54.2144083,
      54.2145379,
      54.2146234,
      54.2146788,
      54.2147203,
      54.2147834,
      54.2148333,
      54.2148917,
      54.2149595,
      54.2150286,
      54.2150764,
      54.2150951,
      54.2151203,
      54.2151371,
      54.2151881,
      54.2152614,
      54.2153355,
      54.2154741,
      54.2156261,
      54.2156765,
      54.2156961,
      54.2163637,
      54.2163665,
      54.2163604,
      54.2152726,
      54.2159942
    ],