{"id":964149,"name":"Münsterhausen","polygon":{"numberOfPoints":723,"box":{"min":{"x":48.2932658,"y":10.4039760},"max":{"x":48.3300840,"y":10.5046493},"center":{"x":48.3116749,"y":10.45431265},"area":{"x":0.0368182,"y":0.1006733}},"pointsx":[48.3060365,48.3058839,48.3058424,48.3057540,48.3056056,48.3055145,48.3054440,48.3053028,48.3052118,48.3051417,48.3051285,48.3051725,48.3052696,48.3052907,48.3054105,48.3055025,48.3056082,48.3057528,48.3058835,48.3059978,48.3060752,48.3061511,48.3062661,48.3063786,48.3064500,48.3064618,48.3064693,48.3064536,48.3062766,48.3062526,48.3062333,48.3061080,48.3059063,48.3059255,48.3059764,48.3060639,48.3058722,48.3056920,48.3055507,48.3052244,48.3050259,48.3042335,48.3039959,48.3038680,48.3037085,48.3035397,48.3031396,48.3030193,48.3028212,48.3025551,48.3023933,48.3022177,48.3018814,48.3016912,48.3015204,48.3014656,48.3012654,48.3010265,48.3007448,48.2997533,48.2996511,48.2995605,48.2994950,48.2993435,48.2992622,48.2991580,48.2990653,48.2985842,48.2981181,48.2979396,48.2978306,48.2978002,48.2977297,48.2976771,48.2976750,48.2976832,48.2977047,48.2978202,48.2979873,48.2985558,48.2986092,48.2987885,48.2987206,48.2989341,48.2990677,48.2991520,48.2993277,48.2997466,48.3000559,48.3000219,48.2999880,48.2991346,48.2991068,48.2992951,48.2990698,48.2984279,48.2984092,48.2983180,48.2974999,48.2974445,48.2973587,48.2974937,48.2975030,48.2974304,48.2973846,48.2972790,48.2971812,48.2971064,48.2970541,48.2970304,48.2970081,48.2969590,48.2967129,48.2964553,48.2961693,48.2961347,48.2957420,48.2954525,48.2954136,48.2958542,48.2952628,48.2952410,48.2949247,48.2947917,48.2946301,48.2942627,48.2941830,48.2941393,48.2941291,48.2941252,48.2940979,48.2939683,48.2938992,48.2938246,48.2938209,48.2935492,48.2932969,48.2932682,48.2932666,48.2932658,48.2932663,48.2937990,48.2938574,48.2941206,48.2942926,48.2944108,48.2945656,48.2947347,48.2948908,48.2950356,48.2950491,48.2951867,48.2954943,48.2957283,48.2958267,48.2959569,48.2962478,48.2963348,48.2964275,48.2964687,48.2965766,48.2966688,48.2969371,48.2972742,48.2974733,48.2975112,48.2975823,48.2978116,48.2987066,48.2990174,48.2990382,48.2990826,48.2991545,48.3000846,48.3002140,48.3004561,48.3009027,48.3018991,48.3019131,48.3019271,48.3024054,48.3038181,48.3041620,48.3041592,48.3041565,48.3039748,48.3036402,48.3036279,48.3036622,48.3038410,48.3040314,48.3040175,48.3037785,48.3036542,48.3036422,48.3036291,48.3035730,48.3034260,48.3032100,48.3031149,48.3030594,48.3028946,48.3048887,48.3053757,48.3055561,48.3057476,48.3059574,48.3061941,48.3065123,48.3066281,48.3069376,48.3071630,48.3073675,48.3077563,48.3081038,48.3082676,48.3083456,48.3084487,48.3084456,48.3084244,48.3083547,48.3084253,48.3087681,48.3089334,48.3089242,48.3091551,48.3094693,48.3102824,48.3108051,48.3109579,48.3109953,48.3110823,48.3111126,48.3111824,48.3112987,48.3114309,48.3114484,48.3116161,48.3117985,48.3119173,48.3120917,48.3123091,48.3126002,48.3129277,48.3131344,48.3131195,48.3130136,48.3129422,48.3130964,48.3130924,48.3134056,48.3136085,48.3138624,48.3139839,48.3140938,48.3140596,48.3140391,48.3139749,48.3138547,48.3138356,48.3134705,48.3131059,48.3130612,48.3128494,48.3128142,48.3127903,48.3127697,48.3127536,48.3127431,48.3126207,48.3125148,48.3124190,48.3123280,48.3122667,48.3122265,48.3121002,48.3120417,48.3120256,48.3120178,48.3121127,48.3131315,48.3132244,48.3131249,48.3130148,48.3129645,48.3129420,48.3129009,48.3132135,48.3134019,48.3135862,48.3137047,48.3139214,48.3140408,48.3140585,48.3141321,48.3141703,48.3141644,48.3141449,48.3141432,48.3141677,48.3141512,48.3141938,48.3144553,48.3144714,48.3145235,48.3145338,48.3145851,48.3147662,48.3148729,48.3149171,48.3149978,48.3150605,48.3150855,48.3156413,48.3156652,48.3157699,48.3162178,48.3162300,48.3162608,48.3162553,48.3160918,48.3160238,48.3159061,48.3158681,48.3158507,48.3158698,48.3159147,48.3159317,48.3159330,48.3159718,48.3160642,48.3162565,48.3163758,48.3165366,48.3166961,48.3168398,48.3169907,48.3170427,48.3170664,48.3171195,48.3172309,48.3172509,48.3175790,48.3179866,48.3186237,48.3187510,48.3188283,48.3189863,48.3192995,48.3193329,48.3195843,48.3196954,48.3199086,48.3201092,48.3203361,48.3204038,48.3206113,48.3206409,48.3207108,48.3208912,48.3214099,48.3218760,48.3221387,48.3223281,48.3224854,48.3227130,48.3228674,48.3229535,48.3230880,48.3232165,48.3243805,48.3245881,48.3247405,48.3248287,48.3248786,48.3249152,48.3250003,48.3250694,48.3251423,48.3252152,48.3252451,48.3253784,48.3253595,48.3254036,48.3253780,48.3253845,48.3254284,48.3254489,48.3255105,48.3255372,48.3256326,48.3256847,48.3256941,48.3255911,48.3255213,48.3255228,48.3255290,48.3255607,48.3255931,48.3256660,48.3256975,48.3256805,48.3255810,48.3255521,48.3255411,48.3255586,48.3256362,48.3256776,48.3256891,48.3258073,48.3258778,48.3260304,48.3264655,48.3267036,48.3267562,48.3272813,48.3274501,48.3275227,48.3273149,48.3273383,48.3273453,48.3273556,48.3273791,48.3270567,48.3271474,48.3273412,48.3273618,48.3272450,48.3265774,48.3259968,48.3253908,48.3256818,48.3257161,48.3256109,48.3258935,48.3256473,48.3256793,48.3257070,48.3263243,48.3260140,48.3254974,48.3250412,48.3250627,48.3253388,48.3253032,48.3251725,48.3251755,48.3251783,48.3251811,48.3252169,48.3253425,48.3255326,48.3255520,48.3255841,48.3256477,48.3256837,48.3257426,48.3257892,48.3258004,48.3258049,48.3258101,48.3258233,48.3259786,48.3260895,48.3260611,48.3260422,48.3259836,48.3259697,48.3258635,48.3256392,48.3256691,48.3256489,48.3256548,48.3256302,48.3254098,48.3253272,48.3252150,48.3251718,48.3250558,48.3249467,48.3249067,48.3248435,48.3248442,48.3251766,48.3252050,48.3252186,48.3252743,48.3250617,48.3251044,48.3251697,48.3251808,48.3252543,48.3249727,48.3249798,48.3251292,48.3251417,48.3253228,48.3254985,48.3260070,48.3260590,48.3265650,48.3266987,48.3266983,48.3266981,48.3266594,48.3267557,48.3268523,48.3268268,48.3268069,48.3268014,48.3267886,48.3267926,48.3268634,48.3269750,48.3270082,48.3270116,48.3268407,48.3264585,48.3266713,48.3268787,48.3272738,48.3275871,48.3276618,48.3279143,48.3279392,48.3279327,48.3280209,48.3281097,48.3282913,48.3284108,48.3287346,48.3288565,48.3291124,48.3294311,48.3294593,48.3295567,48.3295098,48.3294969,48.3293751,48.3291360,48.3291141,48.3290210,48.3289371,48.3288626,48.3287816,48.3287569,48.3287473,48.3287385,48.3281846,48.3282005,48.3282069,48.3282934,48.3283081,48.3283798,48.3284337,48.3284293,48.3285262,48.3285247,48.3285549,48.3285459,48.3285575,48.3285623,48.3286887,48.3286202,48.3286064,48.3287421,48.3286816,48.3286939,48.3286209,48.3286351,48.3287119,48.3287575,48.3288819,48.3288760,48.3289151,48.3289547,48.3289345,48.3289258,48.3289217,48.3288370,48.3288075,48.3286479,48.3285951,48.3285378,48.3285729,48.3285578,48.3283838,48.3283470,48.3284492,48.3286823,48.3290624,48.3291409,48.3297207,48.3297850,48.3298548,48.3299538,48.3300840,48.3300523,48.3299634,48.3299500,48.3298259,48.3296615,48.3295424,48.3294403,48.3293487,48.3291273,48.3287854,48.3283705,48.3280757,48.3274081,48.3274050,48.3273525,48.3273168,48.3272182,48.3271197,48.3270162,48.3269576,48.3269083,48.3266857,48.3266804,48.3265121,48.3264167,48.3263105,48.3262321,48.3256598,48.3250203,48.3237882,48.3235428,48.3233840,48.3233624,48.3232573,48.3226056,48.3221197,48.3220134,48.3219447,48.3215752,48.3212267,48.3208198,48.3205295,48.3201123,48.3198334,48.3195248,48.3194905,48.3184081,48.3182847,48.3179253,48.3171994,48.3171849,48.3171451,48.3170667,48.3169740,48.3168768,48.3165300,48.3165100,48.3165220,48.3165956,48.3167590,48.3167942,48.3168074,48.3168869,48.3171012,48.3171275,48.3171451,48.3171916,48.3172814,48.3175141,48.3175518,48.3174430,48.3173010,48.3170899,48.3169064,48.3167190,48.3166519,48.3164890,48.3162441,48.3160855,48.3159533,48.3157822,48.3156545,48.3154658,48.3153246,48.3151840,48.3151432,48.3150897,48.3150396,48.3149302,48.3148978,48.3149031,48.3149303,48.3149658,48.3149732,48.3149248,48.3148468,48.3147516,48.3146552,48.3144553,48.3140338,48.3138906,48.3136371,48.3131563,48.3130895,48.3129294,48.3126503,48.3125157,48.3123343,