{
  "numberOfPolygons": 1,
  "box": {
    "min": {
      "x": 54.1868944,
      "y": 9.2040853
    },
    "max": {
      "x": 54.2210611,
      "y": 9.2864868
    },
    "center": {
      "x": 54.20397775,
      "y": 9.24528605
    }
  },
  "polygons": [
    {
      "numberOfPoints": 81,
      "box": {
        "min": {
          "x": 54.1868944,
          "y": 9.2040853
        },
        "max": {
          "x": 54.2210611,
          "y": 9.2864868
        },
        "center": {
          "x": 54.20397775,
          "y": 9.24528605
        }
      },
      "pointsx": [
        54.2201250,
        54.2160828,
        54.2159078,
        54.2149256,
        54.2144666,
        54.2139248,
        54.2138514,
        54.2125295,
        54.2122814,
        54.2095299,
        54.2086486,
        54.2087351,
        54.2084005,
        54.2083860,
        54.2075925,
        54.2073467,
        54.2070896,
        54.2068692,
        54.2066856,
        54.2064653,
        54.2061715,
        54.2047158,
        54.2007540,
        54.1971186,
        54.1940811,
        54.1940761,
        54.1886173,
        54.1879770,
        54.1878660,
        54.1877062,
        54.1876194,
        54.1877872,
        54.1882807,
        54.1884148,
        54.1886043,
        54.1887619,
        54.1884054,
        54.1880985,
        54.1868944,
        54.1870276,
        54.1892755,
        54.1897432,
        54.1897544,
        54.1894653,
        54.1890543,
        54.1890814,
        54.1887327,
        54.1883852,
        54.1873235,
        54.1893748,
        54.1894712,
        54.1920600,
        54.1940967,
        54.1964333,
        54.2003221,
        54.2048242,
        54.2064560,
        54.2074187,
        54.2068396,
        54.2086221,
        54.2084641,
        54.2095001,
        54.2102403,
        54.2107655,
        54.2112575,
        54.2119226,
        54.2125062,
        54.2130440,
        54.2134867,
        54.2143415,
        54.2148947,
        54.2153253,
        54.2159763,
        54.2173164,
        54.2184913,
        54.2182893,
        54.2186198,
        54.2196477,
        54.2203820,
        54.2210611,
        54.2207124
      ],
      "pointsy": [
        9.2254657,
        9.2270578,
        9.2285381,
        9.2285072,
        9.2295864,
        9.2297905,
        9.2271031,
        9.2271282,
        9.2255592,
        9.2308315,
        9.2355534,
        9.2393670,
        9.2491765,
        9.2495168,
        9.2521171,
        9.2539113,
        9.2556066,
        9.2578357,
        9.2598450,
        9.2609753,
        9.2615718,
        9.2633154,
        9.2708749,
        9.2767059,
        9.2818071,
        9.2818147,
        9.2864868,
        9.2860240,
        9.2853728,
        9.2844105,
        9.2836385,
        9.2827074,
        9.2813103,
        9.2803709,
        9.2792500,
        9.2775974,
        9.2760776,
        9.2752147,
        9.2724133,
        9.2701652,
        9.2655801,
        9.2636218,
        9.2561161,
        9.2547107,
        9.2510621,
        9.2496514,
        9.2486154,
        9.2450987,
        9.2436778,
        9.2397901,
        9.2396074,
        9.2347008,
        9.2339717,
        9.2308775,
        9.2285330,
        9.2272287,
        9.2263099,
        9.2245353,
        9.2214362,
        9.2186070,
        9.2176040,
        9.2170251,
        9.2165324,
        9.2151371,
        9.2140825,
        9.2125875,
        9.2112034,
        9.2101170,
        9.2083469,
        9.2063968,
        9.2040865,
        9.2050089,
        9.2040853,
        9.2058121,
        9.2076016,
        9.2086691,
        9.2096737,
        9.2125935,
        9.2168319,
        9.2209761,
        9.2228912
      ]
    }
  ]
}