{"id":964620,"name":"Neutraubling","polygon":{"numberOfPoints":160,"box":{"min":{"x":48.9605144,"y":12.1764018},"max":{"x":48.9993850,"y":12.2334109},"center":{"x":48.9799497,"y":12.20490635},"area":{"x":0.0388706,"y":0.0570091}},"pointsx":[48.9993850,48.9990067,48.9987836,48.9987290,48.9986545,48.9985940,48.9984465,48.9982726,48.9961055,48.9959457,48.9961147,48.9962357,48.9965657,48.9975994,48.9977356,48.9976855,48.9971943,48.9964120,48.9962661,48.9955421,48.9954984,48.9930769,48.9927360,48.9925000,48.9923672,48.9921397,48.9918624,48.9918298,48.9916737,48.9914326,48.9895489,48.9889548,48.9889550,48.9889290,48.9889141,48.9888865,48.9887945,48.9886513,48.9884234,48.9883401,48.9881094,48.9881029,48.9880886,48.9875167,48.9874538,48.9873738,48.9871860,48.9863261,48.9854566,48.9850402,48.9844534,48.9840904,48.9832196,48.9829413,48.9824296,48.9820806,48.9813624,48.9807545,48.9800187,48.9789493,48.9784472,48.9783907,48.9774505,48.9766616,48.9760947,48.9757188,48.9749899,48.9745799,48.9741207,48.9725759,48.9722213,48.9718560,48.9679629,48.9678041,48.9676559,48.9660865,48.9659445,48.9657785,48.9657096,48.9656141,48.9621434,48.9624287,48.9623156,48.9621678,48.9616871,48.9616559,48.9616207,48.9614266,48.9609286,48.9605144,48.9611483,48.9617357,48.9619191,48.9622346,48.9628130,48.9633579,48.9634460,48.9628549,48.9619909,48.9620776,48.9633426,48.9634769,48.9632045,48.9640988,48.9640528,48.9645004,48.9643636,48.9650352,48.9651111,48.9650136,48.9652136,48.9648468,48.9655677,48.9656600,48.9664082,48.9673302,48.9671915,48.9663021,48.9655652,48.9655635,48.9651578,48.9650133,48.9647878,48.9647852,48.9658216,48.9658151,48.9658084,48.9658041,48.9658994,48.9748869,48.9748377,48.9747768,48.9744720,48.9739822,48.9732062,48.9731685,48.9729660,48.9821219,48.9899722,48.9913944,48.9914959,48.9921184,48.9927600,48.9934142,48.9937193,48.9938590,48.9938970,48.9958419,48.9958591,48.9958754,48.9958938,48.9964697,48.9965199,48.9967328,48.9967522,48.9968437,48.9969510,48.9969325,48.9971424,48.9976177],"pointsy":[12.1874066,12.1893618,12.1904223,12.1906342,12.1908719,12.1910034,12.1913126,12.1915868,12.1946670,12.1949726,12.1950999,12.1951954,12.1954120,12.1960305,12.1961048,12.1963668,12.1989189,12.2030073,12.2037805,12.2076318,12.2078512,12.2206065,12.2225848,12.2240512,12.2252475,12.2270267,12.2298169,12.2302845,12.2334109,12.2333548,12.2328727,12.2328051,12.2326112,12.2321812,12.2320265,12.2318871,12.2314874,12.2310875,12.2306298,12.2305135,12.2301385,12.2301251,12.2300861,12.2291773,12.2291389,12.2291222,12.2291160,12.2290721,12.2290272,12.2290030,12.2289745,12.2289569,12.2289119,12.2289824,12.2290347,12.2291372,12.2293982,12.2295403,12.2296826,12.2299773,12.2301425,12.2301609,12.2304923,12.2307515,12.2309378,12.2310815,12.2312467,12.2313328,12.2313464,12.2312749,12.2256847,12.2185594,12.2189467,12.2177848,12.2178018,12.2179814,12.2180476,12.2168502,12.2167922,12.2170979,12.2174602,12.2129453,12.2129815,12.2130370,12.2133793,12.2132775,12.2131899,12.2127057,12.2129848,12.2114340,12.2111522,12.2105486,12.2110288,12.2106477,12.2097991,12.2102765,12.2100642,12.2094277,12.2084735,12.2080466,12.2084716,12.2082528,12.2079286,12.2064518,12.2062888,12.2056321,12.2053610,12.2045445,12.2044547,12.2042007,12.2040477,12.2029079,12.2027931,12.2031732,12.2028973,12.2025568,12.2020143,12.2021733,12.2023032,12.2019766,12.2020344,12.2002940,12.2002960,12.1998062,12.1996341,12.1993280,12.1992115,12.1990795,12.1990679,12.1980401,12.1976208,12.1970164,12.1927317,12.1860337,12.1784496,12.1784589,12.1764018,12.1838497,12.1902175,12.1873450,12.1871004,12.1852512,12.1858030,12.1863524,12.1865745,12.1859841,12.1860224,12.1868728,12.1868232,12.1868132,12.1868138,12.1870606,12.1867937,12.1868487,12.1866247,12.1866221,12.1867012,12.1869170,12.1869717,12.1870543]}}