{"id":965018,"name":"Pielenhofen","polygon":{"numberOfPoints":743,"box":{"min":{"x":49.0497860,"y":11.9389133},"max":{"x":49.0959537,"y":12.0256005},"center":{"x":49.07286985,"y":11.9822569},"area":{"x":0.0461677,"y":0.0866872}},"pointsx":[49.0951624,49.0951656,49.0951694,49.0951713,49.0951704,49.0951778,49.0951714,49.0951695,49.0951677,49.0951680,49.0951107,49.0951037,49.0951372,49.0951408,49.0951680,49.0951772,49.0952153,49.0953600,49.0955257,49.0955899,49.0956175,49.0956340,49.0957324,49.0958497,49.0958813,49.0959135,49.0959385,49.0959537,49.0957192,49.0952983,49.0949881,49.0944373,49.0939690,49.0936743,49.0935333,49.0933566,49.0931782,49.0929461,49.0927149,49.0924288,49.0922974,49.0918809,49.0918035,49.0911382,49.0911105,49.0910853,49.0910665,49.0910408,49.0910197,49.0910001,49.0909895,49.0908126,49.0907835,49.0907285,49.0907006,49.0906983,49.0907117,49.0907205,49.0906789,49.0906643,49.0905538,49.0903679,49.0902873,49.0901620,49.0896390,49.0893787,49.0891713,49.0889523,49.0887648,49.0883585,49.0881818,49.0880729,49.0880010,49.0879350,49.0877723,49.0870504,49.0861480,49.0856657,49.0843198,49.0840240,49.0838043,49.0838135,49.0846112,49.0846956,49.0847652,49.0854844,49.0863072,49.0872608,49.0875507,49.0881034,49.0885135,49.0888981,49.0889930,49.0893179,49.0885537,49.0883256,49.0881899,49.0881323,49.0880629,49.0879955,49.0877408,49.0873424,49.0870575,49.0869490,49.0867870,49.0868539,49.0869192,49.0870324,49.0870819,49.0871315,49.0876449,49.0877693,49.0879153,49.0880932,49.0884189,49.0887065,49.0889555,49.0892731,49.0900312,49.0908641,49.0908407,49.0909101,49.0910232,49.0912371,49.0914474,49.0915166,49.0915413,49.0915923,49.0916496,49.0917515,49.0915974,49.0915404,49.0914103,49.0912851,49.0910122,49.0908803,49.0909470,49.0910135,49.0910554,49.0909691,49.0902553,49.0901839,49.0901101,49.0894723,49.0893904,49.0888531,49.0887123,49.0885333,49.0885455,49.0885926,49.0886941,49.0883679,49.0880605,49.0879566,49.0877781,49.0874938,49.0874490,49.0874200,49.0864268,49.0859997,49.0860052,49.0860114,49.0860651,49.0862656,49.0867028,49.0874491,49.0880138,49.0880940,49.0882094,49.0883088,49.0884481,49.0886480,49.0890906,49.0891605,49.0892325,49.0894363,49.0895491,49.0900812,49.0904996,49.0906751,49.0908457,49.0909007,49.0911251,49.0912207,49.0911708,49.0911199,49.0910687,49.0905286,49.0904042,49.0902804,49.0895467,49.0895457,49.0895755,49.0896664,49.0894843,49.0893126,49.0894779,49.0896942,49.0901174,49.0902890,49.0906553,49.0908036,49.0913029,49.0913774,49.0917456,49.0923126,49.0924328,49.0932310,49.0931879,49.0930153,49.0928525,49.0928266,49.0928131,49.0927610,49.0921197,49.0918345,49.0914450,49.0910729,49.0908061,49.0904013,49.0899906,49.0897417,49.0896451,49.0896077,49.0895431,49.0894014,49.0891619,49.0892211,49.0893819,49.0894358,49.0896622,49.0897026,49.0896406,49.0895100,49.0893129,49.0892258,49.0887419,49.0879125,49.0875844,49.0877170,49.0886054,49.0889980,49.0890858,49.0893994,49.0893931,49.0893931,49.0893957,49.0894282,49.0894213,49.0893990,49.0893740,49.0883272,49.0882884,49.0882854,49.0882764,49.0882744,49.0882724,49.0882695,49.0882907,49.0885181,49.0885683,49.0887760,49.0887977,49.0889138,49.0890526,49.0890880,49.0890576,49.0890703,49.0890032,49.0889332,49.0888579,49.0888411,49.0887746,49.0886572,49.0885513,49.0880876,49.0877540,49.0873645,49.0871473,49.0868469,49.0864263,49.0863904,49.0862148,49.0860209,49.0855406,49.0850687,49.0845941,49.0842410,49.0842015,49.0841711,49.0841406,49.0841304,49.0841430,49.0841383,49.0828867,49.0826228,49.0819305,49.0814769,49.0806213,49.0804231,49.0803469,49.0800692,49.0796858,49.0792866,49.0791932,49.0790997,49.0791050,49.0791065,49.0790550,49.0790403,49.0789149,49.0788315,49.0788201,49.0788331,49.0788326,49.0788322,49.0788660,49.0789191,49.0789660,49.0790617,49.0796169,49.0797260,49.0789814,49.0784939,49.0775692,49.0769309,49.0767250,49.0765842,49.0764680,49.0763594,49.0762910,49.0762443,49.0761119,49.0760960,49.0759254,49.0759123,49.0758738,49.0758385,49.0758086,49.0757907,49.0757422,49.0756981,49.0756052,49.0752384,49.0751524,49.0751195,49.0750364,49.0749296,49.0740024,49.0737822,49.0724062,49.0726763,49.0730781,49.0730794,49.0731965,49.0732498,49.0733062,49.0733492,49.0733959,49.0734500,49.0735264,49.0736188,49.0736798,49.0736864,49.0738358,49.0738491,49.0739685,49.0740417,49.0741054,49.0741692,49.0744967,49.0745409,49.0745759,49.0745815,49.0746579,49.0745190,49.0744226,49.0744596,49.0745395,49.0746436,49.0747384,49.0749656,49.0753254,49.0754095,49.0755160,49.0756098,49.0755237,49.0754555,49.0753696,49.0752489,49.0750105,49.0747440,49.0746477,49.0743880,49.0742472,49.0741802,49.0741365,49.0741156,49.0740725,49.0740587,49.0740283,49.0739813,49.0738542,49.0738484,49.0738447,49.0738318,49.0737631,49.0736899,49.0736194,49.0731988,49.0730910,49.0730038,49.0729798,49.0729597,49.0728944,49.0728289,49.0726192,49.0722597,49.0719319,49.0718960,49.0718609,49.0719689,49.0720286,49.0720799,49.0721487,49.0721862,49.0722448,49.0723073,49.0723419,49.0723551,49.0723591,49.0723954,49.0724606,49.0725460,49.0725620,49.0725415,49.0724880,49.0724039,49.0723121,49.0721978,49.0720536,49.0719030,49.0716477,49.0712931,49.0711257,49.0710779,49.0708301,49.0707734,49.0706621,49.0705040,49.0699441,49.0698294,49.0686078,49.0685181,49.0682940,49.0680004,49.0678103,49.0673280,49.0669556,49.0666926,49.0665888,49.0664882,49.0663421,49.0661534,49.0659763,49.0657000,49.0654015,49.0653765,49.0648143,49.0643466,49.0642221,49.0640618,49.0639179,49.0633665,49.0628553,49.0628139,49.0627237,49.0627060,49.0620829,49.0614946,49.0613229,49.0611404,49.0608490,49.0605926,49.0603532,49.0602133,49.0594632,49.0593173,49.0592048,49.0590985,49.0588670,49.0586124,49.0585913,49.0582973,49.0580114,49.0580003,49.0577962,49.0576588,49.0575696,49.0575474,49.0574401,49.0574196,49.0573379,49.0568937,49.0567849,49.0567054,49.0566680,49.0560082,49.0557101,49.0556104,49.0555202,49.0554182,49.0551922,49.0549914,49.0549382,49.0547997,49.0547479,49.0547101,49.0542893,49.0532457,49.0524794,49.0520372,49.0516682,49.0513958,49.0509453,49.0500583,49.0501128,49.0499406,49.0499077,49.0498583,49.0498091,49.0497860,49.0503880,49.0508900,49.0511862,49.0518774,49.0522393,49.0523203,49.0526958,49.0529186,49.0529750,49.0531797,49.0532385,49.0532561,49.0534325,49.0535822,49.0536990,49.0536480,49.0535486,49.0539429,49.0542204,49.0549561,49.0552277,49.0555609,49.0557872,49.0559779,49.0559930,49.0560449,49.0561006,49.0561539,49.0564613,49.0566573,49.0567858,49.0568675,49.0569057,49.0570836,49.0574968,49.0574600,49.0572631,49.0570439,49.0572190,49.0573520,49.0574228,49.0574709,49.0589549,49.0594252,49.0603416,49.0612974,49.0614688,49.0615418,49.0616775,49.0617024,49.0617261,49.0618435,49.0618576,49.0619756,49.0618500,49.0618094,49.0627248,49.0627718,49.0630030,49.0630403,49.0633969,49.0634698,49.0636543,49.0638088,49.0638930,49.0640384,49.0645264,49.0647091,49.0649658,49.0663493,49.0668252,49.0668293,49.0668561,49.0668759,49.0669498,49.0673229,49.0673505,49.0674484,49.0675216,49.0676833,49.0678308,49.0679765,49.0680399,49.0682924,49.0684264,49.0684336,49.0684802,49.0686132,49.0687090,49.0687726,49.0688458,49.0690302,49.0692007,49.0693089,49.0693763,49.0694888,49.0696007,49.0697286,49.0700176,49.0702149,49.0702388,49.0703606,49.0704643,49.0705748,49.0707529,49.0707834,49.0708145,49.0708441,49.0708660,49.0709176,49.0709683,49.0710817,49.0714656,49.0717671,49.0720754,49.0722913,49.0723396,49.0724211,49.0727420,49.0728413,49.0729360,49.0729880,49.0731627,49.0732909,49.0734450,49.0736261,49.0738058,49.0739391,49.0740027,49.0741033,49.0742742,49.0746147,49.0746281,49.0746481,49.0747421,49.0747605,49.0748344,49.0750966,49.0756784,49.0764444,49.0775688,49.0785191,49.0792406,49.0799641,49.0801038,49.0802107,49.0802823,49.0804073,49.0805358,49.0813008,49.0816136,49.0822454,49.0830324,49.0836326,49.0838711,49.0843153,49.0844620,49.0848072,49.0853180,49.0854210,49.0857531,49.0861465,49.0865655,49.0870510,49.0875531,49.0880274,49.0892100,49.0896010,49.0907857,49.0911554,49.0914908,49.0919855,49.0922630,