{"id":965591,"name":"Gyhum","polygon":{"numberOfPoints":198,"box":{"min":{"x":53.1756157,"y":9.2205811},"max":{"x":53.2515372,"y":9.3658772},"center":{"x":53.21357645,"y":9.29322915},"area":{"x":0.0759215,"y":0.1452961}},"pointsx":[53.2327983,53.2327510,53.2328202,53.2328620,53.2329178,53.2330005,53.2329912,53.2324814,53.2326312,53.2330683,53.2331514,53.2328900,53.2329512,53.2322700,53.2327335,53.2331962,53.2330791,53.2331758,53.2333477,53.2333876,53.2334890,53.2336848,53.2346652,53.2348165,53.2349160,53.2362471,53.2368368,53.2374256,53.2377169,53.2379872,53.2383356,53.2388211,53.2391575,53.2402615,53.2404220,53.2405399,53.2407381,53.2409293,53.2414869,53.2422467,53.2425821,53.2427226,53.2430320,53.2432665,53.2441505,53.2447124,53.2451604,53.2462715,53.2467023,53.2470192,53.2472739,53.2479670,53.2484893,53.2494184,53.2511441,53.2515372,53.2505780,53.2494144,53.2473524,53.2473235,53.2453712,53.2435915,53.2429906,53.2439865,53.2430472,53.2427042,53.2425547,53.2423390,53.2422206,53.2386104,53.2373653,53.2372387,53.2370862,53.2326551,53.2327219,53.2310650,53.2293693,53.2253770,53.2203546,53.2157213,53.2157159,53.2146872,53.2138465,53.2128228,53.2128990,53.2107708,53.2067993,53.1983095,53.1965713,53.1946324,53.1946716,53.1946992,53.1983764,53.1952341,53.1917572,53.1906205,53.1910722,53.1911555,53.1893500,53.1888229,53.1867420,53.1859900,53.1855928,53.1850142,53.1847344,53.1836274,53.1832164,53.1833215,53.1834694,53.1836235,53.1837037,53.1845908,53.1843476,53.1839550,53.1832854,53.1831492,53.1828067,53.1835824,53.1836957,53.1833693,53.1843508,53.1845925,53.1870345,53.1869487,53.1861034,53.1859367,53.1849123,53.1850652,53.1852120,53.1852205,53.1852063,53.1851350,53.1850010,53.1850023,53.1849425,53.1850159,53.1882989,53.1884363,53.1882512,53.1889125,53.1890271,53.1894259,53.1894886,53.1898860,53.1910643,53.1919482,53.1916049,53.1909269,53.1920968,53.1912929,53.1870553,53.1849745,53.1834382,53.1810438,53.1792778,53.1756157,53.1819256,53.1813714,53.1823975,53.1823887,53.1840882,53.1866806,53.1871413,53.1895520,53.1922107,53.1926488,53.1950847,53.1979223,53.1998719,53.2000039,53.2033030,53.2044307,53.2059482,53.2059002,53.2097569,53.2121097,53.2128450,53.2151176,53.2145161,53.2155855,53.2149171,53.2151320,53.2158683,53.2159667,53.2167251,53.2174697,53.2181943,53.2185978,53.2186787,53.2192909,53.2211442,53.2231458,53.2230001,53.2230037,53.2241992,53.2261444,53.2324332,53.2321355],"pointsy":[9.3173746,9.3173017,9.3171566,9.3168312,9.3166412,9.3164892,9.3161541,9.3159897,9.3154039,9.3147289,9.3138840,9.3129861,9.3115460,9.3101269,9.3095447,9.3088632,9.3063784,9.3057007,9.3046874,9.3045150,9.3042850,9.3039814,9.3024963,9.3023014,9.3022006,9.3016077,9.3013620,9.3011204,9.3009787,9.3007641,9.3003549,9.2997290,9.2993066,9.2982203,9.2980500,9.2979687,9.2979514,9.2979855,9.2980726,9.2982054,9.2982541,9.2982758,9.2982351,9.2981248,9.2974667,9.2970318,9.2967141,9.2964236,9.2963150,9.2961315,9.2959557,9.2954586,9.2950886,9.2922433,9.2913786,9.2871549,9.2832967,9.2837357,9.2826521,9.2808936,9.2805149,9.2712591,9.2680930,9.2650358,9.2618966,9.2608484,9.2601479,9.2584372,9.2575027,9.2547067,9.2537252,9.2536338,9.2535915,9.2532314,9.2513432,9.2446116,9.2377472,9.2261926,9.2257655,9.2262465,9.2259380,9.2250746,9.2244330,9.2235576,9.2233325,9.2213005,9.2210275,9.2205811,9.2227015,9.2222551,9.2246809,9.2263844,9.2269424,9.2302905,9.2297325,9.2334154,9.2356770,9.2360938,9.2376563,9.2398614,9.2432364,9.2451456,9.2477727,9.2491988,9.2493823,9.2515164,9.2523150,9.2524628,9.2524593,9.2523568,9.2522340,9.2567328,9.2587782,9.2596934,9.2595745,9.2616398,9.2624872,9.2629948,9.2646102,9.2664407,9.2662966,9.2665747,9.2748004,9.2762072,9.2764187,9.2777605,9.2779889,9.2799114,9.2801896,9.2804463,9.2806318,9.2807174,9.2807785,9.2808822,9.2812888,9.2813556,9.2825328,9.2828986,9.2853967,9.2855305,9.2860083,9.2881052,9.2883382,9.2904127,9.2964348,9.2961206,9.2985821,9.3014361,9.3055619,9.3116005,9.3146027,9.3160768,9.3176991,9.3177692,9.3191859,9.3398003,9.3523480,9.3601226,9.3600277,9.3602183,9.3599448,9.3604066,9.3605392,9.3633119,9.3638517,9.3639406,9.3656469,9.3658772,9.3647756,9.3656569,9.3652463,9.3655968,9.3636741,9.3621119,9.3610767,9.3610114,9.3566590,9.3579982,9.3516368,9.3497396,9.3476192,9.3469547,9.3446778,9.3443734,9.3400964,9.3402005,9.3401565,9.3390568,9.3378358,9.3368273,9.3336398,9.3297495,9.3262292,9.3260799,9.3242274,9.3260799,9.3198398,9.3182701]}}