{"id":965611,"name":"Hellwege","polygon":{"numberOfPoints":202,"box":{"min":{"x":53.0306406,"y":9.1512313},"max":{"x":53.0911384,"y":9.2761626},"center":{"x":53.0608895,"y":9.21369695},"area":{"x":0.0604978,"y":0.1249313}},"pointsx":[53.0324904,53.0326714,53.0312818,53.0308991,53.0307856,53.0306406,53.0322984,53.0323983,53.0326314,53.0330173,53.0329692,53.0330663,53.0330893,53.0337262,53.0356870,53.0357330,53.0355420,53.0356030,53.0358480,53.0359050,53.0360079,53.0378197,53.0377247,53.0389106,53.0390965,53.0391626,53.0394375,53.0394295,53.0406424,53.0408984,53.0425732,53.0423862,53.0421612,53.0416723,53.0413483,53.0412563,53.0402494,53.0404744,53.0390215,53.0358549,53.0357334,53.0391055,53.0411922,53.0409253,53.0423441,53.0425691,53.0470135,53.0472575,53.0475775,53.0481128,53.0510151,53.0520744,53.0528729,53.0529789,53.0538551,53.0549896,53.0571414,53.0573054,53.0574234,53.0577443,53.0583543,53.0604735,53.0626952,53.0635975,53.0669103,53.0676092,53.0706449,53.0718267,53.0719807,53.0716297,53.0717287,53.0714497,53.0713437,53.0730755,53.0744824,53.0749143,53.0775460,53.0781140,53.0791328,53.0794188,53.0798308,53.0804567,53.0819025,53.0819715,53.0831004,53.0852901,53.0856561,53.0857671,53.0867890,53.0851301,53.0853321,53.0867930,53.0869839,53.0876319,53.0888567,53.0889677,53.0878268,53.0871399,53.0869419,53.0884844,53.0908524,53.0911384,53.0906977,53.0903966,53.0899804,53.0889354,53.0883863,53.0879878,53.0875538,53.0866239,53.0861338,53.0830239,53.0822096,53.0819199,53.0816675,53.0814460,53.0810652,53.0807994,53.0806931,53.0807020,53.0809203,53.0808385,53.0805691,53.0803186,53.0793227,53.0788718,53.0782579,53.0780512,53.0780355,53.0782454,53.0783282,53.0782595,53.0768810,53.0765986,53.0762841,53.0759493,53.0757057,53.0756260,53.0755376,53.0753747,53.0751304,53.0751590,53.0760095,53.0760908,53.0759609,53.0758191,53.0754648,53.0753230,53.0749253,53.0748389,53.0749953,53.0753142,53.0757128,53.0760583,53.0764038,53.0763506,53.0763162,53.0760824,53.0759495,53.0760145,53.0779755,53.0778378,53.0779455,53.0770342,53.0768405,53.0772664,53.0772539,53.0769376,53.0787167,53.0791849,53.0779726,53.0778819,53.0794253,53.0795960,53.0804971,53.0800454,53.0798239,53.0800896,53.0807185,53.0809307,53.0811968,53.0815153,53.0815507,53.0813824,53.0813293,53.0813493,53.0814381,53.0816002,53.0815116,53.0815369,53.0818169,53.0817223,53.0821570,53.0743005,53.0710266,53.0692258,53.0644978,53.0633317,53.0539979,53.0525165,53.0426963,53.0423687],"pointsy":[9.2604849,9.2597657,9.2590298,9.2549873,9.2545009,9.2531831,9.2494951,9.2489860,9.2488647,9.2482238,9.2475984,9.2473539,9.2469580,9.2441754,9.2441004,9.2390862,9.2391122,9.2348088,9.2343879,9.2316013,9.2311654,9.2294956,9.2292227,9.2280439,9.2280528,9.2280559,9.2274759,9.2273380,9.2250923,9.2250653,9.2221947,9.2206590,9.2206660,9.2171085,9.2158547,9.2144569,9.2105975,9.2104326,9.2049684,9.2047065,9.2046443,9.1999992,9.1971346,9.1968467,9.1949499,9.1949439,9.1887119,9.1883489,9.1880230,9.1876931,9.1859483,9.1853206,9.1848474,9.1850994,9.1845902,9.1839355,9.1827057,9.1825227,9.1822048,9.1820768,9.1824527,9.1840500,9.1853908,9.1858619,9.1826746,9.1820397,9.1797170,9.1787218,9.1785922,9.1750257,9.1749248,9.1714573,9.1703745,9.1678928,9.1658541,9.1652302,9.1634325,9.1631595,9.1626536,9.1625256,9.1621387,9.1618437,9.1602789,9.1601789,9.1589741,9.1568524,9.1564875,9.1568394,9.1557196,9.1532030,9.1529600,9.1551867,9.1550437,9.1536009,9.1512313,9.1516642,9.1537529,9.1552746,9.1554796,9.1590125,9.1591652,9.1598613,9.1605593,9.1613113,9.1619011,9.1625794,9.1627711,9.1631545,9.1645111,9.1661331,9.1669080,9.1676784,9.1685609,9.1690733,9.1695673,9.1698622,9.1699949,9.1702456,9.1706290,9.1725017,9.1737464,9.1741718,9.1746514,9.1750476,9.1764865,9.1770287,9.1784051,9.1790202,9.1793828,9.1801672,9.1809006,9.1816366,9.1856781,9.1862446,9.1865911,9.1866722,9.1870851,9.1878224,9.1881809,9.1885145,9.1888743,9.1894518,9.1902481,9.1907508,9.1925042,9.1929171,9.1934921,9.1944506,9.1962550,9.1968446,9.1975177,9.1983729,9.1989185,9.1994494,9.2004373,9.2018087,9.2029561,9.2037117,9.2045522,9.2053446,9.2048070,9.2069649,9.2090221,9.2084913,9.2121749,9.2159285,9.2197065,9.2207426,9.2213528,9.2240872,9.2241249,9.2275915,9.2276049,9.2300302,9.2365113,9.2367177,9.2373518,9.2380448,9.2381923,9.2385369,9.2401387,9.2406438,9.2410861,9.2415285,9.2421036,9.2425490,9.2468200,9.2472413,9.2482587,9.2492419,9.2500878,9.2561052,9.2619943,9.2720755,9.2723480,9.2750727,9.2759470,9.2761626,9.2728929,9.2728929,9.2728929,9.2660813]}}