{
  "numberOfPolygons": 1,
  "box": {
    "min": {
      "x": 54.2211715,
      "y": 9.3351806
    },
    "max": {
      "x": 54.2682790,
      "y": 9.4443681
    },
    "center": {
      "x": 54.24472525,
      "y": 9.38977435
    }
  },
  "polygons": [
    {
      "numberOfPoints": 230,
      "box": {
        "min": {
          "x": 54.2211715,
          "y": 9.3351806
        },
        "max": {
          "x": 54.2682790,
          "y": 9.4443681
        },
        "center": {
          "x": 54.24472525,
          "y": 9.38977435
        }
      },
      "pointsx": [
        54.2459182,
        54.2457345,
        54.2455292,
        54.2452877,
        54.2451429,
        54.2449980,
        54.2447921,
        54.2446576,
        54.2444835,
        54.2443608,
        54.2442461,
        54.2440363,
        54.2437533,
        54.2434137,
        54.2431119,
        54.2428130,
        54.2425595,
        54.2423784,
        54.2422455,
        54.2420929,
        54.2419770,
        54.2417761,
        54.2416370,
        54.2411286,
        54.2372403,
        54.2372394,
        54.2372292,
        54.2362463,
        54.2349563,
        54.2318235,
        54.2255600,
        54.2255128,
        54.2250410,
        54.2247814,
        54.2243803,
        54.2238377,
        54.2236489,
        54.2232478,
        54.2212187,
        54.2212142,
        54.2211715,
        54.2213838,
        54.2231299,
        54.2244511,
        54.2240500,
        54.2238141,
        54.2237433,
        54.2241208,
        54.2240736,
        54.2241979,
        54.2252005,
        54.2240167,
        54.2241191,
        54.2256639,
        54.2273786,
        54.2281201,
        54.2281047,
        54.2291860,
        54.2295389,
        54.2294671,
        54.2291274,
        54.2284427,
        54.2292324,
        54.2297678,
        54.2303744,
        54.2308867,
        54.2310620,
        54.2311635,
        54.2315168,
        54.2317679,
        54.2320095,
        54.2322230,
        54.2324196,
        54.2327450,
        54.2329386,
        54.2323001,
        54.2322231,
        54.2323366,
        54.2325120,
        54.2325267,
        54.2333950,
        54.2335773,
        54.2341004,
        54.2344333,
        54.2349188,
        54.2353411,
        54.2361509,
        54.2363430,
        54.2365046,
        54.2365367,
        54.2368025,
        54.2371085,
        54.2373444,
        54.2375964,
        54.2377944,
        54.2379584,
        54.2380924,
        54.2381684,
        54.2382904,
        54.2382904,
        54.2383284,
        54.2385503,
        54.2387143,
        54.2390383,
        54.2395002,
        54.2400222,
        54.2403731,
        54.2416480,
        54.2424219,
        54.2442877,
        54.2448455,
        54.2459658,
        54.2463221,
        54.2470233,
        54.2471992,
        54.2473503,
        54.2474153,
        54.2475033,
        54.2476783,
        54.2479153,
        54.2483922,
        54.2492391,
        54.2506429,
        54.2523058,
        54.2534426,
        54.2539886,
        54.2563737,
        54.2564754,
        54.2569548,
        54.2575012,
        54.2579474,
        54.2581927,
        54.2584724,
        54.2586310,
        54.2586530,
        54.2585920,
        54.2586080,
        54.2586950,
        54.2587950,
        54.2589210,
        54.2591070,
        54.2594969,
        54.2597329,
        54.2600728,
        54.2607478,
        54.2627085,
        54.2630445,
        54.2638684,
        54.2645323,
        54.2647453,
        54.2647833,
        54.2647613,
        54.2646083,
        54.2643483,
        54.2632385,
        54.2622506,
        54.2612517,
        54.2610417,
        54.2609537,
        54.2610037,
        54.2612167,
        54.2616286,
        54.2624415,
        54.2650812,
        54.2657941,
        54.2664201,
        54.2663239,
        54.2651324,
        54.2671884,
        54.2679233,
        54.2682502,
        54.2682790,
        54.2682071,
        54.2675452,
        54.2674243,
        54.2671994,
        54.2669738,
        54.2657494,
        54.2638721,
        54.2638721,
        54.2574079,
        54.2574538,
        54.2562617,
        54.2553489,
        54.2521206,
        54.2510957,
        54.2500052,
        54.2493111,
        54.2505033,
        54.2509619,
        54.2514571,
        54.2516956,
        54.2518240,
        54.2518056,
        54.2514938,
        54.2510536,
        54.2491827,
        54.2486140,
        54.2475882,
        54.2482212,
        54.2504581,
        54.2523918,
        54.2526791,
        54.2528591,
        54.2528635,
        54.2532598,
        54.2554957,
        54.2560586,
        54.2568626,
        54.2567045,
        54.2600285,
        54.2600514,
        54.2584009,
        54.2567023,
        54.2528478,
        54.2531455,
        54.2527256,
        54.2527261,
        54.2517452,
        54.2512682,
        54.2510939,
        54.2506529,
        54.2498026,
        54.2492399,
        54.2487868,
        54.2483488,
        54.2476634,
        54.2469104,
        54.2465272,
        54.2459239
      ],